
> se-agent-v5-runtime@0.1.0 pretest
> node scripts/check-historical-fixtures.mjs

Historical test inputs verified: 45 commit/path/hash checks.

> se-agent-v5-runtime@0.1.0 test
> node --test --test-concurrency=4 tests/*.test.mjs ../tests/*.test.mjs

TAP version 13
# Subtest: 颜色字面量只出现在 tier:S 块内
ok 1 - 颜色字面量只出现在 tier:S 块内
  ---
  duration_ms: 72.553375
  type: 'test'
  ...
# Subtest: 两 skin × 两宗的角色对比度不低于门槛
ok 2 - 两 skin × 两宗的角色对比度不低于门槛
  ---
  duration_ms: 38.531917
  type: 'test'
  ...
# Subtest: renderer is a neutral projection surface and dispatches typed actions without actor fields
ok 3 - renderer is a neutral projection surface and dispatches typed actions without actor fields
  ---
  duration_ms: 1.167792
  type: 'test'
  ...
# Subtest: catalog exposes development evidence-memo and business-free probe factories
ok 4 - catalog exposes development evidence-memo and business-free probe factories
  ---
  duration_ms: 0.889542
  type: 'test'
  ...
# Subtest: manifest is machine-marked development and advertises generic binding fields
ok 5 - manifest is machine-marked development and advertises generic binding fields
  ---
  duration_ms: 0.154
  type: 'test'
  ...
# Subtest: legacy transport import resolves the single shared Core owner
ok 6 - legacy transport import resolves the single shared Core owner
  ---
  duration_ms: 0.525
  type: 'test'
  ...
# Subtest: createBinding owns Matter creation and projection exposes source, evidence, candidate, artifact and draft
ok 7 - createBinding owns Matter creation and projection exposes source, evidence, candidate, artifact and draft
  ---
  duration_ms: 100.724458
  type: 'test'
  ...
# Subtest: begin exposes only namespaced source/propose tools and Core rejects late candidate calls after close
ok 8 - begin exposes only namespaced source/propose tools and Core rejects late candidate calls after close
  ---
  duration_ms: 121.201375
  type: 'test'
  ...
# Subtest: humanAction accepts only host-derived local-user and uses the same Review route for formal Artifact
ok 9 - humanAction accepts only host-derived local-user and uses the same Review route for formal Artifact
  ---
  duration_ms: 114.389292
  type: 'test'
  ...
# Subtest: close gates admission before cleanup and finish maps cancellation without acceptance
ok 10 - close gates admission before cleanup and finish maps cancellation without acceptance
  ---
  duration_ms: 153.427792
  type: 'test'
  ...
# Subtest: same data directory admits one POSIX flock owner and keeps the inode after release
ok 11 - same data directory admits one POSIX flock owner and keeps the inode after release
  ---
  duration_ms: 180.137709
  type: 'test'
  ...
# Subtest: unexpected holder death invokes onLost and the next host can safely reacquire
ok 12 - unexpected holder death invokes onLost and the next host can safely reacquire
  ---
  duration_ms: 122.35625
  type: 'test'
  ...
# Subtest: owner SIGKILL closes the parent pipe and does not require deleting the lock file
ok 13 - owner SIGKILL closes the parent pipe and does not require deleting the lock file
  ---
  duration_ms: 280.118416
  type: 'test'
  ...
# (node:33318) ExperimentalWarning: SQLite is an experimental feature and might change at any time
# (Use `node --trace-warnings ...` to show where the warning was created)
# Subtest: answer admission race: ask_user queued behind cancel returns 409
ok 14 - answer admission race: ask_user queued behind cancel returns 409
  ---
  duration_ms: 753.280667
  type: 'test'
  ...
# Subtest: answer admission race: permission queued behind cancel returns 409
ok 15 - answer admission race: permission queued behind cancel returns 409
  ---
  duration_ms: 494.573542
  type: 'test'
  ...
# Subtest: normal ask_user answer still resolves and completes the run
ok 16 - normal ask_user answer still resolves and completes the run
  ---
  duration_ms: 991.479125
  type: 'test'
  ...
# Subtest: double permission answer records one decision and rejects the other
ok 17 - double permission answer records one decision and rejects the other
  ---
  duration_ms: 994.530834
  type: 'test'
  ...
# Subtest: the limited scanner recognizes imports while ignoring comments and strings
ok 18 - the limited scanner recognizes imports while ignoring comments and strings
  ---
  duration_ms: 1.230542
  type: 'test'
  ...
# Subtest: legal and forbidden synthetic edges exercise all approved boundaries
ok 19 - legal and forbidden synthetic edges exercise all approved boundaries
  ---
  duration_ms: 1.529041
  type: 'test'
  ...
# Subtest: the current Core, runtime, renderer, and composition-root graph obeys ownership
ok 20 - the current Core, runtime, renderer, and composition-root graph obeys ownership
  ---
  duration_ms: 58.135375
  type: 'test'
  ...
# (node:33377) ExperimentalWarning: SQLite is an experimental feature and might change at any time
# (Use `node --trace-warnings ...` to show where the warning was created)
# Subtest: AM-C final wire golden and no-op are stable after temporary path canonicalization
ok 21 - AM-C final wire golden and no-op are stable after temporary path canonicalization
  ---
  duration_ms: 1233.346333
  type: 'test'
  ...
# Subtest: AM-C separates request shape, old prefix, and semantic tool diffs
ok 22 - AM-C separates request shape, old prefix, and semantic tool diffs
  ---
  duration_ms: 995.51325
  type: 'test'
  ...
# Subtest: AM-C records description, schema, and permission changes as expected diffs
ok 23 - AM-C records description, schema, and permission changes as expected diffs
  ---
  duration_ms: 2005.311125
  type: 'test'
  ...
# Subtest: history refs keep exact UTF-8 blobs reachable through Git GC; another session cannot read them
ok 24 - history refs keep exact UTF-8 blobs reachable through Git GC; another session cannot read them
  ---
  duration_ms: 1051.140583
  type: 'test'
  ...
# Subtest: history cancellation waits for the Git process to exit and the next save repairs interrupted init
ok 25 - history cancellation waits for the Git process to exit and the next save repairs interrupted init
  ---
  duration_ms: 1274.186875
  type: 'test'
  ...
# Subtest: existing non-blob history object is an integrity failure
ok 26 - existing non-blob history object is an integrity failure
  ---
  duration_ms: 237.163709
  type: 'test'
  ...
# (node:33473) ExperimentalWarning: SQLite is an experimental feature and might change at any time
# (Use `node --trace-warnings ...` to show where the warning was created)
# Subtest: R1-HIST-1: v1 and v2 remain readable after current-file deletion
ok 27 - R1-HIST-1: v1 and v2 remain readable after current-file deletion
  ---
  duration_ms: 820.827875
  type: 'test'
  ...
# Subtest: R1-HIST-2: cross-session, wrong-record, and unrecorded lookups are 404 and reads are pure
ok 28 - R1-HIST-2: cross-session, wrong-record, and unrecorded lookups are 404 and reads are pure
  ---
  duration_ms: 848.529
  type: 'test'
  ...
# Subtest: R1-HIST-3: historical text truncates on a UTF-8 boundary with full bytes/hash
ok 29 - R1-HIST-3: historical text truncates on a UTF-8 boundary with full bytes/hash
  ---
  duration_ms: 807.493041
  type: 'test'
  ...
# Subtest: R1-HIST-4: a recorded legacy artifact without history returns 410 history_unavailable
ok 30 - R1-HIST-4: a recorded legacy artifact without history returns 410 history_unavailable
  ---
  duration_ms: 533.577167
  type: 'test'
  ...
# Subtest: R1-HIST-5: object/metadata byte mismatch returns 500 artifact_integrity_failed
ok 31 - R1-HIST-5: object/metadata byte mismatch returns 500 artifact_integrity_failed
  ---
  duration_ms: 1199.7325
  type: 'test'
  ...
# Subtest: R1-HIST-6: SIGKILL after history and before rename exposes neither file nor artifact
ok 32 - R1-HIST-6: SIGKILL after history and before rename exposes neither file nor artifact
  ---
  duration_ms: 2029.422083
  type: 'test'
  ...
# Subtest: R1-HIST-7: SIGKILL after rename and before record leaves current file unrecorded
ok 33 - R1-HIST-7: SIGKILL after rename and before record leaves current file unrecorded
  ---
  duration_ms: 1559.848084
  type: 'test'
  ...
# Subtest: R1-HIST-8: SIGKILL after record preserves historical bytes across restart
ok 34 - R1-HIST-8: SIGKILL after record preserves historical bytes across restart
  ---
  duration_ms: 1543.133292
  type: 'test'
  ...
# (node:34846) ExperimentalWarning: SQLite is an experimental feature and might change at any time
# (Use `node --trace-warnings ...` to show where the warning was created)
# Subtest: only native text updates project as assistant deltas
ok 35 - only native text updates project as assistant deltas
  ---
  duration_ms: 1.599833
  type: 'test'
  ...
# Subtest: stream filtering retains final assistant messages and request telemetry
ok 36 - stream filtering retains final assistant messages and request telemetry
  ---
  duration_ms: 644.945917
  type: 'test'
  ...
# (node:35264) ExperimentalWarning: SQLite is an experimental feature and might change at any time
# (Use `node --trace-warnings ...` to show where the warning was created)
# Subtest: catalog staleness keeps durable result readable and refuses further adapter work
ok 37 - catalog staleness keeps durable result readable and refuses further adapter work
  ---
  duration_ms: 66.32
  type: 'test'
  ...
# Subtest: policy rejection records dependency before adapter I/O, leaving Run unresolved
ok 38 - policy rejection records dependency before adapter I/O, leaving Run unresolved
  ---
  duration_ms: 61.012917
  type: 'test'
  ...
# Subtest: late query cannot overwrite cancellation and lost cancel ACK remains unresolved
ok 39 - late query cannot overwrite cancellation and lost cancel ACK remains unresolved
  ---
  duration_ms: 131.365375
  type: 'test'
  ...
# Subtest: stopped Run forbids dispatch and wait stays inside local budget
ok 40 - stopped Run forbids dispatch and wait stays inside local budget
  ---
  duration_ms: 175.144959
  type: 'test'
  ...
# Subtest: host/Pi wrapper denial of an old async_get leaves the new Run unresolved
ok 41 - host/Pi wrapper denial of an old async_get leaves the new Run unresolved
  ---
  duration_ms: 357.353334
  type: 'test'
  ...
# Subtest: fixture independently releases two documents without timing assertions
ok 42 - fixture independently releases two documents without timing assertions
  ---
  duration_ms: 130.775083
  type: 'test'
  ...
# Subtest: fixture makes delivery identity idempotent and exposes launch/result acknowledgement loss
ok 43 - fixture makes delivery identity idempotent and exposes launch/result acknowledgement loss
  ---
  duration_ms: 112.927542
  type: 'test'
  ...
# Subtest: fixture keeps cancel-before-success and cancel-after-success distinct
ok 44 - fixture keeps cancel-before-success and cancel-after-success distinct
  ---
  duration_ms: 83.265917
  type: 'test'
  ...
# Subtest: SIGKILLs the state-owning provider and queries persisted synthetic settlement after restart
ok 45 - SIGKILLs the state-owning provider and queries persisted synthetic settlement after restart
  ---
  duration_ms: 178.323583
  type: 'test'
  ...
# Subtest: in-flight provider SIGKILL retains the accepted synthetic record without implicit resume or relaunch
ok 46 - in-flight provider SIGKILL retains the accepted synthetic record without implicit resume or relaunch
  ---
  duration_ms: 121.319083
  type: 'test'
  ...
# Subtest: concurrent launches publish complete synthetic state before their barriers open
ok 47 - concurrent launches publish complete synthetic state before their barriers open
  ---
  duration_ms: 117.902375
  type: 'test'
  ...
# Subtest: reused job IDs reject a changed immutable request without incrementing the launch attempt
ok 48 - reused job IDs reject a changed immutable request without incrementing the launch attempt
  ---
  duration_ms: 70.419417
  type: 'test'
  ...
# Subtest: AM-B-T1 captures the final MCP payload and preserves the synchronous loop
ok 49 - AM-B-T1 captures the final MCP payload and preserves the synchronous loop
  ---
  duration_ms: 81.911209
  type: 'test'
  ...
# Subtest: AM-B-T1 records task-shaped responses as unsupported and shows the current continuation gap
ok 50 - AM-B-T1 records task-shaped responses as unsupported and shows the current continuation gap
  ---
  duration_ms: 22.824542
  type: 'test'
  ...
# Subtest: AM-B-T1 does not treat partial args as a completed tool result, and exposes current wire gaps
ok 51 - AM-B-T1 does not treat partial args as a completed tool result, and exposes current wire gaps
  ---
  duration_ms: 15.733458
  type: 'test'
  ...
# Subtest: AM-B-T1 observes Pi 0.85.1 final HTTP encoding and waits for complete streamed tool arguments
ok 52 - AM-B-T1 observes Pi 0.85.1 final HTTP encoding and waits for complete streamed tool arguments
  ---
  duration_ms: 71.371916
  type: 'test'
  ...
# (node:35503) ExperimentalWarning: SQLite is an experimental feature and might change at any time
# (Use `node --trace-warnings ...` to show where the warning was created)
# Subtest: independent recovery: SIGKILL at async_intent keeps one original task/run and never relaunches
ok 53 - independent recovery: SIGKILL at async_intent keeps one original task/run and never relaunches
  ---
  duration_ms: 1317.547834
  type: 'test'
  ...
# Subtest: independent recovery: SIGKILL at async_dispatch keeps one original task/run and never relaunches
ok 54 - independent recovery: SIGKILL at async_dispatch keeps one original task/run and never relaunches
  ---
  duration_ms: 1196.438
  type: 'test'
  ...
# Subtest: independent recovery: SIGKILL at async_result keeps one original task/run and never relaunches
ok 55 - independent recovery: SIGKILL at async_result keeps one original task/run and never relaunches
  ---
  duration_ms: 1391.49275
  type: 'test'
  ...
# Subtest: independent recovery: SIGKILL at async_delivery keeps one original task/run and never relaunches
ok 56 - independent recovery: SIGKILL at async_delivery keeps one original task/run and never relaunches
  ---
  duration_ms: 1477.035875
  type: 'test'
  ...
# Subtest: fixed old main schema4 RuntimeStore rejects a schema13 state without changing bytes
ok 57 - fixed old main schema4 RuntimeStore rejects a schema13 state without changing bytes
  ---
  duration_ms: 1259.437375
  type: 'test'
  ...
# Subtest: schema3 and schema4 migrate with an exact independent backup and reopen
ok 58 - schema3 and schema4 migrate with an exact independent backup and reopen
  ---
  duration_ms: 1058.049
  type: 'test'
  ...
# Subtest: invalid UTF-8 schema4 input is refused before migration and its bytes remain untouched
ok 59 - invalid UTF-8 schema4 input is refused before migration and its bytes remain untouched
  ---
  duration_ms: 89.917875
  type: 'test'
  ...
# (node:35563) ExperimentalWarning: SQLite is an experimental feature and might change at any time
# (Use `node --trace-warnings ...` to show where the warning was created)
# Subtest: current: full schemaVersion:1 view is an independent literal copy with availability last
ok 60 - current: full schemaVersion:1 view is an independent literal copy with availability last
  ---
  duration_ms: 0.963583
  type: 'test'
  ...
# Subtest: availability classes follow the frozen priority with no inference
ok 61 - availability classes follow the frozen priority with no inference
  ---
  duration_ms: 0.617042
  type: 'test'
  ...
# Subtest: options omit result and/or deliveries but never rewrite the rest
ok 62 - options omit result and/or deliveries but never rewrite the rest
  ---
  duration_ms: 0.256917
  type: 'test'
  ...
# Subtest: nulls and prepared-but-unrecorded delivery facts are preserved, never filled in
ok 63 - nulls and prepared-but-unrecorded delivery facts are preserved, never filled in
  ---
  duration_ms: 0.086042
  type: 'test'
  ...
# Subtest: succeeded and cancelRequestedAt coexist; terminal evidence is immutable in the view
ok 64 - succeeded and cancelRequestedAt coexist; terminal evidence is immutable in the view
  ---
  duration_ms: 0.388625
  type: 'test'
  ...
# Subtest: an older delivery snapshot is projected as-is and never repaired into newer facts
ok 65 - an older delivery snapshot is projected as-is and never repaired into newer facts
  ---
  duration_ms: 0.101
  type: 'test'
  ...
# Subtest: no invented fields and no auto-recovery in the projection
ok 66 - no invented fields and no auto-recovery in the projection
  ---
  duration_ms: 0.084125
  type: 'test'
  ...
# Subtest: a stale source never projects as current even when a result exists
ok 67 - a stale source never projects as current even when a result exists
  ---
  duration_ms: 0.073792
  type: 'test'
  ...
# Subtest: HTTP list/detail packets: real host + synthetic adapter, scoped and paged
ok 68 - HTTP list/detail packets: real host + synthetic adapter, scoped and paged
  ---
  duration_ms: 715.445834
  type: 'test'
  ...
# (node:35568) ExperimentalWarning: SQLite is an experimental feature and might change at any time
# (Use `node --trace-warnings ...` to show where the warning was created)
# Subtest: two durable reads use actual host/Pi tools and wait only on the selected source
ok 69 - two durable reads use actual host/Pi tools and wait only on the selected source
  ---
  duration_ms: 616.89775
  type: 'test'
  ...
# Subtest: premature final and lost launch ACK preserve query-only recovery, then a later Run consumes the original task
ok 70 - premature final and lost launch ACK preserve query-only recovery, then a later Run consumes the original task
  ---
  duration_ms: 513.049959
  type: 'test'
  ...
# Subtest: source/implementation absence remains readable; corrupt bytes and cross-session consumption are refused
ok 71 - source/implementation absence remains readable; corrupt bytes and cross-session consumption are refused
  ---
  duration_ms: 481.414667
  type: 'test'
  ...
# Subtest: schema3/4 migrate through exclusive backup and refuse existing backup paths
ok 72 - schema3/4 migrate through exclusive backup and refuse existing backup paths
  ---
  duration_ms: 441.731834
  type: 'test'
  ...
# Subtest: invalid UTF-8 schema4 is refused before backup or replacement
ok 73 - invalid UTF-8 schema4 is refused before backup or replacement
  ---
  duration_ms: 98.3825
  type: 'test'
  ...
# Subtest: the projection accepts exactly the actions this app was built against
ok 74 - the projection accepts exactly the actions this app was built against
  ---
  duration_ms: 1.298583
  type: 'test'
  ...
# Subtest: a descriptor fails closed on a stale revision, an unknown action or a widened schema
ok 75 - a descriptor fails closed on a stale revision, an unknown action or a widened schema
  ---
  duration_ms: 0.434791
  type: 'test'
  ...
# Subtest: the detail offers only advertised, understood actions and never an out-of-scope control
ok 76 - the detail offers only advertised, understood actions and never an out-of-scope control
  ---
  duration_ms: 20.711708
  type: 'test'
  ...
# Subtest: an item whose descriptors this app cannot read offers no controls at all
ok 77 - an item whose descriptors this app cannot read offers no controls at all
  ---
  duration_ms: 2.053917
  type: 'test'
  ...
# Subtest: acknowledge is the action itself: an empty payload, no dialog, no toggle
ok 78 - acknowledge is the action itself: an empty payload, no dialog, no toggle
  ---
  duration_ms: 7.481791
  type: 'test'
  ...
# Subtest: resolve requires a reason and refuses to send without one
ok 79 - resolve requires a reason and refuses to send without one
  ---
  duration_ms: 12.370334
  type: 'test'
  ...
# Subtest: snooze records a next action and only sends a due time when the trigger is one
ok 80 - snooze records a next action and only sends a due time when the trigger is one
  ---
  duration_ms: 11.380167
  type: 'test'
  ...
# Subtest: a recorded due time is required for the at trigger and is sent with its zone
ok 81 - a recorded due time is required for the at trigger and is sent with its zone
  ---
  duration_ms: 12.107708
  type: 'test'
  ...
# Subtest: resume and reopen name their target state and offer no third one
ok 82 - resume and reopen name their target state and offer no third one
  ---
  duration_ms: 5.606625
  type: 'test'
  ...
# Subtest: a resolved item offers reopen and nothing the contract withdrew
ok 83 - a resolved item offers reopen and nothing the contract withdrew
  ---
  duration_ms: 2.799542
  type: 'test'
  ...
# Subtest: nothing is optimistic: only the submit control changes while a request is open
ok 84 - nothing is optimistic: only the submit control changes while a request is open
  ---
  duration_ms: 9.794792
  type: 'test'
  ...
# Subtest: when the last row of a page leaves, the view backs up to a page that exists
ok 85 - when the last row of a page leaves, the view backs up to a page that exists
  ---
  duration_ms: 7.254125
  type: 'test'
  ...
# (node:35750) ExperimentalWarning: SQLite is an experimental feature and might change at any time
# (Use `node --trace-warnings ...` to show where the warning was created)
# Subtest: global Attention has replayable identity, shared configuration and a real governed Run
ok 86 - global Attention has replayable identity, shared configuration and a real governed Run
  ---
  duration_ms: 634.256375
  type: 'test'
  ...
# Subtest: progressive memory lists metadata, excludes drafts/tools and binds exact message text
ok 87 - progressive memory lists metadata, excludes drafts/tools and binds exact message text
  ---
  duration_ms: 486.976042
  type: 'test'
  ...
# Subtest: schema5 with retained records migrates exactly and global/project invariants reject corruption
not ok 88 - schema5 with retained records migrates exactly and global/project invariants reject corruption
  ---
  duration_ms: 156.011916
  type: 'test'
  location: '/private/tmp/courtwork-projectless-chat-20260913/app/tests/attention-agent.test.mjs:71:1'
  failureType: 'testCodeFailure'
  error: |-
    The input did not match the regular expression /global/. Input:
    
    'Error: A Matter expert requires a project session'
    
  code: 'ERR_ASSERTION'
  name: 'AssertionError'
  expected:
  actual:
  error: 'A Matter expert requires a project session'
  stack: |-
    file:///private/tmp/courtwork-projectless-chat-20260913/app/server/store.mjs:684:199
    file:///private/tmp/courtwork-projectless-chat-20260913/app/server/store.mjs:560:73
  operator: 'rejects'
  stack: |-
    async TestContext.<anonymous> (file:///private/tmp/courtwork-projectless-chat-20260913/app/tests/attention-agent.test.mjs:84:5)
    async Test.run (node:internal/test_runner/test:1054:7)
    async Test.processPendingSubtests (node:internal/test_runner/test:744:7)
  ...
# Subtest: conversation retry preserves creation identity and exact Run command after a lost receipt
ok 89 - conversation retry preserves creation identity and exact Run command after a lost receipt
  ---
  duration_ms: 1.605666
  type: 'test'
  ...
# Subtest: closing during send keeps its receipt and restores the finished conversation on reopen
ok 90 - closing during send keeps its receipt and restores the finished conversation on reopen
  ---
  duration_ms: 0.313125
  type: 'test'
  ...
# Subtest: a delayed history choice cannot replace the newer conversation or draft
ok 91 - a delayed history choice cannot replace the newer conversation or draft
  ---
  duration_ms: 0.232916
  type: 'test'
  ...
# Subtest: conversation rename persists metadata without changing history, scope or draft
ok 92 - conversation rename persists metadata without changing history, scope or draft
  ---
  duration_ms: 121.541792
  type: 'test'
  ...
# Subtest: Attention CAS, full request identity, typed transitions and immutable receipt
ok 93 - Attention CAS, full request identity, typed transitions and immutable receipt
  ---
  duration_ms: 117.618459
  type: 'test'
  ...
# Subtest: scope applies before IDs, descriptors, counts, lookups, receipts and source queries
ok 94 - scope applies before IDs, descriptors, counts, lookups, receipts and source queries
  ---
  duration_ms: 137.629958
  type: 'test'
  ...
# Subtest: runtime registry-only grant hides detail, search predicates, event/receipt/source and signals
ok 95 - runtime registry-only grant hides detail, search predicates, event/receipt/source and signals
  ---
  duration_ms: 123.287833
  type: 'test'
  ...
# Subtest: explicit signal policy records observations without status, seen or authorization changes
ok 96 - explicit signal policy records observations without status, seen or authorization changes
  ---
  duration_ms: 123.92125
  type: 'test'
  ...
# Subtest: schema-aware exact/literal grep/relation filters are bounded and no regex executes
ok 97 - schema-aware exact/literal grep/relation filters are bounded and no regex executes
  ---
  duration_ms: 97.66825
  type: 'test'
  ...
# Subtest: source references bind exact retained Core bytes and scope; external locators stay unknown
ok 98 - source references bind exact retained Core bytes and scope; external locators stay unknown
  ---
  duration_ms: 88.609208
  type: 'test'
  ...
# Subtest: unknown schema/action, stale mutation, corrupt state and hidden unknown schema fail closed
ok 99 - unknown schema/action, stale mutation, corrupt state and hidden unknown schema fail closed
  ---
  duration_ms: 349.306
  type: 'test'
  ...
# Subtest: simultaneous actions serialize CAS, and needs_you is an explicit typed transition
ok 100 - simultaneous actions serialize CAS, and needs_you is an explicit typed transition
  ---
  duration_ms: 135.610875
  type: 'test'
  ...
# Subtest: missing audit/receipt or rewritten receipt is refused before a new state change
ok 101 - missing audit/receipt or rewritten receipt is refused before a new state change
  ---
  duration_ms: 434.129125
  type: 'test'
  ...
# Subtest: GitHub fixture preserves raw conditional values, pagination, snapshots on 304, and changing poll cadence
ok 102 - GitHub fixture preserves raw conditional values, pagination, snapshots on 304, and changing poll cadence
  ---
  duration_ms: 1.780541
  type: 'test'
  ...
# Subtest: GitHub fixture retains notification semantics that are unsafe to collapse
ok 103 - GitHub fixture retains notification semantics that are unsafe to collapse
  ---
  duration_ms: 0.181958
  type: 'test'
  ...
# Subtest: GitHub fixture surfaces unsupported credentials, revoked authorization and rate limits
ok 104 - GitHub fixture surfaces unsupported credentials, revoked authorization and rate limits
  ---
  duration_ms: 0.398166
  type: 'test'
  ...
# Subtest: GitHub fixture rejects contradictory scripts
ok 105 - GitHub fixture rejects contradictory scripts
  ---
  duration_ms: 0.081084
  type: 'test'
  ...
# Subtest: Gmail fixture supplies duplicate and out-of-order push/history pages without advancing a caller cursor
ok 106 - Gmail fixture supplies duplicate and out-of-order push/history pages without advancing a caller cursor
  ---
  duration_ms: 0.853083
  type: 'test'
  ...
# Subtest: Gmail fixture presents interruption, gap, expired watch, mismatch, and revoked authorization as explicit provider outcomes
ok 107 - Gmail fixture presents interruption, gap, expired watch, mismatch, and revoked authorization as explicit provider outcomes
  ---
  duration_ms: 0.914375
  type: 'test'
  ...
# Subtest: Gmail fixture rejects malformed and contradictory scripted responses
ok 108 - Gmail fixture rejects malformed and contradictory scripted responses
  ---
  duration_ms: 0.170875
  type: 'test'
  ...
# (node:36248) ExperimentalWarning: SQLite is an experimental feature and might change at any time
# (Use `node --trace-warnings ...` to show where the warning was created)
# Subtest: ATT-BE-01 HTTP round trip keeps multi-Matter/source/execution refs through typed CAS and producer loss
ok 109 - ATT-BE-01 HTTP round trip keeps multi-Matter/source/execution refs through typed CAS and producer loss
  ---
  duration_ms: 742.351208
  type: 'test'
  ...
# Subtest: Attention scope, actor ownership, unknown fields and schema versions fail closed over every query kind
ok 110 - Attention scope, actor ownership, unknown fields and schema versions fail closed over every query kind
  ---
  duration_ms: 179.498291
  type: 'test'
  ...
# Subtest: Runtime Attention adapter captures host execution context, records signals only, and closes with the Run
ok 111 - Runtime Attention adapter captures host execution context, records signals only, and closes with the Run
  ---
  duration_ms: 672.460541
  type: 'test'
  ...
# Subtest: generated Attention consumer packet records the HTTP/Pi/Core invariants
ok 112 - generated Attention consumer packet records the HTTP/Pi/Core invariants
  ---
  duration_ms: 1.337875
  type: 'test'
  ...
# Subtest: Attention SIGKILL at before_commit leaves zero or one complete request effect
ok 113 - Attention SIGKILL at before_commit leaves zero or one complete request effect
  ---
  duration_ms: 203.135083
  type: 'test'
  ...
# Subtest: Attention SIGKILL at after_commit_before_ack leaves zero or one complete request effect
ok 114 - Attention SIGKILL at after_commit_before_ack leaves zero or one complete request effect
  ---
  duration_ms: 185.04275
  type: 'test'
  ...
# Subtest: synthetic trace vectors preserve edits, stale approval, unknown effect, duplicate surfacing and non-score samples
ok 115 - synthetic trace vectors preserve edits, stale approval, unknown effect, duplicate surfacing and non-score samples
  ---
  duration_ms: 1.2655
  type: 'test'
  ...
# Subtest: trace fixture validator rejects contradictions rather than turning missing evidence into a score
ok 116 - trace fixture validator rejects contradictions rather than turning missing evidence into a score
  ---
  duration_ms: 0.208792
  type: 'test'
  ...
# Subtest: trace fixture validation runner is executable within the fixture directory
ok 117 - trace fixture validation runner is executable within the fixture directory
  ---
  duration_ms: 30.691083
  type: 'test'
  ...
# (node:36664) ExperimentalWarning: SQLite is an experimental feature and might change at any time
# (Use `node --trace-warnings ...` to show where the warning was created)
# Subtest: ATT-ACT-1 · a submitted action carries the inspected revision and is read back canonically
ok 118 - ATT-ACT-1 · a submitted action carries the inspected revision and is read back canonically
  ---
  duration_ms: 607.149292
  type: 'test'
  ...
# Subtest: ATT-ACT-2 · a stale revision is refused, announced and never silently replayed
ok 119 - ATT-ACT-2 · a stale revision is refused, announced and never silently replayed
  ---
  duration_ms: 995.228
  type: 'test'
  ...
# Subtest: ATT-ACT-3 · a lost response is recovered from the receipt, not guessed
ok 120 - ATT-ACT-3 · a lost response is recovered from the receipt, not guessed
  ---
  duration_ms: 333.775
  type: 'test'
  ...
# Subtest: ATT-ACT-4 · a request that never left is retried under its own identity, once
ok 121 - ATT-ACT-4 · a request that never left is retried under its own identity, once
  ---
  duration_ms: 995.848292
  type: 'test'
  ...
# Subtest: ATT-ACT-5 · a reused identity with different content is refused and surfaced
ok 122 - ATT-ACT-5 · a reused identity with different content is refused and surfaced
  ---
  duration_ms: 176.755917
  type: 'test'
  ...
# Subtest: Snooze records Later, which stays a visible view and starts no timer
ok 123 - Snooze records Later, which stays a visible view and starts no timer
  ---
  duration_ms: 821.793875
  type: 'test'
  ...
# Subtest: the workspace holds no timer of its own
ok 124 - the workspace holds no timer of its own
  ---
  duration_ms: 0.444584
  type: 'test'
  ...
# Subtest: relative time reads the recorded instant without rewriting it
ok 125 - relative time reads the recorded instant without rewriting it
  ---
  duration_ms: 14.299666
  type: 'test'
  ...
# Subtest: the state strip is six explicit views and each one is its own exact query
ok 126 - the state strip is six explicit views and each one is its own exact query
  ---
  duration_ms: 6.319875
  type: 'test'
  ...
# Subtest: All renders the order the server returned and adds no client sort
ok 127 - All renders the order the server returned and adds no client sort
  ---
  duration_ms: 0.605917
  type: 'test'
  ...
# Subtest: a row states its status and when the record was updated, and nothing else
ok 128 - a row states its status and when the record was updated, and nothing else
  ---
  duration_ms: 0.895041
  type: 'test'
  ...
# Subtest: J K and the arrows walk the list, clamp at both ends and stay out of text controls
ok 129 - J K and the arrows walk the list, clamp at both ends and stay out of text controls
  ---
  duration_ms: 1.781833
  type: 'test'
  ...
# Subtest: Enter opens the focused row and Escape returns focus to it
ok 130 - Enter opens the focused row and Escape returns focus to it
  ---
  duration_ms: 3.946458
  type: 'test'
  ...
# Subtest: Back to items returns to the row, never to the project selector
ok 131 - Back to items returns to the row, never to the project selector
  ---
  duration_ms: 4.023166
  type: 'test'
  ...
# Subtest: pagination is explicit and a view change starts again at the first page
ok 132 - pagination is explicit and a view change starts again at the first page
  ---
  duration_ms: 2.526959
  type: 'test'
  ...
# Subtest: a pending query keeps the workspace readable and never sorts a half page
ok 133 - a pending query keeps the workspace readable and never sorts a half page
  ---
  duration_ms: 1.824
  type: 'test'
  ...
# Subtest: a refused read speaks the adjudicated sentence, never the wire code
ok 134 - a refused read speaks the adjudicated sentence, never the wire code
  ---
  duration_ms: 1.698667
  type: 'test'
  ...
# Subtest: late A conflict cannot replace B draft or show A conflict in the same project
ok 135 - late A conflict cannot replace B draft or show A conflict in the same project
  ---
  duration_ms: 27.225
  type: 'test'
  ...
# Subtest: late A success after project switch leaves B draft and receipt state alone
ok 136 - late A success after project switch leaves B draft and receipt state alone
  ---
  duration_ms: 7.316
  type: 'test'
  ...
# Subtest: keyboard opening, editing and receipt feedback call no WAAPI animations
ok 137 - keyboard opening, editing and receipt feedback call no WAAPI animations
  ---
  duration_ms: 10.209667
  type: 'test'
  ...
# Subtest: overlapping settlements keep feedback motion held until B registry read finishes
ok 138 - overlapping settlements keep feedback motion held until B registry read finishes
  ---
  duration_ms: 9.284833
  type: 'test'
  ...
# Subtest: seen and status are two drawn facts; acknowledging changes only seen
ok 139 - seen and status are two drawn facts; acknowledging changes only seen
  ---
  duration_ms: 23.350625
  type: 'test'
  ...
# Subtest: the receipt line waits for the receipt and the re-read, and never precedes them
ok 140 - the receipt line waits for the receipt and the re-read, and never precedes them
  ---
  duration_ms: 7.867208
  type: 'test'
  ...
# Subtest: a mismatched receipt draws no receipt line
ok 141 - a mismatched receipt draws no receipt line
  ---
  duration_ms: 4.6615
  type: 'test'
  ...
# Subtest: a version conflict keeps the draft and states the version now on screen
ok 142 - a version conflict keeps the draft and states the version now on screen
  ---
  duration_ms: 4.251375
  type: 'test'
  ...
# Subtest: an unknown result moves focus to Retry sending and keeps the submit closed
ok 143 - an unknown result moves focus to Retry sending and keeps the submit closed
  ---
  duration_ms: 4.530583
  type: 'test'
  ...
# Subtest: Mark as seen cannot be sent twice while its request is out
ok 144 - Mark as seen cannot be sent twice while its request is out
  ---
  duration_ms: 2.905792
  type: 'test'
  ...
# Subtest: an item that leaves the current view after a receipt is named, with its new status
ok 145 - an item that leaves the current view after a receipt is named, with its new status
  ---
  duration_ms: 4.518375
  type: 'test'
  ...
# Subtest: the assistant entry is part of the workspace heading, not an item detail
ok 146 - the assistant entry is part of the workspace heading, not an item detail
  ---
  duration_ms: 1.320208
  type: 'test'
  ...
# (node:36794) ExperimentalWarning: SQLite is an experimental feature and might change at any time
# (Use `node --trace-warnings ...` to show where the warning was created)
# Subtest: T-CANCEL-2: cancelling while waiting for the first token yields stopping then cancelled
ok 147 - T-CANCEL-2: cancelling while waiting for the first token yields stopping then cancelled
  ---
  duration_ms: 736.32775
  type: 'test'
  ...
# Subtest: T-CANCEL-3: cancelling during ask_user closes the question and refuses a late answer
ok 148 - T-CANCEL-3: cancelling during ask_user closes the question and refuses a late answer
  ---
  duration_ms: 205.733333
  type: 'test'
  ...
# Subtest: T-CANCEL-4: a late allow after cancelling a permission is refused and writes nothing
ok 149 - T-CANCEL-4: a late allow after cancelling a permission is refused and writes nothing
  ---
  duration_ms: 661.533792
  type: 'test'
  ...
# Subtest: T-CANCEL-5: cancelling a run that is not in this process reports unknown, not cancelled
ok 150 - T-CANCEL-5: cancelling a run that is not in this process reports unknown, not cancelled
  ---
  duration_ms: 185.070625
  type: 'test'
  ...
# Subtest: T-PERM-6: concurrent allow and deny on one permission — first wins, second is 409
ok 151 - T-PERM-6: concurrent allow and deny on one permission — first wins, second is 409
  ---
  duration_ms: 810.839166
  type: 'test'
  ...
# Subtest: T-PERM-7: read_only makes ws_write absent, not present-and-refused
ok 152 - T-PERM-7: read_only makes ws_write absent, not present-and-refused
  ---
  duration_ms: 185.800208
  type: 'test'
  ...
# Subtest: card middle layer retains same-target disclosure, resets target and scope, keeps warnings outside
ok 153 - card middle layer retains same-target disclosure, resets target and scope, keeps warnings outside
  ---
  duration_ms: 1.3825
  type: 'test'
  ...
# Subtest: Runtime summary rejects previous-session counts and preserves unknown rather than zero
ok 154 - Runtime summary rejects previous-session counts and preserves unknown rather than zero
  ---
  duration_ms: 0.391125
  type: 'test'
  ...
# Subtest: presentation entry directory retains honest fallback rows without synthetic actions
ok 155 - presentation entry directory retains honest fallback rows without synthetic actions
  ---
  duration_ms: 0.590875
  type: 'test'
  ...
# Subtest: injected reader checks live scope identity revision and resets disclosure after scope change
ok 156 - injected reader checks live scope identity revision and resets disclosure after scope change
  ---
  duration_ms: 0.445958
  type: 'test'
  ...
# Subtest: entry reader receives the exact opener and scope changes do not transfer focus
ok 157 - entry reader receives the exact opener and scope changes do not transfer focus
  ---
  duration_ms: 0.516375
  type: 'test'
  ...
# Subtest: production only admits explicit handlers and preserves exact captured bytes
ok 158 - production only admits explicit handlers and preserves exact captured bytes
  ---
  duration_ms: 0.656
  type: 'test'
  ...
# Subtest: synthetic feedback is mutually exclusive and reversible; failure preserves selection
ok 159 - synthetic feedback is mutually exclusive and reversible; failure preserves selection
  ---
  duration_ms: 25.225958
  type: 'test'
  ...
# Subtest: feedback lock suppresses duplicate/inverse requests and detached results cannot update a new target
ok 160 - feedback lock suppresses duplicate/inverse requests and detached results cannot update a new target
  ---
  duration_ms: 1.47275
  type: 'test'
  ...
# Subtest: streaming allows only exact current-text copy, while unavailable actions report reasons
ok 161 - streaming allows only exact current-text copy, while unavailable actions report reasons
  ---
  duration_ms: 1.163417
  type: 'test'
  ...
# Subtest: regeneration requires explicit confirmation and retains original scope
ok 162 - regeneration requires explicit confirmation and retains original scope
  ---
  duration_ms: 1.517208
  type: 'test'
  ...
# Subtest: synthetic playback can be paused, resumed and stopped without a speech service
ok 163 - synthetic playback can be paused, resumed and stopped without a speech service
  ---
  duration_ms: 5.010708
  type: 'test'
  ...
# Subtest: production rejects undeclared lifecycle handlers even when supplied
ok 164 - production rejects undeclared lifecycle handlers even when supplied
  ---
  duration_ms: 0.2465
  type: 'test'
  ...
# Subtest: same bytes and key from a replacement record cannot accept an async result
ok 165 - same bytes and key from a replacement record cannot accept an async result
  ---
  duration_ms: 1.959292
  type: 'test'
  ...
# Subtest: unavailable and native channels preserve draft and do not acquire a Run
ok 166 - unavailable and native channels preserve draft and do not acquire a Run
  ---
  duration_ms: 1.167416
  type: 'test'
  ...
# Subtest: draft and reading recovery are isolated by account, session and channel
ok 167 - draft and reading recovery are isolated by account, session and channel
  ---
  duration_ms: 0.484792
  type: 'test'
  ...
# Subtest: closing a detail cannot stop a run or change a work/permission fact
ok 168 - closing a detail cannot stop a run or change a work/permission fact
  ---
  duration_ms: 0.385208
  type: 'test'
  ...
# Subtest: revocation after search rejects exact read and drops cached contents
ok 169 - revocation after search rejects exact read and drops cached contents
  ---
  duration_ms: 0.4315
  type: 'test'
  ...
# Subtest: late account, session and source reads cannot overwrite the current detail
ok 170 - late account, session and source reads cannot overwrite the current detail
  ---
  duration_ms: 0.331167
  type: 'test'
  ...
# Subtest: old references remain exact; stale judgment refresh cannot accept or resolve
ok 171 - old references remain exact; stale judgment refresh cannot accept or resolve
  ---
  duration_ms: 0.467542
  type: 'test'
  ...
# Subtest: cancel and session changes cannot apply an old response to the current conversation
ok 172 - cancel and session changes cannot apply an old response to the current conversation
  ---
  duration_ms: 0.407875
  type: 'test'
  ...
# Subtest: model picker mock rejects unknown operations and stale picker scope
ok 173 - model picker mock rejects unknown operations and stale picker scope
  ---
  duration_ms: 0.547167
  type: 'test'
  ...
# Subtest: preview server has no API or mutation route and cannot traverse mounts
ok 174 - preview server has no API or mutation route and cannot traverse mounts
  ---
  duration_ms: 21.705667
  type: 'test'
  ...
# Subtest: Chat sits in the Home / Attention / Spark group as a plain button
ok 175 - Chat sits in the Home / Attention / Spark group as a plain button
  ---
  duration_ms: 1.095375
  type: 'test'
  ...
# Subtest: openChatPage opens the page over the existing session and creates nothing
not ok 176 - openChatPage opens the page over the existing session and creates nothing
  ---
  duration_ms: 0.690709
  type: 'test'
  location: '/private/tmp/courtwork-projectless-chat-20260913/app/tests/chat-entry.test.mjs:23:1'
  failureType: 'testCodeFailure'
  error: |-
    The input was expected to not match the regular expression /startNewSession|openDialog|request\(|createProject|clearActiveSession/. Input:
    
    'async function openChatPage() {\n' +
      '  const own = ++state.navigationEpoch;\n' +
      '  await persistCurrentDraft();\n' +
      '  if (own !== state.navigationEpoch) return;\n' +
      '  closeSettings({ restoreFocus: false });\n' +
      '  state.attentionOpen = false;\n' +
      '  attentionWorkspace?.deactivate();\n' +
      '  state.chatOpen = true;\n' +
      '  closeNavigation({ restoreFocus: false });\n' +
      '  renderAll();\n' +
      '  chatPage.open({\n' +
      '    projects: state.projects.filter((project) => state.openProjectIds.has(project.id) || project.id === state.activeProjectId),\n' +
      '    sessionsByProject: state.sessionsByProject,\n' +
      '    recentSessions: state.recentSessions,\n' +
      '    activeSessionId: state.activeSessionId,\n' +
      '    currentSession: currentSession(),\n' +
      '    example: preview.available && !preview.active ? { label: "See the example workspace" } : null,\n' +
      '  });\n' +
      `  $("chat-page").querySelector('[data-chat-focus="title"]')?.focus();\n` +
      '}\n' +
      'async function startNewSession({ projectId = null } = {}) {\n' +
      '  if (state.homeStart?.pending || state.homeStart?.unconfirmed || state.homeStart?.session) {\n' +
      '    await goHome();\n' +
      '    showToast("Finish or recover the chat being started before opening another.");\n' +
      '    return;\n' +
      '  }\n' +
      '  state.homeProjectRequest = false;\n' +
      '  state.homeProjectId = state.projects.some(p => p.id === projectId && !p.preview) ? projectId : null;\n' +
      '  storeHomeDraft();\n' +
      '  await goHome();\n' +
      '}\n'
    
  code: 'ERR_ASSERTION'
  name: 'AssertionError'
  expected:
  actual: |-
    async function openChatPage() {
      const own = ++state.navigationEpoch;
      await persistCurrentDraft();
      if (own !== state.navigationEpoch) return;
      closeSettings({ restoreFocus: false });
      state.attentionOpen = false;
      attentionWorkspace?.deactivate();
      state.chatOpen = true;
      closeNavigation({ restoreFocus: false });
      renderAll();
      chatPage.open({
        projects: state.projects.filter((project) => state.openProjectIds.has(project.id) || project.id === state.activeProjectId),
        sessionsByProject: state.sessionsByProject,
        recentSessions: state.recentSessions,
        activeSessionId: state.activeSessionId,
        currentSession: currentSession(),
        example: preview.available && !preview.active ? { label: "See the example workspace" } : null,
      });
      $("chat-page").querySelector('[data-chat-focus="title"]')?.focus();
    }
    async function startNewSession({ projectId = null } = {}) {
      if (state.homeStart?.pending || state.homeStart?.unconfirmed || state.homeStart?.session) {
        await goHome();
        showToast("Finish or recover the chat being started before opening another.");
        return;
      }
      state.homeProjectRequest = false;
      state.homeProjectId = state.projects.some(p => p.id === projectId && !p.preview) ? projectId : null;
      storeHomeDraft();
      await goHome();
    }
    
  operator: 'doesNotMatch'
  stack: |-
    TestContext.<anonymous> (file:///private/tmp/courtwork-projectless-chat-20260913/app/tests/chat-entry.test.mjs:28:10)
    Test.runInAsyncScope (node:async_hooks:214:14)
    Test.run (node:internal/test_runner/test:1047:25)
    Test.processPendingSubtests (node:internal/test_runner/test:744:18)
    Test.postRun (node:internal/test_runner/test:1173:19)
    Test.run (node:internal/test_runner/test:1101:12)
    async startSubtestAfterBootstrap (node:internal/test_runner/harness:296:3)
  ...
# Subtest: recent chats across open projects, newest first, marking Work and the current one
ok 177 - recent chats across open projects, newest first, marking Work and the current one
  ---
  duration_ms: 10.537458
  type: 'test'
  ...
# Subtest: empty state and New chat stay primary while explanation and sibling entries are disclosed
ok 178 - empty state and New chat stay primary while explanation and sibling entries are disclosed
  ---
  duration_ms: 1.010625
  type: 'test'
  ...
# Subtest: app wiring: the Chat seat opens the page, the page closes like Attention, and it is served
ok 179 - app wiring: the Chat seat opens the page, the page closes like Attention, and it is served
  ---
  duration_ms: 1.059375
  type: 'test'
  ...
# Subtest: stream append restores selection onto replacement nodes and preserves viewport anchor
ok 180 - stream append restores selection onto replacement nodes and preserves viewport anchor
  ---
  duration_ms: 0.565667
  type: 'test'
  ...
# Subtest: a different session or missing immutable row cannot inherit selection or anchor
ok 181 - a different session or missing immutable row cannot inherit selection or anchor
  ---
  duration_ms: 0.293542
  type: 'test'
  ...
# Subtest: changed selected source bytes are not silently selected as if unchanged
ok 182 - changed selected source bytes are not silently selected as if unchanged
  ---
  duration_ms: 0.087417
  type: 'test'
  ...
# Subtest: following latest does not restore an older viewport anchor
ok 183 - following latest does not restore an older viewport anchor
  ---
  duration_ms: 0.070958
  type: 'test'
  ...
# Subtest: band · 48 on the web, a native host only raises it
ok 184 - band · 48 on the web, a native host only raises it
  ---
  duration_ms: 0.636625
  type: 'test'
  ...
# Subtest: band · one title line; Chat is the default mode and is not restated
ok 185 - band · one title line; Chat is the default mode and is not restated
  ---
  duration_ms: 0.576917
  type: 'test'
  ...
# Subtest: sidebar · 16 glyph on a 32 row, 2 between nav rows, 16 between groups, 44 on touch
ok 186 - sidebar · 16 glyph on a 32 row, 2 between nav rows, 16 between groups, 44 on touch
  ---
  duration_ms: 0.365209
  type: 'test'
  ...
# Subtest: content column · prose and composer share one inset resolved against one width
ok 187 - content column · prose and composer share one inset resolved against one width
  ---
  duration_ms: 0.1995
  type: 'test'
  ...
# Subtest: summary · cards fold to the strip before the reading column drops under 640 + two tight insets
ok 188 - summary · cards fold to the strip before the reading column drops under 640 + two tight insets
  ---
  duration_ms: 0.102084
  type: 'test'
  ...
# Subtest: composer · content-driven and bounded; growth never writes value
ok 189 - composer · content-driven and bounded; growth never writes value
  ---
  duration_ms: 0.265541
  type: 'test'
  ...
# Subtest: Home keeps its own 820 column and composer sizes
ok 190 - Home keeps its own 820 column and composer sizes
  ---
  duration_ms: 0.083833
  type: 'test'
  ...
# Subtest: recorded references deduplicate exact identity but retain different Run versions
ok 191 - recorded references deduplicate exact identity but retain different Run versions
  ---
  duration_ms: 0.445417
  type: 'test'
  ...
# Subtest: unbound discussion reads no made-up source endpoint; file opens exact captured version
ok 192 - unbound discussion reads no made-up source endpoint; file opens exact captured version
  ---
  duration_ms: 3.148875
  type: 'test'
  ...
# Subtest: scope change rejects late work projection, with no source bytes in the replacement view
ok 193 - scope change rejects late work projection, with no source bytes in the replacement view
  ---
  duration_ms: 0.65625
  type: 'test'
  ...
# Subtest: read failure remains explicit and refresh is available
ok 194 - read failure remains explicit and refresh is available
  ---
  duration_ms: 0.436709
  type: 'test'
  ...
# Subtest: fixed candidate evidence never substitutes the current source revision
ok 195 - fixed candidate evidence never substitutes the current source revision
  ---
  duration_ms: 0.132125
  type: 'test'
  ...
# Subtest: quoting a full recorded file keeps exact text lines and provenance; current files are rejected
ok 196 - quoting a full recorded file keeps exact text lines and provenance; current files are rejected
  ---
  duration_ms: 0.263417
  type: 'test'
  ...
# Subtest: missing or mismatched historical bytes stay explicit rather than falling back to latest
ok 197 - missing or mismatched historical bytes stay explicit rather than falling back to latest
  ---
  duration_ms: 1.244084
  type: 'test'
  ...
# Subtest: WK-92 · Chat 与 Work 由既有的 extensionBinding 分开，不由新状态分开
ok 198 - WK-92 · Chat 与 Work 由既有的 extensionBinding 分开，不由新状态分开
  ---
  duration_ms: 0.700792
  type: 'test'
  ...
# Subtest: WK-92 · Continue in Matter 只走既有的 extension 路由；不新增端点、不复制、不迁移
ok 199 - WK-92 · Continue in Matter 只走既有的 extension 路由；不新增端点、不复制、不迁移
  ---
  duration_ms: 0.885917
  type: 'test'
  ...
# Subtest: WK-92 / M-2 · scope 位在工作面标题带上，仍是陈述而不是控件
ok 200 - WK-92 / M-2 · scope 位在工作面标题带上，仍是陈述而不是控件
  ---
  duration_ms: 0.467916
  type: 'test'
  ...
# Subtest: WK-92 / §4 · Memory 组：不用 Session Memory，Sources ≠ Memory，Temporary chat 零控件
ok 201 - WK-92 / §4 · Memory 组：不用 Session Memory，Sources ≠ Memory，Temporary chat 零控件
  ---
  duration_ms: 0.215375
  type: 'test'
  ...
# Subtest: WK-92 · 导航只对 Work 加一个标记，Chat 是默认的那一种
ok 202 - WK-92 · 导航只对 Work 加一个标记，Chat 是默认的那一种
  ---
  duration_ms: 0.149584
  type: 'test'
  ...
# (node:37216) ExperimentalWarning: SQLite is an experimental feature and might change at any time
# (Use `node --trace-warnings ...` to show where the warning was created)
# Subtest: native compaction cancel settles with no persisted partial summary
ok 203 - native compaction cancel settles with no persisted partial summary
  ---
  duration_ms: 164.914917
  type: 'test'
  ...
# Subtest: native compaction deadline settles with no persisted partial summary
ok 204 - native compaction deadline settles with no persisted partial summary
  ---
  duration_ms: 426.161791
  type: 'test'
  ...
# Subtest: native overflow recovery persists a summary and a restarted host uses it
ok 205 - native overflow recovery persists a summary and a restarted host uses it
  ---
  duration_ms: 233.215708
  type: 'test'
  ...
# (node:37217) ExperimentalWarning: SQLite is an experimental feature and might change at any time
# (Use `node --trace-warnings ...` to show where the warning was created)
# Subtest: automatic threshold persists a summary and sends it in the next request
ok 206 - automatic threshold persists a summary and sends it in the next request
  ---
  duration_ms: 595.951584
  type: 'test'
  ...
# Subtest: provider-default omits SDK-generated reasoning controls on ordinary and compaction requests
ok 207 - provider-default omits SDK-generated reasoning controls on ordinary and compaction requests
  ---
  duration_ms: 476.320416
  type: 'test'
  ...
# Subtest: failed summary leaves the journal unchanged and marks run usage missing
ok 208 - failed summary leaves the journal unchanged and marks run usage missing
  ---
  duration_ms: 560.174959
  type: 'test'
  ...
# Subtest: native summary retry succeeds but usage stays missing and counts only reported values
ok 209 - native summary retry succeeds but usage stays missing and counts only reported values
  ---
  duration_ms: 2452.603958
  type: 'test'
  ...
# Subtest: maxCompactions disables later automatic summaries while the ordinary turn completes
ok 210 - maxCompactions disables later automatic summaries while the ordinary turn completes
  ---
  duration_ms: 569.355167
  type: 'test'
  ...
# Subtest: CI-B · support is read from CSS.supports, never assumed
ok 211 - CI-B · support is read from CSS.supports, never assumed
  ---
  duration_ms: 0.572
  type: 'test'
  ...
# Subtest: CI-B · fit follows scrollHeight and respects the box model
ok 212 - CI-B · fit follows scrollHeight and respects the box model
  ---
  duration_ms: 0.16
  type: 'test'
  ...
# Subtest: CI-B · with native support nothing is installed; without it, input refits and value is never written
ok 213 - CI-B · with native support nothing is installed; without it, input refits and value is never written
  ---
  duration_ms: 0.168917
  type: 'test'
  ...
# Subtest: CI-F · only an image-only paste gets a sentence; text is never swallowed
ok 214 - CI-F · only an image-only paste gets a sentence; text is never swallowed
  ---
  duration_ms: 0.148333
  type: 'test'
  ...
# Subtest: CI-B / CI-F · wiring: no paste is prevented, growth is @supports-gated, the module is served
ok 215 - CI-B / CI-F · wiring: no paste is prevented, growth is @supports-gated, the module is served
  ---
  duration_ms: 0.397208
  type: 'test'
  ...
# Subtest: CI-B · each variant keeps a plain ceiling, dvh hosts get the 28dvh override, Home anchors the resting box
ok 216 - CI-B · each variant keeps a plain ceiling, dvh hosts get the 28dvh override, Home anchors the resting box
  ---
  duration_ms: 0.199917
  type: 'test'
  ...
# Subtest: roles exist in both schemes and stay separate from review / danger / diff
ok 217 - roles exist in both schemes and stay separate from review / danger / diff
  ---
  duration_ms: 0.855291
  type: 'test'
  ...
# Subtest: the switch is the specimen: on = accent, disabled = unavailable pair, off = neutral
ok 218 - the switch is the specimen: on = accent, disabled = unavailable pair, off = neutral
  ---
  duration_ms: 0.351875
  type: 'test'
  ...
# Subtest: the Pages paper link is an action, not the Review marker
ok 219 - the Pages paper link is an action, not the Review marker
  ---
  duration_ms: 0.163292
  type: 'test'
  ...
# (node:37280) ExperimentalWarning: SQLite is an experimental feature and might change at any time
# (Use `node --trace-warnings ...` to show where the warning was created)
# Subtest: control: scope provenance, reset, CAS, and cross-session isolation survive restart
ok 220 - control: scope provenance, reset, CAS, and cross-session isolation survive restart
  ---
  duration_ms: 189.546209
  type: 'test'
  ...
# Subtest: control: active Run freezes config; retry preserves its original runtime binding
ok 221 - control: active Run freezes config; retry preserves its original runtime binding
  ---
  duration_ms: 308.202667
  type: 'test'
  ...
# Subtest: policy: last match within scope, outer ceilings and literal regex characters
ok 222 - policy: last match within scope, outer ceilings and literal regex characters
  ---
  duration_ms: 0.478541
  type: 'test'
  ...
# Subtest: control APIs: source content remains pinned after replacement; templates are human-invoked drafts
ok 223 - control APIs: source content remains pinned after replacement; templates are human-invoked drafts
  ---
  duration_ms: 1002.298542
  type: 'test'
  ...
# Subtest: policy: path denial reaches the executor; exposed write does not imply allowed write
ok 224 - policy: path denial reaches the executor; exposed write does not imply allowed write
  ---
  duration_ms: 483.242042
  type: 'test'
  ...
# Subtest: policy: domain tools use the same execution gate, including exact arguments across approval
ok 225 - policy: domain tools use the same execution gate, including exact arguments across approval
  ---
  duration_ms: 0.68925
  type: 'test'
  ...
# Subtest: context: skill metadata is progressive, installed content grants no plugin/tool authority
ok 226 - context: skill metadata is progressive, installed content grants no plugin/tool authority
  ---
  duration_ms: 522.701791
  type: 'test'
  ...
# Subtest: composition: versioned profile restricts resources, never raises host permission, and missing requirements block admission
ok 227 - composition: versioned profile restricts resources, never raises host permission, and missing requirements block admission
  ---
  duration_ms: 494.801666
  type: 'test'
  ...
# Subtest: control config: corrupt or future version fails closed without overwriting the file
ok 228 - control config: corrupt or future version fails closed without overwriting the file
  ---
  duration_ms: 125.041541
  type: 'test'
  ...
# Subtest: compatibility: valid schema 3 upgrades with exact backup and schema 6 fence
ok 229 - compatibility: valid schema 3 upgrades with exact backup and schema 6 fence
  ---
  duration_ms: 121.039667
  type: 'test'
  ...
# Subtest: MCP modern: discovery is separate from exposure and execution consent
ok 230 - MCP modern: discovery is separate from exposure and execution consent
  ---
  duration_ms: 736.917208
  type: 'test'
  ...
# Subtest: MCP legacy: discovery is separate from exposure and execution consent
ok 231 - MCP legacy: discovery is separate from exposure and execution consent
  ---
  duration_ms: 498.998916
  type: 'test'
  ...
# Subtest: MCP: first unknown outcome closes subsequent tool admission in the same Run
ok 232 - MCP: first unknown outcome closes subsequent tool admission in the same Run
  ---
  duration_ms: 643.2305
  type: 'test'
  ...
# Subtest: MCP: a lost remote call result becomes an unknown Run, never an automatic replay
ok 233 - MCP: a lost remote call result becomes an unknown Run, never an automatic replay
  ---
  duration_ms: 858.160375
  type: 'test'
  ...
# Subtest: admission serializes permission changes and extension binding before runtime snapshots can diverge
ok 234 - admission serializes permission changes and extension binding before runtime snapshots can diverge
  ---
  duration_ms: 502.776958
  type: 'test'
  ...
# Subtest: context: additive compiled counts separate catalog text, deferred bodies and draft-only templates
ok 235 - context: additive compiled counts separate catalog text, deferred bodies and draft-only templates
  ---
  duration_ms: 91.630834
  type: 'test'
  ...
# Subtest: MA2-02 · the Thread directory projects only the published contract
ok 236 - MA2-02 · the Thread directory projects only the published contract
  ---
  duration_ms: 1.262459
  type: 'test'
  ...
# Subtest: MA2-02 · a mailbox page must stay inside the bounds the server reported
ok 237 - MA2-02 · a mailbox page must stay inside the bounds the server reported
  ---
  duration_ms: 0.479875
  type: 'test'
  ...
# Subtest: MA2-02 · an undelivered message keeps an explicit null, not an empty time
ok 238 - MA2-02 · an undelivered message keeps an explicit null, not an empty time
  ---
  duration_ms: 0.062542
  type: 'test'
  ...
# Subtest: MA2-02 · receipts are validated with the same gate as the directory rows
ok 239 - MA2-02 · receipts are validated with the same gate as the directory rows
  ---
  duration_ms: 0.1555
  type: 'test'
  ...
# Subtest: MA2-02 · Session options carry the scope the server itself derives
ok 240 - MA2-02 · Session options carry the scope the server itself derives
  ---
  duration_ms: 0.175792
  type: 'test'
  ...
# Subtest: MA2-02 · option lists offer only bindings the server would accept
ok 241 - MA2-02 · option lists offer only bindings the server would accept
  ---
  duration_ms: 0.176709
  type: 'test'
  ...
# Subtest: MA2-02 · both new modules are admitted by the static allowlist
ok 242 - MA2-02 · both new modules are admitted by the static allowlist
  ---
  duration_ms: 0.126292
  type: 'test'
  ...
# Subtest: MA2-02 · the consumer surface adds no second run-start path
ok 243 - MA2-02 · the consumer surface adds no second run-start path
  ---
  duration_ms: 0.572916
  type: 'test'
  ...
# (node:37520) ExperimentalWarning: SQLite is an experimental feature and might change at any time
# (Use `node --trace-warnings ...` to show where the warning was created)
# Subtest: Thread identity and membership are durable, explicit and not Session identity
ok 244 - Thread identity and membership are durable, explicit and not Session identity
  ---
  duration_ms: 102.027334
  type: 'test'
  ...
# Subtest: outbox replay is idempotent; conflicting payload and invented source are refused
ok 245 - outbox replay is idempotent; conflicting payload and invented source are refused
  ---
  duration_ms: 48.521083
  type: 'test'
  ...
# Subtest: late delivery retains origin and distinguishes stale target from missing target
ok 246 - late delivery retains origin and distinguishes stale target from missing target
  ---
  duration_ms: 48.861083
  type: 'test'
  ...
# Subtest: reply lineage requires a delivered reverse envelope, not an unrelated latest message
ok 247 - reply lineage requires a delivered reverse envelope, not an unrelated latest message
  ---
  duration_ms: 49.343584
  type: 'test'
  ...
# Subtest: global Attention directory spans scopes; it never yields another mailbox body or membership
ok 248 - global Attention directory spans scopes; it never yields another mailbox body or membership
  ---
  duration_ms: 50.726792
  type: 'test'
  ...
# Subtest: runtime cross-scope sending is Attention-only; a project Run is refused at that guard alone
ok 249 - runtime cross-scope sending is Attention-only; a project Run is refused at that guard alone
  ---
  duration_ms: 61.050459
  type: 'test'
  ...
# Subtest: a domain-bound Session cannot message from a Run even with a host-shaped origin
ok 250 - a domain-bound Session cannot message from a Run even with a host-shaped origin
  ---
  duration_ms: 51.176041
  type: 'test'
  ...
# Subtest: delete and scope change do not recreate a recipient or reroute queued messages
ok 251 - delete and scope change do not recreate a recipient or reroute queued messages
  ---
  duration_ms: 47.864333
  type: 'test'
  ...
# Subtest: RuntimeStore6 migration preserves global scope and exact backup; corrupt ledger fails closed
ok 252 - RuntimeStore6 migration preserves global scope and exact backup; corrupt ledger fails closed
  ---
  duration_ms: 132.568459
  type: 'test'
  ...
# Subtest: child grant monotonically narrows; the reducer passes caller-supplied conflict strings through and refuses contradictory results for one execution ID
ok 253 - child grant monotonically narrows; the reducer passes caller-supplied conflict strings through and refuses contradictory results for one execution ID
  ---
  duration_ms: 1.613041
  type: 'test'
  ...
# Subtest: child tool boundary denies widening and completion remains undelivered/unaccepted
ok 254 - child tool boundary denies widening and completion remains undelivered/unaccepted
  ---
  duration_ms: 0.606041
  type: 'test'
  ...
# Subtest: cancel, timeout, late completion and mutated caller input cannot change child settlement or origin
ok 255 - cancel, timeout, late completion and mutated caller input cannot change child settlement or origin
  ---
  duration_ms: 6.300292
  type: 'test'
  ...
# Subtest: authenticated HTTP Thread/message entry reaches a real inbox without starting a model
ok 256 - authenticated HTTP Thread/message entry reaches a real inbox without starting a model
  ---
  duration_ms: 119.067042
  type: 'test'
  ...
# Subtest: a crash inside the enqueue write leaves no half message; the same key then sends exactly once
ok 257 - a crash inside the enqueue write leaves no half message; the same key then sends exactly once
  ---
  duration_ms: 222.3765
  type: 'test'
  ...
# Subtest: a crash inside the delivery write keeps the message queued; recovery then delivers it exactly once
ok 258 - a crash inside the delivery write keeps the message queued; recovery then delivers it exactly once
  ---
  duration_ms: 164.572083
  type: 'test'
  ...
# Subtest: clean restart after the outbox write completed recovers exactly one local delivery without a Run
ok 259 - clean restart after the outbox write completed recovers exactly one local delivery without a Run
  ---
  duration_ms: 799.881292
  type: 'test'
  ...
# Subtest: model messages require a real permission decision and cannot auto-run the recipient
ok 260 - model messages require a real permission decision and cannot auto-run the recipient
  ---
  duration_ms: 866.073458
  type: 'test'
  ...
# Subtest: global Attention crosses scope through the model tool, still spending exactly one exact-argument decision
ok 261 - global Attention crosses scope through the model tool, still spending exactly one exact-argument decision
  ---
  duration_ms: 911.5005
  type: 'test'
  ...
# Subtest: domain-bound Sessions receive no coordination tool at either composition site
ok 262 - domain-bound Sessions receive no coordination tool at either composition site
  ---
  duration_ms: 1088.481583
  type: 'test'
  ...
# Subtest: read-only tool metadata agrees with dispatch denial; project model directory excludes other scopes
ok 263 - read-only tool metadata agrees with dispatch denial; project model directory excludes other scopes
  ---
  duration_ms: 235.912458
  type: 'test'
  ...
# Subtest: schema7 effort survives upgrade; fixed old host refuses schema9 and restores only the separate original backup
ok 264 - schema7 effort survives upgrade; fixed old host refuses schema9 and restores only the separate original backup
  ---
  duration_ms: 306.418542
  type: 'test'
  ...
# Subtest: mailbox pagination preserves ordered identities and refuses duplicate or oversized queries
ok 265 - mailbox pagination preserves ordered identities and refuses duplicate or oversized queries
  ---
  duration_ms: 67.552125
  type: 'test'
  ...
# (node:38099) ExperimentalWarning: SQLite is an experimental feature and might change at any time
# (Use `node --trace-warnings ...` to show where the warning was created)
# Subtest: T-CRED-1: missing credential fails the run without touching HOME/.pi
ok 266 - T-CRED-1: missing credential fails the run without touching HOME/.pi
  ---
  duration_ms: 136.9645
  type: 'test'
  ...
# Subtest: T-CRED-2: a credential written via the API flows through and never leaks
ok 267 - T-CRED-2: a credential written via the API flows through and never leaks
  ---
  duration_ms: 156.631625
  type: 'test'
  ...
# Subtest: T-CRED-3: inherited DEEPSEEK_API_KEY is stripped at startup and logged
ok 268 - T-CRED-3: inherited DEEPSEEK_API_KEY is stripped at startup and logged
  ---
  duration_ms: 64.875666
  type: 'test'
  ...
# Subtest: T-CRED-4: PUT/DELETE credential during an active run is 409 and the run finishes on its own key
ok 269 - T-CRED-4: PUT/DELETE credential during an active run is 409 and the run finishes on its own key
  ---
  duration_ms: 725.571
  type: 'test'
  ...
# Subtest: T-CRED-5: a sentinel HOME auth.json and env var are never used as credentials
ok 270 - T-CRED-5: a sentinel HOME auth.json and env var are never used as credentials
  ---
  duration_ms: 496.371375
  type: 'test'
  ...
# Subtest: diffWords marks only the changed tokens and never leading indentation
ok 271 - diffWords marks only the changed tokens and never leading indentation
  ---
  duration_ms: 2.025916
  type: 'test'
  ...
# Subtest: diffModel: word segments only for exactly one removed + one added line
ok 272 - diffModel: word segments only for exactly one removed + one added line
  ---
  duration_ms: 0.599083
  type: 'test'
  ...
# Subtest: renderDiff keeps ± and line numbers as text and puts blocks only on new words
ok 273 - renderDiff keeps ± and line numbers as text and puts blocks only on new words
  ---
  duration_ms: 1.740916
  type: 'test'
  ...
# Subtest: renderDiff treats markup as text, renders the no-newline marker, and handles empty input
ok 274 - renderDiff treats markup as text, renders the no-newline marker, and handles empty input
  ---
  duration_ms: 0.707209
  type: 'test'
  ...
# Subtest: Settings preview and the static allowlist use the shared renderer and fixture
ok 275 - Settings preview and the static allowlist use the shared renderer and fixture
  ---
  duration_ms: 1.448625
  type: 'test'
  ...
# (node:38144) ExperimentalWarning: SQLite is an experimental feature and might change at any time
# (Use `node --trace-warnings ...` to show where the warning was created)
# Subtest: DRT02 DeepSeek: actual SDK stream, Deny/Approve, reasoning replay and reopened history
ok 276 - DRT02 DeepSeek: actual SDK stream, Deny/Approve, reasoning replay and reopened history
  ---
  duration_ms: 1520.233667
  type: 'test'
  ...
# Subtest: DRT02 DeepSeek error: explicit terminal state and no fallback
ok 277 - DRT02 DeepSeek error: explicit terminal state and no fallback
  ---
  duration_ms: 573.493708
  type: 'test'
  ...
# Subtest: DRT02 DeepSeek cancel: explicit terminal state and no fallback
ok 278 - DRT02 DeepSeek cancel: explicit terminal state and no fallback
  ---
  duration_ms: 82.602042
  type: 'test'
  ...
# Subtest: DRT02 DeepSeek missing-metadata: explicit terminal state and no fallback
ok 279 - DRT02 DeepSeek missing-metadata: explicit terminal state and no fallback
  ---
  duration_ms: 222.755709
  type: 'test'
  ...
# Subtest: DRT02 DeepSeek: provider alias reaches public request telemetry through the actual SDK
ok 280 - DRT02 DeepSeek: provider alias reaches public request telemetry through the actual SDK
  ---
  duration_ms: 194.9895
  type: 'test'
  ...
# (node:38258) ExperimentalWarning: SQLite is an experimental feature and might change at any time
# (Use `node --trace-warnings ...` to show where the warning was created)
# Subtest: T-DUR-1: a crash before the tool runs leaves no file, no artifact and no replay
ok 281 - T-DUR-1: a crash before the tool runs leaves no file, no artifact and no replay
  ---
  duration_ms: 1051.158167
  type: 'test'
  ...
# Subtest: T-DUR-2: a crash between the write and the record surfaces the file as unrecorded
ok 282 - T-DUR-2: a crash between the write and the record surfaces the file as unrecorded
  ---
  duration_ms: 1253.34125
  type: 'test'
  ...
# Subtest: T-DUR-3: a crash after the record is persisted keeps artifact and file in agreement
ok 283 - T-DUR-3: a crash after the record is persisted keeps artifact and file in agreement
  ---
  duration_ms: 1267.455834
  type: 'test'
  ...
# Subtest: T-DUR-4: a crash during a store write keeps the last complete state and discards the tmp
ok 284 - T-DUR-4: a crash during a store write keeps the last complete state and discards the tmp
  ---
  duration_ms: 1045.177709
  type: 'test'
  ...
# Subtest: a corrupt leftover tmp never affects the state that is loaded
ok 285 - a corrupt leftover tmp never affects the state that is loaded
  ---
  duration_ms: 89.326417
  type: 'test'
  ...
# Subtest: T-IDEM-5: replaying a commandId after a restart returns the original unknown run
ok 286 - T-IDEM-5: replaying a commandId after a restart returns the original unknown run
  ---
  duration_ms: 1589.287917
  type: 'test'
  ...
# Subtest: completed Run disclosure groups successful tools and exact allowed history in timeline order
ok 287 - completed Run disclosure groups successful tools and exact allowed history in timeline order
  ---
  duration_ms: 0.81025
  type: 'test'
  ...
# Subtest: incomplete, failed, pending, denied, malformed, and cross-call rows stay outside the summary
ok 288 - incomplete, failed, pending, denied, malformed, and cross-call rows stay outside the summary
  ---
  duration_ms: 0.612917
  type: 'test'
  ...
# Subtest: a completed Run with only errors or unfinished calls gets no empty summary
ok 289 - a completed Run with only errors or unfinished calls gets no empty summary
  ---
  duration_ms: 0.061
  type: 'test'
  ...
# Subtest: member IDs and disclosure state keys remain stable and surface-scoped
ok 290 - member IDs and disclosure state keys remain stable and surface-scoped
  ---
  duration_ms: 0.09625
  type: 'test'
  ...
# Subtest: file candidate identity, exact replay, immutable pages, closed admission and atomic acceptance
ok 291 - file candidate identity, exact replay, immutable pages, closed admission and atomic acceptance
  ---
  duration_ms: 102.664167
  type: 'test'
  ...
# Subtest: coverage is monotone; frozen candidate precedes later unknown input; semantic failures stay diagnostic
ok 292 - coverage is monotone; frozen candidate precedes later unknown input; semantic failures stay diagnostic
  ---
  duration_ms: 88.07025
  type: 'test'
  ...
# Subtest: failed deterministic checks cannot accept, and source membership changes invalidate file basis
ok 293 - failed deterministic checks cannot accept, and source membership changes invalidate file basis
  ---
  duration_ms: 86.490958
  type: 'test'
  ...
# Subtest: illegal provenance, encoding, count, path and byte limits reject without candidate side effects
ok 294 - illegal provenance, encoding, count, path and byte limits reject without candidate side effects
  ---
  duration_ms: 94.952041
  type: 'test'
  ...
# Subtest: SIGKILL file save and accept commit boundaries leave zero or one complete durable effect
ok 295 - SIGKILL file save and accept commit boundaries leave zero or one complete durable effect
  ---
  duration_ms: 1216.640417
  type: 'test'
  ...
# Subtest: metadata byte boundary, escaped wire envelope, file/path/count boundaries and empty files are exact
ok 296 - metadata byte boundary, escaped wire envelope, file/path/count boundaries and empty files are exact
  ---
  duration_ms: 147.641458
  type: 'test'
  ...
# Subtest: file diff binds only frozen base, uses linear replacement, preserves newlines and refuses oversized output
ok 297 - file diff binds only frozen base, uses linear replacement, preserves newlines and refuses oversized output
  ---
  duration_ms: 100.3055
  type: 'test'
  ...
# Subtest: corrupt bytes, manifest, column bindings and a verification record copied from another identity refuse reads and acceptance
ok 298 - corrupt bytes, manifest, column bindings and a verification record copied from another identity refuse reads and acceptance
  ---
  duration_ms: 1079.359
  type: 'test'
  ...
# Subtest: a changed trusted policy cannot accept an old PASS; empty evidence is diagnostic failed
ok 299 - a changed trusted policy cannot accept an old PASS; empty evidence is diagnostic failed
  ---
  duration_ms: 225.639375
  type: 'test'
  ...
# Subtest: unknown file schema exposes scoped bounded metadata but cannot decode or accept
ok 300 - unknown file schema exposes scoped bounded metadata but cannot decode or accept
  ---
  duration_ms: 228.021333
  type: 'test'
  ...
# Subtest: verification outcome corruption is refused and acceptance rechecks required evidence
ok 301 - verification outcome corruption is refused and acceptance rechecks required evidence
  ---
  duration_ms: 191.207125
  type: 'test'
  ...
# Subtest: file runs require a concrete Session identity at the private bridge boundary
ok 302 - file runs require a concrete Session identity at the private bridge boundary
  ---
  duration_ms: 83.980292
  type: 'test'
  ...
# (node:38794) ExperimentalWarning: SQLite is an experimental feature and might change at any time
# (Use `node --trace-warnings ...` to show where the warning was created)
# Subtest: real service/Pi recorded write, permission CAS, save, human accept, deletion and producer-absent exact reads
ok 303 - real service/Pi recorded write, permission CAS, save, human accept, deletion and producer-absent exact reads
  ---
  duration_ms: 1606.681958
  type: 'test'
  ...
# Subtest: extra workspace reads and continued history yield unknown; an unrecorded selector never imports
ok 304 - extra workspace reads and continued history yield unknown; an unrecorded selector never imports
  ---
  duration_ms: 1035.004709
  type: 'test'
  ...
# Subtest: actual list/grep/ask/load inputs, continued history and compaction-enabled admission remain unknown
ok 305 - actual list/grep/ask/load inputs, continued history and compaction-enabled admission remain unknown
  ---
  duration_ms: 3471.23575
  type: 'test'
  ...
# Subtest: steering, failed coverage persistence, and Stop racing immutable capture cannot publish a complete candidate
ok 306 - steering, failed coverage persistence, and Stop racing immutable capture cannot publish a complete candidate
  ---
  duration_ms: 1716.250292
  type: 'test'
  ...
# Subtest: missing or corrupt history rejects recorded import even though current workspace bytes still exist
ok 307 - missing or corrupt history rejects recorded import even though current workspace bytes still exist
  ---
  duration_ms: 874.496542
  type: 'test'
  ...
# Subtest: a real loopback MCP tool executes only after its extra-input marker is durable
ok 308 - a real loopback MCP tool executes only after its extra-input marker is durable
  ---
  duration_ms: 1001.139875
  type: 'test'
  ...
# Subtest: SIGKILL after history or rename leaves an orphan version that no later Run may import
ok 309 - SIGKILL after history or rename leaves an orphan version that no later Run may import
  ---
  duration_ms: 3966.997375
  type: 'test'
  ...
# (node:38885) ExperimentalWarning: SQLite is an experimental feature and might change at any time
# (Use `node --trace-warnings ...` to show where the warning was created)
# Subtest: Inbound NDA reaches loopback with declared reasoning while Work metadata stays fixed
ok 310 - Inbound NDA reaches loopback with declared reasoning while Work metadata stays fixed
  ---
  duration_ms: 562.62175
  type: 'test'
  ...
# (node:39468) ExperimentalWarning: SQLite is an experimental feature and might change at any time
# (Use `node --trace-warnings ...` to show where the warning was created)
# Subtest: extension restart: loaded binding continues; invalidation and unload keep their generations
ok 311 - extension restart: loaded binding continues; invalidation and unload keep their generations
  ---
  duration_ms: 1327.956917
  type: 'test'
  ...
# Subtest: extension restart: changed version requires reload; empty composition preserves dormant records
ok 312 - extension restart: changed version requires reload; empty composition preserves dormant records
  ---
  duration_ms: 274.84925
  type: 'test'
  ...
# (node:39636) ExperimentalWarning: SQLite is an experimental feature and might change at any time
# (Use `node --trace-warnings ...` to show where the warning was created)
# Subtest: T-EXT-1: se_read_source succeeds through service.createRun on AgentSession
ok 313 - T-EXT-1: se_read_source succeeds through service.createRun on AgentSession
  ---
  duration_ms: 589.273834
  type: 'test'
  ...
# Subtest: T-EXT-2: se_submit_candidate goes through once and Core rejects the late call
ok 314 - T-EXT-2: se_submit_candidate goes through once and Core rejects the late call
  ---
  duration_ms: 383.327208
  type: 'test'
  ...
# Subtest: governance: policy is separate from Matter, exact replay cannot resurrect revoked disclosure
ok 315 - governance: policy is separate from Matter, exact replay cannot resurrect revoked disclosure
  ---
  duration_ms: 107.419708
  type: 'test'
  ...
# Subtest: governance: scope and registry-only grant hide bodies, hashes, counts and unknown schemas
ok 316 - governance: scope and registry-only grant hide bodies, hashes, counts and unknown schemas
  ---
  duration_ms: 205.796583
  type: 'test'
  ...
# Subtest: governance: pagination binds visible collection; source updates require rediscovery while policy remains valid
ok 317 - governance: pagination binds visible collection; source updates require rediscovery while policy remains valid
  ---
  duration_ms: 104.240875
  type: 'test'
  ...
# Subtest: governance: registry and Attention source links do not grant target Matter access
ok 318 - governance: registry and Attention source links do not grant target Matter access
  ---
  duration_ms: 87.174834
  type: 'test'
  ...
# Subtest: governance: accepted Artifact is exact, bounded and distinct from pending candidates
ok 319 - governance: accepted Artifact is exact, bounded and distinct from pending candidates
  ---
  duration_ms: 97.2855
  type: 'test'
  ...
# Subtest: governance: unsupported schema, malformed envelopes and hidden queries fail closed
ok 320 - governance: unsupported schema, malformed envelopes and hidden queries fail closed
  ---
  duration_ms: 86.695625
  type: 'test'
  ...
# Subtest: governance: corrupt bytes and missing policy provenance are refused without repair
ok 321 - governance: corrupt bytes and missing policy provenance are refused without repair
  ---
  duration_ms: 376.275167
  type: 'test'
  ...
# Subtest: governance: file Artifact delegates to exact immutable manifest/content reader
ok 322 - governance: file Artifact delegates to exact immutable manifest/content reader
  ---
  duration_ms: 91.453083
  type: 'test'
  ...
# Subtest: governance: unknown Matter contract is discoverable metadata but cannot be decoded
ok 323 - governance: unknown Matter contract is discoverable metadata but cannot be decoded
  ---
  duration_ms: 86.056458
  type: 'test'
  ...
# Subtest: governance: non-object or corrupted policy provenance has uniform runtime absence and structured human refusal
ok 324 - governance: non-object or corrupted policy provenance has uniform runtime absence and structured human refusal
  ---
  duration_ms: 359.328875
  type: 'test'
  ...
# Subtest: governance: oversized content cannot prevent human policy-only revocation
ok 325 - governance: oversized content cannot prevent human policy-only revocation
  ---
  duration_ms: 82.757084
  type: 'test'
  ...
# (node:40368) ExperimentalWarning: SQLite is an experimental feature and might change at any time
# (Use `node --trace-warnings ...` to show where the warning was created)
# Subtest: governance authenticated HTTP rejects identity injection and cross-project refs, grants are human-only
ok 326 - governance authenticated HTTP rejects identity injection and cross-project refs, grants are human-only
  ---
  duration_ms: 226.349459
  type: 'test'
  ...
# Subtest: global Pi tools discover, inspect and read exact governed evidence; project catalogs cannot install them
ok 327 - global Pi tools discover, inspect and read exact governed evidence; project catalogs cannot install them
  ---
  duration_ms: 1798.031042
  type: 'test'
  ...
# Subtest: runtime adapter rejects mismatched/closed host Runs and a change while Core read is pending
ok 328 - runtime adapter rejects mismatched/closed host Runs and a change while Core read is pending
  ---
  duration_ms: 655.480625
  type: 'test'
  ...
# Subtest: governance policy SIGKILL before_commit preserves zero/one complete effect
ok 329 - governance policy SIGKILL before_commit preserves zero/one complete effect
  ---
  duration_ms: 282.201
  type: 'test'
  ...
# Subtest: governance policy SIGKILL after_commit_before_ack preserves zero/one complete effect
ok 330 - governance policy SIGKILL after_commit_before_ack preserves zero/one complete effect
  ---
  duration_ms: 268.206459
  type: 'test'
  ...
# Subtest: Core3/app4 migrates atomically with an exclusive original backup; fixed old host refuses new DB and reads separate backup
ok 331 - Core3/app4 migrates atomically with an exclusive original backup; fixed old host refuses new DB and reads separate backup
  ---
  duration_ms: 502.185125
  type: 'test'
  ...
# Subtest: migration refuses existing or symlink backup, malformed owned schema, and partial new tables without modifying old bytes
ok 332 - migration refuses existing or symlink backup, malformed owned schema, and partial new tables without modifying old bytes
  ---
  duration_ms: 729.68275
  type: 'test'
  ...
# Subtest: governance migration SIGKILL governance_migration_before_commit keeps schema markers and tables together
ok 333 - governance migration SIGKILL governance_migration_before_commit keeps schema markers and tables together
  ---
  duration_ms: 350.507292
  type: 'test'
  ...
# Subtest: governance migration SIGKILL governance_migration_after_commit keeps schema markers and tables together
ok 334 - governance migration SIGKILL governance_migration_after_commit keeps schema markers and tables together
  ---
  duration_ms: 345.59475
  type: 'test'
  ...
# Subtest: disclosure expiry is checked at query time with a deterministic future clock
ok 335 - disclosure expiry is checked at query time with a deterministic future clock
  ---
  duration_ms: 195.681125
  type: 'test'
  ...
# Subtest: worker preserves regex matches, line numbers and Unicode
ok 336 - worker preserves regex matches, line numbers and Unicode
  ---
  duration_ms: 25.179125
  type: 'test'
  ...
# Subtest: pathological regex times out while the service event loop stays responsive
ok 337 - pathological regex times out while the service event loop stays responsive
  ---
  duration_ms: 2004.337041
  type: 'test'
  ...
# Subtest: abort terminates pathological matching before its worker timeout
ok 338 - abort terminates pathological matching before its worker timeout
  ---
  duration_ms: 153.336584
  type: 'test'
  ...
# Subtest: already aborted search cannot start matching
ok 339 - already aborted search cannot start matching
  ---
  duration_ms: 1.435334
  type: 'test'
  ...
# Subtest: Home Activity rejects malformed dates, totals, and requested periods
ok 340 - Home Activity rejects malformed dates, totals, and requested periods
  ---
  duration_ms: 1.789042
  type: 'test'
  ...
# Subtest: Home Attention rejects invalid identity, revision, and pagination packets
ok 341 - Home Attention rejects invalid identity, revision, and pagination packets
  ---
  duration_ms: 0.843125
  type: 'test'
  ...
# Subtest: Home Attention detail accepts only the display contract
ok 342 - Home Attention detail accepts only the display contract
  ---
  duration_ms: 0.195417
  type: 'test'
  ...
# Subtest: standalone Attention ignores an older project query after a newer open
ok 343 - standalone Attention ignores an older project query after a newer open
  ---
  duration_ms: 15.764834
  type: 'test'
  ...
# Subtest: standalone Attention ignores a stale detail after project selection changes
ok 344 - standalone Attention ignores a stale detail after project selection changes
  ---
  duration_ms: 2.21225
  type: 'test'
  ...
# Subtest: Attention registry opens the global agent explicitly without a model request
ok 345 - Attention registry opens the global agent explicitly without a model request
  ---
  duration_ms: 0.599125
  type: 'test'
  ...
# Subtest: Back to items clears a pending detail and rejects its late response
ok 346 - Back to items clears a pending detail and rejects its late response
  ---
  duration_ms: 1.3845
  type: 'test'
  ...
# Subtest: Review belongs only to needs_you across Home and Attention states
ok 347 - Review belongs only to needs_you across Home and Attention states
  ---
  duration_ms: 1.3925
  type: 'test'
  ...
# Subtest: text-only pending and failed Home rows render and retain their exact navigation scope
ok 348 - text-only pending and failed Home rows render and retain their exact navigation scope
  ---
  duration_ms: 0.767584
  type: 'test'
  ...
# Subtest: Home retains native targets for unchanged projections and uses current callbacks
ok 349 - Home retains native targets for unchanged projections and uses current callbacks
  ---
  duration_ms: 0.539875
  type: 'test'
  ...
# Subtest: Home immediately renders changed facts, removed targets, filters, and errors
ok 350 - Home immediately renders changed facts, removed targets, filters, and errors
  ---
  duration_ms: 0.695333
  type: 'test'
  ...
# Subtest: Home remounts after the shared stream was used by a chat
ok 351 - Home remounts after the shared stream was used by a chat
  ---
  duration_ms: 0.261458
  type: 'test'
  ...
# Subtest: P01 installed SDK modern aggregates pages
ok 352 - P01 installed SDK modern aggregates pages
  ---
  duration_ms: 52.6265
  type: 'test'
  ...
# Subtest: P01 installed SDK modern aggregates empty
ok 353 - P01 installed SDK modern aggregates empty
  ---
  duration_ms: 16.893083
  type: 'test'
  ...
# Subtest: P01 modern rejects incomplete failure atomically
ok 354 - P01 modern rejects incomplete failure atomically
  ---
  duration_ms: 6.934333
  type: 'test'
  ...
# Subtest: P01 modern rejects incomplete cycle atomically
ok 355 - P01 modern rejects incomplete cycle atomically
  ---
  duration_ms: 8.475166
  type: 'test'
  ...
# Subtest: P01 modern rejects incomplete empty-cycle atomically
ok 356 - P01 modern rejects incomplete empty-cycle atomically
  ---
  duration_ms: 4.72375
  type: 'test'
  ...
# Subtest: P01 modern rejects incomplete duplicate atomically
ok 357 - P01 modern rejects incomplete duplicate atomically
  ---
  duration_ms: 4.474208
  type: 'test'
  ...
# Subtest: P01 modern rejects incomplete cross-page-duplicate atomically
ok 358 - P01 modern rejects incomplete cross-page-duplicate atomically
  ---
  duration_ms: 5.235375
  type: 'test'
  ...
# Subtest: P01 modern rejects incomplete count atomically
ok 359 - P01 modern rejects incomplete count atomically
  ---
  duration_ms: 3.408625
  type: 'test'
  ...
# Subtest: P01 modern rejects incomplete bytes atomically
ok 360 - P01 modern rejects incomplete bytes atomically
  ---
  duration_ms: 8.680416
  type: 'test'
  ...
# Subtest: P01 modern rejects incomplete page-limit atomically
ok 361 - P01 modern rejects incomplete page-limit atomically
  ---
  duration_ms: 94.953125
  type: 'test'
  ...
# Subtest: P01 installed SDK legacy aggregates pages
ok 362 - P01 installed SDK legacy aggregates pages
  ---
  duration_ms: 13.470166
  type: 'test'
  ...
# Subtest: P01 installed SDK legacy aggregates empty
ok 363 - P01 installed SDK legacy aggregates empty
  ---
  duration_ms: 6.651125
  type: 'test'
  ...
# Subtest: P01 legacy rejects incomplete failure atomically
ok 364 - P01 legacy rejects incomplete failure atomically
  ---
  duration_ms: 4.206125
  type: 'test'
  ...
# Subtest: P01 legacy rejects incomplete cycle atomically
ok 365 - P01 legacy rejects incomplete cycle atomically
  ---
  duration_ms: 8.514042
  type: 'test'
  ...
# Subtest: P01 legacy rejects incomplete empty-cycle atomically
ok 366 - P01 legacy rejects incomplete empty-cycle atomically
  ---
  duration_ms: 4.685625
  type: 'test'
  ...
# Subtest: P01 legacy rejects incomplete duplicate atomically
ok 367 - P01 legacy rejects incomplete duplicate atomically
  ---
  duration_ms: 2.866542
  type: 'test'
  ...
# Subtest: P01 legacy rejects incomplete cross-page-duplicate atomically
ok 368 - P01 legacy rejects incomplete cross-page-duplicate atomically
  ---
  duration_ms: 4.099375
  type: 'test'
  ...
# Subtest: P01 legacy rejects incomplete count atomically
ok 369 - P01 legacy rejects incomplete count atomically
  ---
  duration_ms: 3.982709
  type: 'test'
  ...
# Subtest: P01 legacy rejects incomplete bytes atomically
ok 370 - P01 legacy rejects incomplete bytes atomically
  ---
  duration_ms: 5.523792
  type: 'test'
  ...
# Subtest: P01 legacy rejects incomplete page-limit atomically
ok 371 - P01 legacy rejects incomplete page-limit atomically
  ---
  duration_ms: 77.757625
  type: 'test'
  ...
# Subtest: P01 concurrent connects expose only the latest requested connection
ok 372 - P01 concurrent connects expose only the latest requested connection
  ---
  duration_ms: 9.672375
  type: 'test'
  ...
# Subtest: P01 disconnect while discovery waits cannot publish a late catalog
ok 373 - P01 disconnect while discovery waits cannot publish a late catalog
  ---
  duration_ms: 3.53725
  type: 'test'
  ...
# Subtest: P01 transport error invalidates callability until explicit reconnect
ok 374 - P01 transport error invalidates callability until explicit reconnect
  ---
  duration_ms: 9.665375
  type: 'test'
  ...
# (node:42787) ExperimentalWarning: SQLite is an experimental feature and might change at any time
# (Use `node --trace-warnings ...` to show where the warning was created)
# Subtest: P02 reported: effect is unknown, fenced and preserved across restart
ok 375 - P02 reported: effect is unknown, fenced and preserved across restart
  ---
  duration_ms: 653.784542
  type: 'test'
  ...
# Subtest: P02 drop: effect is unknown, fenced and preserved across restart
ok 376 - P02 drop: effect is unknown, fenced and preserved across restart
  ---
  duration_ms: 781.507625
  type: 'test'
  ...
# Subtest: P02 receipt-failure: effect is unknown, fenced and preserved across restart
ok 377 - P02 receipt-failure: effect is unknown, fenced and preserved across restart
  ---
  duration_ms: 715.78175
  type: 'test'
  ...
# Subtest: P02 cancel: effect is unknown, fenced and preserved across restart
ok 378 - P02 cancel: effect is unknown, fenced and preserved across restart
  ---
  duration_ms: 288.409875
  type: 'test'
  ...
# Subtest: P02 restart-inflight: effect is unknown, fenced and preserved across restart
ok 379 - P02 restart-inflight: effect is unknown, fenced and preserved across restart
  ---
  duration_ms: 722.735667
  type: 'test'
  ...
# Subtest: P02 orphan-cancel: effect is unknown, fenced and preserved across restart
ok 380 - P02 orphan-cancel: effect is unknown, fenced and preserved across restart
  ---
  duration_ms: 494.369
  type: 'test'
  ...
# Subtest: P02 pre-dispatch refusal has no effect and no unknown receipt
ok 381 - P02 pre-dispatch refusal has no effect and no unknown receipt
  ---
  duration_ms: 5.124625
  type: 'test'
  ...
# Subtest: P02 SIGKILL after remote effect before result leaves a durable unreconciled dispatch
ok 382 - P02 SIGKILL after remote effect before result leaves a durable unreconciled dispatch
  ---
  duration_ms: 1370.3015
  type: 'test'
  ...
# Subtest: P02 failed durable dispatch intent prevents the remote call
ok 383 - P02 failed durable dispatch intent prevents the remote call
  ---
  duration_ms: 3.947125
  type: 'test'
  ...
# (node:43011) ExperimentalWarning: SQLite is an experimental feature and might change at any time
# (Use `node --trace-warnings ...` to show where the warning was created)
# Subtest: P02b actual modern SDK preserves structured {"answer":42}
ok 384 - P02b actual modern SDK preserves structured {"answer":42}
  ---
  duration_ms: 37.867834
  type: 'test'
  ...
# Subtest: P02b actual modern SDK preserves structured [1,"two"]
ok 385 - P02b actual modern SDK preserves structured [1,"two"]
  ---
  duration_ms: 9.617
  type: 'test'
  ...
# Subtest: P02b actual modern SDK preserves structured null
ok 386 - P02b actual modern SDK preserves structured null
  ---
  duration_ms: 6.890792
  type: 'test'
  ...
# Subtest: P02b actual modern SDK preserves structured false
ok 387 - P02b actual modern SDK preserves structured false
  ---
  duration_ms: 4.9475
  type: 'test'
  ...
# Subtest: P02b actual modern SDK preserves structured 0
ok 388 - P02b actual modern SDK preserves structured 0
  ---
  duration_ms: 4.676875
  type: 'test'
  ...
# Subtest: P02b actual modern SDK preserves structured "scalar"
ok 389 - P02b actual modern SDK preserves structured "scalar"
  ---
  duration_ms: 5.526125
  type: 'test'
  ...
# Subtest: P02b actual legacy SDK preserves body plus supported structure
ok 390 - P02b actual legacy SDK preserves body plus supported structure
  ---
  duration_ms: 16.521917
  type: 'test'
  ...
# Subtest: P02b structured-only and non-rendered resource blocks stay explicit
ok 391 - P02b structured-only and non-rendered resource blocks stay explicit
  ---
  duration_ms: 9.265
  type: 'test'
  ...
# Subtest: P02b invalid/oversized result fences uncertainty without raw dumping
ok 392 - P02b invalid/oversized result fences uncertainty without raw dumping
  ---
  duration_ms: 14.590333
  type: 'test'
  ...
# Subtest: P02b success: native projection and scoped full result survive restart
ok 393 - P02b success: native projection and scoped full result survive restart
  ---
  duration_ms: 1128.955291
  type: 'test'
  ...
# Subtest: P02b error: native projection and scoped full result survive restart
ok 394 - P02b error: native projection and scoped full result survive restart
  ---
  duration_ms: 1012.895833
  type: 'test'
  ...
# Subtest: P02b installed SDK output schema rejection is effect-unknown
ok 395 - P02b installed SDK output schema rejection is effect-unknown
  ---
  duration_ms: 11.731625
  type: 'test'
  ...
# Subtest: P02b failed result retention cannot become a successful empty result
ok 396 - P02b failed result retention cannot become a successful empty result
  ---
  duration_ms: 3.128416
  type: 'test'
  ...
# Subtest: P02b repeated native call IDs receive distinct Host dispatch identities
ok 397 - P02b repeated native call IDs receive distinct Host dispatch identities
  ---
  duration_ms: 3.144667
  type: 'test'
  ...
# (node:44311) ExperimentalWarning: SQLite is an experimental feature and might change at any time
# (Use `node --trace-warnings ...` to show where the warning was created)
# Subtest: T-IDEM-1: replaying the same commandId with the same input returns the same run
ok 398 - T-IDEM-1: replaying the same commandId with the same input returns the same run
  ---
  duration_ms: 456.678
  type: 'test'
  ...
# Subtest: T-IDEM-2: replaying the same commandId with a different input is 409 command_conflict
ok 399 - T-IDEM-2: replaying the same commandId with a different input is 409 command_conflict
  ---
  duration_ms: 82.992583
  type: 'test'
  ...
# Subtest: T-IDEM-3: two concurrent creates with the same commandId produce exactly one run
ok 400 - T-IDEM-3: two concurrent creates with the same commandId produce exactly one run
  ---
  duration_ms: 75.325709
  type: 'test'
  ...
# Subtest: T-IDEM-4: a lost response then a resend returns the same run and executes once
ok 401 - T-IDEM-4: a lost response then a resend returns the same run and executes once
  ---
  duration_ms: 77.750708
  type: 'test'
  ...
# Subtest: T-IDEM-6: the same commandId in another session is a different command
ok 402 - T-IDEM-6: the same commandId in another session is a different command
  ---
  duration_ms: 759.704916
  type: 'test'
  ...
# Subtest: C4: unloaded extension preserves old receipts but still blocks new work
ok 403 - C4: unloaded extension preserves old receipts but still blocks new work
  ---
  duration_ms: 661.129792
  type: 'test'
  ...
# Subtest: Inspector separates recorded/current targets and folds version/cache details without losing unknown accounting
ok 404 - Inspector separates recorded/current targets and folds version/cache details without losing unknown accounting
  ---
  duration_ms: 16.307208
  type: 'test'
  ...
# Subtest: Inspector tool activity reuses thread projection and never turns an unfinished tool into success
ok 405 - Inspector tool activity reuses thread projection and never turns an unfinished tool into success
  ---
  duration_ms: 0.570125
  type: 'test'
  ...
# Subtest: file quotes work on initial and cached views, while replaced targets invalidate old buttons
ok 406 - file quotes work on initial and cached views, while replaced targets invalidate old buttons
  ---
  duration_ms: 2.451667
  type: 'test'
  ...
# (node:44732) ExperimentalWarning: SQLite is an experimental feature and might change at any time
# (Use `node --trace-warnings ...` to show where the warning was created)
# Subtest: Pinned jsdiff adapter preserves original lines, whitespace, Unicode and missing final newline
ok 407 - Pinned jsdiff adapter preserves original lines, whitespace, Unicode and missing final newline
  ---
  duration_ms: 1.069292
  type: 'test'
  ...
# Subtest: Comparison returns explicit limited state instead of partial diff or expensive word allocation
ok 408 - Comparison returns explicit limited state instead of partial diff or expensive word allocation
  ---
  duration_ms: 1.54375
  type: 'test'
  ...
# Subtest: HTTP comparison requires two exact versions in one session and makes no adoption or revision change
ok 409 - HTTP comparison requires two exact versions in one session and makes no adoption or revision change
  ---
  duration_ms: 108.815791
  type: 'test'
  ...
# (node:44766) ExperimentalWarning: SQLite is an experimental feature and might change at any time
# (Use `node --trace-warnings ...` to show where the warning was created)
# Subtest: Session deletion serializes after a queued upload; delete-first rejects upload
ok 410 - Session deletion serializes after a queued upload; delete-first rejects upload
  ---
  duration_ms: 109.220917
  type: 'test'
  ...
# Subtest: shutdown waits for accepted intake writes and rejects new material uploads
ok 411 - shutdown waits for accepted intake writes and rejects new material uploads
  ---
  duration_ms: 75.266083
  type: 'test'
  ...
# Subtest: retained uploads stay separate, fetch versions on disclosure, and return focus to the exact row
ok 412 - retained uploads stay separate, fetch versions on disclosure, and return focus to the exact row
  ---
  duration_ms: 23.429083
  type: 'test'
  ...
# Subtest: comparison requires two explicit retained revisions and renders the exact server diff
ok 413 - comparison requires two explicit retained revisions and renders the exact server diff
  ---
  duration_ms: 20.073125
  type: 'test'
  ...
# Subtest: limited source comparisons show the reason without partial diff, and failed comparisons can retry
ok 414 - limited source comparisons show the reason without partial diff, and failed comparisons can retry
  ---
  duration_ms: 25.991333
  type: 'test'
  ...
# Subtest: file upload preserves BOM and CRLF bytes through a same-command retry
ok 415 - file upload preserves BOM and CRLF bytes through a same-command retry
  ---
  duration_ms: 25.484208
  type: 'test'
  ...
# Subtest: a rejected file read from an old session cannot write an error into the new session
ok 416 - a rejected file read from an old session cannot write an error into the new session
  ---
  duration_ms: 6.681375
  type: 'test'
  ...
# Subtest: explicit retained refresh restores only its own focused button
ok 417 - explicit retained refresh restores only its own focused button
  ---
  duration_ms: 7.0055
  type: 'test'
  ...
# Subtest: 503 preserves the exact draft and command for retry; editing the draft gets a new command
ok 418 - 503 preserves the exact draft and command for retry; editing the draft gets a new command
  ---
  duration_ms: 24.401084
  type: 'test'
  ...
# Subtest: 409 refresh requires opening the changed version before a new replacement is submitted
ok 419 - 409 refresh requires opening the changed version before a new replacement is submitted
  ---
  duration_ms: 17.679041
  type: 'test'
  ...
# Subtest: Inspector opens retained UTF-8 at an exact revision and validates full text identity
ok 420 - Inspector opens retained UTF-8 at an exact revision and validates full text identity
  ---
  duration_ms: 10.3525
  type: 'test'
  ...
# (node:44768) ExperimentalWarning: SQLite is an experimental feature and might change at any time
# (Use `node --trace-warnings ...` to show where the warning was created)
# Subtest: Intake retains UTF-8 r1/r2 and independent session identity; same bytes do not merge scopes
ok 421 - Intake retains UTF-8 r1/r2 and independent session identity; same bytes do not merge scopes
  ---
  duration_ms: 9.45925
  type: 'test'
  ...
# Subtest: Intake command payload conflicts, CAS and delayed pending delivery cannot rewrite later revisions
ok 422 - Intake command payload conflicts, CAS and delayed pending delivery cannot rewrite later revisions
  ---
  duration_ms: 4.883333
  type: 'test'
  ...
# Subtest: Intake exact reads reject mismatched hashes and corrupt bytes, including duplicate upload reuse
ok 423 - Intake exact reads reject mismatched hashes and corrupt bytes, including duplicate upload reuse
  ---
  duration_ms: 5.5565
  type: 'test'
  ...
# Subtest: Intake restarts with pending receipt and rejects unknown schema without rewriting it
ok 424 - Intake restarts with pending receipt and rejects unknown schema without rewriting it
  ---
  duration_ms: 4.05525
  type: 'test'
  ...
# Subtest: Intake will not follow a sidecar database symlink
ok 425 - Intake will not follow a sidecar database symlink
  ---
  duration_ms: 1.880833
  type: 'test'
  ...
# Subtest: HTTP uploads retain exact versions across workspace edits and restart; deleted session cannot disclose
ok 426 - HTTP uploads retain exact versions across workspace edits and restart; deleted session cannot disclose
  ---
  duration_ms: 182.663875
  type: 'test'
  ...
# Subtest: HTTP simultaneous CAS uploads admit one source revision and leave the losing text out of workspace
ok 427 - HTTP simultaneous CAS uploads admit one source revision and leave the losing text out of workspace
  ---
  duration_ms: 66.804542
  type: 'test'
  ...
# Subtest: Upload delivery failure leaves readable bytes; same command recovers and superseded pending never overwrites
ok 428 - Upload delivery failure leaves readable bytes; same command recovers and superseded pending never overwrites
  ---
  duration_ms: 74.007833
  type: 'test'
  ...
# (node:44789) ExperimentalWarning: SQLite is an experimental feature and might change at any time
# (Use `node --trace-warnings ...` to show where the warning was created)
# Subtest: T-CANCEL-1: cancel during tool execution leaves no partial file
ok 429 - T-CANCEL-1: cancel during tool execution leaves no partial file
  ---
  duration_ms: 126.456917
  type: 'test'
  ...
# Subtest: cancelling a run with no pending question also ends cancelled
ok 430 - cancelling a run with no pending question also ends cancelled
  ---
  duration_ms: 465.761875
  type: 'test'
  ...
# startup: reconciled workspace of session 79021f54-6d08-42a6-b465-6c8bd56e4d3d after an interrupted run; 0 file(s) are not covered by a recorded content version
# Subtest: T-RESTART-1: restart during waiting_user yields unknown/expired_restart and the host session continues
ok 431 - T-RESTART-1: restart during waiting_user yields unknown/expired_restart and the host session continues
  ---
  duration_ms: 1464.881208
  type: 'test'
  ...
# Subtest: T-USAGE-1: a completed run records non-zero usage with missing:false
ok 432 - T-USAGE-1: a completed run records non-zero usage with missing:false
  ---
  duration_ms: 562.404709
  type: 'test'
  ...
# Subtest: T-USAGE-2: cancelling in the second turn keeps the first turn's usage and marks missing
ok 433 - T-USAGE-2: cancelling in the second turn keeps the first turn's usage and marks missing
  ---
  duration_ms: 1031.768042
  type: 'test'
  ...
# Subtest: T-USAGE-3: a provider error after a good turn fails the run without erasing usage
ok 434 - T-USAGE-3: a provider error after a good turn fails the run without erasing usage
  ---
  duration_ms: 14407.299833
  type: 'test'
  ...
# Subtest: T-BUDGET-1: waiting_user time is excluded from the execution deadline
ok 435 - T-BUDGET-1: waiting_user time is excluded from the execution deadline
  ---
  duration_ms: 1497.633125
  type: 'test'
  ...
# Subtest: T-USAGE-4: a retried provider call is surfaced as a notice and counted once
ok 436 - T-USAGE-4: a retried provider call is surfaced as a notice and counted once
  ---
  duration_ms: 2593.915958
  type: 'test'
  ...
# Subtest: T-USAGE-5: a long waiting_user then an answer completes with whole usage and no budget trip
ok 437 - T-USAGE-5: a long waiting_user then an answer completes with whole usage and no budget trip
  ---
  duration_ms: 2907.038917
  type: 'test'
  ...
# (node:44830) ExperimentalWarning: SQLite is an experimental feature and might change at any time
# (Use `node --trace-warnings ...` to show where the warning was created)
# Subtest: real HTTP candidate pages preserve Markdown bytes, and wrong Matter scope is refused
ok 438 - real HTTP candidate pages preserve Markdown bytes, and wrong Matter scope is refused
  ---
  duration_ms: 578.171
  type: 'test'
  ...
# Subtest: accepted Artifact pages remain exact after producer deletion and extension unload
ok 439 - accepted Artifact pages remain exact after producer deletion and extension unload
  ---
  duration_ms: 587.740459
  type: 'test'
  ...
# Subtest: independent SHA-256 and code-point helpers agree with the browser source contract
ok 440 - independent SHA-256 and code-point helpers agree with the browser source contract
  ---
  duration_ms: 3.891166
  type: 'test'
  ...
# Subtest: readCoreManifest returns verified file refs and sends a bounded candidate query
ok 441 - readCoreManifest returns verified file refs and sends a bounded candidate query
  ---
  duration_ms: 0.626417
  type: 'test'
  ...
# Subtest: readCoreManifest uses the explicit Artifact selector and preserves its identity
ok 442 - readCoreManifest uses the explicit Artifact selector and preserves its identity
  ---
  duration_ms: 0.167584
  type: 'test'
  ...
# Subtest: readCoreManifest rejects wrong identities, holes, duplicate paths and unsupported pages
ok 443 - readCoreManifest rejects wrong identities, holes, duplicate paths and unsupported pages
  ---
  duration_ms: 0.509875
  type: 'test'
  ...
# Subtest: readCoreFile assembles pages using server code-point cursors and an independent final hash
ok 444 - readCoreFile assembles pages using server code-point cursors and an independent final hash
  ---
  duration_ms: 1.322208
  type: 'test'
  ...
# Subtest: readCoreFile accepts an exact empty terminal page
ok 445 - readCoreFile accepts an exact empty terminal page
  ---
  duration_ms: 0.362292
  type: 'test'
  ...
# Subtest: readCoreFile rejects wrong IDs, hash swaps, path swaps and pagination holes
ok 446 - readCoreFile rejects wrong IDs, hash swaps, path swaps and pagination holes
  ---
  duration_ms: 0.705833
  type: 'test'
  ...
# Subtest: readCoreFile rejects a continuation replay or changed duplicate page
ok 447 - readCoreFile rejects a continuation replay or changed duplicate page
  ---
  duration_ms: 0.135416
  type: 'test'
  ...
# Subtest: readCoreFile rejects a changed identity on any page and a wrong final digest
ok 448 - readCoreFile rejects a changed identity on any page and a wrong final digest
  ---
  duration_ms: 0.707333
  type: 'test'
  ...
# Subtest: readCoreFile aborts before and after a delayed page, without returning partial source
ok 449 - readCoreFile aborts before and after a delayed page, without returning partial source
  ---
  duration_ms: 0.38825
  type: 'test'
  ...
# Subtest: coreFileSubjects exposes only supported, scoped Core file refs
ok 450 - coreFileSubjects exposes only supported, scoped Core file refs
  ---
  duration_ms: 0.167917
  type: 'test'
  ...
# Subtest: projectMarkdown preserves BOM, CRLF, combining marks, duplicate block ranges and safe semantic nodes
ok 451 - projectMarkdown preserves BOM, CRLF, combining marks, duplicate block ranges and safe semantic nodes
  ---
  duration_ms: 9.558834
  type: 'test'
  ...
# Subtest: projectMarkdown parses complete definitions, keeps unsafe links inert, and emits bounded warnings
ok 452 - projectMarkdown parses complete definitions, keeps unsafe links inert, and emits bounded warnings
  ---
  duration_ms: 2.554375
  type: 'test'
  ...
# Subtest: projectMarkdown refuses malformed identity, source text, and size
ok 453 - projectMarkdown refuses malformed identity, source text, and size
  ---
  duration_ms: 0.537458
  type: 'test'
  ...
# Subtest: projectMarkdown creates a revision-local key and never claims writable review state
ok 454 - projectMarkdown creates a revision-local key and never claims writable review state
  ---
  duration_ms: 1.821083
  type: 'test'
  ...
# Subtest: sha256Text does not silently normalize source
ok 455 - sha256Text does not silently normalize source
  ---
  duration_ms: 0.733792
  type: 'test'
  ...
# Subtest: readCoreFile propagates producer absence as an exact read, not a fallback
ok 456 - readCoreFile propagates producer absence as an exact read, not a fallback
  ---
  duration_ms: 0.221708
  type: 'test'
  ...
# lint-materials: 2 处违反 WK-101 / WK-102
# lint-materials: 1 处违反 WK-101 / WK-102
# lint-materials: 1 处违反 WK-101 / WK-102
# Subtest: 产品样式表通过材质 lint 两项
ok 457 - 产品样式表通过材质 lint 两项
  ---
  duration_ms: 39.563542
  type: 'test'
  ...
# Subtest: 未登记的类名上出现 backdrop-filter 会被拒绝
ok 458 - 未登记的类名上出现 backdrop-filter 会被拒绝
  ---
  duration_ms: 27.915708
  type: 'test'
  ...
# Subtest: 半透明表面缺少 reduced-transparency 回退会被拒绝
ok 459 - 半透明表面缺少 reduced-transparency 回退会被拒绝
  ---
  duration_ms: 27.318375
  type: 'test'
  ...
# Subtest: 私有 blur 取值会被拒绝
ok 460 - 私有 blur 取值会被拒绝
  ---
  duration_ms: 27.30575
  type: 'test'
  ...
# (node:45288) ExperimentalWarning: SQLite is an experimental feature and might change at any time
# (Use `node --trace-warnings ...` to show where the warning was created)
# Subtest: model capability contract: legacy boolean is not promoted into invented effort tiers; explicit per-model lists stay isolated
ok 461 - model capability contract: legacy boolean is not promoted into invented effort tiers; explicit per-model lists stay isolated
  ---
  duration_ms: 130.411625
  type: 'test'
  ...
# Subtest: model capability contract: effort lists reject invalid values; config CAS detects missing and stale writers
ok 462 - model capability contract: effort lists reject invalid values; config CAS detects missing and stale writers
  ---
  duration_ms: 73.16
  type: 'test'
  ...
# Subtest: installed model descriptors are API-specific and preserve exact concrete effort ladders
ok 463 - installed model descriptors are API-specific and preserve exact concrete effort ladders
  ---
  duration_ms: 64.904459
  type: 'test'
  ...
# Subtest: editing a connection invalidates selected effort, and each Run freezes a capability binding across reopen
ok 464 - editing a connection invalidates selected effort, and each Run freezes a capability binding across reopen
  ---
  duration_ms: 379.748
  type: 'test'
  ...
# Subtest: schema12→13 migration preserves config and active Run, adds unknown capability, bumps CAS epoch, and invalidates old receipt
ok 465 - schema12→13 migration preserves config and active Run, adds unknown capability, bumps CAS epoch, and invalidates old receipt
  ---
  duration_ms: 613.31325
  type: 'test'
  ...
# Subtest: search rerender and direct click cannot re-enable/save a stale unsupported effort
ok 466 - search rerender and direct click cannot re-enable/save a stale unsupported effort
  ---
  duration_ms: 17.181042
  type: 'test'
  ...
# Subtest: 三条 happy path 是闭集，且每条只用后端目录里真有的 provider 身份
ok 467 - 三条 happy path 是闭集，且每条只用后端目录里真有的 provider 身份
  ---
  duration_ms: 0.812625
  type: 'test'
  ...
# Subtest: 路径由连接记录自己说，不由一份全局配置反推
ok 468 - 路径由连接记录自己说，不由一份全局配置反推
  ---
  duration_ms: 0.220291
  type: 'test'
  ...
# Subtest: Connections 列后端注册表报的每一条，结构不假设单数
ok 469 - Connections 列后端注册表报的每一条，结构不假设单数
  ---
  duration_ms: 0.157125
  type: 'test'
  ...
# Subtest: PV-27 / PV-30 · 窗口读数如实：unknown、目录值、用户填的值各说各的
ok 470 - PV-27 / PV-30 · 窗口读数如实：unknown、目录值、用户填的值各说各的
  ---
  duration_ms: 10.7165
  type: 'test'
  ...
# Subtest: PV-34 / PV-46 · 保存失败的三类直接消费后端错误码与枚举，前端不重新归类
ok 471 - PV-34 / PV-46 · 保存失败的三类直接消费后端错误码与枚举，前端不重新归类
  ---
  duration_ms: 0.725917
  type: 'test'
  ...
# Subtest: WK-108/PV-62 · 冒烟不再留位：BE-39 落地后六步全部可用，各自说清楚做什么
ok 472 - WK-108/PV-62 · 冒烟不再留位：BE-39 落地后六步全部可用，各自说清楚做什么
  ---
  duration_ms: 0.359833
  type: 'test'
  ...
# Subtest: PV-73 · smoke 步的 “· Answered” 状态词只在成功后出现，字承担完成态
ok 473 - PV-73 · smoke 步的 “· Answered” 状态词只在成功后出现，字承担完成态
  ---
  duration_ms: 0.264209
  type: 'test'
  ...
# Subtest: WK-108 · 探测控件只出现在表单里写得出 Base URL 的那条路径上
ok 474 - WK-108 · 探测控件只出现在表单里写得出 Base URL 的那条路径上
  ---
  duration_ms: 0.059792
  type: 'test'
  ...
# Subtest: WK-108 · 请求体逐字按文档：三个字段，无 key 省略字段，不加 header
ok 475 - WK-108 · 请求体逐字按文档：三个字段，无 key 省略字段，不加 header
  ---
  duration_ms: 0.270459
  type: 'test'
  ...
# Subtest: WK-108 · 结果原样呈现后端 status 与 message；ok 不被改写成一句更强的话
ok 476 - WK-108 · 结果原样呈现后端 status 与 message；ok 不被改写成一句更强的话
  ---
  duration_ms: 0.419375
  type: 'test'
  ...
# Subtest: PV-24 · 目录报来的模型 ID 进入这条连接的 Model 列表，并随连接保存
ok 477 - PV-24 · 目录报来的模型 ID 进入这条连接的 Model 列表，并随连接保存
  ---
  duration_ms: 0.319458
  type: 'test'
  ...
# Subtest: BE02 契约 · 凭据请求体的键是连接 id，不是 provider 身份
ok 478 - BE02 契约 · 凭据请求体的键是连接 id，不是 provider 身份
  ---
  duration_ms: 0.184
  type: 'test'
  ...
# Subtest: PV-M-1 · 两处写入合一：任一处保存都不清掉另一处的字段
ok 479 - PV-M-1 · 两处写入合一：任一处保存都不清掉另一处的字段
  ---
  duration_ms: 0.189209
  type: 'test'
  ...
# Subtest: PV-53 · 模型选择器的用户连接分组标签是它的端点主机名，取不到注册表时退回 id
ok 480 - PV-53 · 模型选择器的用户连接分组标签是它的端点主机名，取不到注册表时退回 id
  ---
  duration_ms: 0.085791
  type: 'test'
  ...
# Subtest: PV-27 · 未知与 unsupported 都用 provider default；enum 按 API 精确列值
ok 481 - PV-27 · 未知与 unsupported 都用 provider default；enum 按 API 精确列值
  ---
  duration_ms: 0.289
  type: 'test'
  ...
# Subtest: PV-61 · reasoningSource:"unknown" 换成真话，不再替目录说它没说过的话
ok 482 - PV-61 · reasoningSource:"unknown" 换成真话，不再替目录说它没说过的话
  ---
  duration_ms: 0.035833
  type: 'test'
  ...
# Subtest: 项 7 · origin:"connection" 的模型在选择器路由行追加一句，目录原生行不追加
ok 483 - 项 7 · origin:"connection" 的模型在选择器路由行追加一句，目录原生行不追加
  ---
  duration_ms: 0.029791
  type: 'test'
  ...
# Subtest: MCP 走同一形态：六步，未交付的三步同样只留位
ok 484 - MCP 走同一形态：六步，未交付的三步同样只留位
  ---
  duration_ms: 0.045041
  type: 'test'
  ...
# Subtest: WK-105 ⑤ · 侧栏宽落进 256–280 的下沿
ok 485 - WK-105 ⑤ · 侧栏宽落进 256–280 的下沿
  ---
  duration_ms: 0.053583
  type: 'test'
  ...
# Subtest: PV-64 · 六态回执的文案映射：五类登记文案，unknown 只写原话
ok 486 - PV-64 · 六态回执的文案映射：五类登记文案，unknown 只写原话
  ---
  duration_ms: 2.874
  type: 'test'
  ...
# Subtest: PV-42 · 连接行的最近回执：成功/失败/null 三态
ok 487 - PV-42 · 连接行的最近回执：成功/失败/null 三态
  ---
  duration_ms: 0.151916
  type: 'test'
  ...
# Subtest: 连接行 lastVerification 有值 / null 两态；configurationStatus 非 ready 时降级
ok 488 - 连接行 lastVerification 有值 / null 两态；configurationStatus 非 ready 时降级
  ---
  duration_ms: 0.180708
  type: 'test'
  ...
# Subtest: PV-63 · 自动发现的触发条件与去抖：baseUrl/key 的 input 去抖 600ms，blur 立即跑
ok 489 - PV-63 · 自动发现的触发条件与去抖：baseUrl/key 的 input 去抖 600ms，blur 立即跑
  ---
  duration_ms: 0.175541
  type: 'test'
  ...
# Subtest: PV-63/38 · “Save and ask once” 与 “Save only” 的请求序：event.submitter 分流，冒烟不自动触发
ok 490 - PV-63/38 · “Save and ask once” 与 “Save only” 的请求序：event.submitter 分流，冒烟不自动触发
  ---
  duration_ms: 0.205625
  type: 'test'
  ...
# Subtest: PV-64 · is-arrived 一帧后移除：同一帧加、下一帧 rAF 移除，交给既有过渡播放
ok 491 - PV-64 · is-arrived 一帧后移除：同一帧加、下一帧 rAF 移除，交给既有过渡播放
  ---
  duration_ms: 0.102792
  type: 'test'
  ...
# Subtest: PV-64 · “Ask again” 显式重放同一个 {connectionId, model}
ok 492 - PV-64 · “Ask again” 显式重放同一个 {connectionId, model}
  ---
  duration_ms: 0.069583
  type: 'test'
  ...
# Subtest: PV-59/63 · 键入一个模型 ID 的三步序：PUT connection → PUT config →（主动作）POST verify，中途失败停步不回滚
ok 493 - PV-59/63 · 键入一个模型 ID 的三步序：PUT connection → PUT config →（主动作）POST verify，中途失败停步不回滚
  ---
  duration_ms: 0.109875
  type: 'test'
  ...
# Subtest: PV-61 · custom model reasoning declaration records exact optional effort values
ok 494 - PV-61 · custom model reasoning declaration records exact optional effort values
  ---
  duration_ms: 0.073375
  type: 'test'
  ...
# Subtest: 回执块六态的文案落点：成功两行不着色，失败一行借 --danger，`is-asking`/`is-failed` 互斥
ok 495 - 回执块六态的文案落点：成功两行不着色，失败一行借 --danger，`is-asking`/`is-failed` 互斥
  ---
  duration_ms: 0.190667
  type: 'test'
  ...
# Subtest: bounded NDA playbook and fixture manifest are versioned and serializable
ok 496 - bounded NDA playbook and fixture manifest are versioned and serializable
  ---
  duration_ms: 0.896291
  type: 'test'
  ...
# Subtest: buildReview produces the four frozen gold outcomes with source-aware anchors
ok 497 - buildReview produces the four frozen gold outcomes with source-aware anchors
  ---
  duration_ms: 2.8575
  type: 'test'
  ...
# Subtest: verifyReview rejects self-reported conclusions, missing coverage and duplicate rules
ok 498 - verifyReview rejects self-reported conclusions, missing coverage and duplicate rules
  ---
  duration_ms: 1.284583
  type: 'test'
  ...
# Subtest: verifyReview rejects bad source anchors and reconciliation tampering
ok 499 - verifyReview rejects bad source anchors and reconciliation tampering
  ---
  duration_ms: 0.8215
  type: 'test'
  ...
# Subtest: candidate adapters are serializable and preserve proposal-only obligations
ok 500 - candidate adapters are serializable and preserve proposal-only obligations
  ---
  duration_ms: 0.52225
  type: 'test'
  ...
# Subtest: a missing source clause remains unresolved and a forged pass is rejected
ok 501 - a missing source clause remains unresolved and a forged pass is rejected
  ---
  duration_ms: 0.268875
  type: 'test'
  ...
# Subtest: source conflict and unsupported clause stay visible with bounded evidence
ok 502 - source conflict and unsupported clause stay visible with bounded evidence
  ---
  duration_ms: 0.832333
  type: 'test'
  ...
# Subtest: development and holdout fixtures are distinct but obey the same deterministic contract
ok 503 - development and holdout fixtures are distinct but obey the same deterministic contract
  ---
  duration_ms: 0.506875
  type: 'test'
  ...
# (node:45536) ExperimentalWarning: SQLite is an experimental feature and might change at any time
# (Use `node --trace-warnings ...` to show where the warning was created)
# Subtest: NDA producer receives the full submission schema and static reason contract on actual Pi wire
ok 504 - NDA producer receives the full submission schema and static reason contract on actual Pi wire
  ---
  duration_ms: 538.658166
  type: 'test'
  ...
# Subtest: a reference producer can submit from advertised vocabulary and approved sources without buildReview
ok 505 - a reference producer can submit from advertised vocabulary and approved sources without buildReview
  ---
  duration_ms: 584.232375
  type: 'test'
  ...
# (node:45577) ExperimentalWarning: SQLite is an experimental feature and might change at any time
# (Use `node --trace-warnings ...` to show where the warning was created)
# Subtest: the delivered NDA renderer is served at its declared path and carries no data channel of its own
ok 506 - the delivered NDA renderer is served at its declared path and carries no data channel of its own
  ---
  duration_ms: 172.899
  type: 'test'
  ...
# Subtest: the packet reading takes the rules, the status words and the lineage the packet actually carries
ok 507 - the packet reading takes the rules, the status words and the lineage the packet actually carries
  ---
  duration_ms: 0.43775
  type: 'test'
  ...
# Subtest: only the advertised decisions are readable as controls, and none in read-only history
ok 508 - only the advertised decisions are readable as controls, and none in read-only history
  ---
  duration_ms: 0.357292
  type: 'test'
  ...
# Subtest: a domain payload this build cannot decode is not read as findings
ok 509 - a domain payload this build cannot decode is not read as findings
  ---
  duration_ms: 0.174166
  type: 'test'
  ...
# (node:45598) ExperimentalWarning: SQLite is an experimental feature and might change at any time
# (Use `node --trace-warnings ...` to show where the warning was created)
# Subtest: NDA through Pi: verified proposal, trusted decision, revised candidate, source history and new Session context
ok 510 - NDA through Pi: verified proposal, trusted decision, revised candidate, source history and new Session context
  ---
  duration_ms: 1749.45125
  type: 'test'
  ...
# Subtest: NDA unresolved facts remain reviewable; forged pass and attempted acceptance fail
ok 511 - NDA unresolved facts remain reviewable; forged pass and attempted acceptance fail
  ---
  duration_ms: 343.045584
  type: 'test'
  ...
# Subtest: cumulative assistant deltas and their final stay one non-pending row
ok 512 - cumulative assistant deltas and their final stay one non-pending row
  ---
  duration_ms: 0.749166
  type: 'test'
  ...
# Subtest: subsequent complete assistant messages get separate rows even with identical text
ok 513 - subsequent complete assistant messages get separate rows even with identical text
  ---
  duration_ms: 0.405375
  type: 'test'
  ...
# Subtest: a later assistant message's deltas do not overwrite the first message
ok 514 - a later assistant message's deltas do not overwrite the first message
  ---
  duration_ms: 0.338375
  type: 'test'
  ...
# Subtest: tool boundaries preserve assistant/tool/assistant order and tool result identity
ok 515 - tool boundaries preserve assistant/tool/assistant order and tool result identity
  ---
  duration_ms: 0.140125
  type: 'test'
  ...
# Subtest: assistant and tool rows stay scoped when runs reuse segment and call identities
ok 516 - assistant and tool rows stay scoped when runs reuse segment and call identities
  ---
  duration_ms: 0.217291
  type: 'test'
  ...
# Subtest: terminal run keeps an incomplete delta pending but a terminal final is settled
ok 517 - terminal run keeps an incomplete delta pending but a terminal final is settled
  ---
  duration_ms: 0.071333
  type: 'test'
  ...
# Subtest: assistant time uses only its matching recorded Run start, never a redraw clock
ok 518 - assistant time uses only its matching recorded Run start, never a redraw clock
  ---
  duration_ms: 0.134083
  type: 'test'
  ...
# Subtest: message time has readable provenance content without naming the native time role
ok 519 - message time has readable provenance content without naming the native time role
  ---
  duration_ms: 23.596167
  type: 'test'
  ...
# (node:45620) ExperimentalWarning: SQLite is an experimental feature and might change at any time
# (Use `node --trace-warnings ...` to show where the warning was created)
# Subtest: permission CAS mismatches leave pending question, waiter, events and persisted bytes untouched
ok 520 - permission CAS mismatches leave pending question, waiter, events and persisted bytes untouched
  ---
  duration_ms: 582.987042
  type: 'test'
  ...
# Subtest: each expectation is independently optional and malformed expectations are 400
ok 521 - each expectation is independently optional and malformed expectations are 400
  ---
  duration_ms: 1340.517708
  type: 'test'
  ...
# Subtest: CAS comparison happens inside the mutation queue after a stale service read
ok 522 - CAS comparison happens inside the mutation queue after a stale service read
  ---
  duration_ms: 164.13325
  type: 'test'
  ...
# Subtest: two matching concurrent answers still resolve at most once
ok 523 - two matching concurrent answers still resolve at most once
  ---
  duration_ms: 837.738875
  type: 'test'
  ...
# Subtest: ask_user does not accept permission expectations
ok 524 - ask_user does not accept permission expectations
  ---
  duration_ms: 661.029791
  type: 'test'
  ...
# (node:45801) ExperimentalWarning: SQLite is an experimental feature and might change at any time
# (Use `node --trace-warnings ...` to show where the warning was created)
# Subtest: T-PERM-1: ask mode + allow lets ws_write succeed
ok 525 - T-PERM-1: ask mode + allow lets ws_write succeed
  ---
  duration_ms: 299.218833
  type: 'test'
  ...
# Subtest: T-PERM-2: ask mode + deny returns isError and writes nothing
ok 526 - T-PERM-2: ask mode + deny returns isError and writes nothing
  ---
  duration_ms: 781.209125
  type: 'test'
  ...
# Subtest: T-PERM-3: cancel while waiting on a permission leaves no file and Run cancelled
ok 527 - T-PERM-3: cancel while waiting on a permission leaves no file and Run cancelled
  ---
  duration_ms: 249.974583
  type: 'test'
  ...
# Subtest: read_only permission mode never injects ws_write
ok 528 - read_only permission mode never injects ws_write
  ---
  duration_ms: 250.8945
  type: 'test'
  ...
# Subtest: T-PERM-4: the allowed write matches the approved contentSha256
ok 529 - T-PERM-4: the allowed write matches the approved contentSha256
  ---
  duration_ms: 738.900625
  type: 'test'
  ...
# Subtest: T-PERM-5: changed parameters open a new permission and the old questionId is dead
ok 530 - T-PERM-5: changed parameters open a new permission and the old questionId is dead
  ---
  duration_ms: 1001.647542
  type: 'test'
  ...
# Subtest: toStatTiles reads the three sets' totals in the window the backend can express
ok 531 - toStatTiles reads the three sets' totals in the window the backend can express
  ---
  duration_ms: 1.34225
  type: 'test'
  ...
# Subtest: a set the answer did not carry reads as words, never as a zero
ok 532 - a set the answer did not carry reads as words, never as a zero
  ---
  duration_ms: 0.079333
  type: 'test'
  ...
# Subtest: the caption states the scope it was actually given
ok 533 - the caption states the scope it was actually given
  ---
  duration_ms: 0.139875
  type: 'test'
  ...
# Subtest: toWorkCards passes recorded fields through and names the missing ones
ok 534 - toWorkCards passes recorded fields through and names the missing ones
  ---
  duration_ms: 0.131709
  type: 'test'
  ...
# Subtest: pending rows keep the server's own request word and invent no run state
ok 535 - pending rows keep the server's own request word and invent no run state
  ---
  duration_ms: 0.098584
  type: 'test'
  ...
# Subtest: inspection rows keep unknown apart from failed and report a missing code as null
ok 536 - inspection rows keep unknown apart from failed and report a missing code as null
  ---
  duration_ms: 0.1285
  type: 'test'
  ...
# Subtest: adapters do not read the clock
ok 537 - adapters do not read the clock
  ---
  duration_ms: 0.073709
  type: 'test'
  ...
# Subtest: the recorded story is a work-only sample: no host facts, every entry a 2xx work read
ok 538 - the recorded story is a work-only sample: no host facts, every entry a 2xx work read
  ---
  duration_ms: 0.644042
  type: 'test'
  ...
# Subtest: entry: only a workspace with no projects and nothing remembered enters on its own
ok 539 - entry: only a workspace with no projects and nothing remembered enters on its own
  ---
  duration_ms: 0.412291
  type: 'test'
  ...
# Subtest: inactive, the layer answers nothing; active, it answers work reads from the story and leaves host reads alone
ok 540 - inactive, the layer answers nothing; active, it answers work reads from the story and leaves host reads alone
  ---
  duration_ms: 0.658209
  type: 'test'
  ...
# Subtest: reads of an example object that were not recorded fail as not found; reads of real objects pass through
ok 541 - reads of an example object that were not recorded fail as not found; reads of real objects pass through
  ---
  duration_ms: 0.175542
  type: 'test'
  ...
# Subtest: writes: drafts on example chats are a no-op, every other write against an example object is refused with a sentence, real writes pass
ok 542 - writes: drafts on example chats are a no-op, every other write against an example object is refused with a sentence, real writes pass
  ---
  duration_ms: 0.556917
  type: 'test'
  ...
# Subtest: mutation bodies cannot target an example object through an ID-free route
ok 543 - mutation bodies cannot target an example object through an ID-free route
  ---
  duration_ms: 0.15075
  type: 'test'
  ...
# Subtest: aggregate preview reads are bypassed only after real project context exists
ok 544 - aggregate preview reads are bypassed only after real project context exists
  ---
  duration_ms: 0.052292
  type: 'test'
  ...
# Subtest: exit: an admitted real run establishes the workspace for good; leaving by hand only remembers 'off' and can be reopened
ok 545 - exit: an admitted real run establishes the workspace for good; leaving by hand only remembers 'off' and can be reopened
  ---
  duration_ms: 0.21075
  type: 'test'
  ...
# Subtest: a broken storage is survivable: memory reads null, writes are dropped
ok 546 - a broken storage is survivable: memory reads null, writes are dropped
  ---
  duration_ms: 0.326375
  type: 'test'
  ...
# Subtest: FE-04 · 在途词只有一个，且只在在途时出现
ok 547 - FE-04 · 在途词只有一个，且只在在途时出现
  ---
  duration_ms: 0.846833
  type: 'test'
  ...
# Subtest: FE-04 / M-9 · 五个送出一次决定的控件都经过同一个在途词，且保持静止态宽度
ok 548 - FE-04 / M-9 · 五个送出一次决定的控件都经过同一个在途词，且保持静止态宽度
  ---
  duration_ms: 0.41125
  type: 'test'
  ...
# Subtest: FE-04 · cancel requested 不把 Run 说成 stopped
ok 549 - FE-04 · cancel requested 不把 Run 说成 stopped
  ---
  duration_ms: 0.107042
  type: 'test'
  ...
# Subtest: FE-04 · 在途的是哪一个决定也是事实，回执到达时一并撤掉
ok 550 - FE-04 · 在途的是哪一个决定也是事实，回执到达时一并撤掉
  ---
  duration_ms: 0.089417
  type: 'test'
  ...
# Subtest: FE-04 · 重试之前撤掉上一次的失败，两卡一致
ok 551 - FE-04 · 重试之前撤掉上一次的失败，两卡一致
  ---
  duration_ms: 0.182375
  type: 'test'
  ...
# Subtest: FE-04 · 问题卡的提交失败会被读出来
ok 552 - FE-04 · 问题卡的提交失败会被读出来
  ---
  duration_ms: 0.118875
  type: 'test'
  ...
# Subtest: FE-04 · Failed 与 Interrupted 由两个不同的事实给出
ok 553 - FE-04 · Failed 与 Interrupted 由两个不同的事实给出
  ---
  duration_ms: 0.316708
  type: 'test'
  ...
# Subtest: FE-04 · 授权卡上不存在 always-allow 这一档
ok 554 - FE-04 · 授权卡上不存在 always-allow 这一档
  ---
  duration_ms: 0.204333
  type: 'test'
  ...
# Subtest: FE-04 · inbox 键盘没有批量键与数字键
ok 555 - FE-04 · inbox 键盘没有批量键与数字键
  ---
  duration_ms: 0.825417
  type: 'test'
  ...
# Subtest: every registry glyph is in the sprite and in the ui-controls allowlist
ok 556 - every registry glyph is in the sprite and in the ui-controls allowlist
  ---
  duration_ms: 0.463834
  type: 'test'
  ...
# Subtest: offline icon geometry reproduces every pinned sprite shape without changes
ok 557 - offline icon geometry reproduces every pinned sprite shape without changes
  ---
  duration_ms: 1.267291
  type: 'test'
  ...
# Subtest: recreated controls contain local shapes and retain their action after disconnection
ok 558 - recreated controls contain local shapes and retain their action after disconnection
  ---
  duration_ms: 1.886375
  type: 'test'
  ...
# Subtest: disclosure rows use a native SVG chevron without changing the summary or its name
ok 559 - disclosure rows use a native SVG chevron without changing the summary or its name
  ---
  duration_ms: 0.320833
  type: 'test'
  ...
# Subtest: sprite symbols are exactly the pinned Lucide files plus the CourtWork domain files, with recorded hashes
ok 560 - sprite symbols are exactly the pinned Lucide files plus the CourtWork domain files, with recorded hashes
  ---
  duration_ms: 4.7515
  type: 'test'
  ...
# Subtest: domain glyphs follow the admitted geometry contract
ok 561 - domain glyphs follow the admitted geometry contract
  ---
  duration_ms: 0.417666
  type: 'test'
  ...
# Subtest: Spark, Attention and Chat seats and the Settings groups carry their registered glyphs
ok 562 - Spark, Attention and Chat seats and the Settings groups carry their registered glyphs
  ---
  duration_ms: 0.9645
  type: 'test'
  ...
# Subtest: registry owners and generated browser projection agree
ok 563 - registry owners and generated browser projection agree
  ---
  duration_ms: 13.6385
  type: 'test'
  ...
# Subtest: single-purpose collisions fail while contextual shared geometry is admitted
ok 564 - single-purpose collisions fail while contextual shared geometry is admitted
  ---
  duration_ms: 1.096042
  type: 'test'
  ...
# Subtest: unknown geometry and unapproved identity state variants fail
ok 565 - unknown geometry and unapproved identity state variants fail
  ---
  duration_ms: 0.435167
  type: 'test'
  ...
# Subtest: contextual names are complete, no-icon and Pages representations are legal
ok 566 - contextual names are complete, no-icon and Pages representations are legal
  ---
  duration_ms: 0.32325
  type: 'test'
  ...
# Subtest: semantic action preserves existing control anatomy and handler
ok 567 - semantic action preserves existing control anatomy and handler
  ---
  duration_ms: 1.075958
  type: 'test'
  ...
# Subtest: migrated workspace close/add controls cannot return to raw glyph calls
ok 568 - migrated workspace close/add controls cannot return to raw glyph calls
  ---
  duration_ms: 1.631833
  type: 'test'
  ...
# Subtest: Pages text projection cannot leak its App glyph, malformed owner and representations fail
ok 569 - Pages text projection cannot leak its App glyph, malformed owner and representations fail
  ---
  duration_ms: 0.490083
  type: 'test'
  ...
# Subtest: actual workspace consumers preserve callbacks and contextual names
ok 570 - actual workspace consumers preserve callbacks and contextual names
  ---
  duration_ms: 3.397875
  type: 'test'
  ...
# Subtest: domain navigation preserves its handler with a visible label and glyph
ok 571 - domain navigation preserves its handler with a visible label and glyph
  ---
  duration_ms: 0.520667
  type: 'test'
  ...
# (node:46240) ExperimentalWarning: SQLite is an experimental feature and might change at any time
# (Use `node --trace-warnings ...` to show where the warning was created)
# Subtest: unassigned chats run with ordinary tools, isolated files/configuration, and restore by Session ID
ok 572 - unassigned chats run with ordinary tools, isolated files/configuration, and restore by Session ID
  ---
  duration_ms: 540.931792
  type: 'test'
  ...
# Subtest: unassigned coordination scope does not merge all null-project conversations
ok 573 - unassigned coordination scope does not merge all null-project conversations
  ---
  duration_ms: 48.775792
  type: 'test'
  ...
# Subtest: schema13 upgrades byte-backed identities and configuration without resetting declared capabilities or CAS
ok 574 - schema13 upgrades byte-backed identities and configuration without resetting declared capabilities or CAS
  ---
  duration_ms: 144.537375
  type: 'test'
  ...
# (node:46388) ExperimentalWarning: SQLite is an experimental feature and might change at any time
# (Use `node --trace-warnings ...` to show where the warning was created)
# Subtest: PV-54: both consumers use one pure provider projection, preserving existing exports
ok 575 - PV-54: both consumers use one pure provider projection, preserving existing exports
  ---
  duration_ms: 3.572166
  type: 'test'
  ...
# Subtest: PV-54: the real host serves exactly the shared projection module
ok 576 - PV-54: the real host serves exactly the shared projection module
  ---
  duration_ms: 106.409042
  type: 'test'
  ...
# (node:46429) ExperimentalWarning: SQLite is an experimental feature and might change at any time
# (Use `node --trace-warnings ...` to show where the warning was created)
# Subtest: PV-32 · 旧 credentials.json 的 provider 键一次性迁到连接 id
ok 577 - PV-32 · 旧 credentials.json 的 provider 键一次性迁到连接 id
  ---
  duration_ms: 173.25375
  type: 'test'
  ...
# Subtest: PV-25 · 兼容连接：发现 → 保存 → 选中 → 真跑一次 run，run 记录读得出连接与凭据来源
ok 578 - PV-25 · 兼容连接：发现 → 保存 → 选中 → 真跑一次 run，run 记录读得出连接与凭据来源
  ---
  duration_ms: 413.93525
  type: 'test'
  ...
# Subtest: PV-26 · 两条连接各持自己的 key，互不覆盖
ok 579 - PV-26 · 两条连接各持自己的 key，互不覆盖
  ---
  duration_ms: 1009.6635
  type: 'test'
  ...
# Subtest: PV-31 · 用户连接注册在独立 provider id 上，删除即注销
ok 580 - PV-31 · 用户连接注册在独立 provider id 上，删除即注销
  ---
  duration_ms: 97.394917
  type: 'test'
  ...
# Subtest: PV-30 · 未知 contextWindow 不猜值：关压缩并显式记录，用户填值后来源标为 user
ok 581 - PV-30 · 未知 contextWindow 不猜值：关压缩并显式记录，用户填值后来源标为 user
  ---
  duration_ms: 893.665125
  type: 'test'
  ...
# Subtest: PV-24 · 零成本的 Model 记录不会在 usage 面变成事实上的 $0
ok 582 - PV-24 · 零成本的 Model 记录不会在 usage 面变成事实上的 $0
  ---
  duration_ms: 497.153125
  type: 'test'
  ...
# Subtest: 重启后连接与凭据仍可用；列表落空的连接不阻止启动
ok 583 - 重启后连接与凭据仍可用；列表落空的连接不阻止启动
  ---
  duration_ms: 212.61625
  type: 'test'
  ...
# Subtest: PV-34 · 保存失败区分认证失败 / 目录不可达 / 模型不在该目录
ok 584 - PV-34 · 保存失败区分认证失败 / 目录不可达 / 模型不在该目录
  ---
  duration_ms: 69.579708
  type: 'test'
  ...
# Subtest: 连接的增删改查受同一条配置队列与 active_run 冻结约束
ok 585 - 连接的增删改查受同一条配置队列与 active_run 冻结约束
  ---
  duration_ms: 286.674958
  type: 'test'
  ...
# Subtest: T-CRED · 用户连接路径同样不读 HOME/.pi 与环境变量
ok 586 - T-CRED · 用户连接路径同样不读 HOME/.pi 与环境变量
  ---
  duration_ms: 429.561167
  type: 'test'
  ...
# (node:46440) ExperimentalWarning: SQLite is an experimental feature and might change at any time
# (Use `node --trace-warnings ...` to show where the warning was created)
# Subtest: PV-59 · 目录连接 PUT 只接受 models；api/baseUrl/apiKey 出现即 400
ok 587 - PV-59 · 目录连接 PUT 只接受 models；api/baseUrl/apiKey 出现即 400
  ---
  duration_ms: 110.032833
  type: 'test'
  ...
# Subtest: PV-59 · 追加的模型 id 不得与已装目录冲突
ok 588 - PV-59 · 追加的模型 id 不得与已装目录冲突
  ---
  duration_ms: 74.146875
  type: 'test'
  ...
# Subtest: PV-59 · 目录连接加一个不在已装目录的模型：可保存、可选为生效、run 发起门放行；删掉后 run 发起门 503；原生模型仍可解析
ok 589 - PV-59 · 目录连接加一个不在已装目录的模型：可保存、可选为生效、run 发起门放行；删掉后 run 发起门 503；原生模型仍可解析
  ---
  duration_ms: 923.680833
  type: 'test'
  ...
# Subtest: reasoning capability · legacy 三态保留但不生成伪档位，显式 effort list 才提供具体档位
ok 590 - reasoning capability · legacy 三态保留但不生成伪档位，显式 effort list 才提供具体档位
  ---
  duration_ms: 71.447792
  type: 'test'
  ...
# Subtest: PV-62/PV-84 · verify 四类 fixture 结果：成功 ok、401→authentication_failed、未知模型→http_error、不可达→unreachable，且不冒充精度
ok 591 - PV-62/PV-84 · verify 四类 fixture 结果：成功 ok、401→authentication_failed、未知模型→http_error、不可达→unreachable，且不冒充精度
  ---
  duration_ms: 120.496292
  type: 'test'
  ...
# Subtest: PV-62 · verify 的三道门：模型不可准入 400、连接无凭据 400、活动 run 期间 409
ok 592 - PV-62 · verify 的三道门：模型不可准入 400、连接无凭据 400、活动 run 期间 409
  ---
  duration_ms: 1262.675958
  type: 'test'
  ...
# Subtest: PV-42 · 回执绑定失配返回 null；重启后额外模型与回执可用
ok 593 - PV-42 · 回执绑定失配返回 null；重启后额外模型与回执可用
  ---
  duration_ms: 216.372417
  type: 'test'
  ...
# Subtest: T-CRED-VERIFY · fixture 除外：fake 连接的 verify 不要求预先配置凭据；兼容连接仍要求，且不读 HOME/.pi 与环境变量
ok 594 - T-CRED-VERIFY · fixture 除外：fake 连接的 verify 不要求预先配置凭据；兼容连接仍要求，且不读 HOME/.pi 与环境变量
  ---
  duration_ms: 70.838042
  type: 'test'
  ...
# (node:46561) ExperimentalWarning: SQLite is an experimental feature and might change at any time
# (Use `node --trace-warnings ...` to show where the warning was created)
# Subtest: provider preview HTTP contract, bounds, authentication and unchanged runtime
ok 595 - provider preview HTTP contract, bounds, authentication and unchanged runtime
  ---
  duration_ms: 10708.095542
  type: 'test'
  ...
# (node:46672) ExperimentalWarning: SQLite is an experimental feature and might change at any time
# (Use `node --trace-warnings ...` to show where the warning was created)
# Subtest: openai-completions: real SDK tool loop, stable consecutive prefix, cache usage and restart
ok 596 - openai-completions: real SDK tool loop, stable consecutive prefix, cache usage and restart
  ---
  duration_ms: 1642.050542
  type: 'test'
  ...
# Subtest: openai-responses: real SDK tool loop, stable consecutive prefix, cache usage and restart
ok 597 - openai-responses: real SDK tool loop, stable consecutive prefix, cache usage and restart
  ---
  duration_ms: 997.689333
  type: 'test'
  ...
# Subtest: schema13 upgrade preserves every schema11 pending operation, including missing-record recovery
ok 598 - schema13 upgrade preserves every schema11 pending operation, including missing-record recovery
  ---
  duration_ms: 144.094833
  type: 'test'
  ...
# (node:46969) ExperimentalWarning: SQLite is an experimental feature and might change at any time
# (Use `node --trace-warnings ...` to show where the warning was created)
# Subtest: verify resolves active identity API/endpoint overrides without leaking them to another connection
ok 599 - verify resolves active identity API/endpoint overrides without leaking them to another connection
  ---
  duration_ms: 113.871042
  type: 'test'
  ...
# (node:46980) ExperimentalWarning: SQLite is an experimental feature and might change at any time
# (Use `node --trace-warnings ...` to show where the warning was created)
# Subtest: HYP-01: abort before openQuestion waiter is installed does not hang
ok 600 - HYP-01: abort before openQuestion waiter is installed does not hang
  ---
  duration_ms: 155.469334
  type: 'test'
  ...
# (node:47112) ExperimentalWarning: SQLite is an experimental feature and might change at any time
# (Use `node --trace-warnings ...` to show where the warning was created)
# Subtest: release capability lifecycle: advertise, effect, suspend, restore, and restart stay bound
ok 601 - release capability lifecycle: advertise, effect, suspend, restore, and restart stay bound
  ---
  duration_ms: 2593.228375
  type: 'test'
  ...
# (node:47263) ExperimentalWarning: SQLite is an experimental feature and might change at any time
# (Use `node --trace-warnings ...` to show where the warning was created)
# Subtest: release input binding: initial context and runtime_load keep source identity without granting tools
ok 602 - release input binding: initial context and runtime_load keep source identity without granting tools
  ---
  duration_ms: 597.371708
  type: 'test'
  ...
# Subtest: release input binding: compaction cannot expand a replacement binding or rewrite an old one
ok 603 - release input binding: compaction cannot expand a replacement binding or rewrite an old one
  ---
  duration_ms: 486.186416
  type: 'test'
  ...
# Subtest: release input binding: aggregate compiled context is rejected before Run identity exists
ok 604 - release input binding: aggregate compiled context is rejected before Run identity exists
  ---
  duration_ms: 69.213125
  type: 'test'
  ...
# (node:47525) ExperimentalWarning: SQLite is an experimental feature and might change at any time
# (Use `node --trace-warnings ...` to show where the warning was created)
# Subtest: DF06 MCP permission denial records no dispatch intent and reaches no remote effect
ok 605 - DF06 MCP permission denial records no dispatch intent and reaches no remote effect
  ---
  duration_ms: 1107.183541
  type: 'test'
  ...
# Subtest: DF06 cancelling a pending MCP approval ends cancelled without dispatch or effect
ok 606 - DF06 cancelling a pending MCP approval ends cancelled without dispatch or effect
  ---
  duration_ms: 503.942959
  type: 'test'
  ...
# Subtest: DF06 failed MCP result-receipt persistence fences one remote effect and never replays after reopen
ok 607 - DF06 failed MCP result-receipt persistence fences one remote effect and never replays after reopen
  ---
  duration_ms: 1052.906917
  type: 'test'
  ...
# (node:47536) ExperimentalWarning: SQLite is an experimental feature and might change at any time
# (Use `node --trace-warnings ...` to show where the warning was created)
# Subtest: NDA renderer is an exact declared path: missing is 404, present bytes are served, siblings stay private
ok 608 - NDA renderer is an exact declared path: missing is 404, present bytes are served, siblings stay private
  ---
  duration_ms: 749.234333
  type: 'test'
  ...
# (node:47560) ExperimentalWarning: SQLite is an experimental feature and might change at any time
# (Use `node --trace-warnings ...` to show where the warning was created)
# Subtest: host stream observation separates first output/text and preserves terminal identity without claiming TPS
ok 609 - host stream observation separates first output/text and preserves terminal identity without claiming TPS
  ---
  duration_ms: 2.814208
  type: 'test'
  ...
# Subtest: provider-default payload omits generated reasoning controls after the existing callback
ok 610 - provider-default payload omits generated reasoning controls after the existing callback
  ---
  duration_ms: 0.381583
  type: 'test'
  ...
# Subtest: explicit effort uses the declared adapter mapping and provider identity, not endpoint hostname
ok 611 - explicit effort uses the declared adapter mapping and provider identity, not endpoint hostname
  ---
  duration_ms: 0.100708
  type: 'test'
  ...
# Subtest: production compatible registration pins generic reasoning on heuristic-looking loopback paths
ok 612 - production compatible registration pins generic reasoning on heuristic-looking loopback paths
  ---
  duration_ms: 85.642667
  type: 'test'
  ...
# Subtest: capability projection admits only values the selected adapter can encode
ok 613 - capability projection admits only values the selected adapter can encode
  ---
  duration_ms: 0.135042
  type: 'test'
  ...
# Subtest: request telemetry keeps SDK setting provenance and a safe capability snapshot
ok 614 - request telemetry keeps SDK setting provenance and a safe capability snapshot
  ---
  duration_ms: 0.37275
  type: 'test'
  ...
# Subtest: interrupted stream and dispatch error do not report successful usage
ok 615 - interrupted stream and dispatch error do not report successful usage
  ---
  duration_ms: 0.221334
  type: 'test'
  ...
# Subtest: result-only SDK calls still emit a terminal request measurement exactly once
ok 616 - result-only SDK calls still emit a terminal request measurement exactly once
  ---
  duration_ms: 0.103916
  type: 'test'
  ...
# Subtest: provider response identifiers stay separate from runtime identity without forwarding extra metadata
ok 617 - provider response identifiers stay separate from runtime identity without forwarding extra metadata
  ---
  duration_ms: 0.348667
  type: 'test'
  ...
# Subtest: effort is capability checked and recorded by real local SDK requests
ok 618 - effort is capability checked and recorded by real local SDK requests
  ---
  duration_ms: 481.412292
  type: 'test'
  ...
# Subtest: malformed measurement records are omitted before rendering
ok 619 - malformed measurement records are omitted before rendering
  ---
  duration_ms: 0.265917
  type: 'test'
  ...
# Subtest: schema6 migration preserves both global and project sessions
ok 620 - schema6 migration preserves both global and project sessions
  ---
  duration_ms: 103.58275
  type: 'test'
  ...
# Subtest: no ready frame rejects within readyTimeoutMs and reaps the failed worker
ok 621 - no ready frame rejects within readyTimeoutMs and reaps the failed worker
  ---
  duration_ms: 90.531125
  type: 'test'
  ...
# Subtest: a request with no response times out, clears pending, and reaps the transport
ok 622 - a request with no response times out, clears pending, and reaps the transport
  ---
  duration_ms: 134.779208
  type: 'test'
  ...
# Subtest: close ignores a missing close acknowledgement, is bounded, and reaps the worker
ok 623 - close ignores a missing close acknowledgement, is bounded, and reaps the worker
  ---
  duration_ms: 29.939916
  type: 'test'
  ...
# Subtest: a partial response frame is bounded by the request deadline and the transport is reaped
ok 624 - a partial response frame is bounded by the request deadline and the transport is reaped
  ---
  duration_ms: 131.05
  type: 'test'
  ...
# Subtest: invalid JSON invalidates and reaps the transport
ok 625 - invalid JSON invalidates and reaps the transport
  ---
  duration_ms: 31.958083
  type: 'test'
  ...
# Subtest: an oversized unterminated frame is rejected before unbounded buffering
ok 626 - an oversized unterminated frame is rejected before unbounded buffering
  ---
  duration_ms: 41.383958
  type: 'test'
  ...
# Subtest: stderr is capped while a failed request is cleaned up
ok 627 - stderr is capped while a failed request is cleaned up
  ---
  duration_ms: 133.007542
  type: 'test'
  ...
# Subtest: concurrent starts share one worker and one readiness result
ok 628 - concurrent starts share one worker and one readiness result
  ---
  duration_ms: 32.084791
  type: 'test'
  ...
# Subtest: close during startup rejects start and reaps the child
ok 629 - close during startup rejects start and reaps the child
  ---
  duration_ms: 3.920208
  type: 'test'
  ...
# Subtest: maxPending rejects excess calls and failed transport cleanup leaves no pending entries
ok 630 - maxPending rejects excess calls and failed transport cleanup leaves no pending entries
  ---
  duration_ms: 133.04125
  type: 'test'
  ...
# Subtest: a failed transport can restart after its child has been reaped
ok 631 - a failed transport can restart after its child has been reaped
  ---
  duration_ms: 69.302208
  type: 'test'
  ...
# Subtest: late events from an old generation cannot satisfy or damage the replacement
ok 632 - late events from an old generation cannot satisfy or damage the replacement
  ---
  duration_ms: 191.021667
  type: 'test'
  ...
# Subtest: close rejects in-flight admissions, then permits a reaped replacement generation
ok 633 - close rejects in-flight admissions, then permits a reaped replacement generation
  ---
  duration_ms: 65.719292
  type: 'test'
  ...
# Subtest: Runtime11 migrates a real schema10 byte sequence, preserves provider fields, and fences the old host
ok 634 - Runtime11 migrates a real schema10 byte sequence, preserves provider fields, and fences the old host
  ---
  duration_ms: 336.827834
  type: 'test'
  ...
# Subtest: a fixed schema10 host can read an exact schema10 backup in an independent directory
ok 635 - a fixed schema10 host can read an exact schema10 backup in an independent directory
  ---
  duration_ms: 296.388208
  type: 'test'
  ...
# Subtest: Runtime11 pending configuration markers survive reopen and finish durably
ok 636 - Runtime11 pending configuration markers survive reopen and finish durably
  ---
  duration_ms: 154.432042
  type: 'test'
  ...
# Subtest: Runtime11 refuses a malformed pending marker without changing the original bytes
ok 637 - Runtime11 refuses a malformed pending marker without changing the original bytes
  ---
  duration_ms: 92.347
  type: 'test'
  ...
# (node:48002) ExperimentalWarning: SQLite is an experimental feature and might change at any time
# (Use `node --trace-warnings ...` to show where the warning was created)
# Subtest: Q02 · HTTP/store field boundaries preserve valid Unicode and reject controls without changing files
ok 638 - Q02 · HTTP/store field boundaries preserve valid Unicode and reject controls without changing files
  ---
  duration_ms: 304.734375
  type: 'test'
  ...
# Subtest: Q02 · a 240-character model and 2048-character endpoint survive reopen and keep the execution descriptor
ok 639 - Q02 · a 240-character model and 2048-character endpoint survive reopen and keep the execution descriptor
  ---
  duration_ms: 458.671542
  type: 'test'
  ...
# Subtest: Q02 · registration failure leaves a recoverable record without a ghost provider
ok 640 - Q02 · registration failure leaves a recoverable record without a ghost provider
  ---
  duration_ms: 83.502625
  type: 'test'
  ...
# Subtest: Q02 · a provider store failure can be retried with PUT and does not publish a ghost registration
ok 641 - Q02 · a provider store failure can be retried with PUT and does not publish a ghost registration
  ---
  duration_ms: 70.268959
  type: 'test'
  ...
# Subtest: Q02 · replacing a connection fences the route when the new store write fails, then recovers after restart
ok 642 - Q02 · replacing a connection fences the route when the new store write fails, then recovers after restart
  ---
  duration_ms: 138.923166
  type: 'test'
  ...
# Subtest: Q02 · credential file, runtime key, and generation failures remain inspectable and retryable
    # Subtest: runtime-key
    ok 1 - runtime-key
      ---
      duration_ms: 76.436917
      type: 'test'
      ...
    # Subtest: credential-path
    ok 2 - credential-path
      ---
      duration_ms: 75.451875
      type: 'test'
      ...
    # Subtest: generation
    ok 3 - generation
      ---
      duration_ms: 75.625
      type: 'test'
      ...
    1..3
ok 643 - Q02 · credential file, runtime key, and generation failures remain inspectable and retryable
  ---
  duration_ms: 227.963459
  type: 'test'
  ...
# Subtest: Q02 · credential_delete explicitly abandons a pending credential_set and clears its key
ok 644 - Q02 · credential_delete explicitly abandons a pending credential_set and clears its key
  ---
  duration_ms: 78.554292
  type: 'test'
  ...
# Subtest: Q02 · a final pending-marker persist failure fences an already-applied credential until the same retry
ok 645 - Q02 · a final pending-marker persist failure fences an already-applied credential until the same retry
  ---
  duration_ms: 79.495833
  type: 'test'
  ...
# Subtest: Q02 · startup skips pending registration/key load, preserves receipt replay, and only same-operation retry clears it
ok 646 - Q02 · startup skips pending registration/key load, preserves receipt replay, and only same-operation retry clears it
  ---
  duration_ms: 257.916958
  type: 'test'
  ...
# Subtest: Q02 · a pending delete with a missing record can be retried to clean credentials
ok 647 - Q02 · a pending delete with a missing record can be retried to clean credentials
  ---
  duration_ms: 141.657042
  type: 'test'
  ...
# Subtest: activity stops on wait, disconnect and terminal state without inventing cancellation acceptance
ok 648 - activity stops on wait, disconnect and terminal state without inventing cancellation acceptance
  ---
  duration_ms: 0.564458
  type: 'test'
  ...
# Subtest: word clock survives polling, announces facts once, and stale callbacks cannot revive old work
ok 649 - word clock survives polling, announces facts once, and stale callbacks cannot revive old work
  ---
  duration_ms: 1.144875
  type: 'test'
  ...
# Subtest: Attention can subtract measurement actions without removing the status fact
ok 650 - Attention can subtract measurement actions without removing the status fact
  ---
  duration_ms: 0.452458
  type: 'test'
  ...
# Subtest: process phrases follow exact tool/notice lifecycles and never turn prose into a progress claim
ok 651 - process phrases follow exact tool/notice lifecycles and never turn prose into a progress claim
  ---
  duration_ms: 0.142792
  type: 'test'
  ...
# Subtest: Context reads the selected Run only, preserves missing and zero, and never computes capacity usage
ok 652 - Context reads the selected Run only, preserves missing and zero, and never computes capacity usage
  ---
  duration_ms: 11.846292
  type: 'test'
  ...
# (node:48110) ExperimentalWarning: SQLite is an experimental feature and might change at any time
# (Use `node --trace-warnings ...` to show where the warning was created)
# Subtest: BG02-T1: a cancelled, a failed and a restart-unknown Run can each be continued, and the continued Run is unchanged
ok 653 - BG02-T1: a cancelled, a failed and a restart-unknown Run can each be continued, and the continued Run is unchanged
  ---
  duration_ms: 15100.582084
  type: 'test'
  ...
# Subtest: BG02-T1/T7: a Run left in flight by SIGKILL becomes unknown, keeps its lineage and can itself be continued
ok 654 - BG02-T1/T7: a Run left in flight by SIGKILL becomes unknown, keeps its lineage and can itself be continued
  ---
  duration_ms: 15359.131666
  type: 'test'
  ...
# Subtest: BG02-T2: lineage is a chain — a Run that already has a continuation refuses a second one
ok 655 - BG02-T2: lineage is a chain — a Run that already has a continuation refuses a second one
  ---
  duration_ms: 43470.294875
  type: 'test'
  ...
# Subtest: BG02-T3: completed, still-running, foreign/absent and effect-unreconciled targets are each refused
ok 656 - BG02-T3: completed, still-running, foreign/absent and effect-unreconciled targets are each refused
  ---
  duration_ms: 29419.630334
  type: 'test'
  ...
# Subtest: BG02-T4: command identity includes the lineage claim
ok 657 - BG02-T4: command identity includes the lineage claim
  ---
  duration_ms: 29144.343583
  type: 'test'
  ...
# Subtest: BG02-T5: a continuation carries its own input; the earlier prompt is not copied or replayed
ok 658 - BG02-T5: a continuation carries its own input; the earlier prompt is not copied or replayed
  ---
  duration_ms: 14382.691917
  type: 'test'
  ...
# Subtest: BG02-T6: schema 8 upgrades once with an exact backup, and an occupied backup path stops the upgrade
ok 659 - BG02-T6: schema 8 upgrades once with an exact backup, and an occupied backup path stops the upgrade
  ---
  duration_ms: 320.529208
  type: 'test'
  ...
# Subtest: BG02-T6: a schema 11 state with an impossible lineage fails closed, and the schema10 host refuses schema 11 entirely
ok 660 - BG02-T6: a schema 11 state with an impossible lineage fails closed, and the schema10 host refuses schema 11 entirely
  ---
  duration_ms: 469.013708
  type: 'test'
  ...
# Subtest: integration: main schema 9 lineage survives schema 11 provider-connection migration
ok 661 - integration: main schema 9 lineage survives schema 11 provider-connection migration
  ---
  duration_ms: 135.593417
  type: 'test'
  ...
# (node:48113) ExperimentalWarning: SQLite is an experimental feature and might change at any time
# (Use `node --trace-warnings ...` to show where the warning was created)
# Subtest: current host context reaches the model without changing user input; capabilities use the installed catalog
ok 662 - current host context reaches the model without changing user input; capabilities use the installed catalog
  ---
  duration_ms: 257.424
  type: 'test'
  ...
# Subtest: a Run waits for its final event to persist before publishing completion
ok 663 - a Run waits for its final event to persist before publishing completion
  ---
  duration_ms: 836.287584
  type: 'test'
  ...
# Subtest: event persistence failure is reported as runtime failure instead of completion
ok 664 - event persistence failure is reported as runtime failure instead of completion
  ---
  duration_ms: 159.362916
  type: 'test'
  ...
# Subtest: CLI SIGTERM settles a waiting Run and the same data directory reopens
ok 665 - CLI SIGTERM settles a waiting Run and the same data directory reopens
  ---
  duration_ms: 1110.358166
  type: 'test'
  ...
# Subtest: runtime projection: parent/profile gates are explanations, not removable overrides
ok 666 - runtime projection: parent/profile gates are explanations, not removable overrides
  ---
  duration_ms: 0.524625
  type: 'test'
  ...
# Subtest: runtime projection: historical counts stay partial; new catalogs count admitted text only
ok 667 - runtime projection: historical counts stay partial; new catalogs count admitted text only
  ---
  duration_ms: 0.082958
  type: 'test'
  ...
# (node:48275) ExperimentalWarning: SQLite is an experimental feature and might change at any time
# (Use `node --trace-warnings ...` to show where the warning was created)
# Subtest: BE-5: POST /runtime-sources/resolve returns exact UTF-8 identity for all six inline kinds; provenance stays unverified and nothing is imported
ok 668 - BE-5: POST /runtime-sources/resolve returns exact UTF-8 identity for all six inline kinds; provenance stays unverified and nothing is imported
  ---
  duration_ms: 129.193167
  type: 'test'
  ...
# Subtest: BE-5: token, origin, content-type and body-size guards plus malformed/extra-field input follow the existing host boundaries
ok 669 - BE-5: token, origin, content-type and body-size guards plus malformed/extra-field input follow the existing host boundaries
  ---
  duration_ms: 470.759167
  type: 'test'
  ...
# Subtest: BE-5: every locator kind stays explicitly unsupported over real HTTP with an exact echo, and no content identity is invented
ok 670 - BE-5: every locator kind stays explicitly unsupported over real HTTP with an exact echo, and no content identity is invented
  ---
  duration_ms: 72.069333
  type: 'test'
  ...
# Subtest: BE-5: an isolated child probe proves locator and inline MCP resolution performs no file read, socket connect, HTTP request, fetch or child process
ok 671 - BE-5: an isolated child probe proves locator and inline MCP resolution performs no file read, socket connect, HTTP request, fetch or child process
  ---
  duration_ms: 813.469875
  type: 'test'
  ...
# Subtest: BE-5: pure resolution stays available during an active Run while config, disk, revision and the Run binding remain unchanged and nothing imports
ok 672 - BE-5: pure resolution stays available during an active Run while config, disk, revision and the Run binding remain unchanged and nothing imports
  ---
  duration_ms: 153.705166
  type: 'test'
  ...
# Subtest: BE-5: the service seam mirrors the pure resolver and adapts its 400s to the host error shape
ok 673 - BE-5: the service seam mirrors the pure resolver and adapts its 400s to the host error shape
  ---
  duration_ms: 65.065084
  type: 'test'
  ...
# Subtest: attention: a healthy snapshot produces an empty list, not a hidden one
ok 674 - attention: a healthy snapshot produces an empty list, not a hidden one
  ---
  duration_ms: 0.690125
  type: 'test'
  ...
# Subtest: attention: health, diagnostics, ask permissions, trust and missing ids each raise one entry
ok 675 - attention: health, diagnostics, ask permissions, trust and missing ids each raise one entry
  ---
  duration_ms: 0.268958
  type: 'test'
  ...
# Subtest: contrast: the ratio is WCAG 2.x and the extremes are exact
ok 676 - contrast: the ratio is WCAG 2.x and the extremes are exact
  ---
  duration_ms: 0.119333
  type: 'test'
  ...
# Subtest: contrast: the browser warning checks exactly the build report pairs
ok 677 - contrast: the browser warning checks exactly the build report pairs
  ---
  duration_ms: 0.557875
  type: 'test'
  ...
# Subtest: RuntimeStore persists schemaVersion 13 session/run fields and the canonical user event
ok 678 - RuntimeStore persists schemaVersion 13 session/run fields and the canonical user event
  ---
  duration_ms: 115.6135
  type: 'test'
  ...
# Subtest: RuntimeStore createRun is idempotent by commandId and rejects a conflicting replay
ok 679 - RuntimeStore createRun is idempotent by commandId and rejects a conflicting replay
  ---
  duration_ms: 59.422625
  type: 'test'
  ...
# Subtest: RuntimeStore rejects an older schemaVersion file with no migration and does not rewrite it
ok 680 - RuntimeStore rejects an older schemaVersion file with no migration and does not rewrite it
  ---
  duration_ms: 106.872667
  type: 'test'
  ...
# Subtest: T-CRED-6: credentialGeneration is persisted and keeps increasing across a reopen
ok 681 - T-CRED-6: credentialGeneration is persisted and keeps increasing across a reopen
  ---
  duration_ms: 106.541041
  type: 'test'
  ...
# Subtest: copy guard rejects default record nouns and allows verbs, user values and disclosed diagnostics
ok 682 - copy guard rejects default record nouns and allows verbs, user values and disclosed diagnostics
  ---
  duration_ms: 15.181
  type: 'test'
  ...
# Subtest: raw consumer guard rejects new, duplicated and stale literal consumers
ok 683 - raw consumer guard rejects new, duplicated and stale literal consumers
  ---
  duration_ms: 0.582542
  type: 'test'
  ...
# Subtest: actual raw consumers and Pages cross-map remain registered
ok 684 - actual raw consumers and Pages cross-map remain registered
  ---
  duration_ms: 29.82075
  type: 'test'
  ...
# Subtest: CC-S · settings-active 时侧栏不渲染，而不是只被藏起来
ok 685 - CC-S · settings-active 时侧栏不渲染，而不是只被藏起来
  ---
  duration_ms: 0.649917
  type: 'test'
  ...
# Subtest: CC-S · Back to app 是唯一的离开动作，落在页标题行左端
ok 686 - CC-S · Back to app 是唯一的离开动作，落在页标题行左端
  ---
  duration_ms: 0.233416
  type: 'test'
  ...
# Subtest: CC-S · 设置的两列有自己的几何 token，不借 --nav 的列轨
ok 687 - CC-S · 设置的两列有自己的几何 token，不借 --nav 的列轨
  ---
  duration_ms: 0.380583
  type: 'test'
  ...
# Subtest: WK-115 ① · 第六个状态词是 Unknown，Interrupted 只在明确的终态上出现
ok 688 - WK-115 ① · 第六个状态词是 Unknown，Interrupted 只在明确的终态上出现
  ---
  duration_ms: 0.751583
  type: 'test'
  ...
# Subtest: WK-115 ② · Home / End 是纯导航键，且只在焦点已在列表里时接管
ok 689 - WK-115 ② · Home / End 是纯导航键，且只在焦点已在列表里时接管
  ---
  duration_ms: 0.310917
  type: 'test'
  ...
# Subtest: WK-115 ② · 两条列表各自 role=list，不合并
ok 690 - WK-115 ② · 两条列表各自 role=list，不合并
  ---
  duration_ms: 0.214333
  type: 'test'
  ...
# Subtest: WK-116 · 改约已落在文档里，不是一次 CSS 修复
ok 691 - WK-116 · 改约已落在文档里，不是一次 CSS 修复
  ---
  duration_ms: 0.112709
  type: 'test'
  ...
# Subtest: 一组完整的 Tier S token 通过，并被规范成可以直接落进样式表的声明
ok 692 - 一组完整的 Tier S token 通过，并被规范成可以直接落进样式表的声明
  ---
  duration_ms: 1.14975
  type: 'test'
  ...
# Subtest: 旧 gray-steel 全量块仍可读取，但新外观格式不接受其固定语义键
ok 693 - 旧 gray-steel 全量块仍可读取，但新外观格式不接受其固定语义键
  ---
  duration_ms: 0.672166
  type: 'test'
  ...
# Subtest: 产品内的 gray-steel 与 skins/gray-steel.css 逐字相同：两处不许漂移
ok 694 - 产品内的 gray-steel 与 skins/gray-steel.css 逐字相同：两处不许漂移
  ---
  duration_ms: 0.637583
  type: 'test'
  ...
# Subtest: 不是既有 token 名的声明被逐行拒绝，整组不落地
ok 695 - 不是既有 token 名的声明被逐行拒绝，整组不落地
  ---
  duration_ms: 0.096584
  type: 'test'
  ...
# Subtest: 颜色 token 只接受 hex：命名色、函数与变量都不行
ok 696 - 颜色 token 只接受 hex：命名色、函数与变量都不行
  ---
  duration_ms: 0.211125
  type: 'test'
  ...
# Subtest: url( · expression · @import · 转义 · 标记这些形状先于逐行解析被拒绝
ok 697 - url( · expression · @import · 转义 · 标记这些形状先于逐行解析被拒绝
  ---
  duration_ms: 0.071
  type: 'test'
  ...
# Subtest: 半套色阶被拒绝，并把缺的名字说出来
ok 698 - 半套色阶被拒绝，并把缺的名字说出来
  ---
  duration_ms: 0.056042
  type: 'test'
  ...
# Subtest: 行号指回原文，一次报完所有问题
ok 699 - 行号指回原文，一次报完所有问题
  ---
  duration_ms: 0.059667
  type: 'test'
  ...
# Subtest: legacy 数值可读，但新外观许可域拒绝材质参数
ok 700 - legacy 数值可读，但新外观许可域拒绝材质参数
  ---
  duration_ms: 0.396084
  type: 'test'
  ...
# Subtest: 一次只收一个块：粘贴整份 skin 文件被拒绝而不是只应用第一段
ok 701 - 一次只收一个块：粘贴整份 skin 文件被拒绝而不是只应用第一段
  ---
  duration_ms: 0.298125
  type: 'test'
  ...
# Subtest: 空输入与超长输入各有自己的话，不是同一句错误
ok 702 - 空输入与超长输入各有自己的话，不是同一句错误
  ---
  duration_ms: 0.1
  type: 'test'
  ...
# Subtest: 代码字体只收字体族名，收不下分号与括号
ok 703 - 代码字体只收字体族名，收不下分号与括号
  ---
  duration_ms: 0.0745
  type: 'test'
  ...
# Subtest: 读偏好只认闭集里的值：坏掉的存储读成默认，不是读成垃圾
ok 704 - 读偏好只认闭集里的值：坏掉的存储读成默认，不是读成垃圾
  ---
  duration_ms: 0.082667
  type: 'test'
  ...
# Subtest: Home 版面偏好是闭集：默认 Modules，坏值读回 Modules 而不是读成第三种版面
ok 705 - Home 版面偏好是闭集：默认 Modules，坏值读回 Modules 而不是读成第三种版面
  ---
  duration_ms: 0.078875
  type: 'test'
  ...
# Subtest: Home 模块只安装有既定读取接缝的 Activity 与 Attention
ok 706 - Home 模块只安装有既定读取接缝的 Activity 与 Attention
  ---
  duration_ms: 0.126917
  type: 'test'
  ...
# Subtest: Models 模块不复述 composer chip 的事实：它没有自己的读取
ok 707 - Models 模块不复述 composer chip 的事实：它没有自己的读取
  ---
  duration_ms: 0.036667
  type: 'test'
  ...
# Subtest: 页面的九个组是闭集，未知的节名落回 General
ok 708 - 页面的九个组是闭集，未知的节名落回 General
  ---
  duration_ms: 0.044542
  type: 'test'
  ...
# Subtest: CC-I · provenance 的词表今日是闭集的两个词，判定是与 owner 默认值的字面比较
ok 709 - CC-I · provenance 的词表今日是闭集的两个词，判定是与 owner 默认值的字面比较
  ---
  duration_ms: 0.061
  type: 'test'
  ...
# Subtest: CC-I · 默认态：provenance 是 Default，复位不呈现
ok 710 - CC-I · 默认态：provenance 是 Default，复位不呈现
  ---
  duration_ms: 0.521459
  type: 'test'
  ...
# Subtest: CC-I · 改一项之后翻为 Changed on this device，复位可用且可达名字带属性名
ok 711 - CC-I · 改一项之后翻为 Changed on this device，复位可用且可达名字带属性名
  ---
  duration_ms: 0.170958
  type: 'test'
  ...
# Subtest: CC-I · 复位：值回默认、provenance 回 Default、焦点落在本行控件上、有一条可播报的回执
ok 712 - CC-I · 复位：值回默认、provenance 回 Default、焦点落在本行控件上、有一条可播报的回执
  ---
  duration_ms: 0.243542
  type: 'test'
  ...
# Subtest: CC-I · 复位之后的下一次改值作废那条回执，回执不是一条会留在页面上的旧话
ok 713 - CC-I · 复位之后的下一次改值作废那条回执，回执不是一条会留在页面上的旧话
  ---
  duration_ms: 0.103542
  type: 'test'
  ...
# Subtest: CC-I · 没有 owner 默认值的行一个字都不多：同一个函数，不长出这三样
ok 714 - CC-I · 没有 owner 默认值的行一个字都不多：同一个函数，不长出这三样
  ---
  duration_ms: 0.106667
  type: 'test'
  ...
# Subtest: CC-I · provenance 挂在控件上，读屏听得到它而不是一段孤立的文字
ok 715 - CC-I · provenance 挂在控件上，读屏听得到它而不是一段孤立的文字
  ---
  duration_ms: 0.067042
  type: 'test'
  ...
# Subtest: CC-I · Code font：未提交的编辑不是 modified，提交后才是，校验失败不改 provenance
ok 716 - CC-I · Code font：未提交的编辑不是 modified，提交后才是，校验失败不改 provenance
  ---
  duration_ms: 0.388083
  type: 'test'
  ...
# Subtest: CC-I · Palette 选了 Custom tokens 但没 Apply 不算 changed：provenance 读生效值不读草稿
ok 717 - CC-I · Palette 选了 Custom tokens 但没 Apply 不算 changed：provenance 读生效值不读草稿
  ---
  duration_ms: 0.281375
  type: 'test'
  ...
# Subtest: CC-I · appearance keeps no value controls; only the provider context window is numeric
ok 718 - CC-I · appearance keeps no value controls; only the provider context window is numeric
  ---
  duration_ms: 1.167084
  type: 'test'
  ...
# Subtest: failed browser storage keeps the active projection but exposes session-only persistence
ok 719 - failed browser storage keeps the active projection but exposes session-only persistence
  ---
  duration_ms: 0.092333
  type: 'test'
  ...
# lint-shapes: 1 处违反 WK-128
# lint-shapes: 1 处违反 WK-128
# lint-shapes: 1 处违反 WK-128
# lint-shapes: 1 处违反 WK-128
# Subtest: 产品样式表通过形状 lint
not ok 720 - 产品样式表通过形状 lint
  ---
  duration_ms: 44.839542
  type: 'test'
  location: '/private/tmp/courtwork-projectless-chat-20260913/app/tests/shape-governance.test.mjs:30:1'
  failureType: 'testCodeFailure'
  error: |-
    app/web/styles.css:6617: .draft-attachments-popover 的 border-radius 不建立在任何形状角色上：var(--radius-lg)
    lint-shapes: 1 处违反 WK-128
    
    
    false !== true
    
  code: 'ERR_ASSERTION'
  name: 'AssertionError'
  expected: true
  actual: false
  operator: 'strictEqual'
  stack: |-
    TestContext.<anonymous> (file:///private/tmp/courtwork-projectless-chat-20260913/app/tests/shape-governance.test.mjs:32:10)
    Test.runInAsyncScope (node:async_hooks:214:14)
    Test.run (node:internal/test_runner/test:1047:25)
    Test.start (node:internal/test_runner/test:944:17)
    startSubtestAfterBootstrap (node:internal/test_runner/harness:296:17)
  ...
# Subtest: 满弧写成 50% 会被拒绝，并指回 --radius-pill
ok 721 - 满弧写成 50% 会被拒绝，并指回 --radius-pill
  ---
  duration_ms: 27.865209
  type: 'test'
  ...
# Subtest: 组件私有的游离圆角会被拒绝
ok 722 - 组件私有的游离圆角会被拒绝
  ---
  duration_ms: 27.90375
  type: 'test'
  ...
# Subtest: 不建立在形状角色上的表达式会被拒绝，派生式与多角声明通过
ok 723 - 不建立在形状角色上的表达式会被拒绝，派生式与多角声明通过
  ---
  duration_ms: 56.587209
  type: 'test'
  ...
# Subtest: 登记表内的形状按登记放行
ok 724 - 登记表内的形状按登记放行
  ---
  duration_ms: 29.332875
  type: 'test'
  ...
# Subtest: native chrome accepts bounded geometry and rejects arbitrary or invalid injection
ok 725 - native chrome accepts bounded geometry and rejects arbitrary or invalid injection
  ---
  duration_ms: 0.749833
  type: 'test'
  ...
# Subtest: host geometry updates and fullscreen/native nonoverlay remove reservations without adding a strip
ok 726 - host geometry updates and fullscreen/native nonoverlay remove reservations without adding a strip
  ---
  duration_ms: 0.222458
  type: 'test'
  ...
# Subtest: legacy values remain readable while projection ignores semantic and material keys
ok 727 - legacy values remain readable while projection ignores semantic and material keys
  ---
  duration_ms: 2.618959
  type: 'test'
  ...
# Subtest: unknown, semantic, and material declarations cannot enter the modern skin
ok 728 - unknown, semantic, and material declarations cannot enter the modern skin
  ---
  duration_ms: 1.44725
  type: 'test'
  ...
# Subtest: first paint retains raw storage but writes only canonical projected CSS
ok 729 - first paint retains raw storage but writes only canonical projected CSS
  ---
  duration_ms: 1.440375
  type: 'test'
  ...
# Subtest: a legal input over 4000 bytes and under 8000 bytes projects identically at first paint
ok 730 - a legal input over 4000 bytes and under 8000 bytes projects identically at first paint
  ---
  duration_ms: 1.306833
  type: 'test'
  ...
# Subtest: the policy is a synchronous classic script before the first-frame bootstrap
ok 731 - the policy is a synchronous classic script before the first-frame bootstrap
  ---
  duration_ms: 0.217833
  type: 'test'
  ...
# Subtest: Dystopia uses one closed preference registry and unknown choices fall back
ok 732 - Dystopia uses one closed preference registry and unknown choices fall back
  ---
  duration_ms: 0.911208
  type: 'test'
  ...
# Subtest: Dystopia is exactly the permitted opaque appearance scale in both modes
ok 733 - Dystopia is exactly the permitted opaque appearance scale in both modes
  ---
  duration_ms: 0.794334
  type: 'test'
  ...
# Subtest: MR-A1a: meta contract — version, units and byte limit are explicit
ok 734 - MR-A1a: meta contract — version, units and byte limit are explicit
  ---
  duration_ms: 0.858666
  type: 'test'
  ...
# Subtest: MR-A1a: plain ASCII — counts, hash and identity conversions
ok 735 - MR-A1a: plain ASCII — counts, hash and identity conversions
  ---
  duration_ms: 0.761084
  type: 'test'
  ...
# Subtest: MR-A1a: empty content is allowed and every offset except 0 is rejected
ok 736 - MR-A1a: empty content is allowed and every offset except 0 is rejected
  ---
  duration_ms: 0.31125
  type: 'test'
  ...
# Subtest: MR-A1a: BOM is preserved, counted as one code point, never stripped
ok 737 - MR-A1a: BOM is preserved, counted as one code point, never stripped
  ---
  duration_ms: 0.209666
  type: 'test'
  ...
# Subtest: MR-A1a: CRLF and trailing newline are literal code points, not normalized
ok 738 - MR-A1a: CRLF and trailing newline are literal code points, not normalized
  ---
  duration_ms: 0.0815
  type: 'test'
  ...
# Subtest: MR-A1a: combining characters are preserved; no Unicode normalization happens
ok 739 - MR-A1a: combining characters are preserved; no Unicode normalization happens
  ---
  duration_ms: 0.621
  type: 'test'
  ...
# Subtest: MR-A1a: emoji/astral — surrogate-pair interiors are rejected, never snapped
ok 740 - MR-A1a: emoji/astral — surrogate-pair interiors are rejected, never snapped
  ---
  duration_ms: 0.305625
  type: 'test'
  ...
# Subtest: MR-A1a: strict UTF-8 — malformed and truncated input is rejected with invalid_utf8
ok 741 - MR-A1a: strict UTF-8 — malformed and truncated input is rejected with invalid_utf8
  ---
  duration_ms: 0.324666
  type: 'test'
  ...
# Subtest: MR-A1a: size boundaries — 65536 bytes accepted, 65537 rejected as source_too_large
ok 742 - MR-A1a: size boundaries — 65536 bytes accepted, 65537 rejected as source_too_large
  ---
  duration_ms: 7.706375
  type: 'test'
  ...
# Subtest: MR-A1a: offset validation — unsafe integers, wrong ranges and bad units
ok 743 - MR-A1a: offset validation — unsafe integers, wrong ranges and bad units
  ---
  duration_ms: 0.536334
  type: 'test'
  ...
# Subtest: MR-A1a: input is copied — later mutation never reaches the built coordinates
ok 744 - MR-A1a: input is copied — later mutation never reaches the built coordinates
  ---
  duration_ms: 0.160084
  type: 'test'
  ...
# Subtest: MR-A1a: Buffer and offset views are accepted and measured by their own bytes
ok 745 - MR-A1a: Buffer and offset views are accepted and measured by their own bytes
  ---
  duration_ms: 0.109625
  type: 'test'
  ...
# Subtest: MR-A1a: wrong input types are a caller contract violation (TypeError)
ok 746 - MR-A1a: wrong input types are a caller contract violation (TypeError)
  ---
  duration_ms: 0.158958
  type: 'test'
  ...
# Subtest: MR-A1a: returned object is frozen; output metadata edits cannot pollute conversions
ok 747 - MR-A1a: returned object is frozen; output metadata edits cannot pollute conversions
  ---
  duration_ms: 0.143416
  type: 'test'
  ...
# Subtest: MR-A1a: repeated builds are deterministic and independent of each other
ok 748 - MR-A1a: repeated builds are deterministic and independent of each other
  ---
  duration_ms: 0.05875
  type: 'test'
  ...
# Subtest: MR-A1a: fixture corpus parity — module equals the independent oracle and the static expectations
ok 749 - MR-A1a: fixture corpus parity — module equals the independent oracle and the static expectations
  ---
  duration_ms: 7.523375
  type: 'test'
  ...
# Subtest: MR-A1a: NUL and control characters are ordinary code points, never trimmed
ok 750 - MR-A1a: NUL and control characters are ordinary code points, never trimmed
  ---
  duration_ms: 0.084
  type: 'test'
  ...
# Subtest: MR-A1a integration: spoofed non-byte views are rejected by internal type
ok 751 - MR-A1a integration: spoofed non-byte views are rejected by internal type
  ---
  duration_ms: 0.067083
  type: 'test'
  ...
# Subtest: MR-A1a integration: invalid unit errors never coerce caller objects
ok 752 - MR-A1a integration: invalid unit errors never coerce caller objects
  ---
  duration_ms: 0.102875
  type: 'test'
  ...
# Subtest: R2: six inline kinds resolve without changing config, then explicit imports preserve exact bytes
ok 753 - R2: six inline kinds resolve without changing config, then explicit imports preserve exact bytes
  ---
  duration_ms: 19.065875
  type: 'test'
  ...
# Subtest: R2: hashes bind bytes and interpretation; origin is only a caller assertion and outputs own their data
ok 754 - R2: hashes bind bytes and interpretation; origin is only a caller assertion and outputs own their data
  ---
  duration_ms: 0.344708
  type: 'test'
  ...
# Subtest: R2: skill/profile declarations remain unverified requirements without new capabilities
ok 755 - R2: skill/profile declarations remain unverified requirements without new capabilities
  ---
  duration_ms: 0.376375
  type: 'test'
  ...
# Subtest: R2: MCP and locators never fetch, connect or read their declared target
ok 756 - R2: MCP and locators never fetch, connect or read their declared target
  ---
  duration_ms: 0.356625
  type: 'test'
  ...
# Subtest: R2: malformed, executable and ambiguous sources cannot be silently reinterpreted
ok 757 - R2: malformed, executable and ambiguous sources cannot be silently reinterpreted
  ---
  duration_ms: 0.521334
  type: 'test'
  ...
# Subtest: R2: invalid YAML and cyclic projected metadata fail before config persistence
ok 758 - R2: invalid YAML and cyclic projected metadata fail before config persistence
  ---
  duration_ms: 6.491708
  type: 'test'
  ...
# (node:48491) ExperimentalWarning: SQLite is an experimental feature and might change at any time
# (Use `node --trace-warnings ...` to show where the warning was created)
# Subtest: BE41-B accepts source FILE zero and replacement rollback without accepting identical or negative versions
ok 759 - BE41-B accepts source FILE zero and replacement rollback without accepting identical or negative versions
  ---
  duration_ms: 1.0225
  type: 'test'
  ...
# Subtest: BE41-B binds live empty pages to the top token and rejects contradictory or malformed top tokens
ok 760 - BE41-B binds live empty pages to the top token and rejects contradictory or malformed top tokens
  ---
  duration_ms: 0.511083
  type: 'test'
  ...
# Subtest: BE41-B paginator sends exact snapshot; changed snapshot refresh starts at page zero without old token
ok 761 - BE41-B paginator sends exact snapshot; changed snapshot refresh starts at page zero without old token
  ---
  duration_ms: 6.47575
  type: 'test'
  ...
# Subtest: BE41-B late pagination cannot replace a closed and reopened read
ok 762 - BE41-B late pagination cannot replace a closed and reopened read
  ---
  duration_ms: 1.677542
  type: 'test'
  ...
# Subtest: BE41-B actual authenticated empty endpoint projects with its live top token
ok 763 - BE41-B actual authenticated empty endpoint projects with its live top token
  ---
  duration_ms: 195.133042
  type: 'test'
  ...
# Subtest: BE41-B a live snapshot rejection discards explicit sample and exposes Refresh
ok 764 - BE41-B a live snapshot rejection discards explicit sample and exposes Refresh
  ---
  duration_ms: 1.97975
  type: 'test'
  ...
# Subtest: SP1-FE · stale.json validates: one Matter behind, one fully current, sharing a snapshot
ok 765 - SP1-FE · stale.json validates: one Matter behind, one fully current, sharing a snapshot
  ---
  duration_ms: 1.55375
  type: 'test'
  ...
# Subtest: SP1-FE · quiet.json validates: every Matter current, no prompt-worthy bucket
ok 766 - SP1-FE · quiet.json validates: every Matter current, no prompt-worthy bucket
  ---
  duration_ms: 0.350958
  type: 'test'
  ...
# Subtest: SP1-FE · empty.json validates: no Matters, page.total 0
ok 767 - SP1-FE · empty.json validates: no Matters, page.total 0
  ---
  duration_ms: 0.391667
  type: 'test'
  ...
# Subtest: SP1-FE · partial.json validates: unavailable Matter keeps null counts, not zero
ok 768 - SP1-FE · partial.json validates: unavailable Matter keeps null counts, not zero
  ---
  duration_ms: 0.206
  type: 'test'
  ...
# Subtest: SP1-FE · truncated.json validates: 20 refs loaded, true count stated separately
ok 769 - SP1-FE · truncated.json validates: 20 refs loaded, true count stated separately
  ---
  duration_ms: 0.33025
  type: 'test'
  ...
# Subtest: SP1-FE · a 0 where a non-observed Matter must publish null is rejected, not read as zero
ok 770 - SP1-FE · a 0 where a non-observed Matter must publish null is rejected, not read as zero
  ---
  duration_ms: 0.174208
  type: 'test'
  ...
# Subtest: SP1-FE · an observed Matter reporting stale:null instead of a real zero is rejected
ok 771 - SP1-FE · an observed Matter reporting stale:null instead of a real zero is rejected
  ---
  duration_ms: 0.143709
  type: 'test'
  ...
# Subtest: SP1-FE · a genuine zero-stale Matter is accepted and stays a real, distinct zero
ok 772 - SP1-FE · a genuine zero-stale Matter is accepted and stays a real, distinct zero
  ---
  duration_ms: 0.21275
  type: 'test'
  ...
# Subtest: SP1-FE · staleRefsTruncated true with fewer than 20 loaded refs is rejected
ok 773 - SP1-FE · staleRefsTruncated true with fewer than 20 loaded refs is rejected
  ---
  duration_ms: 0.384625
  type: 'test'
  ...
# Subtest: SP1-FE · staleRefsTruncated false while refs fall short of the stated stale count is rejected
ok 774 - SP1-FE · staleRefsTruncated false while refs fall short of the stated stale count is rejected
  ---
  duration_ms: 0.385459
  type: 'test'
  ...
# Subtest: SP1-FE · more than the 20-ref page ceiling is rejected outright
ok 775 - SP1-FE · more than the 20-ref page ceiling is rejected outright
  ---
  duration_ms: 0.560792
  type: 'test'
  ...
# Subtest: SP1-FE · two Matters in one page reporting different snapshotRefs is rejected
ok 776 - SP1-FE · two Matters in one page reporting different snapshotRefs is rejected
  ---
  duration_ms: 0.231
  type: 'test'
  ...
# Subtest: SP1-FE · sameSnapshot refuses to confirm consistency across a null snapshot
ok 777 - SP1-FE · sameSnapshot refuses to confirm consistency across a null snapshot
  ---
  duration_ms: 0.08875
  type: 'test'
  ...
# Subtest: SP1-FE · wrong schemaVersion is rejected
ok 778 - SP1-FE · wrong schemaVersion is rejected
  ---
  duration_ms: 0.0785
  type: 'test'
  ...
# Subtest: SP1-FE · a stale ref not actually behind the Matter's source revision is rejected
ok 779 - SP1-FE · a stale ref not actually behind the Matter's source revision is rejected
  ---
  duration_ms: 0.099583
  type: 'test'
  ...
# Subtest: SP1-FE · byStatus counts that don't sum to derivations.current/stale are rejected
ok 780 - SP1-FE · byStatus counts that don't sum to derivations.current/stale are rejected
  ---
  duration_ms: 0.06175
  type: 'test'
  ...
# Subtest: SP1-FE · an observed Matter must not carry a reason
ok 781 - SP1-FE · an observed Matter must not carry a reason
  ---
  duration_ms: 0.085333
  type: 'test'
  ...
# Subtest: SP1-FE · a partial Matter must carry a reason
ok 782 - SP1-FE · a partial Matter must carry a reason
  ---
  duration_ms: 0.073125
  type: 'test'
  ...
# Subtest: SP1-FE · sourceSetChange with a non-increasing revision pair is rejected
ok 783 - SP1-FE · sourceSetChange with a non-increasing revision pair is rejected
  ---
  duration_ms: 0.071584
  type: 'test'
  ...
# Subtest: SP1-FE · a missing sourceSetChange key (vs. an explicit null) is rejected
ok 784 - SP1-FE · a missing sourceSetChange key (vs. an explicit null) is rejected
  ---
  duration_ms: 0.123542
  type: 'test'
  ...
# Subtest: SP1-FE · duplicate matterId within one page is rejected
ok 785 - SP1-FE · duplicate matterId within one page is rejected
  ---
  duration_ms: 0.067042
  type: 'test'
  ...
# Subtest: SP1-FE · page bounds exceeding the reported total are rejected
ok 786 - SP1-FE · page bounds exceeding the reported total are rejected
  ---
  duration_ms: 0.054667
  type: 'test'
  ...
# Subtest: SP1-FE · coverage.matters partial without a machine-readable reason is rejected
ok 787 - SP1-FE · coverage.matters partial without a machine-readable reason is rejected
  ---
  duration_ms: 0.04825
  type: 'test'
  ...
# Subtest: SP1-FE · a non-object payload, and a missing top-level field, are both rejected
ok 788 - SP1-FE · a non-object payload, and a missing top-level field, are both rejected
  ---
  duration_ms: 0.058875
  type: 'test'
  ...
# Subtest: SP1-FE · activityRows narrows to one candidate status without reordering
ok 789 - SP1-FE · activityRows narrows to one candidate status without reordering
  ---
  duration_ms: 0.188667
  type: 'test'
  ...
# Subtest: SP1-FE · truncationNote is null once every stale ref for a Matter is loaded
ok 790 - SP1-FE · truncationNote is null once every stale ref for a Matter is loaded
  ---
  duration_ms: 0.267584
  type: 'test'
  ...
# Subtest: Spark route selects a stable bound owner and opens the existing Work preview
ok 791 - Spark route selects a stable bound owner and opens the existing Work preview
  ---
  duration_ms: 9.294667
  type: 'test'
  ...
# Subtest: Spark route cannot manufacture a Work session for an unbound Matter
ok 792 - Spark route cannot manufacture a Work session for an unbound Matter
  ---
  duration_ms: 0.381292
  type: 'test'
  ...
# Subtest: a newer navigation cancels a pending Spark owner lookup
ok 793 - a newer navigation cancels a pending Spark owner lookup
  ---
  duration_ms: 0.370125
  type: 'test'
  ...
# Subtest: a newer navigation cancels Spark Work activation after session selection
ok 794 - a newer navigation cancels Spark Work activation after session selection
  ---
  duration_ms: 0.307042
  type: 'test'
  ...
# Subtest: Spark revalidates the loaded session binding before activating Work
ok 795 - Spark revalidates the loaded session binding before activating Work
  ---
  duration_ms: 0.404208
  type: 'test'
  ...
# Subtest: Spark does not activate Work when the selected session failed to load
ok 796 - Spark does not activate Work when the selected session failed to load
  ---
  duration_ms: 0.282041
  type: 'test'
  ...
# (node:48504) ExperimentalWarning: SQLite is an experimental feature and might change at any time
# (Use `node --trace-warnings ...` to show where the warning was created)
# Subtest: WO-SD-01 · GET /web/samples/spark-derivations/<name>.json 200s for all five scenarios, each a valid, unaltered BE-41 payload
ok 797 - WO-SD-01 · GET /web/samples/spark-derivations/<name>.json 200s for all five scenarios, each a valid, unaltered BE-41 payload
  ---
  duration_ms: 123.84575
  type: 'test'
  ...
# Subtest: WO-SD-01 · the sample route is a literal allowlist: an unregistered scenario name 404s, no directory listing, no traversal
ok 798 - WO-SD-01 · the sample route is a literal allowlist: an unregistered scenario name 404s, no directory listing, no traversal
  ---
  duration_ms: 85.198042
  type: 'test'
  ...
# Subtest: WO-SD-01 · the fixture directory no longer exists under app/tests — SD-18's git mv landed for real, not just in spark-projection.test.mjs's path
ok 799 - WO-SD-01 · the fixture directory no longer exists under app/tests — SD-18's git mv landed for real, not just in spark-projection.test.mjs's path
  ---
  duration_ms: 0.545917
  type: 'test'
  ...
# Subtest: SP1-FE · createSparkView keeps the frozen constructor signature
ok 800 - SP1-FE · createSparkView keeps the frozen constructor signature
  ---
  duration_ms: 0.648416
  type: 'test'
  ...
# Subtest: SP1-FE · a projection module fetches nothing, writes nothing, reads no clock
ok 801 - SP1-FE · a projection module fetches nothing, writes nothing, reads no clock
  ---
  duration_ms: 0.239542
  type: 'test'
  ...
# Subtest: SP1-FE · Spark makes no request path containing 'attention' — it resolves, creates or edits no Attention item
ok 802 - SP1-FE · Spark makes no request path containing 'attention' — it resolves, creates or edits no Attention item
  ---
  duration_ms: 0.628
  type: 'test'
  ...
# Subtest: SP1-FE · Spark writes nothing: no POST/PUT/PATCH/DELETE method anywhere in the view
ok 803 - SP1-FE · Spark writes nothing: no POST/PUT/PATCH/DELETE method anywhere in the view
  ---
  duration_ms: 0.106875
  type: 'test'
  ...
# Subtest: SP1-FE · no Spark-private persistence: no localStorage, sessionStorage or IndexedDB
ok 804 - SP1-FE · no Spark-private persistence: no localStorage, sessionStorage or IndexedDB
  ---
  duration_ms: 0.141958
  type: 'test'
  ...
# Subtest: SP1-FE · Spark introduces no new dependency: only relative app/web imports
ok 805 - SP1-FE · Spark introduces no new dependency: only relative app/web imports
  ---
  duration_ms: 0.13225
  type: 'test'
  ...
# Subtest: SP1-FE · a 404 is read as unimplemented, never rendered as zero maintenance items
ok 806 - SP1-FE · a 404 is read as unimplemented, never rendered as zero maintenance items
  ---
  duration_ms: 0.096083
  type: 'test'
  ...
# Subtest: SP1-FE · Unavailable is stated in words, not shown as a bare number
ok 807 - SP1-FE · Unavailable is stated in words, not shown as a bare number
  ---
  duration_ms: 0.04975
  type: 'test'
  ...
# Subtest: SP1-FE · pagination carries the prior snapshotRef and can be rejected
ok 808 - SP1-FE · pagination carries the prior snapshotRef and can be rejected
  ---
  duration_ms: 0.290167
  type: 'test'
  ...
# Subtest: SP1-FE · row navigation calls the host's onOpenMatter and opens no dialog/session of its own
ok 809 - SP1-FE · row navigation calls the host's onOpenMatter and opens no dialog/session of its own
  ---
  duration_ms: 0.343792
  type: 'test'
  ...
# Subtest: SP1-FE · static allowlist: spark-view.mjs / spark-projection.mjs are registered
ok 810 - SP1-FE · static allowlist: spark-view.mjs / spark-projection.mjs are registered
  ---
  duration_ms: 0.420458
  type: 'test'
  ...
# Subtest: SP1-FE · app.mjs wires the sidebar entry without touching the static allowlist array itself
ok 811 - SP1-FE · app.mjs wires the sidebar entry without touching the static allowlist array itself
  ---
  duration_ms: 0.141792
  type: 'test'
  ...
# Subtest: SD-01 · createSparkView keeps the frozen constructor signature — sample introduces no new dependency, no new parameter
ok 812 - SD-01 · createSparkView keeps the frozen constructor signature — sample introduces no new dependency, no new parameter
  ---
  duration_ms: 0.063625
  type: 'test'
  ...
# Subtest: SD-01 · the sample fetch reads the static sample route, never /work-derivations
ok 813 - SD-01 · the sample fetch reads the static sample route, never /work-derivations
  ---
  duration_ms: 0.031917
  type: 'test'
  ...
# Subtest: SD-01 · 'Show sample data' appears exactly once as code (comments stripped), inside the unimplemented branch, and nowhere else
ok 814 - SD-01 · 'Show sample data' appears exactly once as code (comments stripped), inside the unimplemented branch, and nowhere else
  ---
  duration_ms: 0.098
  type: 'test'
  ...
# Subtest: SD-01 · the sample header label 'Sample data' appears exactly once in the source (one row, no per-card label, no colour class, no icon() call)
ok 815 - SD-01 · the sample header label 'Sample data' appears exactly once in the source (one row, no per-card label, no colour class, no icon() call)
  ---
  duration_ms: 0.07225
  type: 'test'
  ...
# Subtest: SD-01 · the scenario select is a single control offering exactly the five frozen fixtures, defaulting to stale
ok 816 - SD-01 · the scenario select is a single control offering exactly the five frozen fixtures, defaulting to stale
  ---
  duration_ms: 0.057375
  type: 'test'
  ...
# Subtest: SD-01 · exit and re-probe copy match SD-17 exactly: 'Hide sample data', 'Check for a source again'
ok 817 - SD-01 · exit and re-probe copy match SD-17 exactly: 'Hide sample data', 'Check for a source again'
  ---
  duration_ms: 0.050208
  type: 'test'
  ...
# Subtest: SD-01 · sample rows are read-only: matterRow and the Activity section heading both branch on readOnly before ever calling onOpenMatter
ok 818 - SD-01 · sample rows are read-only: matterRow and the Activity section heading both branch on readOnly before ever calling onOpenMatter
  ---
  duration_ms: 0.125125
  type: 'test'
  ...
# Subtest: SD-01 · sample state is discarded on any valid live payload (including empty) and on any non-404 error, but survives a 404
ok 819 - SD-01 · sample state is discarded on any valid live payload (including empty) and on any non-404 error, but survives a 404
  ---
  duration_ms: 0.047791
  type: 'test'
  ...
# Subtest: SD-01 · sample never issues its own /work-derivations request: only load() (via request()) reaches that endpoint
ok 820 - SD-01 · sample never issues its own /work-derivations request: only load() (via request()) reaches that endpoint
  ---
  duration_ms: 0.044125
  type: 'test'
  ...
# Subtest: SD-01 · switching projects clears sample state before the live probe fires
ok 821 - SD-01 · switching projects clears sample state before the live probe fires
  ---
  duration_ms: 0.042417
  type: 'test'
  ...
# Subtest: SD-01 · sample state is checked before every other render branch and returns before the pager can run
ok 822 - SD-01 · sample state is checked before every other render branch and returns before the pager can run
  ---
  duration_ms: 0.047666
  type: 'test'
  ...
# Subtest: SD-01 · sample rendering reuses renderOverview/renderActivity — no second renderer for sample data
ok 823 - SD-01 · sample rendering reuses renderOverview/renderActivity — no second renderer for sample data
  ---
  duration_ms: 0.043709
  type: 'test'
  ...
# Subtest: SD-01 · styles.css gained only additions for the sample row: one new class, --muted-strong, no new colour token
ok 824 - SD-01 · styles.css gained only additions for the sample row: one new class, --muted-strong, no new colour token
  ---
  duration_ms: 0.495792
  type: 'test'
  ...
# Subtest: SD-01 · the static allowlist registers the five sample JSON files as one loop, with the JSON content type
ok 825 - SD-01 · the static allowlist registers the five sample JSON files as one loop, with the JSON content type
  ---
  duration_ms: 0.035125
  type: 'test'
  ...
# (node:48546) ExperimentalWarning: SQLite is an experimental feature and might change at any time
# (Use `node --trace-warnings ...` to show where the warning was created)
# Subtest: SE_TEST_CRASH_POINT alone is inert, and the server says so at startup
ok 826 - SE_TEST_CRASH_POINT alone is inert, and the server says so at startup
  ---
  duration_ms: 1248.622625
  type: 'test'
  ...
# Subtest: T-SELF-2: with no python3 on PATH the server refuses to start and names the reason
ok 827 - T-SELF-2: with no python3 on PATH the server refuses to start and names the reason
  ---
  duration_ms: 617.982958
  type: 'test'
  ...
# (node:48547) ExperimentalWarning: SQLite is an experimental feature and might change at any time
# (Use `node --trace-warnings ...` to show where the warning was created)
# Subtest: 每个 app/web 模块都在静态白名单里，且每条白名单路由都指向磁盘上存在的文件
ok 828 - 每个 app/web 模块都在静态白名单里，且每条白名单路由都指向磁盘上存在的文件
  ---
  duration_ms: 14.091834
  type: 'test'
  ...
# Subtest: ui-controls 白名单、icons.svg 的 symbol id、manifest 的 lucide.files 三者一致
ok 829 - ui-controls 白名单、icons.svg 的 symbol id、manifest 的 lucide.files 三者一致
  ---
  duration_ms: 6.489084
  type: 'test'
  ...
# Subtest: manifest.lucide 与 tools/ui-vendor/lucide/sources.json 逐字相同（生成源=已记录来源）
ok 830 - manifest.lucide 与 tools/ui-vendor/lucide/sources.json 逐字相同（生成源=已记录来源）
  ---
  duration_ms: 0.8455
  type: 'test'
  ...
# Subtest: manifest.outputs 里记的每个文件哈希都等于该文件此刻在磁盘上的真实 sha256
ok 831 - manifest.outputs 里记的每个文件哈希都等于该文件此刻在磁盘上的真实 sha256
  ---
  duration_ms: 1.813542
  type: 'test'
  ...
# Subtest: 白名单决定 /web 的可取性：模块 200，未列入的仓内材料 404
ok 832 - 白名单决定 /web 的可取性：模块 200，未列入的仓内材料 404
  ---
  duration_ms: 179.377542
  type: 'test'
  ...
# Subtest: skin-policy.js is an exact synchronous static route
ok 833 - skin-policy.js is an exact synchronous static route
  ---
  duration_ms: 91.03875
  type: 'test'
  ...
# Subtest: Run projection keeps the selected Session/Run identity and recorded file locator
ok 834 - Run projection keeps the selected Session/Run identity and recorded file locator
  ---
  duration_ms: 1.019083
  type: 'test'
  ...
# Subtest: Run projection fails closed for missing or cross-Session identity
ok 835 - Run projection fails closed for missing or cross-Session identity
  ---
  duration_ms: 0.154459
  type: 'test'
  ...
# Subtest: unknown status is distinct from an explicit empty recorded-file set
ok 836 - unknown status is distinct from an explicit empty recorded-file set
  ---
  duration_ms: 0.189958
  type: 'test'
  ...
# Subtest: loading, error, unavailable, and incompatible phases do not expose stale files
ok 837 - loading, error, unavailable, and incompatible phases do not expose stale files
  ---
  duration_ms: 0.289459
  type: 'test'
  ...
# Subtest: invalid artifact entries are filtered without turning unknown data into empty
ok 838 - invalid artifact entries are filtered without turning unknown data into empty
  ---
  duration_ms: 0.167833
  type: 'test'
  ...
# Subtest: readerUnavailable keeps file provenance but revokes every open capability
ok 839 - readerUnavailable keeps file provenance but revokes every open capability
  ---
  duration_ms: 0.052875
  type: 'test'
  ...
# Subtest: Run card starts collapsed with Files and Run information disclosures
ok 840 - Run card starts collapsed with Files and Run information disclosures
  ---
  duration_ms: 2.31125
  type: 'test'
  ...
# Subtest: Run card does not turn unknown or unavailable files into a zero count
ok 841 - Run card does not turn unknown or unavailable files into a zero count
  ---
  duration_ms: 0.298709
  type: 'test'
  ...
# Subtest: Run card rejects stale Open intents after identity or generation changes
ok 842 - Run card rejects stale Open intents after identity or generation changes
  ---
  duration_ms: 0.801208
  type: 'test'
  ...
# Subtest: Run card prevents duplicate async Open actions and preserves both disclosures and focus
ok 843 - Run card prevents duplicate async Open actions and preserves both disclosures and focus
  ---
  duration_ms: 5.256917
  type: 'test'
  ...
# Subtest: a late rejected action cannot block or annotate a replacement identity
ok 844 - a late rejected action cannot block or annotate a replacement identity
  ---
  duration_ms: 1.148625
  type: 'test'
  ...
# Subtest: Run card only offers Retry for an error and exposes callback failures
ok 845 - Run card only offers Retry for an error and exposes callback failures
  ---
  duration_ms: 0.707
  type: 'test'
  ...
# Subtest: removing a focused Retry action returns focus to Run information and preserves both disclosures
ok 846 - removing a focused Retry action returns focus to Run information and preserves both disclosures
  ---
  duration_ms: 0.498375
  type: 'test'
  ...
# Subtest: Run card hides incompatible projection schemas instead of rendering stale details
ok 847 - Run card hides incompatible projection schemas instead of rendering stale details
  ---
  duration_ms: 0.253583
  type: 'test'
  ...
# Subtest: Summary run preserves the clicked opener when disabling it clears browser focus
ok 848 - Summary run preserves the clicked opener when disabling it clears browser focus
  ---
  duration_ms: 1.221
  type: 'test'
  ...
# Subtest: Summary file preserves the clicked opener when disabling it clears browser focus
ok 849 - Summary file preserves the clicked opener when disabling it clears browser focus
  ---
  duration_ms: 0.916333
  type: 'test'
  ...
# Subtest: Summary file focus identity follows the recorded version when files reorder
ok 850 - Summary file focus identity follows the recorded version when files reorder
  ---
  duration_ms: 2.081875
  type: 'test'
  ...
# (node:48570) ExperimentalWarning: SQLite is an experimental feature and might change at any time
# (Use `node --trace-warnings ...` to show where the warning was created)
# Subtest: T-SYNC-1: afterSeq past the server's last seq is 400 cursor_ahead and reports nextSeq
ok 851 - T-SYNC-1: afterSeq past the server's last seq is 400 cursor_ahead and reports nextSeq
  ---
  duration_ms: 539.900667
  type: 'test'
  ...
# Subtest: T-SYNC-2: repeating a request for the same seq is idempotent and the sequence has no gaps
ok 852 - T-SYNC-2: repeating a request for the same seq is idempotent and the sequence has no gaps
  ---
  duration_ms: 576.351666
  type: 'test'
  ...
# Subtest: T-SYNC-3: snapshot lastSeq joins the event stream with no gap and no overlap, 50x under concurrent writes
ok 853 - T-SYNC-3: snapshot lastSeq joins the event stream with no gap and no overlap, 50x under concurrent writes
  ---
  duration_ms: 2003.138542
  type: 'test'
  ...
# Subtest: T-SYNC-4: polling and re-cancelling after a terminal state changes nothing
ok 854 - T-SYNC-4: polling and re-cancelling after a terminal state changes nothing
  ---
  duration_ms: 412.227541
  type: 'test'
  ...
# Subtest: host timing has independent request origins and preserves missing versus measured zero
ok 855 - host timing has independent request origins and preserves missing versus measured zero
  ---
  duration_ms: 1.288
  type: 'test'
  ...
# Subtest: out-of-interval observations stay in detail and do not become clamped chart marks
ok 856 - out-of-interval observations stay in detail and do not become clamped chart marks
  ---
  duration_ms: 0.075708
  type: 'test'
  ...
# Subtest: request view uses one on-demand disclosure, preserves semantic gaps and restores its open state
ok 857 - request view uses one on-demand disclosure, preserves semantic gaps and restores its open state
  ---
  duration_ms: 1.720583
  type: 'test'
  ...
# Subtest: missing usage stays unknown and a reported request estimate keeps its method
ok 858 - missing usage stays unknown and a reported request estimate keeps its method
  ---
  duration_ms: 15.958
  type: 'test'
  ...
# Subtest: all historical requests share the same outer disclosure while compact views select only the latest
ok 859 - all historical requests share the same outer disclosure while compact views select only the latest
  ---
  duration_ms: 0.743292
  type: 'test'
  ...
# Subtest: malformed v1 metadata is rejected while out-of-interval timing remains inspectable
ok 860 - malformed v1 metadata is rejected while out-of-interval timing remains inspectable
  ---
  duration_ms: 0.145417
  type: 'test'
  ...
# Subtest: request detail distinguishes runtime and provider aliases while retaining historical records
ok 861 - request detail distinguishes runtime and provider aliases while retaining historical records
  ---
  duration_ms: 1.311416
  type: 'test'
  ...
# Subtest: effort detail separates requested intent, SDK settings and unobserved provider behavior
ok 862 - effort detail separates requested intent, SDK settings and unobserved provider behavior
  ---
  duration_ms: 0.621625
  type: 'test'
  ...
# Subtest: thread projection scopes runs and resolves exact permission request
ok 863 - thread projection scopes runs and resolves exact permission request
  ---
  duration_ms: 1.057959
  type: 'test'
  ...
# Subtest: tool calls with identical IDs in different runs remain separate and require live admission
ok 864 - tool calls with identical IDs in different runs remain separate and require live admission
  ---
  duration_ms: 0.234875
  type: 'test'
  ...
# Subtest: permission display distinguishes remote actions from writes using only the recorded binding
ok 865 - permission display distinguishes remote actions from writes using only the recorded binding
  ---
  duration_ms: 0.187458
  type: 'test'
  ...
# Subtest: one tool state vocabulary serves both chat presentations
ok 866 - one tool state vocabulary serves both chat presentations
  ---
  duration_ms: 0.087125
  type: 'test'
  ...
# Subtest: the long-message preview reads as words and never replaces the original
ok 867 - the long-message preview reads as words and never replaces the original
  ---
  duration_ms: 0.622791
  type: 'test'
  ...
# (node:48593) ExperimentalWarning: SQLite is an experimental feature and might change at any time
# (Use `node --trace-warnings ...` to show where the warning was created)
# Subtest: Usage keeps UTC start-day, route identity, partial/zero/unknown and global scope
ok 868 - Usage keeps UTC start-day, route identity, partial/zero/unknown and global scope
  ---
  duration_ms: 2.837417
  type: 'test'
  ...
# Subtest: model route keys include exact endpoint without leaking endpoint in overview
ok 869 - model route keys include exact endpoint without leaking endpoint in overview
  ---
  duration_ms: 0.26225
  type: 'test'
  ...
# Subtest: chart series and Other membership sum exactly and ties never split heatmap levels
ok 870 - chart series and Other membership sum exactly and ties never split heatmap levels
  ---
  duration_ms: 0.800459
  type: 'test'
  ...
# Subtest: matching runs require same snapshot and preserve model/date filter through pagination
ok 871 - matching runs require same snapshot and preserve model/date filter through pagination
  ---
  duration_ms: 0.202709
  type: 'test'
  ...
# Subtest: combined token overflow fails closed and malformed frontend DTOs are rejected
ok 872 - combined token overflow fails closed and malformed frontend DTOs are rejected
  ---
  duration_ms: 0.286875
  type: 'test'
  ...
# Subtest: HTTP Usage scope, strict input and changed-snapshot rejection use actual retained Runs
ok 873 - HTTP Usage scope, strict input and changed-snapshot rejection use actual retained Runs
  ---
  duration_ms: 597.530125
  type: 'test'
  ...
# Subtest: Usage calendar shares Home Monday-first orientation with bounded keyboard movement
ok 874 - Usage calendar shares Home Monday-first orientation with bounded keyboard movement
  ---
  duration_ms: 0.314959
  type: 'test'
  ...
# Subtest: overview rejects malformed dates, scope, counts and incoherent model totals
ok 875 - overview rejects malformed dates, scope, counts and incoherent model totals
  ---
  duration_ms: 0.571
  type: 'test'
  ...
# Subtest: drilldown rejects malformed rows, wrong observation echo and unsafe pagination
ok 876 - drilldown rejects malformed rows, wrong observation echo and unsafe pagination
  ---
  duration_ms: 0.598667
  type: 'test'
  ...
# Subtest: drilldown accepts a persisted stopping run without turning it into stopped
ok 877 - drilldown accepts a persisted stopping run without turning it into stopped
  ---
  duration_ms: 0.4095
  type: 'test'
  ...
# Subtest: Usage local return restores its origin and rejects late drill responses
ok 878 - Usage local return restores its origin and rejects late drill responses
  ---
  duration_ms: 40.547125
  type: 'test'
  ...
# (node:48963) ExperimentalWarning: SQLite is an experimental feature and might change at any time
# (Use `node --trace-warnings ...` to show where the warning was created)
# Subtest: versioned revision action executes after acceptance, preserves history, and rejects stale or forged actions
ok 879 - versioned revision action executes after acceptance, preserves history, and rejects stale or forged actions
  ---
  duration_ms: 639.817875
  type: 'test'
  ...
# Subtest: unresolved and source-stale parents can be revised only with currently verified NDA input
ok 880 - unresolved and source-stale parents can be revised only with currently verified NDA input
  ---
  duration_ms: 478.773084
  type: 'test'
  ...
# Subtest: host active Run, producer unload, incompatible packet, and stale generation offer no usable mutation
ok 881 - host active Run, producer unload, incompatible packet, and stale generation offer no usable mutation
  ---
  duration_ms: 539.473875
  type: 'test'
  ...
# Subtest: artifact read is paged by code point and bound to an open trusted Matter/Run
ok 882 - artifact read is paged by code point and bound to an open trusted Matter/Run
  ---
  duration_ms: 89.011792
  type: 'test'
  ...
# (node:50359) ExperimentalWarning: SQLite is an experimental feature and might change at any time
# (Use `node --trace-warnings ...` to show where the warning was created)
# Subtest: model and human projections preserve source/contract/base applicability without granting authority
ok 883 - model and human projections preserve source/contract/base applicability without granting authority
  ---
  duration_ms: 1.500583
  type: 'test'
  ...
# Subtest: HTTP accepted short/25k/100k text resumes in new Session with scoped artifact pages; URLs are content
ok 884 - HTTP accepted short/25k/100k text resumes in new Session with scoped artifact pages; URLs are content
  ---
  duration_ms: 2132.200709
  type: 'test'
  ...
# (node:50360) ExperimentalWarning: SQLite is an experimental feature and might change at any time
# (Use `node --trace-warnings ...` to show where the warning was created)
# Subtest: same Matter in new Session, project isolation, detach to chat, producer absent restart history
ok 885 - same Matter in new Session, project isolation, detach to chat, producer absent restart history
  ---
  duration_ms: 736.601125
  type: 'test'
  ...
# Subtest: provider provenance is host-derived and preserves prior simulation records (real-route protocol uses loopback fixture)
ok 886 - provider provenance is host-derived and preserves prior simulation records (real-route protocol uses loopback fixture)
  ---
  duration_ms: 633.703416
  type: 'test'
  ...
# Subtest: concurrent Session admission is serialized before either execution starts
ok 887 - concurrent Session admission is serialized before either execution starts
  ---
  duration_ms: 989.726792
  type: 'test'
  ...
# Subtest: Core independent lifecycle: receipt/CAS/authority, revisions and immutable historical membership
ok 888 - Core independent lifecycle: receipt/CAS/authority, revisions and immutable historical membership
  ---
  duration_ms: 146.294583
  type: 'test'
  ...
# Subtest: Core worker is single writer; terminal and unknown runs cannot admit fresh model proposals
ok 889 - Core worker is single writer; terminal and unknown runs cannot admit fresh model proposals
  ---
  duration_ms: 139.56075
  type: 'test'
  ...
# Subtest: real transaction SIGKILL before commit and after commit before acknowledgement yields unique recoverable effect
ok 890 - real transaction SIGKILL before commit and after commit before acknowledgement yields unique recoverable effect
  ---
  duration_ms: 788.766042
  type: 'test'
  ...
# Subtest: v1 migration backs up original, retains current source membership; failed schema migration rolls back
ok 891 - v1 migration backs up original, retains current source membership; failed schema migration rolls back
  ---
  duration_ms: 454.761917
  type: 'test'
  ...
# Subtest: missing application metadata fails closed; terminal Run cannot change or claim another candidate
ok 892 - missing application metadata fails closed; terminal Run cannot change or claim another candidate
  ---
  duration_ms: 264.250708
  type: 'test'
  ...
# (node:50482) ExperimentalWarning: SQLite is an experimental feature and might change at any time
# (Use `node --trace-warnings ...` to show where the warning was created)
# Subtest: BE41-A HTTP snapshot binds project identity and rejects off-page changes
ok 893 - BE41-A HTTP snapshot binds project identity and rejects off-page changes
  ---
  duration_ms: 182.463917
  type: 'test'
  ...
# Subtest: BE41-A HTTP keeps a top-level snapshot token on an empty beyond-total page
ok 894 - BE41-A HTTP keeps a top-level snapshot token on an empty beyond-total page
  ---
  duration_ms: 149.273958
  type: 'test'
  ...
# Subtest: BE41-A preserves FILE/Matter version zero and reports source revision zero as partial
ok 895 - BE41-A preserves FILE/Matter version zero and reports source revision zero as partial
  ---
  duration_ms: 169.866875
  type: 'test'
  ...
# Subtest: BE41-A staleRefs thresholds 19/20/21 retain exact refs and truncation
ok 896 - BE41-A staleRefs thresholds 19/20/21 retain exact refs and truncation
  ---
  duration_ms: 116.059292
  type: 'test'
  ...
# (node:50765) ExperimentalWarning: SQLite is an experimental feature and might change at any time
# (Use `node --trace-warnings ...` to show where the warning was created)
# Subtest: BE41 empty/zero, project scope, stable pages and stale snapshot rejection without writes
ok 897 - BE41 empty/zero, project scope, stable pages and stale snapshot rejection without writes
  ---
  duration_ms: 172.252416
  type: 'test'
  ...
# Subtest: BE41 exact status counts, immutable lineage, 20-ref truncation and source membership diff
ok 898 - BE41 exact status counts, immutable lineage, 20-ref truncation and source membership diff
  ---
  duration_ms: 96.204083
  type: 'test'
  ...
# Subtest: BE41 migrated missing source history gives null counts and project-wide partial coverage
ok 899 - BE41 migrated missing source history gives null counts and project-wide partial coverage
  ---
  duration_ms: 176.761541
  type: 'test'
  ...
# Subtest: BE41 authenticated HTTP validates queries; no Session or producer required
ok 900 - BE41 authenticated HTTP validates queries; no Session or producer required
  ---
  duration_ms: 178.852791
  type: 'test'
  ...
# Subtest: BE41 source rollback is real, large diffs are partial, and policy/off-page membership invalidates tokens
ok 901 - BE41 source rollback is real, large diffs are partial, and policy/off-page membership invalidates tokens
  ---
  duration_ms: 184.40525
  type: 'test'
  ...
# Subtest: BE41 oversized identity metadata refuses explicitly rather than breaking the worker frame
ok 902 - BE41 oversized identity metadata refuses explicitly rather than breaking the worker frame
  ---
  duration_ms: 90.089334
  type: 'test'
  ...
# (node:50834) ExperimentalWarning: SQLite is an experimental feature and might change at any time
# (Use `node --trace-warnings ...` to show where the warning was created)
# Subtest: Core SIGKILL before commit / after commit before ACK, followed by HTTP receipt reconciliation and continuation
ok 903 - Core SIGKILL before commit / after commit before ACK, followed by HTTP receipt reconciliation and continuation
  ---
  duration_ms: 1333.372042
  type: 'test'
  ...
# {"stage":"before_commit","signal":"SIGKILL","receiptBeforeRetry":null,"artifactBeforeRetry":null,"afterRetry":{"candidate_hash":"6cde263feb9f973a5ef31c33c352a06fc15f922b5a864a1615b4ea14be0bd52b","candidate_id":"candidate-8129cec6bbf000c099212c26e2ff52a9c3486568a67b2b3a2d101688513e46da","content":"Synthetic artifact","content_digest":"39e1e275ef10883426ac72410d1124562e9810a8938310b9db3608b7385515ca","id":"artifact-candidate-8129cec6bbf000c099212c26e2ff52a9c3486568a67b2b3a2d101688513e46da-1"},"durable":{"work":{"id":"matter-5a2bd387-efbe-42ad-81c2-87cd04d841c3","version":1,"contract_version":"se-contract-v5.0","source_version":1,"active_artifact":"artifact-candidate-8129cec6bbf000c099212c26e2ff52a9c3486568a67b2b3a2d101688513e46da-1","obligations_json":"[{\\"blocking\\":false,\\"evidence_refs\\":[],\\"id\\":\\"follow-up\\",\\"status\\":\\"open\\",\\"text\\":\\"Confirm the owner\\"}]"},"artifact":{"id":"artifact-candidate-8129cec6bbf000c099212c26e2ff52a9c3486568a67b2b3a2d101688513e46da-1","candidate_id":"candidate-8129cec6bbf000c099212c26e2ff52a9c3486568a67b2b3a2d101688513e46da","candidate_hash":"6cde263feb9f973a5ef31c33c352a06fc15f922b5a864a1615b4ea14be0bd52b","content":"Synthetic artifact","content_digest":"39e1e275ef10883426ac72410d1124562e9810a8938310b9db3608b7385515ca"},"decisions":[{"request_id":"crash-request","matter_id":"matter-5a2bd387-efbe-42ad-81c2-87cd04d841c3","candidate_id":"candidate-8129cec6bbf000c099212c26e2ff52a9c3486568a67b2b3a2d101688513e46da","action":"accept","reason":"Synthetic review","actor_json":"{\\"id\\":\\"reviewer-1\\",\\"kind\\":\\"local_reviewer\\"}","scope_json":"{\\"base_version\\":0,\\"candidate_id\\":\\"candidate-8129cec6bbf000c099212c26e2ff52a9c3486568a67b2b3a2d101688513e46da\\",\\"matter_id\\":\\"matter-5a2bd387-efbe-42ad-81c2-87cd04d841c3\\",\\"run_id\\":\\"8b56b056-c3ae-4d0c-a754-ebf5872da404\\"}","result_json":"{\\"action\\":\\"accept\\",\\"active_artifact\\":\\"artifact-candidate-8129cec6bbf000c099212c26e2ff52a9c3486568a67b2b3a2d101688513e46da-1\\",\\"candidate_id\\":\\"candidate-8129cec6bbf000c099212c26e2ff52a9c3486568a67b2b3a2d101688513e46da\\",\\"matter_id\\":\\"matter-5a2bd387-efbe-42ad-81c2-87cd04d841c3\\",\\"request_id\\":\\"crash-request\\",\\"version\\":1}"}],"audits":[{"id":1,"request_id":"crash-request","matter_id":"matter-5a2bd387-efbe-42ad-81c2-87cd04d841c3","candidate_id":"candidate-8129cec6bbf000c099212c26e2ff52a9c3486568a67b2b3a2d101688513e46da","action":"accept","actor_json":"{\\"id\\":\\"reviewer-1\\",\\"kind\\":\\"local_reviewer\\"}","scope_json":"{\\"base_version\\":0,\\"candidate_id\\":\\"candidate-8129cec6bbf000c099212c26e2ff52a9c3486568a67b2b3a2d101688513e46da\\",\\"matter_id\\":\\"matter-5a2bd387-efbe-42ad-81c2-87cd04d841c3\\",\\"run_id\\":\\"8b56b056-c3ae-4d0c-a754-ebf5872da404\\"}","result_json":"{\\"action\\":\\"accept\\",\\"active_artifact\\":\\"artifact-candidate-8129cec6bbf000c099212c26e2ff52a9c3486568a67b2b3a2d101688513e46da-1\\",\\"candidate_id\\":\\"candidate-8129cec6bbf000c099212c26e2ff52a9c3486568a67b2b3a2d101688513e46da\\",\\"matter_id\\":\\"matter-5a2bd387-efbe-42ad-81c2-87cd04d841c3\\",\\"request_id\\":\\"crash-request\\",\\"version\\":1}"}],"receipts":[{"request_id":"crash-request","request_hash":"9bd538c99c2f2c0880f895ab257c8519f9267282d6ca1452a8c505cc1b98f650","result_json":"{\\"action\\":\\"accept\\",\\"active_artifact\\":\\"artifact-candidate-8129cec6bbf000c099212c26e2ff52a9c3486568a67b2b3a2d101688513e46da-1\\",\\"candidate_id\\":\\"candidate-8129cec6bbf000c099212c26e2ff52a9c3486568a67b2b3a2d101688513e46da\\",\\"matter_id\\":\\"matter-5a2bd387-efbe-42ad-81c2-87cd04d841c3\\",\\"request_id\\":\\"crash-request\\",\\"version\\":1}"}]},"obligations":[{"blocking":false,"evidence_refs":[],"id":"follow-up","status":"open","text":"Confirm the owner"}],"continued":{"candidate_hash":"e08ce358ed2ca8b5aef2a842d4ac8b879ffb7f0708d761a0ee1a345a64283184","candidate_id":"continued","content":"Continued after recovery","content_digest":"424b1590fcf0bdf9e2bf2b4b6617e165c9f4e12885c7839198500fefaf5faeae","id":"artifact-continued-2"}}
# {"stage":"after_commit_before_ack","signal":"SIGKILL","receiptBeforeRetry":{"action":"accept","active_artifact":"artifact-candidate-d7c5df87ddf548e3f0ddcca4a7dc1705766d0f7f52717a9f89c620449f04ac8b-1","candidate_id":"candidate-d7c5df87ddf548e3f0ddcca4a7dc1705766d0f7f52717a9f89c620449f04ac8b","matter_id":"matter-43011d1b-5fcf-4b60-b27a-f653b49f39ef","request_id":"crash-request","version":1},"artifactBeforeRetry":{"candidate_hash":"a9309f0d78d71bd98ea81bb8453a2c925af753e72cd5d0011a819a699986dd5d","candidate_id":"candidate-d7c5df87ddf548e3f0ddcca4a7dc1705766d0f7f52717a9f89c620449f04ac8b","content":"Synthetic artifact","content_digest":"39e1e275ef10883426ac72410d1124562e9810a8938310b9db3608b7385515ca","id":"artifact-candidate-d7c5df87ddf548e3f0ddcca4a7dc1705766d0f7f52717a9f89c620449f04ac8b-1"},"afterRetry":{"candidate_hash":"a9309f0d78d71bd98ea81bb8453a2c925af753e72cd5d0011a819a699986dd5d","candidate_id":"candidate-d7c5df87ddf548e3f0ddcca4a7dc1705766d0f7f52717a9f89c620449f04ac8b","content":"Synthetic artifact","content_digest":"39e1e275ef10883426ac72410d1124562e9810a8938310b9db3608b7385515ca","id":"artifact-candidate-d7c5df87ddf548e3f0ddcca4a7dc1705766d0f7f52717a9f89c620449f04ac8b-1"},"durable":{"work":{"id":"matter-43011d1b-5fcf-4b60-b27a-f653b49f39ef","version":1,"contract_version":"se-contract-v5.0","source_version":1,"active_artifact":"artifact-candidate-d7c5df87ddf548e3f0ddcca4a7dc1705766d0f7f52717a9f89c620449f04ac8b-1","obligations_json":"[{\\"blocking\\":false,\\"evidence_refs\\":[],\\"id\\":\\"follow-up\\",\\"status\\":\\"open\\",\\"text\\":\\"Confirm the owner\\"}]"},"artifact":{"id":"artifact-candidate-d7c5df87ddf548e3f0ddcca4a7dc1705766d0f7f52717a9f89c620449f04ac8b-1","candidate_id":"candidate-d7c5df87ddf548e3f0ddcca4a7dc1705766d0f7f52717a9f89c620449f04ac8b","candidate_hash":"a9309f0d78d71bd98ea81bb8453a2c925af753e72cd5d0011a819a699986dd5d","content":"Synthetic artifact","content_digest":"39e1e275ef10883426ac72410d1124562e9810a8938310b9db3608b7385515ca"},"decisions":[{"request_id":"crash-request","matter_id":"matter-43011d1b-5fcf-4b60-b27a-f653b49f39ef","candidate_id":"candidate-d7c5df87ddf548e3f0ddcca4a7dc1705766d0f7f52717a9f89c620449f04ac8b","action":"accept","reason":"Synthetic review","actor_json":"{\\"id\\":\\"reviewer-1\\",\\"kind\\":\\"local_reviewer\\"}","scope_json":"{\\"base_version\\":0,\\"candidate_id\\":\\"candidate-d7c5df87ddf548e3f0ddcca4a7dc1705766d0f7f52717a9f89c620449f04ac8b\\",\\"matter_id\\":\\"matter-43011d1b-5fcf-4b60-b27a-f653b49f39ef\\",\\"run_id\\":\\"e47187db-6898-43a3-93c7-e42e22245d68\\"}","result_json":"{\\"action\\":\\"accept\\",\\"active_artifact\\":\\"artifact-candidate-d7c5df87ddf548e3f0ddcca4a7dc1705766d0f7f52717a9f89c620449f04ac8b-1\\",\\"candidate_id\\":\\"candidate-d7c5df87ddf548e3f0ddcca4a7dc1705766d0f7f52717a9f89c620449f04ac8b\\",\\"matter_id\\":\\"matter-43011d1b-5fcf-4b60-b27a-f653b49f39ef\\",\\"request_id\\":\\"crash-request\\",\\"version\\":1}"}],"audits":[{"id":1,"request_id":"crash-request","matter_id":"matter-43011d1b-5fcf-4b60-b27a-f653b49f39ef","candidate_id":"candidate-d7c5df87ddf548e3f0ddcca4a7dc1705766d0f7f52717a9f89c620449f04ac8b","action":"accept","actor_json":"{\\"id\\":\\"reviewer-1\\",\\"kind\\":\\"local_reviewer\\"}","scope_json":"{\\"base_version\\":0,\\"candidate_id\\":\\"candidate-d7c5df87ddf548e3f0ddcca4a7dc1705766d0f7f52717a9f89c620449f04ac8b\\",\\"matter_id\\":\\"matter-43011d1b-5fcf-4b60-b27a-f653b49f39ef\\",\\"run_id\\":\\"e47187db-6898-43a3-93c7-e42e22245d68\\"}","result_json":"{\\"action\\":\\"accept\\",\\"active_artifact\\":\\"artifact-candidate-d7c5df87ddf548e3f0ddcca4a7dc1705766d0f7f52717a9f89c620449f04ac8b-1\\",\\"candidate_id\\":\\"candidate-d7c5df87ddf548e3f0ddcca4a7dc1705766d0f7f52717a9f89c620449f04ac8b\\",\\"matter_id\\":\\"matter-43011d1b-5fcf-4b60-b27a-f653b49f39ef\\",\\"request_id\\":\\"crash-request\\",\\"version\\":1}"}],"receipts":[{"request_id":"crash-request","request_hash":"16af12fbad5241513b733be0225303354f41dc34981e5af4757350b462dcafe9","result_json":"{\\"action\\":\\"accept\\",\\"active_artifact\\":\\"artifact-candidate-d7c5df87ddf548e3f0ddcca4a7dc1705766d0f7f52717a9f89c620449f04ac8b-1\\",\\"candidate_id\\":\\"candidate-d7c5df87ddf548e3f0ddcca4a7dc1705766d0f7f52717a9f89c620449f04ac8b\\",\\"matter_id\\":\\"matter-43011d1b-5fcf-4b60-b27a-f653b49f39ef\\",\\"request_id\\":\\"crash-request\\",\\"version\\":1}"}]},"obligations":[{"blocking":false,"evidence_refs":[],"id":"follow-up","status":"open","text":"Confirm the owner"}],"continued":{"candidate_hash":"d34123ac58492d0a310d94c95f9cefd70e85b89f6ce24de49d396ddea5390428","candidate_id":"continued","content":"Continued after recovery","content_digest":"424b1590fcf0bdf9e2bf2b4b6617e165c9f4e12885c7839198500fefaf5faeae","id":"artifact-continued-2"}}
# Subtest: HTTP stale source refusal, producer unload/read-only/reload and legal revised completion
ok 904 - HTTP stale source refusal, producer unload/read-only/reload and legal revised completion
  ---
  duration_ms: 270.256083
  type: 'test'
  ...
# (node:50991) ExperimentalWarning: SQLite is an experimental feature and might change at any time
# (Use `node --trace-warnings ...` to show where the warning was created)
# Subtest: UTC bins count unique retained run IDs, every status, and start time rather than end time
ok 905 - UTC bins count unique retained run IDs, every status, and start time rather than end time
  ---
  duration_ms: 1.365792
  type: 'test'
  ...
# Subtest: empty differs from reported zero and aggregate overflow fails instead of rounding
ok 906 - empty differs from reported zero and aggregate overflow fails instead of rounding
  ---
  duration_ms: 0.439792
  type: 'test'
  ...
# Subtest: summary UTC filter uses each collection timestamp before pagination
ok 907 - summary UTC filter uses each collection timestamp before pagination
  ---
  duration_ms: 0.3615
  type: 'test'
  ...
# Subtest: authenticated HTTP metrics are read-only, survive restart, and honestly shrink after deletion
ok 908 - authenticated HTTP metrics are read-only, survive restart, and honestly shrink after deletion
  ---
  duration_ms: 215.92425
  type: 'test'
  ...
# Subtest: read during an unpublished mutation sees the whole previous snapshot
ok 909 - read during an unpublished mutation sees the whole previous snapshot
  ---
  duration_ms: 366.02875
  type: 'test'
  ...
# Subtest: available summary stays visible at zero and opens the existing Work review
ok 910 - available summary stays visible at zero and opens the existing Work review
  ---
  duration_ms: 4.110417
  type: 'test'
  ...
# Subtest: candidate, stale and read-only facts remain separate without an impossible ready count
ok 911 - candidate, stale and read-only facts remain separate without an impossible ready count
  ---
  duration_ms: 0.673375
  type: 'test'
  ...
# Subtest: pending count stays a single compact fact when all or only some candidates are reviewable
ok 912 - pending count stays a single compact fact when all or only some candidates are reviewable
  ---
  duration_ms: 0.516333
  type: 'test'
  ...
# Subtest: refresh clears old facts while loading and on failure
ok 913 - refresh clears old facts while loading and on failure
  ---
  duration_ms: 0.872458
  type: 'test'
  ...
# Subtest: late and mismatched responses cannot replace the current scope
ok 914 - late and mismatched responses cannot replace the current scope
  ---
  duration_ms: 0.722333
  type: 'test'
  ...
# Subtest: a view outside the current scope does not start a request
ok 915 - a view outside the current scope does not start a request
  ---
  duration_ms: 0.269333
  type: 'test'
  ...
# Subtest: summary reread returns detached keyboard focus without stealing a later user focus
ok 916 - summary reread returns detached keyboard focus without stealing a later user focus
  ---
  duration_ms: 0.699792
  type: 'test'
  ...
# (node:51145) ExperimentalWarning: SQLite is an experimental feature and might change at any time
# (Use `node --trace-warnings ...` to show where the warning was created)
# Subtest: Core review summary follows pending, decision, new Session and lifecycle without returning bodies
ok 917 - Core review summary follows pending, decision, new Session and lifecycle without returning bodies
  ---
  duration_ms: 470.282917
  type: 'test'
  ...
# Subtest: Core review summary keeps stale pending and domain review separate from authority to accept
ok 918 - Core review summary keeps stale pending and domain review separate from authority to accept
  ---
  duration_ms: 661.583583
  type: 'test'
  ...
# Subtest: Core review summary does not turn missing Core projections or failures into zero pending
ok 919 - Core review summary does not turn missing Core projections or failures into zero pending
  ---
  duration_ms: 154.711042
  type: 'test'
  ...
# (node:51146) ExperimentalWarning: SQLite is an experimental feature and might change at any time
# (Use `node --trace-warnings ...` to show where the warning was created)
# Subtest: Pro R-01: before-write never reports completed or discards settlement error
ok 920 - Pro R-01: before-write never reports completed or discards settlement error
  ---
  duration_ms: 595.781334
  type: 'test'
  ...
# Subtest: Pro R-01: after-write-ack-loss never reports completed or discards settlement error
ok 921 - Pro R-01: after-write-ack-loss never reports completed or discards settlement error
  ---
  duration_ms: 751.572334
  type: 'test'
  ...
# Subtest: Pro R-01: cancel-and-finish-failure never reports completed or discards settlement error
ok 922 - Pro R-01: cancel-and-finish-failure never reports completed or discards settlement error
  ---
  duration_ms: 745.919417
  type: 'test'
  ...
# Subtest: Pro R-02: ordinary first instruction discovers scoped source refs only from host context
ok 923 - Pro R-02: ordinary first instruction discovers scoped source refs only from host context
  ---
  duration_ms: 257.644584
  type: 'test'
  ...
# Subtest: Pro R-04: intermediate tool updates stay nonterminal until end
ok 924 - Pro R-04: intermediate tool updates stay nonterminal until end
  ---
  duration_ms: 2.0575
  type: 'test'
  ...
# Subtest: summary sees one published view across paused resolve persistence
ok 925 - summary sees one published view across paused resolve persistence
  ---
  duration_ms: 51.581458
  type: 'test'
  ...
# Subtest: summary sees one published view across paused cancel persistence
ok 926 - summary sees one published view across paused cancel persistence
  ---
  duration_ms: 49.180292
  type: 'test'
  ...
# (node:51288) ExperimentalWarning: SQLite is an experimental feature and might change at any time
# (Use `node --trace-warnings ...` to show where the warning was created)
# Subtest: work summary distinguishes empty, no-run, completed, failed and unknown
ok 927 - work summary distinguishes empty, no-run, completed, failed and unknown
  ---
  duration_ms: 586.807291
  type: 'test'
  ...
# Subtest: live ask_user and permission entries disappear after answer or cancel, and stale posts remain 409
ok 928 - live ask_user and permission entries disappear after answer or cancel, and stale posts remain 409
  ---
  duration_ms: 1000.898834
  type: 'test'
  ...
# Subtest: summary excludes stale question states and paginates pending/inspection by project with a union of lastSeq
ok 929 - summary excludes stale question states and paginates pending/inspection by project with a union of lastSeq
  ---
  duration_ms: 106.456709
  type: 'test'
  ...
# Subtest: restart hides the old live question, exposes its unknown Run, and a new Run gets a new ID
ok 930 - restart hides the old live question, exposes its unknown Run, and a new Run gets a new ID
  ---
  duration_ms: 1405.867625
  type: 'test'
  ...
# Subtest: summary keeps project sources separate and has deterministic tie ordering, offsets and bounds
ok 931 - summary keeps project sources separate and has deterministic tie ordering, offsets and bounds
  ---
  duration_ms: 92.847833
  type: 'test'
  ...
# Subtest: summary is allowlisted and read-only; unauthorized and failed reads are errors rather than empty results
ok 932 - summary is allowlisted and read-only; unauthorized and failed reads are errors rather than empty results
  ---
  duration_ms: 202.435459
  type: 'test'
  ...
# Subtest: CC-W 第 0 项 · 工作面定性按视口分档，旧的 not-a-third-column 已不在文档里
ok 933 - CC-W 第 0 项 · 工作面定性按视口分档，旧的 not-a-third-column 已不在文档里
  ---
  duration_ms: 0.571166
  type: 'test'
  ...
# Subtest: CC-W 第 0 项 · 尺寸 token 表登记了 ≥1680 断点、--doc-min 与正文行宽上限
ok 934 - CC-W 第 0 项 · 尺寸 token 表登记了 ≥1680 断点、--doc-min 与正文行宽上限
  ---
  duration_ms: 0.149958
  type: 'test'
  ...
# Subtest: CC-W 第 0 项 · M-9 在途换词不换宽度，按钮元素本身不被替换
ok 935 - CC-W 第 0 项 · M-9 在途换词不换宽度，按钮元素本身不被替换
  ---
  duration_ms: 0.198833
  type: 'test'
  ...
# Subtest: CC-W 第 0 项 · M-10 tooltip 共享延迟：首个 400，窗口内相邻即时
ok 936 - CC-W 第 0 项 · M-10 tooltip 共享延迟：首个 400，窗口内相邻即时
  ---
  duration_ms: 0.122125
  type: 'test'
  ...
# Subtest: CC-W 1 · 文档 tab 只有一个，身份由既有字段拼出，不新增 scope 字段
ok 937 - CC-W 1 · 文档 tab 只有一个，身份由既有字段拼出，不新增 scope 字段
  ---
  duration_ms: 0.767292
  type: 'test'
  ...
# Subtest: CC-W 1 · 选中区与关闭区分开；类型 tab 没有关闭区；关闭是明确动作
ok 938 - CC-W 1 · 选中区与关闭区分开；类型 tab 没有关闭区；关闭是明确动作
  ---
  duration_ms: 0.329625
  type: 'test'
  ...
# Subtest: CC-W 2 · B 态是视图切换：聊天列 hidden + inert，没有遮罩，没有浮层材质
ok 939 - CC-W 2 · B 态是视图切换：聊天列 hidden + inert，没有遮罩，没有浮层材质
  ---
  duration_ms: 0.292417
  type: 'test'
  ...
# Subtest: CC-W 3 · C 态是三条真的列轨，各自滚动，chrome 同一基线
ok 940 - CC-W 3 · C 态是三条真的列轨，各自滚动，chrome 同一基线
  ---
  duration_ms: 0.321292
  type: 'test'
  ...
# Subtest: CC-W 2 / 3 · 返回控件不在 tablist 里，也不占顶带那个槽位
ok 941 - CC-W 2 / 3 · 返回控件不在 tablist 里，也不占顶带那个槽位
  ---
  duration_ms: 0.476875
  type: 'test'
  ...
# Subtest: CC-W 4 / 5 · 面板宽 ≠ 正文行宽；滚动位置在没有布局盒时不被抹成 0
ok 942 - CC-W 4 / 5 · 面板宽 ≠ 正文行宽；滚动位置在没有布局盒时不被抹成 0
  ---
  duration_ms: 0.4555
  type: 'test'
  ...
# Subtest: CC-W 1 · agent activity 是 tab 上的一个记号，不是 banner，不只靠颜色
ok 943 - CC-W 1 · agent activity 是 tab 上的一个记号，不是 banner，不只靠颜色
  ---
  duration_ms: 0.261875
  type: 'test'
  ...
# (node:51330) ExperimentalWarning: SQLite is an experimental feature and might change at any time
# (Use `node --trace-warnings ...` to show where the warning was created)
# Subtest: T-WS-1: '..' path segments are rejected
ok 944 - T-WS-1: '..' path segments are rejected
  ---
  duration_ms: 2.7865
  type: 'test'
  ...
# Subtest: T-WS-2: absolute paths are rejected
ok 945 - T-WS-2: absolute paths are rejected
  ---
  duration_ms: 0.328208
  type: 'test'
  ...
# Subtest: T-WS-3: symlink escape is rejected
ok 946 - T-WS-3: symlink escape is rejected
  ---
  duration_ms: 0.815291
  type: 'test'
  ...
# Subtest: T-WS-4: an over-limit file is rejected by ws_read (throws; pi-agent-core turns a thrown tool error into isError:true)
ok 947 - T-WS-4: an over-limit file is rejected by ws_read (throws; pi-agent-core turns a thrown tool error into isError:true)
  ---
  duration_ms: 1.222917
  type: 'test'
  ...
# Subtest: T-WS-5: ws_read then ws_write round-trips through the workspace endpoints
ok 948 - T-WS-5: ws_read then ws_write round-trips through the workspace endpoints
  ---
  duration_ms: 346.695709
  type: 'test'
  ...
# Subtest: materials endpoint rejects path separators in the name
ok 949 - materials endpoint rejects path separators in the name
  ---
  duration_ms: 60.727541
  type: 'test'
  ...
# Subtest: addMaterial rejects content over the 1 MiB limit (service-level, below the HTTP body cap)
ok 950 - addMaterial rejects content over the 1 MiB limit (service-level, below the HTTP body cap)
  ---
  duration_ms: 67.479958
  type: 'test'
  ...
# Subtest: T-WS-6: repeated writes yield two content versions and one current file
ok 951 - T-WS-6: repeated writes yield two content versions and one current file
  ---
  duration_ms: 638.004083
  type: 'test'
  ...
# Subtest: addMaterial routes through the shared path guard, which rejects a '..' name
ok 952 - addMaterial routes through the shared path guard, which rejects a '..' name
  ---
  duration_ms: 74.183666
  type: 'test'
  ...
# Subtest: T-ART-1: a completed run with no write has no artifacts and no acceptance field
ok 953 - T-ART-1: a completed run with no write has no artifacts and no acceptance field
  ---
  duration_ms: 151.488042
  type: 'test'
  ...
# Subtest: T-ART-2: two writes to one path keep both content versions and one current file
ok 954 - T-ART-2: two writes to one path keep both content versions and one current file
  ---
  duration_ms: 776.51575
  type: 'test'
  ...
# Subtest: ws_grep rejects nested quantifiers and over-long patterns before compiling them
ok 955 - ws_grep rejects nested quantifiers and over-long patterns before compiling them
  ---
  duration_ms: 40.872583
  type: 'test'
  ...
# Subtest: getWorkspaceFile truncates on a UTF-8 boundary and keeps the whole-file digest
ok 956 - getWorkspaceFile truncates on a UTF-8 boundary and keeps the whole-file digest
  ---
  duration_ms: 79.589417
  type: 'test'
  ...
# Subtest: a second run in a continued session revises the first run's file
ok 957 - a second run in a continued session revises the first run's file
  ---
  duration_ms: 871.786042
  type: 'test'
  ...
1..957
# tests 960
# suites 0
# pass 957
# fail 3
# cancelled 0
# skipped 0
# todo 0
# duration_ms 221302.66
