
> se-agent-v5-runtime@0.1.0 pretest
> node scripts/check-historical-fixtures.mjs

Historical test inputs verified: 45 commit/path/hash checks.

> se-agent-v5-runtime@0.1.0 test
> node --test --test-concurrency=4 tests/*.test.mjs ../tests/*.test.mjs

TAP version 13
# Subtest: 颜色字面量只出现在 tier:S 块内
ok 1 - 颜色字面量只出现在 tier:S 块内
  ---
  duration_ms: 76.590875
  type: 'test'
  ...
# Subtest: 两 skin × 两宗的角色对比度不低于门槛
ok 2 - 两 skin × 两宗的角色对比度不低于门槛
  ---
  duration_ms: 37.990875
  type: 'test'
  ...
# Subtest: renderer is a neutral projection surface and dispatches typed actions without actor fields
ok 3 - renderer is a neutral projection surface and dispatches typed actions without actor fields
  ---
  duration_ms: 1.170958
  type: 'test'
  ...
# Subtest: catalog exposes development evidence-memo and business-free probe factories
ok 4 - catalog exposes development evidence-memo and business-free probe factories
  ---
  duration_ms: 1.047541
  type: 'test'
  ...
# Subtest: manifest is machine-marked development and advertises generic binding fields
ok 5 - manifest is machine-marked development and advertises generic binding fields
  ---
  duration_ms: 0.174
  type: 'test'
  ...
# Subtest: legacy transport import resolves the single shared Core owner
ok 6 - legacy transport import resolves the single shared Core owner
  ---
  duration_ms: 0.544125
  type: 'test'
  ...
# Subtest: createBinding owns Matter creation and projection exposes source, evidence, candidate, artifact and draft
ok 7 - createBinding owns Matter creation and projection exposes source, evidence, candidate, artifact and draft
  ---
  duration_ms: 111.107875
  type: 'test'
  ...
# Subtest: begin exposes only namespaced source/propose tools and Core rejects late candidate calls after close
ok 8 - begin exposes only namespaced source/propose tools and Core rejects late candidate calls after close
  ---
  duration_ms: 108.117583
  type: 'test'
  ...
# Subtest: humanAction accepts only host-derived local-user and uses the same Review route for formal Artifact
ok 9 - humanAction accepts only host-derived local-user and uses the same Review route for formal Artifact
  ---
  duration_ms: 102.757959
  type: 'test'
  ...
# Subtest: close gates admission before cleanup and finish maps cancellation without acceptance
ok 10 - close gates admission before cleanup and finish maps cancellation without acceptance
  ---
  duration_ms: 111.61275
  type: 'test'
  ...
# Subtest: same data directory admits one POSIX flock owner and keeps the inode after release
ok 11 - same data directory admits one POSIX flock owner and keeps the inode after release
  ---
  duration_ms: 189.288375
  type: 'test'
  ...
# Subtest: unexpected holder death invokes onLost and the next host can safely reacquire
ok 12 - unexpected holder death invokes onLost and the next host can safely reacquire
  ---
  duration_ms: 115.795917
  type: 'test'
  ...
# Subtest: owner SIGKILL closes the parent pipe and does not require deleting the lock file
ok 13 - owner SIGKILL closes the parent pipe and does not require deleting the lock file
  ---
  duration_ms: 225.835334
  type: 'test'
  ...
# (node:54996) ExperimentalWarning: SQLite is an experimental feature and might change at any time
# (Use `node --trace-warnings ...` to show where the warning was created)
# Subtest: answer admission race: ask_user queued behind cancel returns 409
ok 14 - answer admission race: ask_user queued behind cancel returns 409
  ---
  duration_ms: 617.987625
  type: 'test'
  ...
# Subtest: answer admission race: permission queued behind cancel returns 409
ok 15 - answer admission race: permission queued behind cancel returns 409
  ---
  duration_ms: 512.109833
  type: 'test'
  ...
# Subtest: normal ask_user answer still resolves and completes the run
ok 16 - normal ask_user answer still resolves and completes the run
  ---
  duration_ms: 1466.370834
  type: 'test'
  ...
# Subtest: double permission answer records one decision and rejects the other
ok 17 - double permission answer records one decision and rejects the other
  ---
  duration_ms: 1000.884333
  type: 'test'
  ...
# Subtest: the limited scanner recognizes imports while ignoring comments and strings
ok 18 - the limited scanner recognizes imports while ignoring comments and strings
  ---
  duration_ms: 1.100541
  type: 'test'
  ...
# Subtest: legal and forbidden synthetic edges exercise all approved boundaries
ok 19 - legal and forbidden synthetic edges exercise all approved boundaries
  ---
  duration_ms: 3.004167
  type: 'test'
  ...
# Subtest: the current Core, runtime, renderer, and composition-root graph obeys ownership
ok 20 - the current Core, runtime, renderer, and composition-root graph obeys ownership
  ---
  duration_ms: 58.466292
  type: 'test'
  ...
# (node:55055) ExperimentalWarning: SQLite is an experimental feature and might change at any time
# (Use `node --trace-warnings ...` to show where the warning was created)
# Subtest: AM-C final wire golden and no-op are stable after temporary path canonicalization
ok 21 - AM-C final wire golden and no-op are stable after temporary path canonicalization
  ---
  duration_ms: 1113.874958
  type: 'test'
  ...
# Subtest: AM-C separates request shape, old prefix, and semantic tool diffs
ok 22 - AM-C separates request shape, old prefix, and semantic tool diffs
  ---
  duration_ms: 487.089292
  type: 'test'
  ...
# Subtest: AM-C records description, schema, and permission changes as expected diffs
ok 23 - AM-C records description, schema, and permission changes as expected diffs
  ---
  duration_ms: 1573.192958
  type: 'test'
  ...
# Subtest: history refs keep exact UTF-8 blobs reachable through Git GC; another session cannot read them
ok 24 - history refs keep exact UTF-8 blobs reachable through Git GC; another session cannot read them
  ---
  duration_ms: 629.721791
  type: 'test'
  ...
# Subtest: history cancellation waits for the Git process to exit and the next save repairs interrupted init
ok 25 - history cancellation waits for the Git process to exit and the next save repairs interrupted init
  ---
  duration_ms: 1387.300708
  type: 'test'
  ...
# Subtest: existing non-blob history object is an integrity failure
ok 26 - existing non-blob history object is an integrity failure
  ---
  duration_ms: 209.308917
  type: 'test'
  ...
# (node:55145) ExperimentalWarning: SQLite is an experimental feature and might change at any time
# (Use `node --trace-warnings ...` to show where the warning was created)
# Subtest: R1-HIST-1: v1 and v2 remain readable after current-file deletion
ok 27 - R1-HIST-1: v1 and v2 remain readable after current-file deletion
  ---
  duration_ms: 654.607083
  type: 'test'
  ...
# Subtest: R1-HIST-2: cross-session, wrong-record, and unrecorded lookups are 404 and reads are pure
ok 28 - R1-HIST-2: cross-session, wrong-record, and unrecorded lookups are 404 and reads are pure
  ---
  duration_ms: 543.255375
  type: 'test'
  ...
# Subtest: R1-HIST-3: historical text truncates on a UTF-8 boundary with full bytes/hash
ok 29 - R1-HIST-3: historical text truncates on a UTF-8 boundary with full bytes/hash
  ---
  duration_ms: 742.174417
  type: 'test'
  ...
# Subtest: R1-HIST-4: a recorded legacy artifact without history returns 410 history_unavailable
ok 30 - R1-HIST-4: a recorded legacy artifact without history returns 410 history_unavailable
  ---
  duration_ms: 546.005292
  type: 'test'
  ...
# Subtest: R1-HIST-5: object/metadata byte mismatch returns 500 artifact_integrity_failed
ok 31 - R1-HIST-5: object/metadata byte mismatch returns 500 artifact_integrity_failed
  ---
  duration_ms: 525.892667
  type: 'test'
  ...
# Subtest: R1-HIST-6: SIGKILL after history and before rename exposes neither file nor artifact
ok 32 - R1-HIST-6: SIGKILL after history and before rename exposes neither file nor artifact
  ---
  duration_ms: 1333.342625
  type: 'test'
  ...
# Subtest: R1-HIST-7: SIGKILL after rename and before record leaves current file unrecorded
ok 33 - R1-HIST-7: SIGKILL after rename and before record leaves current file unrecorded
  ---
  duration_ms: 1377.608708
  type: 'test'
  ...
# Subtest: R1-HIST-8: SIGKILL after record preserves historical bytes across restart
ok 34 - R1-HIST-8: SIGKILL after record preserves historical bytes across restart
  ---
  duration_ms: 1381.085666
  type: 'test'
  ...
# (node:56546) ExperimentalWarning: SQLite is an experimental feature and might change at any time
# (Use `node --trace-warnings ...` to show where the warning was created)
# Subtest: only native text updates project as assistant deltas
ok 35 - only native text updates project as assistant deltas
  ---
  duration_ms: 0.725375
  type: 'test'
  ...
# Subtest: stream filtering retains final assistant messages and request telemetry
ok 36 - stream filtering retains final assistant messages and request telemetry
  ---
  duration_ms: 151.757708
  type: 'test'
  ...
# (node:56766) ExperimentalWarning: SQLite is an experimental feature and might change at any time
# (Use `node --trace-warnings ...` to show where the warning was created)
# Subtest: catalog staleness keeps durable result readable and refuses further adapter work
ok 37 - catalog staleness keeps durable result readable and refuses further adapter work
  ---
  duration_ms: 58.962125
  type: 'test'
  ...
# Subtest: policy rejection records dependency before adapter I/O, leaving Run unresolved
ok 38 - policy rejection records dependency before adapter I/O, leaving Run unresolved
  ---
  duration_ms: 51.61575
  type: 'test'
  ...
# Subtest: late query cannot overwrite cancellation and lost cancel ACK remains unresolved
ok 39 - late query cannot overwrite cancellation and lost cancel ACK remains unresolved
  ---
  duration_ms: 109.403791
  type: 'test'
  ...
# Subtest: stopped Run forbids dispatch and wait stays inside local budget
ok 40 - stopped Run forbids dispatch and wait stays inside local budget
  ---
  duration_ms: 158.138541
  type: 'test'
  ...
# Subtest: host/Pi wrapper denial of an old async_get leaves the new Run unresolved
ok 41 - host/Pi wrapper denial of an old async_get leaves the new Run unresolved
  ---
  duration_ms: 215.080292
  type: 'test'
  ...
# Subtest: fixture independently releases two documents without timing assertions
ok 42 - fixture independently releases two documents without timing assertions
  ---
  duration_ms: 99.169292
  type: 'test'
  ...
# Subtest: fixture makes delivery identity idempotent and exposes launch/result acknowledgement loss
ok 43 - fixture makes delivery identity idempotent and exposes launch/result acknowledgement loss
  ---
  duration_ms: 99.364542
  type: 'test'
  ...
# Subtest: fixture keeps cancel-before-success and cancel-after-success distinct
ok 44 - fixture keeps cancel-before-success and cancel-after-success distinct
  ---
  duration_ms: 70.755292
  type: 'test'
  ...
# Subtest: SIGKILLs the state-owning provider and queries persisted synthetic settlement after restart
ok 45 - SIGKILLs the state-owning provider and queries persisted synthetic settlement after restart
  ---
  duration_ms: 166.097917
  type: 'test'
  ...
# Subtest: in-flight provider SIGKILL retains the accepted synthetic record without implicit resume or relaunch
ok 46 - in-flight provider SIGKILL retains the accepted synthetic record without implicit resume or relaunch
  ---
  duration_ms: 143.7495
  type: 'test'
  ...
# Subtest: concurrent launches publish complete synthetic state before their barriers open
ok 47 - concurrent launches publish complete synthetic state before their barriers open
  ---
  duration_ms: 128.365708
  type: 'test'
  ...
# Subtest: reused job IDs reject a changed immutable request without incrementing the launch attempt
ok 48 - reused job IDs reject a changed immutable request without incrementing the launch attempt
  ---
  duration_ms: 68.304458
  type: 'test'
  ...
# Subtest: AM-B-T1 captures the final MCP payload and preserves the synchronous loop
ok 49 - AM-B-T1 captures the final MCP payload and preserves the synchronous loop
  ---
  duration_ms: 48.840959
  type: 'test'
  ...
# Subtest: AM-B-T1 records task-shaped responses as unsupported and shows the current continuation gap
ok 50 - AM-B-T1 records task-shaped responses as unsupported and shows the current continuation gap
  ---
  duration_ms: 11.799042
  type: 'test'
  ...
# Subtest: AM-B-T1 does not treat partial args as a completed tool result, and exposes current wire gaps
ok 51 - AM-B-T1 does not treat partial args as a completed tool result, and exposes current wire gaps
  ---
  duration_ms: 8.858833
  type: 'test'
  ...
# Subtest: AM-B-T1 observes Pi 0.85.1 final HTTP encoding and waits for complete streamed tool arguments
ok 52 - AM-B-T1 observes Pi 0.85.1 final HTTP encoding and waits for complete streamed tool arguments
  ---
  duration_ms: 56.531584
  type: 'test'
  ...
# (node:57174) ExperimentalWarning: SQLite is an experimental feature and might change at any time
# (Use `node --trace-warnings ...` to show where the warning was created)
# Subtest: independent recovery: SIGKILL at async_intent keeps one original task/run and never relaunches
ok 53 - independent recovery: SIGKILL at async_intent keeps one original task/run and never relaunches
  ---
  duration_ms: 1124.574292
  type: 'test'
  ...
# Subtest: independent recovery: SIGKILL at async_dispatch keeps one original task/run and never relaunches
ok 54 - independent recovery: SIGKILL at async_dispatch keeps one original task/run and never relaunches
  ---
  duration_ms: 1021.022542
  type: 'test'
  ...
# Subtest: independent recovery: SIGKILL at async_result keeps one original task/run and never relaunches
ok 55 - independent recovery: SIGKILL at async_result keeps one original task/run and never relaunches
  ---
  duration_ms: 1132.194167
  type: 'test'
  ...
# Subtest: independent recovery: SIGKILL at async_delivery keeps one original task/run and never relaunches
ok 56 - independent recovery: SIGKILL at async_delivery keeps one original task/run and never relaunches
  ---
  duration_ms: 1595.547833
  type: 'test'
  ...
# Subtest: fixed old main schema4 RuntimeStore rejects a schema13 state without changing bytes
ok 57 - fixed old main schema4 RuntimeStore rejects a schema13 state without changing bytes
  ---
  duration_ms: 1195.422417
  type: 'test'
  ...
# Subtest: schema3 and schema4 migrate with an exact independent backup and reopen
ok 58 - schema3 and schema4 migrate with an exact independent backup and reopen
  ---
  duration_ms: 1089.733916
  type: 'test'
  ...
# Subtest: invalid UTF-8 schema4 input is refused before migration and its bytes remain untouched
ok 59 - invalid UTF-8 schema4 input is refused before migration and its bytes remain untouched
  ---
  duration_ms: 95.597416
  type: 'test'
  ...
# (node:57282) ExperimentalWarning: SQLite is an experimental feature and might change at any time
# (Use `node --trace-warnings ...` to show where the warning was created)
# Subtest: current: full schemaVersion:1 view is an independent literal copy with availability last
ok 60 - current: full schemaVersion:1 view is an independent literal copy with availability last
  ---
  duration_ms: 0.979875
  type: 'test'
  ...
# Subtest: availability classes follow the frozen priority with no inference
ok 61 - availability classes follow the frozen priority with no inference
  ---
  duration_ms: 0.559583
  type: 'test'
  ...
# Subtest: options omit result and/or deliveries but never rewrite the rest
ok 62 - options omit result and/or deliveries but never rewrite the rest
  ---
  duration_ms: 0.192708
  type: 'test'
  ...
# Subtest: nulls and prepared-but-unrecorded delivery facts are preserved, never filled in
ok 63 - nulls and prepared-but-unrecorded delivery facts are preserved, never filled in
  ---
  duration_ms: 0.069291
  type: 'test'
  ...
# Subtest: succeeded and cancelRequestedAt coexist; terminal evidence is immutable in the view
ok 64 - succeeded and cancelRequestedAt coexist; terminal evidence is immutable in the view
  ---
  duration_ms: 0.338291
  type: 'test'
  ...
# Subtest: an older delivery snapshot is projected as-is and never repaired into newer facts
ok 65 - an older delivery snapshot is projected as-is and never repaired into newer facts
  ---
  duration_ms: 0.093875
  type: 'test'
  ...
# Subtest: no invented fields and no auto-recovery in the projection
ok 66 - no invented fields and no auto-recovery in the projection
  ---
  duration_ms: 0.07375
  type: 'test'
  ...
# Subtest: a stale source never projects as current even when a result exists
ok 67 - a stale source never projects as current even when a result exists
  ---
  duration_ms: 0.071333
  type: 'test'
  ...
# Subtest: HTTP list/detail packets: real host + synthetic adapter, scoped and paged
ok 68 - HTTP list/detail packets: real host + synthetic adapter, scoped and paged
  ---
  duration_ms: 705.876792
  type: 'test'
  ...
# (node:57318) ExperimentalWarning: SQLite is an experimental feature and might change at any time
# (Use `node --trace-warnings ...` to show where the warning was created)
# Subtest: two durable reads use actual host/Pi tools and wait only on the selected source
ok 69 - two durable reads use actual host/Pi tools and wait only on the selected source
  ---
  duration_ms: 533.891
  type: 'test'
  ...
# Subtest: premature final and lost launch ACK preserve query-only recovery, then a later Run consumes the original task
ok 70 - premature final and lost launch ACK preserve query-only recovery, then a later Run consumes the original task
  ---
  duration_ms: 616.196917
  type: 'test'
  ...
# Subtest: source/implementation absence remains readable; corrupt bytes and cross-session consumption are refused
ok 71 - source/implementation absence remains readable; corrupt bytes and cross-session consumption are refused
  ---
  duration_ms: 109.403334
  type: 'test'
  ...
# Subtest: schema3/4 migrate through exclusive backup and refuse existing backup paths
ok 72 - schema3/4 migrate through exclusive backup and refuse existing backup paths
  ---
  duration_ms: 434.701333
  type: 'test'
  ...
# Subtest: invalid UTF-8 schema4 is refused before backup or replacement
ok 73 - invalid UTF-8 schema4 is refused before backup or replacement
  ---
  duration_ms: 96.929791
  type: 'test'
  ...
# Subtest: the projection accepts exactly the actions this app was built against
ok 74 - the projection accepts exactly the actions this app was built against
  ---
  duration_ms: 1.414917
  type: 'test'
  ...
# Subtest: a descriptor fails closed on a stale revision, an unknown action or a widened schema
ok 75 - a descriptor fails closed on a stale revision, an unknown action or a widened schema
  ---
  duration_ms: 0.399666
  type: 'test'
  ...
# Subtest: the detail offers only advertised, understood actions and never an out-of-scope control
ok 76 - the detail offers only advertised, understood actions and never an out-of-scope control
  ---
  duration_ms: 30.450541
  type: 'test'
  ...
# Subtest: an item whose descriptors this app cannot read offers no controls at all
ok 77 - an item whose descriptors this app cannot read offers no controls at all
  ---
  duration_ms: 1.679417
  type: 'test'
  ...
# Subtest: acknowledge is the action itself: an empty payload, no dialog, no toggle
ok 78 - acknowledge is the action itself: an empty payload, no dialog, no toggle
  ---
  duration_ms: 5.940375
  type: 'test'
  ...
# Subtest: resolve requires a reason and refuses to send without one
ok 79 - resolve requires a reason and refuses to send without one
  ---
  duration_ms: 15.344834
  type: 'test'
  ...
# Subtest: snooze records a next action and only sends a due time when the trigger is one
ok 80 - snooze records a next action and only sends a due time when the trigger is one
  ---
  duration_ms: 10.426333
  type: 'test'
  ...
# Subtest: a recorded due time is required for the at trigger and is sent with its zone
ok 81 - a recorded due time is required for the at trigger and is sent with its zone
  ---
  duration_ms: 8.829334
  type: 'test'
  ...
# Subtest: resume and reopen name their target state and offer no third one
ok 82 - resume and reopen name their target state and offer no third one
  ---
  duration_ms: 3.990292
  type: 'test'
  ...
# Subtest: a resolved item offers reopen and nothing the contract withdrew
ok 83 - a resolved item offers reopen and nothing the contract withdrew
  ---
  duration_ms: 1.68175
  type: 'test'
  ...
# Subtest: nothing is optimistic: only the submit control changes while a request is open
ok 84 - nothing is optimistic: only the submit control changes while a request is open
  ---
  duration_ms: 3.881292
  type: 'test'
  ...
# Subtest: when the last row of a page leaves, the view backs up to a page that exists
ok 85 - when the last row of a page leaves, the view backs up to a page that exists
  ---
  duration_ms: 3.673583
  type: 'test'
  ...
# (node:57512) ExperimentalWarning: SQLite is an experimental feature and might change at any time
# (Use `node --trace-warnings ...` to show where the warning was created)
# Subtest: global Attention has replayable identity, shared configuration and a real governed Run
ok 86 - global Attention has replayable identity, shared configuration and a real governed Run
  ---
  duration_ms: 629.513291
  type: 'test'
  ...
# Subtest: progressive memory lists metadata, excludes drafts/tools and binds exact message text
ok 87 - progressive memory lists metadata, excludes drafts/tools and binds exact message text
  ---
  duration_ms: 499.083834
  type: 'test'
  ...
# Subtest: schema5 with retained records migrates exactly and global/project invariants reject corruption
ok 88 - schema5 with retained records migrates exactly and global/project invariants reject corruption
  ---
  duration_ms: 280.310959
  type: 'test'
  ...
# Subtest: conversation retry preserves creation identity and exact Run command after a lost receipt
ok 89 - conversation retry preserves creation identity and exact Run command after a lost receipt
  ---
  duration_ms: 1.491917
  type: 'test'
  ...
# Subtest: closing during send keeps its receipt and restores the finished conversation on reopen
ok 90 - closing during send keeps its receipt and restores the finished conversation on reopen
  ---
  duration_ms: 0.288209
  type: 'test'
  ...
# Subtest: a delayed history choice cannot replace the newer conversation or draft
ok 91 - a delayed history choice cannot replace the newer conversation or draft
  ---
  duration_ms: 0.457583
  type: 'test'
  ...
# Subtest: conversation rename persists metadata without changing history, scope or draft
ok 92 - conversation rename persists metadata without changing history, scope or draft
  ---
  duration_ms: 193.0045
  type: 'test'
  ...
# Subtest: Attention CAS, full request identity, typed transitions and immutable receipt
ok 93 - Attention CAS, full request identity, typed transitions and immutable receipt
  ---
  duration_ms: 100.993584
  type: 'test'
  ...
# Subtest: scope applies before IDs, descriptors, counts, lookups, receipts and source queries
ok 94 - scope applies before IDs, descriptors, counts, lookups, receipts and source queries
  ---
  duration_ms: 91.437708
  type: 'test'
  ...
# Subtest: runtime registry-only grant hides detail, search predicates, event/receipt/source and signals
ok 95 - runtime registry-only grant hides detail, search predicates, event/receipt/source and signals
  ---
  duration_ms: 88.5365
  type: 'test'
  ...
# Subtest: explicit signal policy records observations without status, seen or authorization changes
ok 96 - explicit signal policy records observations without status, seen or authorization changes
  ---
  duration_ms: 83.377125
  type: 'test'
  ...
# Subtest: schema-aware exact/literal grep/relation filters are bounded and no regex executes
ok 97 - schema-aware exact/literal grep/relation filters are bounded and no regex executes
  ---
  duration_ms: 87.016375
  type: 'test'
  ...
# Subtest: source references bind exact retained Core bytes and scope; external locators stay unknown
ok 98 - source references bind exact retained Core bytes and scope; external locators stay unknown
  ---
  duration_ms: 84.512291
  type: 'test'
  ...
# Subtest: unknown schema/action, stale mutation, corrupt state and hidden unknown schema fail closed
ok 99 - unknown schema/action, stale mutation, corrupt state and hidden unknown schema fail closed
  ---
  duration_ms: 539.25975
  type: 'test'
  ...
# Subtest: simultaneous actions serialize CAS, and needs_you is an explicit typed transition
ok 100 - simultaneous actions serialize CAS, and needs_you is an explicit typed transition
  ---
  duration_ms: 92.981958
  type: 'test'
  ...
# Subtest: missing audit/receipt or rewritten receipt is refused before a new state change
ok 101 - missing audit/receipt or rewritten receipt is refused before a new state change
  ---
  duration_ms: 405.257959
  type: 'test'
  ...
# Subtest: GitHub fixture preserves raw conditional values, pagination, snapshots on 304, and changing poll cadence
ok 102 - GitHub fixture preserves raw conditional values, pagination, snapshots on 304, and changing poll cadence
  ---
  duration_ms: 0.91575
  type: 'test'
  ...
# Subtest: GitHub fixture retains notification semantics that are unsafe to collapse
ok 103 - GitHub fixture retains notification semantics that are unsafe to collapse
  ---
  duration_ms: 0.185083
  type: 'test'
  ...
# Subtest: GitHub fixture surfaces unsupported credentials, revoked authorization and rate limits
ok 104 - GitHub fixture surfaces unsupported credentials, revoked authorization and rate limits
  ---
  duration_ms: 0.314083
  type: 'test'
  ...
# Subtest: GitHub fixture rejects contradictory scripts
ok 105 - GitHub fixture rejects contradictory scripts
  ---
  duration_ms: 0.076083
  type: 'test'
  ...
# Subtest: Gmail fixture supplies duplicate and out-of-order push/history pages without advancing a caller cursor
ok 106 - Gmail fixture supplies duplicate and out-of-order push/history pages without advancing a caller cursor
  ---
  duration_ms: 1.028625
  type: 'test'
  ...
# Subtest: Gmail fixture presents interruption, gap, expired watch, mismatch, and revoked authorization as explicit provider outcomes
ok 107 - Gmail fixture presents interruption, gap, expired watch, mismatch, and revoked authorization as explicit provider outcomes
  ---
  duration_ms: 1.435541
  type: 'test'
  ...
# Subtest: Gmail fixture rejects malformed and contradictory scripted responses
ok 108 - Gmail fixture rejects malformed and contradictory scripted responses
  ---
  duration_ms: 0.205834
  type: 'test'
  ...
# (node:58077) ExperimentalWarning: SQLite is an experimental feature and might change at any time
# (Use `node --trace-warnings ...` to show where the warning was created)
# Subtest: ATT-BE-01 HTTP round trip keeps multi-Matter/source/execution refs through typed CAS and producer loss
ok 109 - ATT-BE-01 HTTP round trip keeps multi-Matter/source/execution refs through typed CAS and producer loss
  ---
  duration_ms: 1044.652
  type: 'test'
  ...
# Subtest: Attention scope, actor ownership, unknown fields and schema versions fail closed over every query kind
ok 110 - Attention scope, actor ownership, unknown fields and schema versions fail closed over every query kind
  ---
  duration_ms: 179.116875
  type: 'test'
  ...
# Subtest: Runtime Attention adapter captures host execution context, records signals only, and closes with the Run
ok 111 - Runtime Attention adapter captures host execution context, records signals only, and closes with the Run
  ---
  duration_ms: 639.449917
  type: 'test'
  ...
# Subtest: generated Attention consumer packet records the HTTP/Pi/Core invariants
ok 112 - generated Attention consumer packet records the HTTP/Pi/Core invariants
  ---
  duration_ms: 1.913667
  type: 'test'
  ...
# Subtest: Attention SIGKILL at before_commit leaves zero or one complete request effect
ok 113 - Attention SIGKILL at before_commit leaves zero or one complete request effect
  ---
  duration_ms: 226.756667
  type: 'test'
  ...
# Subtest: Attention SIGKILL at after_commit_before_ack leaves zero or one complete request effect
ok 114 - Attention SIGKILL at after_commit_before_ack leaves zero or one complete request effect
  ---
  duration_ms: 199.8335
  type: 'test'
  ...
# Subtest: synthetic trace vectors preserve edits, stale approval, unknown effect, duplicate surfacing and non-score samples
ok 115 - synthetic trace vectors preserve edits, stale approval, unknown effect, duplicate surfacing and non-score samples
  ---
  duration_ms: 1.253917
  type: 'test'
  ...
# Subtest: trace fixture validator rejects contradictions rather than turning missing evidence into a score
ok 116 - trace fixture validator rejects contradictions rather than turning missing evidence into a score
  ---
  duration_ms: 0.208334
  type: 'test'
  ...
# Subtest: trace fixture validation runner is executable within the fixture directory
ok 117 - trace fixture validation runner is executable within the fixture directory
  ---
  duration_ms: 28.426667
  type: 'test'
  ...
# (node:58261) ExperimentalWarning: SQLite is an experimental feature and might change at any time
# (Use `node --trace-warnings ...` to show where the warning was created)
# Subtest: ATT-ACT-1 · a submitted action carries the inspected revision and is read back canonically
ok 118 - ATT-ACT-1 · a submitted action carries the inspected revision and is read back canonically
  ---
  duration_ms: 607.14225
  type: 'test'
  ...
# Subtest: ATT-ACT-2 · a stale revision is refused, announced and never silently replayed
ok 119 - ATT-ACT-2 · a stale revision is refused, announced and never silently replayed
  ---
  duration_ms: 997.646292
  type: 'test'
  ...
# Subtest: ATT-ACT-3 · a lost response is recovered from the receipt, not guessed
ok 120 - ATT-ACT-3 · a lost response is recovered from the receipt, not guessed
  ---
  duration_ms: 319.496416
  type: 'test'
  ...
# Subtest: ATT-ACT-4 · a request that never left is retried under its own identity, once
ok 121 - ATT-ACT-4 · a request that never left is retried under its own identity, once
  ---
  duration_ms: 680.382417
  type: 'test'
  ...
# Subtest: ATT-ACT-5 · a reused identity with different content is refused and surfaced
ok 122 - ATT-ACT-5 · a reused identity with different content is refused and surfaced
  ---
  duration_ms: 318.393208
  type: 'test'
  ...
# Subtest: Snooze records Later, which stays a visible view and starts no timer
ok 123 - Snooze records Later, which stays a visible view and starts no timer
  ---
  duration_ms: 688.020625
  type: 'test'
  ...
# Subtest: the workspace holds no timer of its own
ok 124 - the workspace holds no timer of its own
  ---
  duration_ms: 0.798458
  type: 'test'
  ...
# Subtest: relative time reads the recorded instant without rewriting it
ok 125 - relative time reads the recorded instant without rewriting it
  ---
  duration_ms: 12.834792
  type: 'test'
  ...
# Subtest: the state strip is six explicit views and each one is its own exact query
ok 126 - the state strip is six explicit views and each one is its own exact query
  ---
  duration_ms: 6.299625
  type: 'test'
  ...
# Subtest: All renders the order the server returned and adds no client sort
ok 127 - All renders the order the server returned and adds no client sort
  ---
  duration_ms: 0.674
  type: 'test'
  ...
# Subtest: a row states its status and when the record was updated, and nothing else
ok 128 - a row states its status and when the record was updated, and nothing else
  ---
  duration_ms: 1.048917
  type: 'test'
  ...
# Subtest: J K and the arrows walk the list, clamp at both ends and stay out of text controls
ok 129 - J K and the arrows walk the list, clamp at both ends and stay out of text controls
  ---
  duration_ms: 1.915625
  type: 'test'
  ...
# Subtest: Enter opens the focused row and Escape returns focus to it
ok 130 - Enter opens the focused row and Escape returns focus to it
  ---
  duration_ms: 3.52575
  type: 'test'
  ...
# Subtest: Back to items returns to the row, never to the project selector
ok 131 - Back to items returns to the row, never to the project selector
  ---
  duration_ms: 2.576792
  type: 'test'
  ...
# Subtest: pagination is explicit and a view change starts again at the first page
ok 132 - pagination is explicit and a view change starts again at the first page
  ---
  duration_ms: 3.300042
  type: 'test'
  ...
# Subtest: a pending query keeps the workspace readable and never sorts a half page
ok 133 - a pending query keeps the workspace readable and never sorts a half page
  ---
  duration_ms: 1.398292
  type: 'test'
  ...
# Subtest: a refused read speaks the adjudicated sentence, never the wire code
ok 134 - a refused read speaks the adjudicated sentence, never the wire code
  ---
  duration_ms: 1.88
  type: 'test'
  ...
# Subtest: late A conflict cannot replace B draft or show A conflict in the same project
ok 135 - late A conflict cannot replace B draft or show A conflict in the same project
  ---
  duration_ms: 26.177
  type: 'test'
  ...
# Subtest: late A success after project switch leaves B draft and receipt state alone
ok 136 - late A success after project switch leaves B draft and receipt state alone
  ---
  duration_ms: 8.943333
  type: 'test'
  ...
# Subtest: keyboard opening, editing and receipt feedback call no WAAPI animations
ok 137 - keyboard opening, editing and receipt feedback call no WAAPI animations
  ---
  duration_ms: 11.983458
  type: 'test'
  ...
# Subtest: overlapping settlements keep feedback motion held until B registry read finishes
ok 138 - overlapping settlements keep feedback motion held until B registry read finishes
  ---
  duration_ms: 10.139667
  type: 'test'
  ...
# Subtest: seen and status are two drawn facts; acknowledging changes only seen
ok 139 - seen and status are two drawn facts; acknowledging changes only seen
  ---
  duration_ms: 23.96225
  type: 'test'
  ...
# Subtest: the receipt line waits for the receipt and the re-read, and never precedes them
ok 140 - the receipt line waits for the receipt and the re-read, and never precedes them
  ---
  duration_ms: 9.193791
  type: 'test'
  ...
# Subtest: a mismatched receipt draws no receipt line
ok 141 - a mismatched receipt draws no receipt line
  ---
  duration_ms: 3.672666
  type: 'test'
  ...
# Subtest: a version conflict keeps the draft and states the version now on screen
ok 142 - a version conflict keeps the draft and states the version now on screen
  ---
  duration_ms: 6.308459
  type: 'test'
  ...
# Subtest: an unknown result moves focus to Retry sending and keeps the submit closed
ok 143 - an unknown result moves focus to Retry sending and keeps the submit closed
  ---
  duration_ms: 4.460125
  type: 'test'
  ...
# Subtest: Mark as seen cannot be sent twice while its request is out
ok 144 - Mark as seen cannot be sent twice while its request is out
  ---
  duration_ms: 3.666333
  type: 'test'
  ...
# Subtest: an item that leaves the current view after a receipt is named, with its new status
ok 145 - an item that leaves the current view after a receipt is named, with its new status
  ---
  duration_ms: 3.972209
  type: 'test'
  ...
# Subtest: the assistant entry is part of the workspace heading, not an item detail
ok 146 - the assistant entry is part of the workspace heading, not an item detail
  ---
  duration_ms: 1.012834
  type: 'test'
  ...
# (node:58505) ExperimentalWarning: SQLite is an experimental feature and might change at any time
# (Use `node --trace-warnings ...` to show where the warning was created)
# Subtest: T-CANCEL-2: cancelling while waiting for the first token yields stopping then cancelled
ok 147 - T-CANCEL-2: cancelling while waiting for the first token yields stopping then cancelled
  ---
  duration_ms: 623.963708
  type: 'test'
  ...
# Subtest: T-CANCEL-3: cancelling during ask_user closes the question and refuses a late answer
ok 148 - T-CANCEL-3: cancelling during ask_user closes the question and refuses a late answer
  ---
  duration_ms: 121.183209
  type: 'test'
  ...
# Subtest: T-CANCEL-4: a late allow after cancelling a permission is refused and writes nothing
ok 149 - T-CANCEL-4: a late allow after cancelling a permission is refused and writes nothing
  ---
  duration_ms: 2360.264458
  type: 'test'
  ...
# Subtest: T-CANCEL-5: cancelling a run that is not in this process reports unknown, not cancelled
ok 150 - T-CANCEL-5: cancelling a run that is not in this process reports unknown, not cancelled
  ---
  duration_ms: 500.670084
  type: 'test'
  ...
# Subtest: T-PERM-6: concurrent allow and deny on one permission — first wins, second is 409
ok 151 - T-PERM-6: concurrent allow and deny on one permission — first wins, second is 409
  ---
  duration_ms: 1001.769458
  type: 'test'
  ...
# Subtest: T-PERM-7: read_only makes ws_write absent, not present-and-refused
ok 152 - T-PERM-7: read_only makes ws_write absent, not present-and-refused
  ---
  duration_ms: 408.330334
  type: 'test'
  ...
# Subtest: card middle layer retains same-target disclosure, resets target and scope, keeps warnings outside
ok 153 - card middle layer retains same-target disclosure, resets target and scope, keeps warnings outside
  ---
  duration_ms: 1.755167
  type: 'test'
  ...
# Subtest: Runtime summary rejects previous-session counts and preserves unknown rather than zero
ok 154 - Runtime summary rejects previous-session counts and preserves unknown rather than zero
  ---
  duration_ms: 0.516208
  type: 'test'
  ...
# Subtest: presentation entry directory retains honest fallback rows without synthetic actions
ok 155 - presentation entry directory retains honest fallback rows without synthetic actions
  ---
  duration_ms: 0.631959
  type: 'test'
  ...
# Subtest: injected reader checks live scope identity revision and resets disclosure after scope change
ok 156 - injected reader checks live scope identity revision and resets disclosure after scope change
  ---
  duration_ms: 0.432333
  type: 'test'
  ...
# Subtest: entry reader receives the exact opener and scope changes do not transfer focus
ok 157 - entry reader receives the exact opener and scope changes do not transfer focus
  ---
  duration_ms: 0.544375
  type: 'test'
  ...
# Subtest: production only admits explicit handlers and preserves exact captured bytes
ok 158 - production only admits explicit handlers and preserves exact captured bytes
  ---
  duration_ms: 0.653458
  type: 'test'
  ...
# Subtest: synthetic feedback is mutually exclusive and reversible; failure preserves selection
ok 159 - synthetic feedback is mutually exclusive and reversible; failure preserves selection
  ---
  duration_ms: 25.915417
  type: 'test'
  ...
# Subtest: feedback lock suppresses duplicate/inverse requests and detached results cannot update a new target
ok 160 - feedback lock suppresses duplicate/inverse requests and detached results cannot update a new target
  ---
  duration_ms: 1.259584
  type: 'test'
  ...
# Subtest: streaming allows only exact current-text copy, while unavailable actions report reasons
ok 161 - streaming allows only exact current-text copy, while unavailable actions report reasons
  ---
  duration_ms: 1.09675
  type: 'test'
  ...
# Subtest: regeneration requires explicit confirmation and retains original scope
ok 162 - regeneration requires explicit confirmation and retains original scope
  ---
  duration_ms: 1.489625
  type: 'test'
  ...
# Subtest: synthetic playback can be paused, resumed and stopped without a speech service
ok 163 - synthetic playback can be paused, resumed and stopped without a speech service
  ---
  duration_ms: 5.206542
  type: 'test'
  ...
# Subtest: production rejects undeclared lifecycle handlers even when supplied
ok 164 - production rejects undeclared lifecycle handlers even when supplied
  ---
  duration_ms: 0.295625
  type: 'test'
  ...
# Subtest: same bytes and key from a replacement record cannot accept an async result
ok 165 - same bytes and key from a replacement record cannot accept an async result
  ---
  duration_ms: 2.0135
  type: 'test'
  ...
# Subtest: unavailable and native channels preserve draft and do not acquire a Run
ok 166 - unavailable and native channels preserve draft and do not acquire a Run
  ---
  duration_ms: 1.256167
  type: 'test'
  ...
# Subtest: draft and reading recovery are isolated by account, session and channel
ok 167 - draft and reading recovery are isolated by account, session and channel
  ---
  duration_ms: 0.47
  type: 'test'
  ...
# Subtest: closing a detail cannot stop a run or change a work/permission fact
ok 168 - closing a detail cannot stop a run or change a work/permission fact
  ---
  duration_ms: 0.361417
  type: 'test'
  ...
# Subtest: revocation after search rejects exact read and drops cached contents
ok 169 - revocation after search rejects exact read and drops cached contents
  ---
  duration_ms: 0.439042
  type: 'test'
  ...
# Subtest: late account, session and source reads cannot overwrite the current detail
ok 170 - late account, session and source reads cannot overwrite the current detail
  ---
  duration_ms: 0.30475
  type: 'test'
  ...
# Subtest: old references remain exact; stale judgment refresh cannot accept or resolve
ok 171 - old references remain exact; stale judgment refresh cannot accept or resolve
  ---
  duration_ms: 0.45075
  type: 'test'
  ...
# Subtest: cancel and session changes cannot apply an old response to the current conversation
ok 172 - cancel and session changes cannot apply an old response to the current conversation
  ---
  duration_ms: 0.168292
  type: 'test'
  ...
# Subtest: model picker mock rejects unknown operations and stale picker scope
ok 173 - model picker mock rejects unknown operations and stale picker scope
  ---
  duration_ms: 0.354292
  type: 'test'
  ...
# Subtest: preview server has no API or mutation route and cannot traverse mounts
ok 174 - preview server has no API or mutation route and cannot traverse mounts
  ---
  duration_ms: 20.528792
  type: 'test'
  ...
# Subtest: Chat sits in the Home / Attention / Spark group as a plain button
ok 175 - Chat sits in the Home / Attention / Spark group as a plain button
  ---
  duration_ms: 1.111875
  type: 'test'
  ...
# Subtest: openChatPage opens the page over the existing session and creates nothing
ok 176 - openChatPage opens the page over the existing session and creates nothing
  ---
  duration_ms: 0.398167
  type: 'test'
  ...
# Subtest: recent chats across open projects, newest first, marking Work and the current one
ok 177 - recent chats across open projects, newest first, marking Work and the current one
  ---
  duration_ms: 9.345042
  type: 'test'
  ...
# Subtest: empty state and New chat stay primary while explanation and sibling entries are disclosed
ok 178 - empty state and New chat stay primary while explanation and sibling entries are disclosed
  ---
  duration_ms: 0.976
  type: 'test'
  ...
# Subtest: app wiring: the Chat seat opens the page, the page closes like Attention, and it is served
ok 179 - app wiring: the Chat seat opens the page, the page closes like Attention, and it is served
  ---
  duration_ms: 1.093542
  type: 'test'
  ...
# Subtest: stream append restores selection onto replacement nodes and preserves viewport anchor
ok 180 - stream append restores selection onto replacement nodes and preserves viewport anchor
  ---
  duration_ms: 0.562916
  type: 'test'
  ...
# Subtest: a different session or missing immutable row cannot inherit selection or anchor
ok 181 - a different session or missing immutable row cannot inherit selection or anchor
  ---
  duration_ms: 0.312875
  type: 'test'
  ...
# Subtest: changed selected source bytes are not silently selected as if unchanged
ok 182 - changed selected source bytes are not silently selected as if unchanged
  ---
  duration_ms: 0.086
  type: 'test'
  ...
# Subtest: following latest does not restore an older viewport anchor
ok 183 - following latest does not restore an older viewport anchor
  ---
  duration_ms: 0.111292
  type: 'test'
  ...
# Subtest: band · 48 on the web, a native host only raises it
ok 184 - band · 48 on the web, a native host only raises it
  ---
  duration_ms: 0.563875
  type: 'test'
  ...
# Subtest: band · one title line; Chat is the default mode and is not restated
ok 185 - band · one title line; Chat is the default mode and is not restated
  ---
  duration_ms: 0.567625
  type: 'test'
  ...
# Subtest: sidebar · 16 glyph on a 32 row, 2 between nav rows, 16 between groups, 44 on touch
ok 186 - sidebar · 16 glyph on a 32 row, 2 between nav rows, 16 between groups, 44 on touch
  ---
  duration_ms: 0.348708
  type: 'test'
  ...
# Subtest: content column · prose and composer share one inset resolved against one width
ok 187 - content column · prose and composer share one inset resolved against one width
  ---
  duration_ms: 0.191875
  type: 'test'
  ...
# Subtest: summary · cards fold to the strip before the reading column drops under 640 + two tight insets
ok 188 - summary · cards fold to the strip before the reading column drops under 640 + two tight insets
  ---
  duration_ms: 0.099875
  type: 'test'
  ...
# Subtest: composer · content-driven and bounded; growth never writes value
ok 189 - composer · content-driven and bounded; growth never writes value
  ---
  duration_ms: 0.263833
  type: 'test'
  ...
# Subtest: Home keeps its own 820 column and composer sizes
ok 190 - Home keeps its own 820 column and composer sizes
  ---
  duration_ms: 0.083125
  type: 'test'
  ...
# Subtest: recorded references deduplicate exact identity but retain different Run versions
ok 191 - recorded references deduplicate exact identity but retain different Run versions
  ---
  duration_ms: 0.417042
  type: 'test'
  ...
# Subtest: unbound discussion reads no made-up source endpoint; file opens exact captured version
ok 192 - unbound discussion reads no made-up source endpoint; file opens exact captured version
  ---
  duration_ms: 3.184583
  type: 'test'
  ...
# Subtest: scope change rejects late work projection, with no source bytes in the replacement view
ok 193 - scope change rejects late work projection, with no source bytes in the replacement view
  ---
  duration_ms: 0.6
  type: 'test'
  ...
# Subtest: read failure remains explicit and refresh is available
ok 194 - read failure remains explicit and refresh is available
  ---
  duration_ms: 0.455084
  type: 'test'
  ...
# Subtest: fixed candidate evidence never substitutes the current source revision
ok 195 - fixed candidate evidence never substitutes the current source revision
  ---
  duration_ms: 0.225667
  type: 'test'
  ...
# Subtest: quoting a full recorded file keeps exact text lines and provenance; current files are rejected
ok 196 - quoting a full recorded file keeps exact text lines and provenance; current files are rejected
  ---
  duration_ms: 0.234833
  type: 'test'
  ...
# Subtest: missing or mismatched historical bytes stay explicit rather than falling back to latest
ok 197 - missing or mismatched historical bytes stay explicit rather than falling back to latest
  ---
  duration_ms: 1.189542
  type: 'test'
  ...
# Subtest: WK-92 · Chat 与 Work 由既有的 extensionBinding 分开，不由新状态分开
ok 198 - WK-92 · Chat 与 Work 由既有的 extensionBinding 分开，不由新状态分开
  ---
  duration_ms: 0.642959
  type: 'test'
  ...
# Subtest: WK-92 · Continue in Matter 只走既有的 extension 路由；不新增端点、不复制、不迁移
ok 199 - WK-92 · Continue in Matter 只走既有的 extension 路由；不新增端点、不复制、不迁移
  ---
  duration_ms: 0.897833
  type: 'test'
  ...
# Subtest: WK-92 / M-2 · scope 位在工作面标题带上，仍是陈述而不是控件
ok 200 - WK-92 / M-2 · scope 位在工作面标题带上，仍是陈述而不是控件
  ---
  duration_ms: 0.660625
  type: 'test'
  ...
# Subtest: WK-92 / §4 · Memory 组：不用 Session Memory，Sources ≠ Memory，Temporary chat 零控件
ok 201 - WK-92 / §4 · Memory 组：不用 Session Memory，Sources ≠ Memory，Temporary chat 零控件
  ---
  duration_ms: 0.272208
  type: 'test'
  ...
# Subtest: WK-92 · 导航只对 Work 加一个标记，Chat 是默认的那一种
ok 202 - WK-92 · 导航只对 Work 加一个标记，Chat 是默认的那一种
  ---
  duration_ms: 0.17625
  type: 'test'
  ...
# (node:58675) ExperimentalWarning: SQLite is an experimental feature and might change at any time
# (Use `node --trace-warnings ...` to show where the warning was created)
# Subtest: native compaction cancel settles with no persisted partial summary
ok 203 - native compaction cancel settles with no persisted partial summary
  ---
  duration_ms: 151.456666
  type: 'test'
  ...
# Subtest: native compaction deadline settles with no persisted partial summary
ok 204 - native compaction deadline settles with no persisted partial summary
  ---
  duration_ms: 433.099667
  type: 'test'
  ...
# Subtest: native overflow recovery persists a summary and a restarted host uses it
ok 205 - native overflow recovery persists a summary and a restarted host uses it
  ---
  duration_ms: 231.13975
  type: 'test'
  ...
# (node:58736) ExperimentalWarning: SQLite is an experimental feature and might change at any time
# (Use `node --trace-warnings ...` to show where the warning was created)
# Subtest: automatic threshold persists a summary and sends it in the next request
ok 206 - automatic threshold persists a summary and sends it in the next request
  ---
  duration_ms: 592.888834
  type: 'test'
  ...
# Subtest: provider-default omits SDK-generated reasoning controls on ordinary and compaction requests
ok 207 - provider-default omits SDK-generated reasoning controls on ordinary and compaction requests
  ---
  duration_ms: 489.492209
  type: 'test'
  ...
# Subtest: failed summary leaves the journal unchanged and marks run usage missing
ok 208 - failed summary leaves the journal unchanged and marks run usage missing
  ---
  duration_ms: 500.492833
  type: 'test'
  ...
# Subtest: native summary retry succeeds but usage stays missing and counts only reported values
ok 209 - native summary retry succeeds but usage stays missing and counts only reported values
  ---
  duration_ms: 2500.508917
  type: 'test'
  ...
# Subtest: maxCompactions disables later automatic summaries while the ordinary turn completes
ok 210 - maxCompactions disables later automatic summaries while the ordinary turn completes
  ---
  duration_ms: 508.388459
  type: 'test'
  ...
# Subtest: CI-B · support is read from CSS.supports, never assumed
ok 211 - CI-B · support is read from CSS.supports, never assumed
  ---
  duration_ms: 0.473333
  type: 'test'
  ...
# Subtest: CI-B · fit follows scrollHeight and respects the box model
ok 212 - CI-B · fit follows scrollHeight and respects the box model
  ---
  duration_ms: 0.138875
  type: 'test'
  ...
# Subtest: CI-B · with native support nothing is installed; without it, input refits and value is never written
ok 213 - CI-B · with native support nothing is installed; without it, input refits and value is never written
  ---
  duration_ms: 0.164417
  type: 'test'
  ...
# Subtest: CI-F · only an image-only paste gets a sentence; text is never swallowed
ok 214 - CI-F · only an image-only paste gets a sentence; text is never swallowed
  ---
  duration_ms: 0.146292
  type: 'test'
  ...
# Subtest: CI-B / CI-F · wiring: no paste is prevented, growth is @supports-gated, the module is served
ok 215 - CI-B / CI-F · wiring: no paste is prevented, growth is @supports-gated, the module is served
  ---
  duration_ms: 0.395417
  type: 'test'
  ...
# Subtest: CI-B · each variant keeps a plain ceiling, dvh hosts get the 28dvh override, Home anchors the resting box
ok 216 - CI-B · each variant keeps a plain ceiling, dvh hosts get the 28dvh override, Home anchors the resting box
  ---
  duration_ms: 0.204417
  type: 'test'
  ...
# Subtest: roles exist in both schemes and stay separate from review / danger / diff
ok 217 - roles exist in both schemes and stay separate from review / danger / diff
  ---
  duration_ms: 0.8585
  type: 'test'
  ...
# Subtest: the switch is the specimen: on = accent, disabled = unavailable pair, off = neutral
ok 218 - the switch is the specimen: on = accent, disabled = unavailable pair, off = neutral
  ---
  duration_ms: 0.338416
  type: 'test'
  ...
# Subtest: the Pages paper link is an action, not the Review marker
ok 219 - the Pages paper link is an action, not the Review marker
  ---
  duration_ms: 0.158459
  type: 'test'
  ...
# (node:58886) ExperimentalWarning: SQLite is an experimental feature and might change at any time
# (Use `node --trace-warnings ...` to show where the warning was created)
# Subtest: control: scope provenance, reset, CAS, and cross-session isolation survive restart
ok 220 - control: scope provenance, reset, CAS, and cross-session isolation survive restart
  ---
  duration_ms: 182.798625
  type: 'test'
  ...
# Subtest: control: active Run freezes config; retry preserves its original runtime binding
ok 221 - control: active Run freezes config; retry preserves its original runtime binding
  ---
  duration_ms: 180.704083
  type: 'test'
  ...
# Subtest: policy: last match within scope, outer ceilings and literal regex characters
ok 222 - policy: last match within scope, outer ceilings and literal regex characters
  ---
  duration_ms: 0.340959
  type: 'test'
  ...
# Subtest: control APIs: source content remains pinned after replacement; templates are human-invoked drafts
ok 223 - control APIs: source content remains pinned after replacement; templates are human-invoked drafts
  ---
  duration_ms: 233.3815
  type: 'test'
  ...
# Subtest: policy: path denial reaches the executor; exposed write does not imply allowed write
ok 224 - policy: path denial reaches the executor; exposed write does not imply allowed write
  ---
  duration_ms: 492.19075
  type: 'test'
  ...
# Subtest: policy: domain tools use the same execution gate, including exact arguments across approval
ok 225 - policy: domain tools use the same execution gate, including exact arguments across approval
  ---
  duration_ms: 0.845083
  type: 'test'
  ...
# Subtest: context: skill metadata is progressive, installed content grants no plugin/tool authority
ok 226 - context: skill metadata is progressive, installed content grants no plugin/tool authority
  ---
  duration_ms: 280.533583
  type: 'test'
  ...
# Subtest: composition: versioned profile restricts resources, never raises host permission, and missing requirements block admission
ok 227 - composition: versioned profile restricts resources, never raises host permission, and missing requirements block admission
  ---
  duration_ms: 224.228959
  type: 'test'
  ...
# Subtest: control config: corrupt or future version fails closed without overwriting the file
ok 228 - control config: corrupt or future version fails closed without overwriting the file
  ---
  duration_ms: 118.502625
  type: 'test'
  ...
# Subtest: compatibility: valid schema 3 upgrades with exact backup and schema 6 fence
ok 229 - compatibility: valid schema 3 upgrades with exact backup and schema 6 fence
  ---
  duration_ms: 112.728167
  type: 'test'
  ...
# Subtest: MCP modern: discovery is separate from exposure and execution consent
ok 230 - MCP modern: discovery is separate from exposure and execution consent
  ---
  duration_ms: 528.49025
  type: 'test'
  ...
# Subtest: MCP legacy: discovery is separate from exposure and execution consent
ok 231 - MCP legacy: discovery is separate from exposure and execution consent
  ---
  duration_ms: 736.093209
  type: 'test'
  ...
# Subtest: MCP: first unknown outcome closes subsequent tool admission in the same Run
ok 232 - MCP: first unknown outcome closes subsequent tool admission in the same Run
  ---
  duration_ms: 496.423458
  type: 'test'
  ...
# Subtest: MCP: a lost remote call result becomes an unknown Run, never an automatic replay
ok 233 - MCP: a lost remote call result becomes an unknown Run, never an automatic replay
  ---
  duration_ms: 677.595459
  type: 'test'
  ...
# Subtest: admission serializes permission changes and extension binding before runtime snapshots can diverge
ok 234 - admission serializes permission changes and extension binding before runtime snapshots can diverge
  ---
  duration_ms: 751.36075
  type: 'test'
  ...
# Subtest: context: additive compiled counts separate catalog text, deferred bodies and draft-only templates
ok 235 - context: additive compiled counts separate catalog text, deferred bodies and draft-only templates
  ---
  duration_ms: 113.420958
  type: 'test'
  ...
# Subtest: MA2-02 · the Thread directory projects only the published contract
ok 236 - MA2-02 · the Thread directory projects only the published contract
  ---
  duration_ms: 1.454834
  type: 'test'
  ...
# Subtest: MA2-02 · a mailbox page must stay inside the bounds the server reported
ok 237 - MA2-02 · a mailbox page must stay inside the bounds the server reported
  ---
  duration_ms: 0.491375
  type: 'test'
  ...
# Subtest: MA2-02 · an undelivered message keeps an explicit null, not an empty time
ok 238 - MA2-02 · an undelivered message keeps an explicit null, not an empty time
  ---
  duration_ms: 0.117125
  type: 'test'
  ...
# Subtest: MA2-02 · receipts are validated with the same gate as the directory rows
ok 239 - MA2-02 · receipts are validated with the same gate as the directory rows
  ---
  duration_ms: 0.161
  type: 'test'
  ...
# Subtest: MA2-02 · Session options carry the scope the server itself derives
ok 240 - MA2-02 · Session options carry the scope the server itself derives
  ---
  duration_ms: 0.178291
  type: 'test'
  ...
# Subtest: MA2-02 · option lists offer only bindings the server would accept
ok 241 - MA2-02 · option lists offer only bindings the server would accept
  ---
  duration_ms: 0.186375
  type: 'test'
  ...
# Subtest: MA2-02 · both new modules are admitted by the static allowlist
ok 242 - MA2-02 · both new modules are admitted by the static allowlist
  ---
  duration_ms: 0.565458
  type: 'test'
  ...
# Subtest: MA2-02 · the consumer surface adds no second run-start path
ok 243 - MA2-02 · the consumer surface adds no second run-start path
  ---
  duration_ms: 0.241667
  type: 'test'
  ...
# (node:59641) ExperimentalWarning: SQLite is an experimental feature and might change at any time
# (Use `node --trace-warnings ...` to show where the warning was created)
# Subtest: Thread identity and membership are durable, explicit and not Session identity
ok 244 - Thread identity and membership are durable, explicit and not Session identity
  ---
  duration_ms: 123.618625
  type: 'test'
  ...
# Subtest: outbox replay is idempotent; conflicting payload and invented source are refused
ok 245 - outbox replay is idempotent; conflicting payload and invented source are refused
  ---
  duration_ms: 56.242375
  type: 'test'
  ...
# Subtest: late delivery retains origin and distinguishes stale target from missing target
ok 246 - late delivery retains origin and distinguishes stale target from missing target
  ---
  duration_ms: 80.193875
  type: 'test'
  ...
# Subtest: reply lineage requires a delivered reverse envelope, not an unrelated latest message
ok 247 - reply lineage requires a delivered reverse envelope, not an unrelated latest message
  ---
  duration_ms: 73.18875
  type: 'test'
  ...
# Subtest: global Attention directory spans scopes; it never yields another mailbox body or membership
ok 248 - global Attention directory spans scopes; it never yields another mailbox body or membership
  ---
  duration_ms: 55.840208
  type: 'test'
  ...
# Subtest: runtime cross-scope sending is Attention-only; a project Run is refused at that guard alone
ok 249 - runtime cross-scope sending is Attention-only; a project Run is refused at that guard alone
  ---
  duration_ms: 77.523042
  type: 'test'
  ...
# Subtest: a domain-bound Session cannot message from a Run even with a host-shaped origin
ok 250 - a domain-bound Session cannot message from a Run even with a host-shaped origin
  ---
  duration_ms: 66.084083
  type: 'test'
  ...
# Subtest: delete and scope change do not recreate a recipient or reroute queued messages
ok 251 - delete and scope change do not recreate a recipient or reroute queued messages
  ---
  duration_ms: 58.457417
  type: 'test'
  ...
# Subtest: RuntimeStore6 migration preserves global scope and exact backup; corrupt ledger fails closed
ok 252 - RuntimeStore6 migration preserves global scope and exact backup; corrupt ledger fails closed
  ---
  duration_ms: 141.346792
  type: 'test'
  ...
# Subtest: child grant monotonically narrows; the reducer passes caller-supplied conflict strings through and refuses contradictory results for one execution ID
ok 253 - child grant monotonically narrows; the reducer passes caller-supplied conflict strings through and refuses contradictory results for one execution ID
  ---
  duration_ms: 1.516542
  type: 'test'
  ...
# Subtest: child tool boundary denies widening and completion remains undelivered/unaccepted
ok 254 - child tool boundary denies widening and completion remains undelivered/unaccepted
  ---
  duration_ms: 0.591958
  type: 'test'
  ...
# Subtest: cancel, timeout, late completion and mutated caller input cannot change child settlement or origin
ok 255 - cancel, timeout, late completion and mutated caller input cannot change child settlement or origin
  ---
  duration_ms: 5.848958
  type: 'test'
  ...
# Subtest: authenticated HTTP Thread/message entry reaches a real inbox without starting a model
ok 256 - authenticated HTTP Thread/message entry reaches a real inbox without starting a model
  ---
  duration_ms: 106.9905
  type: 'test'
  ...
# Subtest: a crash inside the enqueue write leaves no half message; the same key then sends exactly once
ok 257 - a crash inside the enqueue write leaves no half message; the same key then sends exactly once
  ---
  duration_ms: 267.016542
  type: 'test'
  ...
# Subtest: a crash inside the delivery write keeps the message queued; recovery then delivers it exactly once
ok 258 - a crash inside the delivery write keeps the message queued; recovery then delivers it exactly once
  ---
  duration_ms: 262.662
  type: 'test'
  ...
# Subtest: clean restart after the outbox write completed recovers exactly one local delivery without a Run
ok 259 - clean restart after the outbox write completed recovers exactly one local delivery without a Run
  ---
  duration_ms: 1117.497417
  type: 'test'
  ...
# Subtest: model messages require a real permission decision and cannot auto-run the recipient
ok 260 - model messages require a real permission decision and cannot auto-run the recipient
  ---
  duration_ms: 711.906625
  type: 'test'
  ...
# Subtest: global Attention crosses scope through the model tool, still spending exactly one exact-argument decision
ok 261 - global Attention crosses scope through the model tool, still spending exactly one exact-argument decision
  ---
  duration_ms: 999.003625
  type: 'test'
  ...
# Subtest: domain-bound Sessions receive no coordination tool at either composition site
ok 262 - domain-bound Sessions receive no coordination tool at either composition site
  ---
  duration_ms: 815.461
  type: 'test'
  ...
# Subtest: read-only tool metadata agrees with dispatch denial; project model directory excludes other scopes
ok 263 - read-only tool metadata agrees with dispatch denial; project model directory excludes other scopes
  ---
  duration_ms: 329.11075
  type: 'test'
  ...
# Subtest: schema7 effort survives upgrade; fixed old host refuses schema9 and restores only the separate original backup
ok 264 - schema7 effort survives upgrade; fixed old host refuses schema9 and restores only the separate original backup
  ---
  duration_ms: 624.032792
  type: 'test'
  ...
# Subtest: mailbox pagination preserves ordered identities and refuses duplicate or oversized queries
ok 265 - mailbox pagination preserves ordered identities and refuses duplicate or oversized queries
  ---
  duration_ms: 299.460458
  type: 'test'
  ...
# (node:60289) ExperimentalWarning: SQLite is an experimental feature and might change at any time
# (Use `node --trace-warnings ...` to show where the warning was created)
# Subtest: T-CRED-1: missing credential fails the run without touching HOME/.pi
ok 266 - T-CRED-1: missing credential fails the run without touching HOME/.pi
  ---
  duration_ms: 181.376958
  type: 'test'
  ...
# Subtest: T-CRED-2: a credential written via the API flows through and never leaks
ok 267 - T-CRED-2: a credential written via the API flows through and never leaks
  ---
  duration_ms: 265.495583
  type: 'test'
  ...
# Subtest: T-CRED-3: inherited DEEPSEEK_API_KEY is stripped at startup and logged
ok 268 - T-CRED-3: inherited DEEPSEEK_API_KEY is stripped at startup and logged
  ---
  duration_ms: 98.4335
  type: 'test'
  ...
# Subtest: T-CRED-4: PUT/DELETE credential during an active run is 409 and the run finishes on its own key
ok 269 - T-CRED-4: PUT/DELETE credential during an active run is 409 and the run finishes on its own key
  ---
  duration_ms: 920.11825
  type: 'test'
  ...
# Subtest: T-CRED-5: a sentinel HOME auth.json and env var are never used as credentials
ok 270 - T-CRED-5: a sentinel HOME auth.json and env var are never used as credentials
  ---
  duration_ms: 1473.112292
  type: 'test'
  ...
# Subtest: diffWords marks only the changed tokens and never leading indentation
ok 271 - diffWords marks only the changed tokens and never leading indentation
  ---
  duration_ms: 1.574958
  type: 'test'
  ...
# Subtest: diffModel: word segments only for exactly one removed + one added line
ok 272 - diffModel: word segments only for exactly one removed + one added line
  ---
  duration_ms: 0.57975
  type: 'test'
  ...
# Subtest: renderDiff keeps ± and line numbers as text and puts blocks only on new words
ok 273 - renderDiff keeps ± and line numbers as text and puts blocks only on new words
  ---
  duration_ms: 1.975666
  type: 'test'
  ...
# Subtest: renderDiff treats markup as text, renders the no-newline marker, and handles empty input
ok 274 - renderDiff treats markup as text, renders the no-newline marker, and handles empty input
  ---
  duration_ms: 1.615833
  type: 'test'
  ...
# Subtest: Settings preview and the static allowlist use the shared renderer and fixture
ok 275 - Settings preview and the static allowlist use the shared renderer and fixture
  ---
  duration_ms: 1.592666
  type: 'test'
  ...
# (node:60582) ExperimentalWarning: SQLite is an experimental feature and might change at any time
# (Use `node --trace-warnings ...` to show where the warning was created)
# Subtest: DRT02 DeepSeek: actual SDK stream, Deny/Approve, reasoning replay and reopened history
ok 276 - DRT02 DeepSeek: actual SDK stream, Deny/Approve, reasoning replay and reopened history
  ---
  duration_ms: 2301.652542
  type: 'test'
  ...
# Subtest: DRT02 DeepSeek error: explicit terminal state and no fallback
ok 277 - DRT02 DeepSeek error: explicit terminal state and no fallback
  ---
  duration_ms: 433.641167
  type: 'test'
  ...
# Subtest: DRT02 DeepSeek cancel: explicit terminal state and no fallback
ok 278 - DRT02 DeepSeek cancel: explicit terminal state and no fallback
  ---
  duration_ms: 248.052208
  type: 'test'
  ...
# Subtest: DRT02 DeepSeek missing-metadata: explicit terminal state and no fallback
ok 279 - DRT02 DeepSeek missing-metadata: explicit terminal state and no fallback
  ---
  duration_ms: 1082.977375
  type: 'test'
  ...
# Subtest: DRT02 DeepSeek: provider alias reaches public request telemetry through the actual SDK
ok 280 - DRT02 DeepSeek: provider alias reaches public request telemetry through the actual SDK
  ---
  duration_ms: 501.461125
  type: 'test'
  ...
# (node:60828) ExperimentalWarning: SQLite is an experimental feature and might change at any time
# (Use `node --trace-warnings ...` to show where the warning was created)
# Subtest: T-DUR-1: a crash before the tool runs leaves no file, no artifact and no replay
ok 281 - T-DUR-1: a crash before the tool runs leaves no file, no artifact and no replay
  ---
  duration_ms: 1835.2625
  type: 'test'
  ...
# Subtest: T-DUR-2: a crash between the write and the record surfaces the file as unrecorded
ok 282 - T-DUR-2: a crash between the write and the record surfaces the file as unrecorded
  ---
  duration_ms: 2169.642625
  type: 'test'
  ...
# Subtest: T-DUR-3: a crash after the record is persisted keeps artifact and file in agreement
ok 283 - T-DUR-3: a crash after the record is persisted keeps artifact and file in agreement
  ---
  duration_ms: 2375.798625
  type: 'test'
  ...
# Subtest: T-DUR-4: a crash during a store write keeps the last complete state and discards the tmp
ok 284 - T-DUR-4: a crash during a store write keeps the last complete state and discards the tmp
  ---
  duration_ms: 1675.621583
  type: 'test'
  ...
# Subtest: a corrupt leftover tmp never affects the state that is loaded
ok 285 - a corrupt leftover tmp never affects the state that is loaded
  ---
  duration_ms: 135.439625
  type: 'test'
  ...
# Subtest: T-IDEM-5: replaying a commandId after a restart returns the original unknown run
ok 286 - T-IDEM-5: replaying a commandId after a restart returns the original unknown run
  ---
  duration_ms: 2047.407125
  type: 'test'
  ...
# Subtest: completed Run disclosure groups successful tools and exact allowed history in timeline order
ok 287 - completed Run disclosure groups successful tools and exact allowed history in timeline order
  ---
  duration_ms: 0.855625
  type: 'test'
  ...
# Subtest: incomplete, failed, pending, denied, malformed, and cross-call rows stay outside the summary
ok 288 - incomplete, failed, pending, denied, malformed, and cross-call rows stay outside the summary
  ---
  duration_ms: 0.86375
  type: 'test'
  ...
# Subtest: a completed Run with only errors or unfinished calls gets no empty summary
ok 289 - a completed Run with only errors or unfinished calls gets no empty summary
  ---
  duration_ms: 0.064167
  type: 'test'
  ...
# Subtest: member IDs and disclosure state keys remain stable and surface-scoped
ok 290 - member IDs and disclosure state keys remain stable and surface-scoped
  ---
  duration_ms: 0.100791
  type: 'test'
  ...
# Subtest: file candidate identity, exact replay, immutable pages, closed admission and atomic acceptance
ok 291 - file candidate identity, exact replay, immutable pages, closed admission and atomic acceptance
  ---
  duration_ms: 184.038083
  type: 'test'
  ...
# Subtest: coverage is monotone; frozen candidate precedes later unknown input; semantic failures stay diagnostic
ok 292 - coverage is monotone; frozen candidate precedes later unknown input; semantic failures stay diagnostic
  ---
  duration_ms: 163.057292
  type: 'test'
  ...
# Subtest: failed deterministic checks cannot accept, and source membership changes invalidate file basis
ok 293 - failed deterministic checks cannot accept, and source membership changes invalidate file basis
  ---
  duration_ms: 129.161958
  type: 'test'
  ...
# Subtest: illegal provenance, encoding, count, path and byte limits reject without candidate side effects
ok 294 - illegal provenance, encoding, count, path and byte limits reject without candidate side effects
  ---
  duration_ms: 149.107958
  type: 'test'
  ...
# Subtest: SIGKILL file save and accept commit boundaries leave zero or one complete durable effect
ok 295 - SIGKILL file save and accept commit boundaries leave zero or one complete durable effect
  ---
  duration_ms: 2099.746959
  type: 'test'
  ...
# Subtest: metadata byte boundary, escaped wire envelope, file/path/count boundaries and empty files are exact
ok 296 - metadata byte boundary, escaped wire envelope, file/path/count boundaries and empty files are exact
  ---
  duration_ms: 357.073583
  type: 'test'
  ...
# Subtest: file diff binds only frozen base, uses linear replacement, preserves newlines and refuses oversized output
ok 297 - file diff binds only frozen base, uses linear replacement, preserves newlines and refuses oversized output
  ---
  duration_ms: 166.202375
  type: 'test'
  ...
# Subtest: corrupt bytes, manifest, column bindings and a verification record copied from another identity refuse reads and acceptance
ok 298 - corrupt bytes, manifest, column bindings and a verification record copied from another identity refuse reads and acceptance
  ---
  duration_ms: 1836.368208
  type: 'test'
  ...
# Subtest: a changed trusted policy cannot accept an old PASS; empty evidence is diagnostic failed
ok 299 - a changed trusted policy cannot accept an old PASS; empty evidence is diagnostic failed
  ---
  duration_ms: 357.597292
  type: 'test'
  ...
# Subtest: unknown file schema exposes scoped bounded metadata but cannot decode or accept
ok 300 - unknown file schema exposes scoped bounded metadata but cannot decode or accept
  ---
  duration_ms: 398.848417
  type: 'test'
  ...
# Subtest: verification outcome corruption is refused and acceptance rechecks required evidence
ok 301 - verification outcome corruption is refused and acceptance rechecks required evidence
  ---
  duration_ms: 356.8565
  type: 'test'
  ...
# Subtest: file runs require a concrete Session identity at the private bridge boundary
ok 302 - file runs require a concrete Session identity at the private bridge boundary
  ---
  duration_ms: 150.779375
  type: 'test'
  ...
# (node:61260) ExperimentalWarning: SQLite is an experimental feature and might change at any time
# (Use `node --trace-warnings ...` to show where the warning was created)
# Subtest: real service/Pi recorded write, permission CAS, save, human accept, deletion and producer-absent exact reads
ok 303 - real service/Pi recorded write, permission CAS, save, human accept, deletion and producer-absent exact reads
  ---
  duration_ms: 1917.425833
  type: 'test'
  ...
# Subtest: extra workspace reads and continued history yield unknown; an unrecorded selector never imports
ok 304 - extra workspace reads and continued history yield unknown; an unrecorded selector never imports
  ---
  duration_ms: 1392.029458
  type: 'test'
  ...
# Subtest: actual list/grep/ask/load inputs, continued history and compaction-enabled admission remain unknown
ok 305 - actual list/grep/ask/load inputs, continued history and compaction-enabled admission remain unknown
  ---
  duration_ms: 5946.855042
  type: 'test'
  ...
# Subtest: steering, failed coverage persistence, and Stop racing immutable capture cannot publish a complete candidate
ok 306 - steering, failed coverage persistence, and Stop racing immutable capture cannot publish a complete candidate
  ---
  duration_ms: 2079.660166
  type: 'test'
  ...
# Subtest: missing or corrupt history rejects recorded import even though current workspace bytes still exist
ok 307 - missing or corrupt history rejects recorded import even though current workspace bytes still exist
  ---
  duration_ms: 1308.383375
  type: 'test'
  ...
# Subtest: a real loopback MCP tool executes only after its extra-input marker is durable
ok 308 - a real loopback MCP tool executes only after its extra-input marker is durable
  ---
  duration_ms: 996.491584
  type: 'test'
  ...
# Subtest: SIGKILL after history or rename leaves an orphan version that no later Run may import
ok 309 - SIGKILL after history or rename leaves an orphan version that no later Run may import
  ---
  duration_ms: 4017.017584
  type: 'test'
  ...
# (node:61601) ExperimentalWarning: SQLite is an experimental feature and might change at any time
# (Use `node --trace-warnings ...` to show where the warning was created)
# Subtest: Inbound NDA reaches loopback with declared reasoning while Work metadata stays fixed
ok 310 - Inbound NDA reaches loopback with declared reasoning while Work metadata stays fixed
  ---
  duration_ms: 1196.358542
  type: 'test'
  ...
# (node:62464) ExperimentalWarning: SQLite is an experimental feature and might change at any time
# (Use `node --trace-warnings ...` to show where the warning was created)
# Subtest: extension restart: loaded binding continues; invalidation and unload keep their generations
ok 311 - extension restart: loaded binding continues; invalidation and unload keep their generations
  ---
  duration_ms: 1598.993625
  type: 'test'
  ...
# Subtest: extension restart: changed version requires reload; empty composition preserves dormant records
ok 312 - extension restart: changed version requires reload; empty composition preserves dormant records
  ---
  duration_ms: 455.00475
  type: 'test'
  ...
# (node:62968) ExperimentalWarning: SQLite is an experimental feature and might change at any time
# (Use `node --trace-warnings ...` to show where the warning was created)
# Subtest: T-EXT-1: se_read_source succeeds through service.createRun on AgentSession
ok 313 - T-EXT-1: se_read_source succeeds through service.createRun on AgentSession
  ---
  duration_ms: 483.292959
  type: 'test'
  ...
# Subtest: T-EXT-2: se_submit_candidate goes through once and Core rejects the late call
ok 314 - T-EXT-2: se_submit_candidate goes through once and Core rejects the late call
  ---
  duration_ms: 695.216125
  type: 'test'
  ...
# Subtest: governance: policy is separate from Matter, exact replay cannot resurrect revoked disclosure
ok 315 - governance: policy is separate from Matter, exact replay cannot resurrect revoked disclosure
  ---
  duration_ms: 105.705208
  type: 'test'
  ...
# Subtest: governance: scope and registry-only grant hide bodies, hashes, counts and unknown schemas
ok 316 - governance: scope and registry-only grant hide bodies, hashes, counts and unknown schemas
  ---
  duration_ms: 222.530083
  type: 'test'
  ...
# Subtest: governance: pagination binds visible collection; source updates require rediscovery while policy remains valid
ok 317 - governance: pagination binds visible collection; source updates require rediscovery while policy remains valid
  ---
  duration_ms: 199.68775
  type: 'test'
  ...
# Subtest: governance: registry and Attention source links do not grant target Matter access
ok 318 - governance: registry and Attention source links do not grant target Matter access
  ---
  duration_ms: 157.177708
  type: 'test'
  ...
# Subtest: governance: accepted Artifact is exact, bounded and distinct from pending candidates
ok 319 - governance: accepted Artifact is exact, bounded and distinct from pending candidates
  ---
  duration_ms: 152.756625
  type: 'test'
  ...
# Subtest: governance: unsupported schema, malformed envelopes and hidden queries fail closed
ok 320 - governance: unsupported schema, malformed envelopes and hidden queries fail closed
  ---
  duration_ms: 161.826
  type: 'test'
  ...
# Subtest: governance: corrupt bytes and missing policy provenance are refused without repair
ok 321 - governance: corrupt bytes and missing policy provenance are refused without repair
  ---
  duration_ms: 599.381291
  type: 'test'
  ...
# Subtest: governance: file Artifact delegates to exact immutable manifest/content reader
ok 322 - governance: file Artifact delegates to exact immutable manifest/content reader
  ---
  duration_ms: 111.231667
  type: 'test'
  ...
# Subtest: governance: unknown Matter contract is discoverable metadata but cannot be decoded
ok 323 - governance: unknown Matter contract is discoverable metadata but cannot be decoded
  ---
  duration_ms: 91.228666
  type: 'test'
  ...
# Subtest: governance: non-object or corrupted policy provenance has uniform runtime absence and structured human refusal
ok 324 - governance: non-object or corrupted policy provenance has uniform runtime absence and structured human refusal
  ---
  duration_ms: 397.148292
  type: 'test'
  ...
# Subtest: governance: oversized content cannot prevent human policy-only revocation
ok 325 - governance: oversized content cannot prevent human policy-only revocation
  ---
  duration_ms: 84.05775
  type: 'test'
  ...
# (node:63740) ExperimentalWarning: SQLite is an experimental feature and might change at any time
# (Use `node --trace-warnings ...` to show where the warning was created)
# Subtest: governance authenticated HTTP rejects identity injection and cross-project refs, grants are human-only
ok 326 - governance authenticated HTTP rejects identity injection and cross-project refs, grants are human-only
  ---
  duration_ms: 357.817667
  type: 'test'
  ...
# Subtest: global Pi tools discover, inspect and read exact governed evidence; project catalogs cannot install them
ok 327 - global Pi tools discover, inspect and read exact governed evidence; project catalogs cannot install them
  ---
  duration_ms: 2318.2425
  type: 'test'
  ...
# Subtest: runtime adapter rejects mismatched/closed host Runs and a change while Core read is pending
ok 328 - runtime adapter rejects mismatched/closed host Runs and a change while Core read is pending
  ---
  duration_ms: 605.056958
  type: 'test'
  ...
# Subtest: governance policy SIGKILL before_commit preserves zero/one complete effect
ok 329 - governance policy SIGKILL before_commit preserves zero/one complete effect
  ---
  duration_ms: 307.833
  type: 'test'
  ...
# Subtest: governance policy SIGKILL after_commit_before_ack preserves zero/one complete effect
ok 330 - governance policy SIGKILL after_commit_before_ack preserves zero/one complete effect
  ---
  duration_ms: 283.749125
  type: 'test'
  ...
# Subtest: Core3/app4 migrates atomically with an exclusive original backup; fixed old host refuses new DB and reads separate backup
ok 331 - Core3/app4 migrates atomically with an exclusive original backup; fixed old host refuses new DB and reads separate backup
  ---
  duration_ms: 567.632125
  type: 'test'
  ...
# Subtest: migration refuses existing or symlink backup, malformed owned schema, and partial new tables without modifying old bytes
ok 332 - migration refuses existing or symlink backup, malformed owned schema, and partial new tables without modifying old bytes
  ---
  duration_ms: 776.9215
  type: 'test'
  ...
# Subtest: governance migration SIGKILL governance_migration_before_commit keeps schema markers and tables together
ok 333 - governance migration SIGKILL governance_migration_before_commit keeps schema markers and tables together
  ---
  duration_ms: 369.484875
  type: 'test'
  ...
# Subtest: governance migration SIGKILL governance_migration_after_commit keeps schema markers and tables together
ok 334 - governance migration SIGKILL governance_migration_after_commit keeps schema markers and tables together
  ---
  duration_ms: 400.431291
  type: 'test'
  ...
# Subtest: disclosure expiry is checked at query time with a deterministic future clock
ok 335 - disclosure expiry is checked at query time with a deterministic future clock
  ---
  duration_ms: 199.119417
  type: 'test'
  ...
# Subtest: worker preserves regex matches, line numbers and Unicode
ok 336 - worker preserves regex matches, line numbers and Unicode
  ---
  duration_ms: 40.094
  type: 'test'
  ...
# Subtest: pathological regex times out while the service event loop stays responsive
ok 337 - pathological regex times out while the service event loop stays responsive
  ---
  duration_ms: 2005.62125
  type: 'test'
  ...
# Subtest: abort terminates pathological matching before its worker timeout
ok 338 - abort terminates pathological matching before its worker timeout
  ---
  duration_ms: 154.2555
  type: 'test'
  ...
# Subtest: already aborted search cannot start matching
ok 339 - already aborted search cannot start matching
  ---
  duration_ms: 1.287916
  type: 'test'
  ...
# Subtest: Home Activity rejects malformed dates, totals, and requested periods
ok 340 - Home Activity rejects malformed dates, totals, and requested periods
  ---
  duration_ms: 2.417458
  type: 'test'
  ...
# Subtest: Home Attention rejects invalid identity, revision, and pagination packets
ok 341 - Home Attention rejects invalid identity, revision, and pagination packets
  ---
  duration_ms: 0.513667
  type: 'test'
  ...
# Subtest: Home Attention detail accepts only the display contract
ok 342 - Home Attention detail accepts only the display contract
  ---
  duration_ms: 0.1925
  type: 'test'
  ...
# Subtest: standalone Attention ignores an older project query after a newer open
ok 343 - standalone Attention ignores an older project query after a newer open
  ---
  duration_ms: 16.380458
  type: 'test'
  ...
# Subtest: standalone Attention ignores a stale detail after project selection changes
ok 344 - standalone Attention ignores a stale detail after project selection changes
  ---
  duration_ms: 3.110334
  type: 'test'
  ...
# Subtest: Attention registry opens the global agent explicitly without a model request
ok 345 - Attention registry opens the global agent explicitly without a model request
  ---
  duration_ms: 0.673084
  type: 'test'
  ...
# Subtest: Back to items clears a pending detail and rejects its late response
ok 346 - Back to items clears a pending detail and rejects its late response
  ---
  duration_ms: 1.512708
  type: 'test'
  ...
# Subtest: Review belongs only to needs_you across Home and Attention states
ok 347 - Review belongs only to needs_you across Home and Attention states
  ---
  duration_ms: 2.191125
  type: 'test'
  ...
# Subtest: text-only pending and failed Home rows render and retain their exact navigation scope
ok 348 - text-only pending and failed Home rows render and retain their exact navigation scope
  ---
  duration_ms: 0.866292
  type: 'test'
  ...
# Subtest: Home retains native targets for unchanged projections and uses current callbacks
ok 349 - Home retains native targets for unchanged projections and uses current callbacks
  ---
  duration_ms: 0.569208
  type: 'test'
  ...
# Subtest: Home immediately renders changed facts, removed targets, filters, and errors
ok 350 - Home immediately renders changed facts, removed targets, filters, and errors
  ---
  duration_ms: 0.834458
  type: 'test'
  ...
# Subtest: Home remounts after the shared stream was used by a chat
ok 351 - Home remounts after the shared stream was used by a chat
  ---
  duration_ms: 0.289167
  type: 'test'
  ...
# Subtest: P01 installed SDK modern aggregates pages
ok 352 - P01 installed SDK modern aggregates pages
  ---
  duration_ms: 57.634125
  type: 'test'
  ...
# Subtest: P01 installed SDK modern aggregates empty
ok 353 - P01 installed SDK modern aggregates empty
  ---
  duration_ms: 14.98075
  type: 'test'
  ...
# Subtest: P01 modern rejects incomplete failure atomically
ok 354 - P01 modern rejects incomplete failure atomically
  ---
  duration_ms: 9.52225
  type: 'test'
  ...
# Subtest: P01 modern rejects incomplete cycle atomically
ok 355 - P01 modern rejects incomplete cycle atomically
  ---
  duration_ms: 8.816625
  type: 'test'
  ...
# Subtest: P01 modern rejects incomplete empty-cycle atomically
ok 356 - P01 modern rejects incomplete empty-cycle atomically
  ---
  duration_ms: 4.935708
  type: 'test'
  ...
# Subtest: P01 modern rejects incomplete duplicate atomically
ok 357 - P01 modern rejects incomplete duplicate atomically
  ---
  duration_ms: 4.726791
  type: 'test'
  ...
# Subtest: P01 modern rejects incomplete cross-page-duplicate atomically
ok 358 - P01 modern rejects incomplete cross-page-duplicate atomically
  ---
  duration_ms: 4.635208
  type: 'test'
  ...
# Subtest: P01 modern rejects incomplete count atomically
ok 359 - P01 modern rejects incomplete count atomically
  ---
  duration_ms: 3.041458
  type: 'test'
  ...
# Subtest: P01 modern rejects incomplete bytes atomically
ok 360 - P01 modern rejects incomplete bytes atomically
  ---
  duration_ms: 10.302625
  type: 'test'
  ...
# Subtest: P01 modern rejects incomplete page-limit atomically
ok 361 - P01 modern rejects incomplete page-limit atomically
  ---
  duration_ms: 136.033834
  type: 'test'
  ...
# Subtest: P01 installed SDK legacy aggregates pages
ok 362 - P01 installed SDK legacy aggregates pages
  ---
  duration_ms: 15.223917
  type: 'test'
  ...
# Subtest: P01 installed SDK legacy aggregates empty
ok 363 - P01 installed SDK legacy aggregates empty
  ---
  duration_ms: 5.852375
  type: 'test'
  ...
# Subtest: P01 legacy rejects incomplete failure atomically
ok 364 - P01 legacy rejects incomplete failure atomically
  ---
  duration_ms: 5.944792
  type: 'test'
  ...
# Subtest: P01 legacy rejects incomplete cycle atomically
ok 365 - P01 legacy rejects incomplete cycle atomically
  ---
  duration_ms: 10.8055
  type: 'test'
  ...
# Subtest: P01 legacy rejects incomplete empty-cycle atomically
ok 366 - P01 legacy rejects incomplete empty-cycle atomically
  ---
  duration_ms: 6.541417
  type: 'test'
  ...
# Subtest: P01 legacy rejects incomplete duplicate atomically
ok 367 - P01 legacy rejects incomplete duplicate atomically
  ---
  duration_ms: 3.697709
  type: 'test'
  ...
# Subtest: P01 legacy rejects incomplete cross-page-duplicate atomically
ok 368 - P01 legacy rejects incomplete cross-page-duplicate atomically
  ---
  duration_ms: 4.29975
  type: 'test'
  ...
# Subtest: P01 legacy rejects incomplete count atomically
ok 369 - P01 legacy rejects incomplete count atomically
  ---
  duration_ms: 3.506083
  type: 'test'
  ...
# Subtest: P01 legacy rejects incomplete bytes atomically
ok 370 - P01 legacy rejects incomplete bytes atomically
  ---
  duration_ms: 6.716958
  type: 'test'
  ...
# Subtest: P01 legacy rejects incomplete page-limit atomically
ok 371 - P01 legacy rejects incomplete page-limit atomically
  ---
  duration_ms: 94.7765
  type: 'test'
  ...
# Subtest: P01 concurrent connects expose only the latest requested connection
ok 372 - P01 concurrent connects expose only the latest requested connection
  ---
  duration_ms: 17.746833
  type: 'test'
  ...
# Subtest: P01 disconnect while discovery waits cannot publish a late catalog
ok 373 - P01 disconnect while discovery waits cannot publish a late catalog
  ---
  duration_ms: 5.146375
  type: 'test'
  ...
# Subtest: P01 transport error invalidates callability until explicit reconnect
ok 374 - P01 transport error invalidates callability until explicit reconnect
  ---
  duration_ms: 10.150375
  type: 'test'
  ...
# (node:66116) ExperimentalWarning: SQLite is an experimental feature and might change at any time
# (Use `node --trace-warnings ...` to show where the warning was created)
# Subtest: P02 reported: effect is unknown, fenced and preserved across restart
ok 375 - P02 reported: effect is unknown, fenced and preserved across restart
  ---
  duration_ms: 1074.297542
  type: 'test'
  ...
# Subtest: P02 drop: effect is unknown, fenced and preserved across restart
ok 376 - P02 drop: effect is unknown, fenced and preserved across restart
  ---
  duration_ms: 992.942791
  type: 'test'
  ...
# Subtest: P02 receipt-failure: effect is unknown, fenced and preserved across restart
ok 377 - P02 receipt-failure: effect is unknown, fenced and preserved across restart
  ---
  duration_ms: 708.5455
  type: 'test'
  ...
# Subtest: P02 cancel: effect is unknown, fenced and preserved across restart
ok 378 - P02 cancel: effect is unknown, fenced and preserved across restart
  ---
  duration_ms: 302.42525
  type: 'test'
  ...
# Subtest: P02 restart-inflight: effect is unknown, fenced and preserved across restart
ok 379 - P02 restart-inflight: effect is unknown, fenced and preserved across restart
  ---
  duration_ms: 976.66025
  type: 'test'
  ...
# Subtest: P02 orphan-cancel: effect is unknown, fenced and preserved across restart
ok 380 - P02 orphan-cancel: effect is unknown, fenced and preserved across restart
  ---
  duration_ms: 1491.208291
  type: 'test'
  ...
# Subtest: P02 pre-dispatch refusal has no effect and no unknown receipt
ok 381 - P02 pre-dispatch refusal has no effect and no unknown receipt
  ---
  duration_ms: 3.21475
  type: 'test'
  ...
# Subtest: P02 SIGKILL after remote effect before result leaves a durable unreconciled dispatch
ok 382 - P02 SIGKILL after remote effect before result leaves a durable unreconciled dispatch
  ---
  duration_ms: 1543.17325
  type: 'test'
  ...
# Subtest: P02 failed durable dispatch intent prevents the remote call
ok 383 - P02 failed durable dispatch intent prevents the remote call
  ---
  duration_ms: 11.816292
  type: 'test'
  ...
# (node:66512) ExperimentalWarning: SQLite is an experimental feature and might change at any time
# (Use `node --trace-warnings ...` to show where the warning was created)
# Subtest: P02b actual modern SDK preserves structured {"answer":42}
ok 384 - P02b actual modern SDK preserves structured {"answer":42}
  ---
  duration_ms: 44.708084
  type: 'test'
  ...
# Subtest: P02b actual modern SDK preserves structured [1,"two"]
ok 385 - P02b actual modern SDK preserves structured [1,"two"]
  ---
  duration_ms: 12.478125
  type: 'test'
  ...
# Subtest: P02b actual modern SDK preserves structured null
ok 386 - P02b actual modern SDK preserves structured null
  ---
  duration_ms: 9.551625
  type: 'test'
  ...
# Subtest: P02b actual modern SDK preserves structured false
ok 387 - P02b actual modern SDK preserves structured false
  ---
  duration_ms: 4.551792
  type: 'test'
  ...
# Subtest: P02b actual modern SDK preserves structured 0
ok 388 - P02b actual modern SDK preserves structured 0
  ---
  duration_ms: 5.97625
  type: 'test'
  ...
# Subtest: P02b actual modern SDK preserves structured "scalar"
ok 389 - P02b actual modern SDK preserves structured "scalar"
  ---
  duration_ms: 8.161708
  type: 'test'
  ...
# Subtest: P02b actual legacy SDK preserves body plus supported structure
ok 390 - P02b actual legacy SDK preserves body plus supported structure
  ---
  duration_ms: 21.778291
  type: 'test'
  ...
# Subtest: P02b structured-only and non-rendered resource blocks stay explicit
ok 391 - P02b structured-only and non-rendered resource blocks stay explicit
  ---
  duration_ms: 9.0885
  type: 'test'
  ...
# Subtest: P02b invalid/oversized result fences uncertainty without raw dumping
ok 392 - P02b invalid/oversized result fences uncertainty without raw dumping
  ---
  duration_ms: 18.322709
  type: 'test'
  ...
# Subtest: P02b success: native projection and scoped full result survive restart
ok 393 - P02b success: native projection and scoped full result survive restart
  ---
  duration_ms: 976.760083
  type: 'test'
  ...
# Subtest: P02b error: native projection and scoped full result survive restart
ok 394 - P02b error: native projection and scoped full result survive restart
  ---
  duration_ms: 1005.53225
  type: 'test'
  ...
# Subtest: P02b installed SDK output schema rejection is effect-unknown
ok 395 - P02b installed SDK output schema rejection is effect-unknown
  ---
  duration_ms: 11.533542
  type: 'test'
  ...
# Subtest: P02b failed result retention cannot become a successful empty result
ok 396 - P02b failed result retention cannot become a successful empty result
  ---
  duration_ms: 3.517125
  type: 'test'
  ...
# Subtest: P02b repeated native call IDs receive distinct Host dispatch identities
ok 397 - P02b repeated native call IDs receive distinct Host dispatch identities
  ---
  duration_ms: 2.968375
  type: 'test'
  ...
# (node:67614) ExperimentalWarning: SQLite is an experimental feature and might change at any time
# (Use `node --trace-warnings ...` to show where the warning was created)
# Subtest: T-IDEM-1: replaying the same commandId with the same input returns the same run
ok 398 - T-IDEM-1: replaying the same commandId with the same input returns the same run
  ---
  duration_ms: 599.428541
  type: 'test'
  ...
# Subtest: T-IDEM-2: replaying the same commandId with a different input is 409 command_conflict
ok 399 - T-IDEM-2: replaying the same commandId with a different input is 409 command_conflict
  ---
  duration_ms: 78.401709
  type: 'test'
  ...
# Subtest: T-IDEM-3: two concurrent creates with the same commandId produce exactly one run
ok 400 - T-IDEM-3: two concurrent creates with the same commandId produce exactly one run
  ---
  duration_ms: 79.745459
  type: 'test'
  ...
# Subtest: T-IDEM-4: a lost response then a resend returns the same run and executes once
ok 401 - T-IDEM-4: a lost response then a resend returns the same run and executes once
  ---
  duration_ms: 265.084458
  type: 'test'
  ...
# Subtest: T-IDEM-6: the same commandId in another session is a different command
ok 402 - T-IDEM-6: the same commandId in another session is a different command
  ---
  duration_ms: 998.929709
  type: 'test'
  ...
# Subtest: C4: unloaded extension preserves old receipts but still blocks new work
ok 403 - C4: unloaded extension preserves old receipts but still blocks new work
  ---
  duration_ms: 285.906375
  type: 'test'
  ...
# Subtest: Inspector separates recorded/current targets and folds version/cache details without losing unknown accounting
ok 404 - Inspector separates recorded/current targets and folds version/cache details without losing unknown accounting
  ---
  duration_ms: 22.254958
  type: 'test'
  ...
# Subtest: Inspector tool activity reuses thread projection and never turns an unfinished tool into success
ok 405 - Inspector tool activity reuses thread projection and never turns an unfinished tool into success
  ---
  duration_ms: 1.591292
  type: 'test'
  ...
# Subtest: file quotes work on initial and cached views, while replaced targets invalidate old buttons
ok 406 - file quotes work on initial and cached views, while replaced targets invalidate old buttons
  ---
  duration_ms: 3.408458
  type: 'test'
  ...
# (node:68273) ExperimentalWarning: SQLite is an experimental feature and might change at any time
# (Use `node --trace-warnings ...` to show where the warning was created)
# Subtest: Pinned jsdiff adapter preserves original lines, whitespace, Unicode and missing final newline
ok 407 - Pinned jsdiff adapter preserves original lines, whitespace, Unicode and missing final newline
  ---
  duration_ms: 2.074917
  type: 'test'
  ...
# Subtest: Comparison returns explicit limited state instead of partial diff or expensive word allocation
ok 408 - Comparison returns explicit limited state instead of partial diff or expensive word allocation
  ---
  duration_ms: 1.800625
  type: 'test'
  ...
# Subtest: HTTP comparison requires two exact versions in one session and makes no adoption or revision change
ok 409 - HTTP comparison requires two exact versions in one session and makes no adoption or revision change
  ---
  duration_ms: 169.552667
  type: 'test'
  ...
# (node:68308) ExperimentalWarning: SQLite is an experimental feature and might change at any time
# (Use `node --trace-warnings ...` to show where the warning was created)
# Subtest: Session deletion serializes after a queued upload; delete-first rejects upload
ok 410 - Session deletion serializes after a queued upload; delete-first rejects upload
  ---
  duration_ms: 149.142
  type: 'test'
  ...
# Subtest: shutdown waits for accepted intake writes and rejects new material uploads
ok 411 - shutdown waits for accepted intake writes and rejects new material uploads
  ---
  duration_ms: 97.594042
  type: 'test'
  ...
# Subtest: retained uploads stay separate, fetch versions on disclosure, and return focus to the exact row
ok 412 - retained uploads stay separate, fetch versions on disclosure, and return focus to the exact row
  ---
  duration_ms: 24.669
  type: 'test'
  ...
# Subtest: comparison requires two explicit retained revisions and renders the exact server diff
ok 413 - comparison requires two explicit retained revisions and renders the exact server diff
  ---
  duration_ms: 19.923166
  type: 'test'
  ...
# Subtest: limited source comparisons show the reason without partial diff, and failed comparisons can retry
ok 414 - limited source comparisons show the reason without partial diff, and failed comparisons can retry
  ---
  duration_ms: 24.905333
  type: 'test'
  ...
# Subtest: file upload preserves BOM and CRLF bytes through a same-command retry
ok 415 - file upload preserves BOM and CRLF bytes through a same-command retry
  ---
  duration_ms: 24.401791
  type: 'test'
  ...
# Subtest: a rejected file read from an old session cannot write an error into the new session
ok 416 - a rejected file read from an old session cannot write an error into the new session
  ---
  duration_ms: 6.549375
  type: 'test'
  ...
# Subtest: explicit retained refresh restores only its own focused button
ok 417 - explicit retained refresh restores only its own focused button
  ---
  duration_ms: 6.945458
  type: 'test'
  ...
# Subtest: 503 preserves the exact draft and command for retry; editing the draft gets a new command
ok 418 - 503 preserves the exact draft and command for retry; editing the draft gets a new command
  ---
  duration_ms: 24.809667
  type: 'test'
  ...
# Subtest: 409 refresh requires opening the changed version before a new replacement is submitted
ok 419 - 409 refresh requires opening the changed version before a new replacement is submitted
  ---
  duration_ms: 19.13825
  type: 'test'
  ...
# Subtest: Inspector opens retained UTF-8 at an exact revision and validates full text identity
ok 420 - Inspector opens retained UTF-8 at an exact revision and validates full text identity
  ---
  duration_ms: 11.346667
  type: 'test'
  ...
# (node:68377) ExperimentalWarning: SQLite is an experimental feature and might change at any time
# (Use `node --trace-warnings ...` to show where the warning was created)
# Subtest: Intake retains UTF-8 r1/r2 and independent session identity; same bytes do not merge scopes
ok 421 - Intake retains UTF-8 r1/r2 and independent session identity; same bytes do not merge scopes
  ---
  duration_ms: 17.2375
  type: 'test'
  ...
# Subtest: Intake command payload conflicts, CAS and delayed pending delivery cannot rewrite later revisions
ok 422 - Intake command payload conflicts, CAS and delayed pending delivery cannot rewrite later revisions
  ---
  duration_ms: 7.407209
  type: 'test'
  ...
# Subtest: Intake exact reads reject mismatched hashes and corrupt bytes, including duplicate upload reuse
ok 423 - Intake exact reads reject mismatched hashes and corrupt bytes, including duplicate upload reuse
  ---
  duration_ms: 13.081292
  type: 'test'
  ...
# Subtest: Intake restarts with pending receipt and rejects unknown schema without rewriting it
ok 424 - Intake restarts with pending receipt and rejects unknown schema without rewriting it
  ---
  duration_ms: 5.87975
  type: 'test'
  ...
# Subtest: Intake will not follow a sidecar database symlink
ok 425 - Intake will not follow a sidecar database symlink
  ---
  duration_ms: 2.902958
  type: 'test'
  ...
# Subtest: HTTP uploads retain exact versions across workspace edits and restart; deleted session cannot disclose
ok 426 - HTTP uploads retain exact versions across workspace edits and restart; deleted session cannot disclose
  ---
  duration_ms: 280.083083
  type: 'test'
  ...
# Subtest: HTTP simultaneous CAS uploads admit one source revision and leave the losing text out of workspace
ok 427 - HTTP simultaneous CAS uploads admit one source revision and leave the losing text out of workspace
  ---
  duration_ms: 119.96
  type: 'test'
  ...
# Subtest: Upload delivery failure leaves readable bytes; same command recovers and superseded pending never overwrites
ok 428 - Upload delivery failure leaves readable bytes; same command recovers and superseded pending never overwrites
  ---
  duration_ms: 145.321083
  type: 'test'
  ...
# (node:68408) ExperimentalWarning: SQLite is an experimental feature and might change at any time
# (Use `node --trace-warnings ...` to show where the warning was created)
# Subtest: T-CANCEL-1: cancel during tool execution leaves no partial file
ok 429 - T-CANCEL-1: cancel during tool execution leaves no partial file
  ---
  duration_ms: 236.611667
  type: 'test'
  ...
# Subtest: cancelling a run with no pending question also ends cancelled
ok 430 - cancelling a run with no pending question also ends cancelled
  ---
  duration_ms: 461.005709
  type: 'test'
  ...
# startup: reconciled workspace of session 87aa694a-7ebc-4958-a78b-d581073df0f5 after an interrupted run; 0 file(s) are not covered by a recorded content version
# Subtest: T-RESTART-1: restart during waiting_user yields unknown/expired_restart and the host session continues
ok 431 - T-RESTART-1: restart during waiting_user yields unknown/expired_restart and the host session continues
  ---
  duration_ms: 1886.406042
  type: 'test'
  ...
# Subtest: T-USAGE-1: a completed run records non-zero usage with missing:false
ok 432 - T-USAGE-1: a completed run records non-zero usage with missing:false
  ---
  duration_ms: 500.925708
  type: 'test'
  ...
# Subtest: T-USAGE-2: cancelling in the second turn keeps the first turn's usage and marks missing
ok 433 - T-USAGE-2: cancelling in the second turn keeps the first turn's usage and marks missing
  ---
  duration_ms: 1016.47375
  type: 'test'
  ...
# Subtest: T-USAGE-3: a provider error after a good turn fails the run without erasing usage
ok 434 - T-USAGE-3: a provider error after a good turn fails the run without erasing usage
  ---
  duration_ms: 14611.106125
  type: 'test'
  ...
# Subtest: T-BUDGET-1: waiting_user time is excluded from the execution deadline
ok 435 - T-BUDGET-1: waiting_user time is excluded from the execution deadline
  ---
  duration_ms: 1899.284875
  type: 'test'
  ...
# Subtest: T-USAGE-4: a retried provider call is surfaced as a notice and counted once
ok 436 - T-USAGE-4: a retried provider call is surfaced as a notice and counted once
  ---
  duration_ms: 2705.412833
  type: 'test'
  ...
# Subtest: T-USAGE-5: a long waiting_user then an answer completes with whole usage and no budget trip
ok 437 - T-USAGE-5: a long waiting_user then an answer completes with whole usage and no budget trip
  ---
  duration_ms: 2798.062
  type: 'test'
  ...
# (node:68533) ExperimentalWarning: SQLite is an experimental feature and might change at any time
# (Use `node --trace-warnings ...` to show where the warning was created)
# Subtest: real HTTP candidate pages preserve Markdown bytes, and wrong Matter scope is refused
ok 438 - real HTTP candidate pages preserve Markdown bytes, and wrong Matter scope is refused
  ---
  duration_ms: 1064.709792
  type: 'test'
  ...
# Subtest: accepted Artifact pages remain exact after producer deletion and extension unload
ok 439 - accepted Artifact pages remain exact after producer deletion and extension unload
  ---
  duration_ms: 654.667417
  type: 'test'
  ...
# Subtest: independent SHA-256 and code-point helpers agree with the browser source contract
ok 440 - independent SHA-256 and code-point helpers agree with the browser source contract
  ---
  duration_ms: 4.954583
  type: 'test'
  ...
# Subtest: readCoreManifest returns verified file refs and sends a bounded candidate query
ok 441 - readCoreManifest returns verified file refs and sends a bounded candidate query
  ---
  duration_ms: 0.964208
  type: 'test'
  ...
# Subtest: readCoreManifest uses the explicit Artifact selector and preserves its identity
ok 442 - readCoreManifest uses the explicit Artifact selector and preserves its identity
  ---
  duration_ms: 0.238
  type: 'test'
  ...
# Subtest: readCoreManifest rejects wrong identities, holes, duplicate paths and unsupported pages
ok 443 - readCoreManifest rejects wrong identities, holes, duplicate paths and unsupported pages
  ---
  duration_ms: 1.609958
  type: 'test'
  ...
# Subtest: readCoreFile assembles pages using server code-point cursors and an independent final hash
ok 444 - readCoreFile assembles pages using server code-point cursors and an independent final hash
  ---
  duration_ms: 2.094
  type: 'test'
  ...
# Subtest: readCoreFile accepts an exact empty terminal page
ok 445 - readCoreFile accepts an exact empty terminal page
  ---
  duration_ms: 0.435709
  type: 'test'
  ...
# Subtest: readCoreFile rejects wrong IDs, hash swaps, path swaps and pagination holes
ok 446 - readCoreFile rejects wrong IDs, hash swaps, path swaps and pagination holes
  ---
  duration_ms: 0.818958
  type: 'test'
  ...
# Subtest: readCoreFile rejects a continuation replay or changed duplicate page
ok 447 - readCoreFile rejects a continuation replay or changed duplicate page
  ---
  duration_ms: 0.1675
  type: 'test'
  ...
# Subtest: readCoreFile rejects a changed identity on any page and a wrong final digest
ok 448 - readCoreFile rejects a changed identity on any page and a wrong final digest
  ---
  duration_ms: 0.7965
  type: 'test'
  ...
# Subtest: readCoreFile aborts before and after a delayed page, without returning partial source
ok 449 - readCoreFile aborts before and after a delayed page, without returning partial source
  ---
  duration_ms: 0.477083
  type: 'test'
  ...
# Subtest: coreFileSubjects exposes only supported, scoped Core file refs
ok 450 - coreFileSubjects exposes only supported, scoped Core file refs
  ---
  duration_ms: 0.204667
  type: 'test'
  ...
# Subtest: projectMarkdown preserves BOM, CRLF, combining marks, duplicate block ranges and safe semantic nodes
ok 451 - projectMarkdown preserves BOM, CRLF, combining marks, duplicate block ranges and safe semantic nodes
  ---
  duration_ms: 12.147375
  type: 'test'
  ...
# Subtest: projectMarkdown parses complete definitions, keeps unsafe links inert, and emits bounded warnings
ok 452 - projectMarkdown parses complete definitions, keeps unsafe links inert, and emits bounded warnings
  ---
  duration_ms: 3.786
  type: 'test'
  ...
# Subtest: projectMarkdown refuses malformed identity, source text, and size
ok 453 - projectMarkdown refuses malformed identity, source text, and size
  ---
  duration_ms: 0.6985
  type: 'test'
  ...
# Subtest: projectMarkdown creates a revision-local key and never claims writable review state
ok 454 - projectMarkdown creates a revision-local key and never claims writable review state
  ---
  duration_ms: 3.019917
  type: 'test'
  ...
# Subtest: sha256Text does not silently normalize source
ok 455 - sha256Text does not silently normalize source
  ---
  duration_ms: 0.673
  type: 'test'
  ...
# Subtest: readCoreFile propagates producer absence as an exact read, not a fallback
ok 456 - readCoreFile propagates producer absence as an exact read, not a fallback
  ---
  duration_ms: 0.274
  type: 'test'
  ...
# lint-materials: 2 处违反 WK-101 / WK-102
# lint-materials: 1 处违反 WK-101 / WK-102
# lint-materials: 1 处违反 WK-101 / WK-102
# Subtest: 产品样式表通过材质 lint 两项
ok 457 - 产品样式表通过材质 lint 两项
  ---
  duration_ms: 48.9165
  type: 'test'
  ...
# Subtest: 未登记的类名上出现 backdrop-filter 会被拒绝
ok 458 - 未登记的类名上出现 backdrop-filter 会被拒绝
  ---
  duration_ms: 33.225667
  type: 'test'
  ...
# Subtest: 半透明表面缺少 reduced-transparency 回退会被拒绝
ok 459 - 半透明表面缺少 reduced-transparency 回退会被拒绝
  ---
  duration_ms: 36.579291
  type: 'test'
  ...
# Subtest: 私有 blur 取值会被拒绝
ok 460 - 私有 blur 取值会被拒绝
  ---
  duration_ms: 35.518959
  type: 'test'
  ...
# (node:69403) ExperimentalWarning: SQLite is an experimental feature and might change at any time
# (Use `node --trace-warnings ...` to show where the warning was created)
# Subtest: model capability contract: legacy boolean is not promoted into invented effort tiers; explicit per-model lists stay isolated
ok 461 - model capability contract: legacy boolean is not promoted into invented effort tiers; explicit per-model lists stay isolated
  ---
  duration_ms: 297.483
  type: 'test'
  ...
# Subtest: model capability contract: effort lists reject invalid values; config CAS detects missing and stale writers
ok 462 - model capability contract: effort lists reject invalid values; config CAS detects missing and stale writers
  ---
  duration_ms: 122.69275
  type: 'test'
  ...
# Subtest: installed model descriptors are API-specific and preserve exact concrete effort ladders
ok 463 - installed model descriptors are API-specific and preserve exact concrete effort ladders
  ---
  duration_ms: 84.807292
  type: 'test'
  ...
# Subtest: editing a connection invalidates selected effort, and each Run freezes a capability binding across reopen
ok 464 - editing a connection invalidates selected effort, and each Run freezes a capability binding across reopen
  ---
  duration_ms: 733.655
  type: 'test'
  ...
# Subtest: schema12→13 migration preserves config and active Run, adds unknown capability, bumps CAS epoch, and invalidates old receipt
ok 465 - schema12→13 migration preserves config and active Run, adds unknown capability, bumps CAS epoch, and invalidates old receipt
  ---
  duration_ms: 611.244583
  type: 'test'
  ...
# Subtest: search rerender and direct click cannot re-enable/save a stale unsupported effort
ok 466 - search rerender and direct click cannot re-enable/save a stale unsupported effort
  ---
  duration_ms: 19.739583
  type: 'test'
  ...
# Subtest: 三条 happy path 是闭集，且每条只用后端目录里真有的 provider 身份
ok 467 - 三条 happy path 是闭集，且每条只用后端目录里真有的 provider 身份
  ---
  duration_ms: 1.068167
  type: 'test'
  ...
# Subtest: 路径由连接记录自己说，不由一份全局配置反推
ok 468 - 路径由连接记录自己说，不由一份全局配置反推
  ---
  duration_ms: 0.269875
  type: 'test'
  ...
# Subtest: Connections 列后端注册表报的每一条，结构不假设单数
ok 469 - Connections 列后端注册表报的每一条，结构不假设单数
  ---
  duration_ms: 0.87275
  type: 'test'
  ...
# Subtest: PV-27 / PV-30 · 窗口读数如实：unknown、目录值、用户填的值各说各的
ok 470 - PV-27 / PV-30 · 窗口读数如实：unknown、目录值、用户填的值各说各的
  ---
  duration_ms: 12.933833
  type: 'test'
  ...
# Subtest: PV-34 / PV-46 · 保存失败的三类直接消费后端错误码与枚举，前端不重新归类
ok 471 - PV-34 / PV-46 · 保存失败的三类直接消费后端错误码与枚举，前端不重新归类
  ---
  duration_ms: 0.484875
  type: 'test'
  ...
# Subtest: WK-108/PV-62 · 冒烟不再留位：BE-39 落地后六步全部可用，各自说清楚做什么
ok 472 - WK-108/PV-62 · 冒烟不再留位：BE-39 落地后六步全部可用，各自说清楚做什么
  ---
  duration_ms: 0.453791
  type: 'test'
  ...
# Subtest: PV-73 · smoke 步的 “· Answered” 状态词只在成功后出现，字承担完成态
ok 473 - PV-73 · smoke 步的 “· Answered” 状态词只在成功后出现，字承担完成态
  ---
  duration_ms: 0.3025
  type: 'test'
  ...
# Subtest: WK-108 · 探测控件只出现在表单里写得出 Base URL 的那条路径上
ok 474 - WK-108 · 探测控件只出现在表单里写得出 Base URL 的那条路径上
  ---
  duration_ms: 0.086084
  type: 'test'
  ...
# Subtest: WK-108 · 请求体逐字按文档：三个字段，无 key 省略字段，不加 header
ok 475 - WK-108 · 请求体逐字按文档：三个字段，无 key 省略字段，不加 header
  ---
  duration_ms: 0.3265
  type: 'test'
  ...
# Subtest: WK-108 · 结果原样呈现后端 status 与 message；ok 不被改写成一句更强的话
ok 476 - WK-108 · 结果原样呈现后端 status 与 message；ok 不被改写成一句更强的话
  ---
  duration_ms: 0.5265
  type: 'test'
  ...
# Subtest: PV-24 · 目录报来的模型 ID 进入这条连接的 Model 列表，并随连接保存
ok 477 - PV-24 · 目录报来的模型 ID 进入这条连接的 Model 列表，并随连接保存
  ---
  duration_ms: 0.386625
  type: 'test'
  ...
# Subtest: BE02 契约 · 凭据请求体的键是连接 id，不是 provider 身份
ok 478 - BE02 契约 · 凭据请求体的键是连接 id，不是 provider 身份
  ---
  duration_ms: 0.217333
  type: 'test'
  ...
# Subtest: PV-M-1 · 两处写入合一：任一处保存都不清掉另一处的字段
ok 479 - PV-M-1 · 两处写入合一：任一处保存都不清掉另一处的字段
  ---
  duration_ms: 0.222375
  type: 'test'
  ...
# Subtest: PV-53 · 模型选择器的用户连接分组标签是它的端点主机名，取不到注册表时退回 id
ok 480 - PV-53 · 模型选择器的用户连接分组标签是它的端点主机名，取不到注册表时退回 id
  ---
  duration_ms: 0.102417
  type: 'test'
  ...
# Subtest: PV-27 · 未知与 unsupported 都用 provider default；enum 按 API 精确列值
ok 481 - PV-27 · 未知与 unsupported 都用 provider default；enum 按 API 精确列值
  ---
  duration_ms: 0.340292
  type: 'test'
  ...
# Subtest: PV-61 · reasoningSource:"unknown" 换成真话，不再替目录说它没说过的话
ok 482 - PV-61 · reasoningSource:"unknown" 换成真话，不再替目录说它没说过的话
  ---
  duration_ms: 0.043125
  type: 'test'
  ...
# Subtest: 项 7 · origin:"connection" 的模型在选择器路由行追加一句，目录原生行不追加
ok 483 - 项 7 · origin:"connection" 的模型在选择器路由行追加一句，目录原生行不追加
  ---
  duration_ms: 0.032291
  type: 'test'
  ...
# Subtest: MCP 走同一形态：六步，未交付的三步同样只留位
ok 484 - MCP 走同一形态：六步，未交付的三步同样只留位
  ---
  duration_ms: 0.05625
  type: 'test'
  ...
# Subtest: WK-105 ⑤ · 侧栏宽落进 256–280 的下沿
ok 485 - WK-105 ⑤ · 侧栏宽落进 256–280 的下沿
  ---
  duration_ms: 0.053792
  type: 'test'
  ...
# Subtest: PV-64 · 六态回执的文案映射：五类登记文案，unknown 只写原话
ok 486 - PV-64 · 六态回执的文案映射：五类登记文案，unknown 只写原话
  ---
  duration_ms: 3.57025
  type: 'test'
  ...
# Subtest: PV-42 · 连接行的最近回执：成功/失败/null 三态
ok 487 - PV-42 · 连接行的最近回执：成功/失败/null 三态
  ---
  duration_ms: 0.242583
  type: 'test'
  ...
# Subtest: 连接行 lastVerification 有值 / null 两态；configurationStatus 非 ready 时降级
ok 488 - 连接行 lastVerification 有值 / null 两态；configurationStatus 非 ready 时降级
  ---
  duration_ms: 0.788167
  type: 'test'
  ...
# Subtest: PV-63 · 自动发现的触发条件与去抖：baseUrl/key 的 input 去抖 600ms，blur 立即跑
ok 489 - PV-63 · 自动发现的触发条件与去抖：baseUrl/key 的 input 去抖 600ms，blur 立即跑
  ---
  duration_ms: 1.042708
  type: 'test'
  ...
# Subtest: PV-63/38 · “Save and ask once” 与 “Save only” 的请求序：event.submitter 分流，冒烟不自动触发
ok 490 - PV-63/38 · “Save and ask once” 与 “Save only” 的请求序：event.submitter 分流，冒烟不自动触发
  ---
  duration_ms: 0.530416
  type: 'test'
  ...
# Subtest: PV-64 · is-arrived 一帧后移除：同一帧加、下一帧 rAF 移除，交给既有过渡播放
ok 491 - PV-64 · is-arrived 一帧后移除：同一帧加、下一帧 rAF 移除，交给既有过渡播放
  ---
  duration_ms: 0.420291
  type: 'test'
  ...
# Subtest: PV-64 · “Ask again” 显式重放同一个 {connectionId, model}
ok 492 - PV-64 · “Ask again” 显式重放同一个 {connectionId, model}
  ---
  duration_ms: 0.214375
  type: 'test'
  ...
# Subtest: PV-59/63 · 键入一个模型 ID 的三步序：PUT connection → PUT config →（主动作）POST verify，中途失败停步不回滚
ok 493 - PV-59/63 · 键入一个模型 ID 的三步序：PUT connection → PUT config →（主动作）POST verify，中途失败停步不回滚
  ---
  duration_ms: 0.169791
  type: 'test'
  ...
# Subtest: PV-61 · custom model reasoning declaration records exact optional effort values
ok 494 - PV-61 · custom model reasoning declaration records exact optional effort values
  ---
  duration_ms: 0.096375
  type: 'test'
  ...
# Subtest: 回执块六态的文案落点：成功两行不着色，失败一行借 --danger，`is-asking`/`is-failed` 互斥
ok 495 - 回执块六态的文案落点：成功两行不着色，失败一行借 --danger，`is-asking`/`is-failed` 互斥
  ---
  duration_ms: 0.240958
  type: 'test'
  ...
# Subtest: bounded NDA playbook and fixture manifest are versioned and serializable
ok 496 - bounded NDA playbook and fixture manifest are versioned and serializable
  ---
  duration_ms: 1.009125
  type: 'test'
  ...
# Subtest: buildReview produces the four frozen gold outcomes with source-aware anchors
ok 497 - buildReview produces the four frozen gold outcomes with source-aware anchors
  ---
  duration_ms: 3.349542
  type: 'test'
  ...
# Subtest: verifyReview rejects self-reported conclusions, missing coverage and duplicate rules
ok 498 - verifyReview rejects self-reported conclusions, missing coverage and duplicate rules
  ---
  duration_ms: 1.736375
  type: 'test'
  ...
# Subtest: verifyReview rejects bad source anchors and reconciliation tampering
ok 499 - verifyReview rejects bad source anchors and reconciliation tampering
  ---
  duration_ms: 0.914958
  type: 'test'
  ...
# Subtest: candidate adapters are serializable and preserve proposal-only obligations
ok 500 - candidate adapters are serializable and preserve proposal-only obligations
  ---
  duration_ms: 0.600667
  type: 'test'
  ...
# Subtest: a missing source clause remains unresolved and a forged pass is rejected
ok 501 - a missing source clause remains unresolved and a forged pass is rejected
  ---
  duration_ms: 0.317958
  type: 'test'
  ...
# Subtest: source conflict and unsupported clause stay visible with bounded evidence
ok 502 - source conflict and unsupported clause stay visible with bounded evidence
  ---
  duration_ms: 1.012542
  type: 'test'
  ...
# Subtest: development and holdout fixtures are distinct but obey the same deterministic contract
ok 503 - development and holdout fixtures are distinct but obey the same deterministic contract
  ---
  duration_ms: 0.547792
  type: 'test'
  ...
# (node:70114) ExperimentalWarning: SQLite is an experimental feature and might change at any time
# (Use `node --trace-warnings ...` to show where the warning was created)
# Subtest: NDA producer receives the full submission schema and static reason contract on actual Pi wire
ok 504 - NDA producer receives the full submission schema and static reason contract on actual Pi wire
  ---
  duration_ms: 693.279959
  type: 'test'
  ...
# Subtest: a reference producer can submit from advertised vocabulary and approved sources without buildReview
ok 505 - a reference producer can submit from advertised vocabulary and approved sources without buildReview
  ---
  duration_ms: 357.97875
  type: 'test'
  ...
# (node:70115) ExperimentalWarning: SQLite is an experimental feature and might change at any time
# (Use `node --trace-warnings ...` to show where the warning was created)
# Subtest: the delivered NDA renderer is served at its declared path and carries no data channel of its own
ok 506 - the delivered NDA renderer is served at its declared path and carries no data channel of its own
  ---
  duration_ms: 346.588959
  type: 'test'
  ...
# Subtest: the packet reading takes the rules, the status words and the lineage the packet actually carries
ok 507 - the packet reading takes the rules, the status words and the lineage the packet actually carries
  ---
  duration_ms: 0.558875
  type: 'test'
  ...
# Subtest: only the advertised decisions are readable as controls, and none in read-only history
ok 508 - only the advertised decisions are readable as controls, and none in read-only history
  ---
  duration_ms: 0.460167
  type: 'test'
  ...
# Subtest: a domain payload this build cannot decode is not read as findings
ok 509 - a domain payload this build cannot decode is not read as findings
  ---
  duration_ms: 0.231375
  type: 'test'
  ...
# (node:70299) ExperimentalWarning: SQLite is an experimental feature and might change at any time
# (Use `node --trace-warnings ...` to show where the warning was created)
# Subtest: NDA through Pi: verified proposal, trusted decision, revised candidate, source history and new Session context
ok 510 - NDA through Pi: verified proposal, trusted decision, revised candidate, source history and new Session context
  ---
  duration_ms: 1743.944125
  type: 'test'
  ...
# Subtest: NDA unresolved facts remain reviewable; forged pass and attempted acceptance fail
ok 511 - NDA unresolved facts remain reviewable; forged pass and attempted acceptance fail
  ---
  duration_ms: 862.788666
  type: 'test'
  ...
# Subtest: cumulative assistant deltas and their final stay one non-pending row
ok 512 - cumulative assistant deltas and their final stay one non-pending row
  ---
  duration_ms: 0.720041
  type: 'test'
  ...
# Subtest: subsequent complete assistant messages get separate rows even with identical text
ok 513 - subsequent complete assistant messages get separate rows even with identical text
  ---
  duration_ms: 0.475
  type: 'test'
  ...
# Subtest: a later assistant message's deltas do not overwrite the first message
ok 514 - a later assistant message's deltas do not overwrite the first message
  ---
  duration_ms: 0.352708
  type: 'test'
  ...
# Subtest: tool boundaries preserve assistant/tool/assistant order and tool result identity
ok 515 - tool boundaries preserve assistant/tool/assistant order and tool result identity
  ---
  duration_ms: 0.145625
  type: 'test'
  ...
# Subtest: assistant and tool rows stay scoped when runs reuse segment and call identities
ok 516 - assistant and tool rows stay scoped when runs reuse segment and call identities
  ---
  duration_ms: 0.256291
  type: 'test'
  ...
# Subtest: terminal run keeps an incomplete delta pending but a terminal final is settled
ok 517 - terminal run keeps an incomplete delta pending but a terminal final is settled
  ---
  duration_ms: 0.076291
  type: 'test'
  ...
# Subtest: assistant time uses only its matching recorded Run start, never a redraw clock
ok 518 - assistant time uses only its matching recorded Run start, never a redraw clock
  ---
  duration_ms: 0.141833
  type: 'test'
  ...
# Subtest: message time has readable provenance content without naming the native time role
ok 519 - message time has readable provenance content without naming the native time role
  ---
  duration_ms: 26.88375
  type: 'test'
  ...
# (node:70460) ExperimentalWarning: SQLite is an experimental feature and might change at any time
# (Use `node --trace-warnings ...` to show where the warning was created)
# Subtest: permission CAS mismatches leave pending question, waiter, events and persisted bytes untouched
ok 520 - permission CAS mismatches leave pending question, waiter, events and persisted bytes untouched
  ---
  duration_ms: 586.001958
  type: 'test'
  ...
# Subtest: each expectation is independently optional and malformed expectations are 400
ok 521 - each expectation is independently optional and malformed expectations are 400
  ---
  duration_ms: 1500.272042
  type: 'test'
  ...
# Subtest: CAS comparison happens inside the mutation queue after a stale service read
ok 522 - CAS comparison happens inside the mutation queue after a stale service read
  ---
  duration_ms: 513.154167
  type: 'test'
  ...
# Subtest: two matching concurrent answers still resolve at most once
ok 523 - two matching concurrent answers still resolve at most once
  ---
  duration_ms: 715.811292
  type: 'test'
  ...
# Subtest: ask_user does not accept permission expectations
ok 524 - ask_user does not accept permission expectations
  ---
  duration_ms: 769.055541
  type: 'test'
  ...
# (node:71210) ExperimentalWarning: SQLite is an experimental feature and might change at any time
# (Use `node --trace-warnings ...` to show where the warning was created)
# Subtest: T-PERM-1: ask mode + allow lets ws_write succeed
ok 525 - T-PERM-1: ask mode + allow lets ws_write succeed
  ---
  duration_ms: 1137.660666
  type: 'test'
  ...
# Subtest: T-PERM-2: ask mode + deny returns isError and writes nothing
ok 526 - T-PERM-2: ask mode + deny returns isError and writes nothing
  ---
  duration_ms: 502.377
  type: 'test'
  ...
# Subtest: T-PERM-3: cancel while waiting on a permission leaves no file and Run cancelled
ok 527 - T-PERM-3: cancel while waiting on a permission leaves no file and Run cancelled
  ---
  duration_ms: 503.987791
  type: 'test'
  ...
# Subtest: read_only permission mode never injects ws_write
ok 528 - read_only permission mode never injects ws_write
  ---
  duration_ms: 388.355375
  type: 'test'
  ...
# Subtest: T-PERM-4: the allowed write matches the approved contentSha256
ok 529 - T-PERM-4: the allowed write matches the approved contentSha256
  ---
  duration_ms: 994.854042
  type: 'test'
  ...
# Subtest: T-PERM-5: changed parameters open a new permission and the old questionId is dead
ok 530 - T-PERM-5: changed parameters open a new permission and the old questionId is dead
  ---
  duration_ms: 1158.674292
  type: 'test'
  ...
# Subtest: toStatTiles reads the three sets' totals in the window the backend can express
ok 531 - toStatTiles reads the three sets' totals in the window the backend can express
  ---
  duration_ms: 1.311459
  type: 'test'
  ...
# Subtest: a set the answer did not carry reads as words, never as a zero
ok 532 - a set the answer did not carry reads as words, never as a zero
  ---
  duration_ms: 0.074959
  type: 'test'
  ...
# Subtest: the caption states the scope it was actually given
ok 533 - the caption states the scope it was actually given
  ---
  duration_ms: 0.135459
  type: 'test'
  ...
# Subtest: toWorkCards passes recorded fields through and names the missing ones
ok 534 - toWorkCards passes recorded fields through and names the missing ones
  ---
  duration_ms: 0.134542
  type: 'test'
  ...
# Subtest: pending rows keep the server's own request word and invent no run state
ok 535 - pending rows keep the server's own request word and invent no run state
  ---
  duration_ms: 0.099542
  type: 'test'
  ...
# Subtest: inspection rows keep unknown apart from failed and report a missing code as null
ok 536 - inspection rows keep unknown apart from failed and report a missing code as null
  ---
  duration_ms: 0.083125
  type: 'test'
  ...
# Subtest: adapters do not read the clock
ok 537 - adapters do not read the clock
  ---
  duration_ms: 0.074416
  type: 'test'
  ...
# Subtest: the recorded story is a work-only sample: no host facts, every entry a 2xx work read
ok 538 - the recorded story is a work-only sample: no host facts, every entry a 2xx work read
  ---
  duration_ms: 0.717125
  type: 'test'
  ...
# Subtest: entry: only a workspace with no projects and nothing remembered enters on its own
ok 539 - entry: only a workspace with no projects and nothing remembered enters on its own
  ---
  duration_ms: 0.400333
  type: 'test'
  ...
# Subtest: inactive, the layer answers nothing; active, it answers work reads from the story and leaves host reads alone
ok 540 - inactive, the layer answers nothing; active, it answers work reads from the story and leaves host reads alone
  ---
  duration_ms: 1.501625
  type: 'test'
  ...
# Subtest: reads of an example object that were not recorded fail as not found; reads of real objects pass through
ok 541 - reads of an example object that were not recorded fail as not found; reads of real objects pass through
  ---
  duration_ms: 0.393209
  type: 'test'
  ...
# Subtest: writes: drafts on example chats are a no-op, every other write against an example object is refused with a sentence, real writes pass
ok 542 - writes: drafts on example chats are a no-op, every other write against an example object is refused with a sentence, real writes pass
  ---
  duration_ms: 0.687291
  type: 'test'
  ...
# Subtest: mutation bodies cannot target an example object through an ID-free route
ok 543 - mutation bodies cannot target an example object through an ID-free route
  ---
  duration_ms: 0.179208
  type: 'test'
  ...
# Subtest: aggregate preview reads are bypassed only after real project context exists
ok 544 - aggregate preview reads are bypassed only after real project context exists
  ---
  duration_ms: 0.061959
  type: 'test'
  ...
# Subtest: exit: an admitted real run establishes the workspace for good; leaving by hand only remembers 'off' and can be reopened
ok 545 - exit: an admitted real run establishes the workspace for good; leaving by hand only remembers 'off' and can be reopened
  ---
  duration_ms: 0.2315
  type: 'test'
  ...
# Subtest: a broken storage is survivable: memory reads null, writes are dropped
ok 546 - a broken storage is survivable: memory reads null, writes are dropped
  ---
  duration_ms: 0.351125
  type: 'test'
  ...
# Subtest: FE-04 · 在途词只有一个，且只在在途时出现
ok 547 - FE-04 · 在途词只有一个，且只在在途时出现
  ---
  duration_ms: 1.576625
  type: 'test'
  ...
# Subtest: FE-04 / M-9 · 五个送出一次决定的控件都经过同一个在途词，且保持静止态宽度
ok 548 - FE-04 / M-9 · 五个送出一次决定的控件都经过同一个在途词，且保持静止态宽度
  ---
  duration_ms: 0.486625
  type: 'test'
  ...
# Subtest: FE-04 · cancel requested 不把 Run 说成 stopped
ok 549 - FE-04 · cancel requested 不把 Run 说成 stopped
  ---
  duration_ms: 0.136042
  type: 'test'
  ...
# Subtest: FE-04 · 在途的是哪一个决定也是事实，回执到达时一并撤掉
ok 550 - FE-04 · 在途的是哪一个决定也是事实，回执到达时一并撤掉
  ---
  duration_ms: 0.101541
  type: 'test'
  ...
# Subtest: FE-04 · 重试之前撤掉上一次的失败，两卡一致
ok 551 - FE-04 · 重试之前撤掉上一次的失败，两卡一致
  ---
  duration_ms: 0.1815
  type: 'test'
  ...
# Subtest: FE-04 · 问题卡的提交失败会被读出来
ok 552 - FE-04 · 问题卡的提交失败会被读出来
  ---
  duration_ms: 0.128416
  type: 'test'
  ...
# Subtest: FE-04 · Failed 与 Interrupted 由两个不同的事实给出
ok 553 - FE-04 · Failed 与 Interrupted 由两个不同的事实给出
  ---
  duration_ms: 1.154
  type: 'test'
  ...
# Subtest: FE-04 · 授权卡上不存在 always-allow 这一档
ok 554 - FE-04 · 授权卡上不存在 always-allow 这一档
  ---
  duration_ms: 0.685875
  type: 'test'
  ...
# Subtest: FE-04 · inbox 键盘没有批量键与数字键
ok 555 - FE-04 · inbox 键盘没有批量键与数字键
  ---
  duration_ms: 1.058375
  type: 'test'
  ...
# Subtest: every registry glyph is in the sprite and in the ui-controls allowlist
ok 556 - every registry glyph is in the sprite and in the ui-controls allowlist
  ---
  duration_ms: 1.097375
  type: 'test'
  ...
# Subtest: offline icon geometry reproduces every pinned sprite shape without changes
ok 557 - offline icon geometry reproduces every pinned sprite shape without changes
  ---
  duration_ms: 2.076209
  type: 'test'
  ...
# Subtest: recreated controls contain local shapes and retain their action after disconnection
ok 558 - recreated controls contain local shapes and retain their action after disconnection
  ---
  duration_ms: 4.144041
  type: 'test'
  ...
# Subtest: disclosure rows use a native SVG chevron without changing the summary or its name
ok 559 - disclosure rows use a native SVG chevron without changing the summary or its name
  ---
  duration_ms: 1.305583
  type: 'test'
  ...
# Subtest: sprite symbols are exactly the pinned Lucide files plus the CourtWork domain files, with recorded hashes
ok 560 - sprite symbols are exactly the pinned Lucide files plus the CourtWork domain files, with recorded hashes
  ---
  duration_ms: 6.663292
  type: 'test'
  ...
# Subtest: domain glyphs follow the admitted geometry contract
ok 561 - domain glyphs follow the admitted geometry contract
  ---
  duration_ms: 0.537416
  type: 'test'
  ...
# Subtest: Spark, Attention and Chat seats and the Settings groups carry their registered glyphs
ok 562 - Spark, Attention and Chat seats and the Settings groups carry their registered glyphs
  ---
  duration_ms: 2.160667
  type: 'test'
  ...
# Subtest: registry owners and generated browser projection agree
ok 563 - registry owners and generated browser projection agree
  ---
  duration_ms: 16.444625
  type: 'test'
  ...
# Subtest: single-purpose collisions fail while contextual shared geometry is admitted
ok 564 - single-purpose collisions fail while contextual shared geometry is admitted
  ---
  duration_ms: 1.411333
  type: 'test'
  ...
# Subtest: unknown geometry and unapproved identity state variants fail
ok 565 - unknown geometry and unapproved identity state variants fail
  ---
  duration_ms: 0.474958
  type: 'test'
  ...
# Subtest: contextual names are complete, no-icon and Pages representations are legal
ok 566 - contextual names are complete, no-icon and Pages representations are legal
  ---
  duration_ms: 0.408458
  type: 'test'
  ...
# Subtest: semantic action preserves existing control anatomy and handler
ok 567 - semantic action preserves existing control anatomy and handler
  ---
  duration_ms: 1.253625
  type: 'test'
  ...
# Subtest: migrated workspace close/add controls cannot return to raw glyph calls
ok 568 - migrated workspace close/add controls cannot return to raw glyph calls
  ---
  duration_ms: 1.535042
  type: 'test'
  ...
# Subtest: Pages text projection cannot leak its App glyph, malformed owner and representations fail
ok 569 - Pages text projection cannot leak its App glyph, malformed owner and representations fail
  ---
  duration_ms: 0.471917
  type: 'test'
  ...
# Subtest: actual workspace consumers preserve callbacks and contextual names
ok 570 - actual workspace consumers preserve callbacks and contextual names
  ---
  duration_ms: 3.568292
  type: 'test'
  ...
# Subtest: domain navigation preserves its handler with a visible label and glyph
ok 571 - domain navigation preserves its handler with a visible label and glyph
  ---
  duration_ms: 0.620709
  type: 'test'
  ...
# (node:71793) ExperimentalWarning: SQLite is an experimental feature and might change at any time
# (Use `node --trace-warnings ...` to show where the warning was created)
# Subtest: unassigned chats run with ordinary tools, isolated files/configuration, and restore by Session ID
ok 572 - unassigned chats run with ordinary tools, isolated files/configuration, and restore by Session ID
  ---
  duration_ms: 717.681958
  type: 'test'
  ...
# Subtest: unassigned coordination scope does not merge all null-project conversations
ok 573 - unassigned coordination scope does not merge all null-project conversations
  ---
  duration_ms: 46.117042
  type: 'test'
  ...
# Subtest: schema13 upgrades byte-backed identities and configuration without resetting declared capabilities or CAS
ok 574 - schema13 upgrades byte-backed identities and configuration without resetting declared capabilities or CAS
  ---
  duration_ms: 142.014208
  type: 'test'
  ...
# Subtest: summary labels use explicit Session scope, never null project as Attention authority
ok 575 - summary labels use explicit Session scope, never null project as Attention authority
  ---
  duration_ms: 0.295667
  type: 'test'
  ...
# (node:72191) ExperimentalWarning: SQLite is an experimental feature and might change at any time
# (Use `node --trace-warnings ...` to show where the warning was created)
# Subtest: PV-54: both consumers use one pure provider projection, preserving existing exports
ok 576 - PV-54: both consumers use one pure provider projection, preserving existing exports
  ---
  duration_ms: 4.7285
  type: 'test'
  ...
# Subtest: PV-54: the real host serves exactly the shared projection module
ok 577 - PV-54: the real host serves exactly the shared projection module
  ---
  duration_ms: 150.625334
  type: 'test'
  ...
# (node:72210) ExperimentalWarning: SQLite is an experimental feature and might change at any time
# (Use `node --trace-warnings ...` to show where the warning was created)
# Subtest: PV-32 · 旧 credentials.json 的 provider 键一次性迁到连接 id
ok 578 - PV-32 · 旧 credentials.json 的 provider 键一次性迁到连接 id
  ---
  duration_ms: 227.26875
  type: 'test'
  ...
# Subtest: PV-25 · 兼容连接：发现 → 保存 → 选中 → 真跑一次 run，run 记录读得出连接与凭据来源
ok 579 - PV-25 · 兼容连接：发现 → 保存 → 选中 → 真跑一次 run，run 记录读得出连接与凭据来源
  ---
  duration_ms: 392.445209
  type: 'test'
  ...
# Subtest: PV-26 · 两条连接各持自己的 key，互不覆盖
ok 580 - PV-26 · 两条连接各持自己的 key，互不覆盖
  ---
  duration_ms: 811.659917
  type: 'test'
  ...
# Subtest: PV-31 · 用户连接注册在独立 provider id 上，删除即注销
ok 581 - PV-31 · 用户连接注册在独立 provider id 上，删除即注销
  ---
  duration_ms: 142.221208
  type: 'test'
  ...
# Subtest: PV-30 · 未知 contextWindow 不猜值：关压缩并显式记录，用户填值后来源标为 user
ok 582 - PV-30 · 未知 contextWindow 不猜值：关压缩并显式记录，用户填值后来源标为 user
  ---
  duration_ms: 859.263875
  type: 'test'
  ...
# Subtest: PV-24 · 零成本的 Model 记录不会在 usage 面变成事实上的 $0
ok 583 - PV-24 · 零成本的 Model 记录不会在 usage 面变成事实上的 $0
  ---
  duration_ms: 211.842
  type: 'test'
  ...
# Subtest: 重启后连接与凭据仍可用；列表落空的连接不阻止启动
ok 584 - 重启后连接与凭据仍可用；列表落空的连接不阻止启动
  ---
  duration_ms: 203.868667
  type: 'test'
  ...
# Subtest: PV-34 · 保存失败区分认证失败 / 目录不可达 / 模型不在该目录
ok 585 - PV-34 · 保存失败区分认证失败 / 目录不可达 / 模型不在该目录
  ---
  duration_ms: 74.4485
  type: 'test'
  ...
# Subtest: 连接的增删改查受同一条配置队列与 active_run 冻结约束
ok 586 - 连接的增删改查受同一条配置队列与 active_run 冻结约束
  ---
  duration_ms: 507.461875
  type: 'test'
  ...
# Subtest: T-CRED · 用户连接路径同样不读 HOME/.pi 与环境变量
ok 587 - T-CRED · 用户连接路径同样不读 HOME/.pi 与环境变量
  ---
  duration_ms: 232.904833
  type: 'test'
  ...
# (node:72412) ExperimentalWarning: SQLite is an experimental feature and might change at any time
# (Use `node --trace-warnings ...` to show where the warning was created)
# Subtest: PV-59 · 目录连接 PUT 只接受 models；api/baseUrl/apiKey 出现即 400
ok 588 - PV-59 · 目录连接 PUT 只接受 models；api/baseUrl/apiKey 出现即 400
  ---
  duration_ms: 117.664709
  type: 'test'
  ...
# Subtest: PV-59 · 追加的模型 id 不得与已装目录冲突
ok 589 - PV-59 · 追加的模型 id 不得与已装目录冲突
  ---
  duration_ms: 109.680666
  type: 'test'
  ...
# Subtest: PV-59 · 目录连接加一个不在已装目录的模型：可保存、可选为生效、run 发起门放行；删掉后 run 发起门 503；原生模型仍可解析
ok 590 - PV-59 · 目录连接加一个不在已装目录的模型：可保存、可选为生效、run 发起门放行；删掉后 run 发起门 503；原生模型仍可解析
  ---
  duration_ms: 269.839667
  type: 'test'
  ...
# Subtest: reasoning capability · legacy 三态保留但不生成伪档位，显式 effort list 才提供具体档位
ok 591 - reasoning capability · legacy 三态保留但不生成伪档位，显式 effort list 才提供具体档位
  ---
  duration_ms: 102.684875
  type: 'test'
  ...
# Subtest: PV-62/PV-84 · verify 四类 fixture 结果：成功 ok、401→authentication_failed、未知模型→http_error、不可达→unreachable，且不冒充精度
ok 592 - PV-62/PV-84 · verify 四类 fixture 结果：成功 ok、401→authentication_failed、未知模型→http_error、不可达→unreachable，且不冒充精度
  ---
  duration_ms: 129.705
  type: 'test'
  ...
# Subtest: PV-62 · verify 的三道门：模型不可准入 400、连接无凭据 400、活动 run 期间 409
ok 593 - PV-62 · verify 的三道门：模型不可准入 400、连接无凭据 400、活动 run 期间 409
  ---
  duration_ms: 1359.853167
  type: 'test'
  ...
# Subtest: PV-42 · 回执绑定失配返回 null；重启后额外模型与回执可用
ok 594 - PV-42 · 回执绑定失配返回 null；重启后额外模型与回执可用
  ---
  duration_ms: 236.552167
  type: 'test'
  ...
# Subtest: T-CRED-VERIFY · fixture 除外：fake 连接的 verify 不要求预先配置凭据；兼容连接仍要求，且不读 HOME/.pi 与环境变量
ok 595 - T-CRED-VERIFY · fixture 除外：fake 连接的 verify 不要求预先配置凭据；兼容连接仍要求，且不读 HOME/.pi 与环境变量
  ---
  duration_ms: 84.215583
  type: 'test'
  ...
# (node:72491) ExperimentalWarning: SQLite is an experimental feature and might change at any time
# (Use `node --trace-warnings ...` to show where the warning was created)
# Subtest: provider preview HTTP contract, bounds, authentication and unchanged runtime
ok 596 - provider preview HTTP contract, bounds, authentication and unchanged runtime
  ---
  duration_ms: 10313.304125
  type: 'test'
  ...
# (node:72984) ExperimentalWarning: SQLite is an experimental feature and might change at any time
# (Use `node --trace-warnings ...` to show where the warning was created)
# Subtest: openai-completions: real SDK tool loop, stable consecutive prefix, cache usage and restart
ok 597 - openai-completions: real SDK tool loop, stable consecutive prefix, cache usage and restart
  ---
  duration_ms: 1331.490125
  type: 'test'
  ...
# Subtest: openai-responses: real SDK tool loop, stable consecutive prefix, cache usage and restart
ok 598 - openai-responses: real SDK tool loop, stable consecutive prefix, cache usage and restart
  ---
  duration_ms: 1350.244292
  type: 'test'
  ...
# Subtest: schema13 upgrade preserves every schema11 pending operation, including missing-record recovery
ok 599 - schema13 upgrade preserves every schema11 pending operation, including missing-record recovery
  ---
  duration_ms: 166.325208
  type: 'test'
  ...
# (node:73023) ExperimentalWarning: SQLite is an experimental feature and might change at any time
# (Use `node --trace-warnings ...` to show where the warning was created)
# Subtest: verify resolves active identity API/endpoint overrides without leaking them to another connection
ok 600 - verify resolves active identity API/endpoint overrides without leaking them to another connection
  ---
  duration_ms: 174.9315
  type: 'test'
  ...
# (node:73170) ExperimentalWarning: SQLite is an experimental feature and might change at any time
# (Use `node --trace-warnings ...` to show where the warning was created)
# Subtest: HYP-01: abort before openQuestion waiter is installed does not hang
ok 601 - HYP-01: abort before openQuestion waiter is installed does not hang
  ---
  duration_ms: 221.348
  type: 'test'
  ...
# (node:73412) ExperimentalWarning: SQLite is an experimental feature and might change at any time
# (Use `node --trace-warnings ...` to show where the warning was created)
# Subtest: release capability lifecycle: advertise, effect, suspend, restore, and restart stay bound
ok 602 - release capability lifecycle: advertise, effect, suspend, restore, and restart stay bound
  ---
  duration_ms: 2098.469292
  type: 'test'
  ...
# (node:73492) ExperimentalWarning: SQLite is an experimental feature and might change at any time
# (Use `node --trace-warnings ...` to show where the warning was created)
# Subtest: release input binding: initial context and runtime_load keep source identity without granting tools
ok 603 - release input binding: initial context and runtime_load keep source identity without granting tools
  ---
  duration_ms: 593.039542
  type: 'test'
  ...
# Subtest: release input binding: compaction cannot expand a replacement binding or rewrite an old one
ok 604 - release input binding: compaction cannot expand a replacement binding or rewrite an old one
  ---
  duration_ms: 499.672958
  type: 'test'
  ...
# Subtest: release input binding: aggregate compiled context is rejected before Run identity exists
ok 605 - release input binding: aggregate compiled context is rejected before Run identity exists
  ---
  duration_ms: 84.330791
  type: 'test'
  ...
# (node:73876) ExperimentalWarning: SQLite is an experimental feature and might change at any time
# (Use `node --trace-warnings ...` to show where the warning was created)
# Subtest: DF06 MCP permission denial records no dispatch intent and reaches no remote effect
ok 606 - DF06 MCP permission denial records no dispatch intent and reaches no remote effect
  ---
  duration_ms: 1098.696417
  type: 'test'
  ...
# Subtest: DF06 cancelling a pending MCP approval ends cancelled without dispatch or effect
ok 607 - DF06 cancelling a pending MCP approval ends cancelled without dispatch or effect
  ---
  duration_ms: 506.241042
  type: 'test'
  ...
# Subtest: DF06 failed MCP result-receipt persistence fences one remote effect and never replays after reopen
ok 608 - DF06 failed MCP result-receipt persistence fences one remote effect and never replays after reopen
  ---
  duration_ms: 1136.361208
  type: 'test'
  ...
# (node:73897) ExperimentalWarning: SQLite is an experimental feature and might change at any time
# (Use `node --trace-warnings ...` to show where the warning was created)
# Subtest: NDA renderer is an exact declared path: missing is 404, present bytes are served, siblings stay private
ok 609 - NDA renderer is an exact declared path: missing is 404, present bytes are served, siblings stay private
  ---
  duration_ms: 897.391542
  type: 'test'
  ...
# (node:74048) ExperimentalWarning: SQLite is an experimental feature and might change at any time
# (Use `node --trace-warnings ...` to show where the warning was created)
# Subtest: host stream observation separates first output/text and preserves terminal identity without claiming TPS
ok 610 - host stream observation separates first output/text and preserves terminal identity without claiming TPS
  ---
  duration_ms: 3.273125
  type: 'test'
  ...
# Subtest: provider-default payload omits generated reasoning controls after the existing callback
ok 611 - provider-default payload omits generated reasoning controls after the existing callback
  ---
  duration_ms: 0.458
  type: 'test'
  ...
# Subtest: explicit effort uses the declared adapter mapping and provider identity, not endpoint hostname
ok 612 - explicit effort uses the declared adapter mapping and provider identity, not endpoint hostname
  ---
  duration_ms: 0.120416
  type: 'test'
  ...
# Subtest: production compatible registration pins generic reasoning on heuristic-looking loopback paths
ok 613 - production compatible registration pins generic reasoning on heuristic-looking loopback paths
  ---
  duration_ms: 93.5535
  type: 'test'
  ...
# Subtest: capability projection admits only values the selected adapter can encode
ok 614 - capability projection admits only values the selected adapter can encode
  ---
  duration_ms: 0.164792
  type: 'test'
  ...
# Subtest: request telemetry keeps SDK setting provenance and a safe capability snapshot
ok 615 - request telemetry keeps SDK setting provenance and a safe capability snapshot
  ---
  duration_ms: 0.387875
  type: 'test'
  ...
# Subtest: interrupted stream and dispatch error do not report successful usage
ok 616 - interrupted stream and dispatch error do not report successful usage
  ---
  duration_ms: 0.252833
  type: 'test'
  ...
# Subtest: result-only SDK calls still emit a terminal request measurement exactly once
ok 617 - result-only SDK calls still emit a terminal request measurement exactly once
  ---
  duration_ms: 0.116041
  type: 'test'
  ...
# Subtest: provider response identifiers stay separate from runtime identity without forwarding extra metadata
ok 618 - provider response identifiers stay separate from runtime identity without forwarding extra metadata
  ---
  duration_ms: 0.692542
  type: 'test'
  ...
# Subtest: effort is capability checked and recorded by real local SDK requests
ok 619 - effort is capability checked and recorded by real local SDK requests
  ---
  duration_ms: 470.667333
  type: 'test'
  ...
# Subtest: malformed measurement records are omitted before rendering
ok 620 - malformed measurement records are omitted before rendering
  ---
  duration_ms: 0.142959
  type: 'test'
  ...
# Subtest: schema6 migration preserves both global and project sessions
ok 621 - schema6 migration preserves both global and project sessions
  ---
  duration_ms: 106.4045
  type: 'test'
  ...
# Subtest: no ready frame rejects within readyTimeoutMs and reaps the failed worker
ok 622 - no ready frame rejects within readyTimeoutMs and reaps the failed worker
  ---
  duration_ms: 88.325625
  type: 'test'
  ...
# Subtest: a request with no response times out, clears pending, and reaps the transport
ok 623 - a request with no response times out, clears pending, and reaps the transport
  ---
  duration_ms: 132.106125
  type: 'test'
  ...
# Subtest: close ignores a missing close acknowledgement, is bounded, and reaps the worker
ok 624 - close ignores a missing close acknowledgement, is bounded, and reaps the worker
  ---
  duration_ms: 33.176958
  type: 'test'
  ...
# Subtest: a partial response frame is bounded by the request deadline and the transport is reaped
ok 625 - a partial response frame is bounded by the request deadline and the transport is reaped
  ---
  duration_ms: 134.102792
  type: 'test'
  ...
# Subtest: invalid JSON invalidates and reaps the transport
ok 626 - invalid JSON invalidates and reaps the transport
  ---
  duration_ms: 33.6495
  type: 'test'
  ...
# Subtest: an oversized unterminated frame is rejected before unbounded buffering
ok 627 - an oversized unterminated frame is rejected before unbounded buffering
  ---
  duration_ms: 46.960917
  type: 'test'
  ...
# Subtest: stderr is capped while a failed request is cleaned up
ok 628 - stderr is capped while a failed request is cleaned up
  ---
  duration_ms: 139.804041
  type: 'test'
  ...
# Subtest: concurrent starts share one worker and one readiness result
ok 629 - concurrent starts share one worker and one readiness result
  ---
  duration_ms: 30.261542
  type: 'test'
  ...
# Subtest: close during startup rejects start and reaps the child
ok 630 - close during startup rejects start and reaps the child
  ---
  duration_ms: 4.383791
  type: 'test'
  ...
# Subtest: maxPending rejects excess calls and failed transport cleanup leaves no pending entries
ok 631 - maxPending rejects excess calls and failed transport cleanup leaves no pending entries
  ---
  duration_ms: 130.374958
  type: 'test'
  ...
# Subtest: a failed transport can restart after its child has been reaped
ok 632 - a failed transport can restart after its child has been reaped
  ---
  duration_ms: 59.348959
  type: 'test'
  ...
# Subtest: late events from an old generation cannot satisfy or damage the replacement
ok 633 - late events from an old generation cannot satisfy or damage the replacement
  ---
  duration_ms: 188.216667
  type: 'test'
  ...
# Subtest: close rejects in-flight admissions, then permits a reaped replacement generation
ok 634 - close rejects in-flight admissions, then permits a reaped replacement generation
  ---
  duration_ms: 66.107
  type: 'test'
  ...
# Subtest: Runtime11 migrates a real schema10 byte sequence, preserves provider fields, and fences the old host
ok 635 - Runtime11 migrates a real schema10 byte sequence, preserves provider fields, and fences the old host
  ---
  duration_ms: 333.012583
  type: 'test'
  ...
# Subtest: a fixed schema10 host can read an exact schema10 backup in an independent directory
ok 636 - a fixed schema10 host can read an exact schema10 backup in an independent directory
  ---
  duration_ms: 310.041708
  type: 'test'
  ...
# Subtest: Runtime11 pending configuration markers survive reopen and finish durably
ok 637 - Runtime11 pending configuration markers survive reopen and finish durably
  ---
  duration_ms: 187.219167
  type: 'test'
  ...
# Subtest: Runtime11 refuses a malformed pending marker without changing the original bytes
ok 638 - Runtime11 refuses a malformed pending marker without changing the original bytes
  ---
  duration_ms: 180.741
  type: 'test'
  ...
# (node:74541) ExperimentalWarning: SQLite is an experimental feature and might change at any time
# (Use `node --trace-warnings ...` to show where the warning was created)
# Subtest: Q02 · HTTP/store field boundaries preserve valid Unicode and reject controls without changing files
ok 639 - Q02 · HTTP/store field boundaries preserve valid Unicode and reject controls without changing files
  ---
  duration_ms: 656.46025
  type: 'test'
  ...
# Subtest: Q02 · a 240-character model and 2048-character endpoint survive reopen and keep the execution descriptor
ok 640 - Q02 · a 240-character model and 2048-character endpoint survive reopen and keep the execution descriptor
  ---
  duration_ms: 1126.851083
  type: 'test'
  ...
# Subtest: Q02 · registration failure leaves a recoverable record without a ghost provider
ok 641 - Q02 · registration failure leaves a recoverable record without a ghost provider
  ---
  duration_ms: 96.798334
  type: 'test'
  ...
# Subtest: Q02 · a provider store failure can be retried with PUT and does not publish a ghost registration
ok 642 - Q02 · a provider store failure can be retried with PUT and does not publish a ghost registration
  ---
  duration_ms: 132.37375
  type: 'test'
  ...
# Subtest: Q02 · replacing a connection fences the route when the new store write fails, then recovers after restart
ok 643 - Q02 · replacing a connection fences the route when the new store write fails, then recovers after restart
  ---
  duration_ms: 252.488625
  type: 'test'
  ...
# Subtest: Q02 · credential file, runtime key, and generation failures remain inspectable and retryable
    # Subtest: runtime-key
    ok 1 - runtime-key
      ---
      duration_ms: 122.414667
      type: 'test'
      ...
    # Subtest: credential-path
    ok 2 - credential-path
      ---
      duration_ms: 101.738209
      type: 'test'
      ...
    # Subtest: generation
    ok 3 - generation
      ---
      duration_ms: 104.489917
      type: 'test'
      ...
    1..3
ok 644 - Q02 · credential file, runtime key, and generation failures remain inspectable and retryable
  ---
  duration_ms: 329.469042
  type: 'test'
  ...
# Subtest: Q02 · credential_delete explicitly abandons a pending credential_set and clears its key
ok 645 - Q02 · credential_delete explicitly abandons a pending credential_set and clears its key
  ---
  duration_ms: 113.538125
  type: 'test'
  ...
# Subtest: Q02 · a final pending-marker persist failure fences an already-applied credential until the same retry
ok 646 - Q02 · a final pending-marker persist failure fences an already-applied credential until the same retry
  ---
  duration_ms: 89.332667
  type: 'test'
  ...
# Subtest: Q02 · startup skips pending registration/key load, preserves receipt replay, and only same-operation retry clears it
ok 647 - Q02 · startup skips pending registration/key load, preserves receipt replay, and only same-operation retry clears it
  ---
  duration_ms: 208.201583
  type: 'test'
  ...
# Subtest: Q02 · a pending delete with a missing record can be retried to clean credentials
ok 648 - Q02 · a pending delete with a missing record can be retried to clean credentials
  ---
  duration_ms: 182.179584
  type: 'test'
  ...
# Subtest: activity stops on wait, disconnect and terminal state without inventing cancellation acceptance
ok 649 - activity stops on wait, disconnect and terminal state without inventing cancellation acceptance
  ---
  duration_ms: 0.637042
  type: 'test'
  ...
# Subtest: word clock survives polling, announces facts once, and stale callbacks cannot revive old work
ok 650 - word clock survives polling, announces facts once, and stale callbacks cannot revive old work
  ---
  duration_ms: 2.615083
  type: 'test'
  ...
# Subtest: Attention can subtract measurement actions without removing the status fact
ok 651 - Attention can subtract measurement actions without removing the status fact
  ---
  duration_ms: 0.526542
  type: 'test'
  ...
# Subtest: process phrases follow exact tool/notice lifecycles and never turn prose into a progress claim
ok 652 - process phrases follow exact tool/notice lifecycles and never turn prose into a progress claim
  ---
  duration_ms: 0.158208
  type: 'test'
  ...
# Subtest: Context reads the selected Run only, preserves missing and zero, and never computes capacity usage
ok 653 - Context reads the selected Run only, preserves missing and zero, and never computes capacity usage
  ---
  duration_ms: 13.185333
  type: 'test'
  ...
# (node:74588) ExperimentalWarning: SQLite is an experimental feature and might change at any time
# (Use `node --trace-warnings ...` to show where the warning was created)
# Subtest: BG02-T1: a cancelled, a failed and a restart-unknown Run can each be continued, and the continued Run is unchanged
ok 654 - BG02-T1: a cancelled, a failed and a restart-unknown Run can each be continued, and the continued Run is unchanged
  ---
  duration_ms: 15623.485
  type: 'test'
  ...
# Subtest: BG02-T1/T7: a Run left in flight by SIGKILL becomes unknown, keeps its lineage and can itself be continued
ok 655 - BG02-T1/T7: a Run left in flight by SIGKILL becomes unknown, keeps its lineage and can itself be continued
  ---
  duration_ms: 15156.057542
  type: 'test'
  ...
# Subtest: BG02-T2: lineage is a chain — a Run that already has a continuation refuses a second one
ok 656 - BG02-T2: lineage is a chain — a Run that already has a continuation refuses a second one
  ---
  duration_ms: 42904.9045
  type: 'test'
  ...
# Subtest: BG02-T3: completed, still-running, foreign/absent and effect-unreconciled targets are each refused
ok 657 - BG02-T3: completed, still-running, foreign/absent and effect-unreconciled targets are each refused
  ---
  duration_ms: 28494.598917
  type: 'test'
  ...
# Subtest: BG02-T4: command identity includes the lineage claim
ok 658 - BG02-T4: command identity includes the lineage claim
  ---
  duration_ms: 29499.207333
  type: 'test'
  ...
# Subtest: BG02-T5: a continuation carries its own input; the earlier prompt is not copied or replayed
ok 659 - BG02-T5: a continuation carries its own input; the earlier prompt is not copied or replayed
  ---
  duration_ms: 14993.087875
  type: 'test'
  ...
# Subtest: BG02-T6: schema 8 upgrades once with an exact backup, and an occupied backup path stops the upgrade
ok 660 - BG02-T6: schema 8 upgrades once with an exact backup, and an occupied backup path stops the upgrade
  ---
  duration_ms: 202.236875
  type: 'test'
  ...
# Subtest: BG02-T6: a schema 11 state with an impossible lineage fails closed, and the schema10 host refuses schema 11 entirely
ok 661 - BG02-T6: a schema 11 state with an impossible lineage fails closed, and the schema10 host refuses schema 11 entirely
  ---
  duration_ms: 407.239542
  type: 'test'
  ...
# Subtest: integration: main schema 9 lineage survives schema 11 provider-connection migration
ok 662 - integration: main schema 9 lineage survives schema 11 provider-connection migration
  ---
  duration_ms: 133.83275
  type: 'test'
  ...
# (node:74631) ExperimentalWarning: SQLite is an experimental feature and might change at any time
# (Use `node --trace-warnings ...` to show where the warning was created)
# Subtest: current host context reaches the model without changing user input; capabilities use the installed catalog
ok 663 - current host context reaches the model without changing user input; capabilities use the installed catalog
  ---
  duration_ms: 664.697125
  type: 'test'
  ...
# Subtest: a Run waits for its final event to persist before publishing completion
ok 664 - a Run waits for its final event to persist before publishing completion
  ---
  duration_ms: 500.079792
  type: 'test'
  ...
# Subtest: event persistence failure is reported as runtime failure instead of completion
ok 665 - event persistence failure is reported as runtime failure instead of completion
  ---
  duration_ms: 192.459625
  type: 'test'
  ...
# Subtest: CLI SIGTERM settles a waiting Run and the same data directory reopens
ok 666 - CLI SIGTERM settles a waiting Run and the same data directory reopens
  ---
  duration_ms: 1132.83675
  type: 'test'
  ...
# Subtest: runtime projection: parent/profile gates are explanations, not removable overrides
ok 667 - runtime projection: parent/profile gates are explanations, not removable overrides
  ---
  duration_ms: 1.26625
  type: 'test'
  ...
# Subtest: runtime projection: historical counts stay partial; new catalogs count admitted text only
ok 668 - runtime projection: historical counts stay partial; new catalogs count admitted text only
  ---
  duration_ms: 0.194958
  type: 'test'
  ...
# (node:74633) ExperimentalWarning: SQLite is an experimental feature and might change at any time
# (Use `node --trace-warnings ...` to show where the warning was created)
# Subtest: BE-5: POST /runtime-sources/resolve returns exact UTF-8 identity for all six inline kinds; provenance stays unverified and nothing is imported
ok 669 - BE-5: POST /runtime-sources/resolve returns exact UTF-8 identity for all six inline kinds; provenance stays unverified and nothing is imported
  ---
  duration_ms: 212.414291
  type: 'test'
  ...
# Subtest: BE-5: token, origin, content-type and body-size guards plus malformed/extra-field input follow the existing host boundaries
ok 670 - BE-5: token, origin, content-type and body-size guards plus malformed/extra-field input follow the existing host boundaries
  ---
  duration_ms: 480.536625
  type: 'test'
  ...
# Subtest: BE-5: every locator kind stays explicitly unsupported over real HTTP with an exact echo, and no content identity is invented
ok 671 - BE-5: every locator kind stays explicitly unsupported over real HTTP with an exact echo, and no content identity is invented
  ---
  duration_ms: 69.145291
  type: 'test'
  ...
# Subtest: BE-5: an isolated child probe proves locator and inline MCP resolution performs no file read, socket connect, HTTP request, fetch or child process
ok 672 - BE-5: an isolated child probe proves locator and inline MCP resolution performs no file read, socket connect, HTTP request, fetch or child process
  ---
  duration_ms: 942.721625
  type: 'test'
  ...
# Subtest: BE-5: pure resolution stays available during an active Run while config, disk, revision and the Run binding remain unchanged and nothing imports
ok 673 - BE-5: pure resolution stays available during an active Run while config, disk, revision and the Run binding remain unchanged and nothing imports
  ---
  duration_ms: 613.023417
  type: 'test'
  ...
# Subtest: BE-5: the service seam mirrors the pure resolver and adapts its 400s to the host error shape
ok 674 - BE-5: the service seam mirrors the pure resolver and adapts its 400s to the host error shape
  ---
  duration_ms: 90.784583
  type: 'test'
  ...
# Subtest: attention: a healthy snapshot produces an empty list, not a hidden one
ok 675 - attention: a healthy snapshot produces an empty list, not a hidden one
  ---
  duration_ms: 0.780542
  type: 'test'
  ...
# Subtest: attention: health, diagnostics, ask permissions, trust and missing ids each raise one entry
ok 676 - attention: health, diagnostics, ask permissions, trust and missing ids each raise one entry
  ---
  duration_ms: 0.317792
  type: 'test'
  ...
# Subtest: contrast: the ratio is WCAG 2.x and the extremes are exact
ok 677 - contrast: the ratio is WCAG 2.x and the extremes are exact
  ---
  duration_ms: 0.126083
  type: 'test'
  ...
# Subtest: contrast: the browser warning checks exactly the build report pairs
ok 678 - contrast: the browser warning checks exactly the build report pairs
  ---
  duration_ms: 0.517291
  type: 'test'
  ...
# Subtest: RuntimeStore persists schemaVersion 13 session/run fields and the canonical user event
ok 679 - RuntimeStore persists schemaVersion 13 session/run fields and the canonical user event
  ---
  duration_ms: 126.194834
  type: 'test'
  ...
# Subtest: RuntimeStore createRun is idempotent by commandId and rejects a conflicting replay
ok 680 - RuntimeStore createRun is idempotent by commandId and rejects a conflicting replay
  ---
  duration_ms: 56.754291
  type: 'test'
  ...
# Subtest: RuntimeStore rejects an older schemaVersion file with no migration and does not rewrite it
ok 681 - RuntimeStore rejects an older schemaVersion file with no migration and does not rewrite it
  ---
  duration_ms: 104.084417
  type: 'test'
  ...
# Subtest: T-CRED-6: credentialGeneration is persisted and keeps increasing across a reopen
ok 682 - T-CRED-6: credentialGeneration is persisted and keeps increasing across a reopen
  ---
  duration_ms: 98.721458
  type: 'test'
  ...
# Subtest: copy guard rejects default record nouns and allows verbs, user values and disclosed diagnostics
ok 683 - copy guard rejects default record nouns and allows verbs, user values and disclosed diagnostics
  ---
  duration_ms: 26.753083
  type: 'test'
  ...
# Subtest: raw consumer guard rejects new, duplicated and stale literal consumers
ok 684 - raw consumer guard rejects new, duplicated and stale literal consumers
  ---
  duration_ms: 0.708292
  type: 'test'
  ...
# Subtest: actual raw consumers and Pages cross-map remain registered
ok 685 - actual raw consumers and Pages cross-map remain registered
  ---
  duration_ms: 35.327667
  type: 'test'
  ...
# Subtest: CC-S · settings-active 时侧栏不渲染，而不是只被藏起来
ok 686 - CC-S · settings-active 时侧栏不渲染，而不是只被藏起来
  ---
  duration_ms: 0.651916
  type: 'test'
  ...
# Subtest: CC-S · Back to app 是唯一的离开动作，落在页标题行左端
ok 687 - CC-S · Back to app 是唯一的离开动作，落在页标题行左端
  ---
  duration_ms: 0.243917
  type: 'test'
  ...
# Subtest: CC-S · 设置的两列有自己的几何 token，不借 --nav 的列轨
ok 688 - CC-S · 设置的两列有自己的几何 token，不借 --nav 的列轨
  ---
  duration_ms: 0.394958
  type: 'test'
  ...
# Subtest: WK-115 ① · 第六个状态词是 Unknown，Interrupted 只在明确的终态上出现
ok 689 - WK-115 ① · 第六个状态词是 Unknown，Interrupted 只在明确的终态上出现
  ---
  duration_ms: 0.968834
  type: 'test'
  ...
# Subtest: WK-115 ② · Home / End 是纯导航键，且只在焦点已在列表里时接管
ok 690 - WK-115 ② · Home / End 是纯导航键，且只在焦点已在列表里时接管
  ---
  duration_ms: 0.323625
  type: 'test'
  ...
# Subtest: WK-115 ② · 两条列表各自 role=list，不合并
ok 691 - WK-115 ② · 两条列表各自 role=list，不合并
  ---
  duration_ms: 0.228166
  type: 'test'
  ...
# Subtest: WK-116 · 改约已落在文档里，不是一次 CSS 修复
ok 692 - WK-116 · 改约已落在文档里，不是一次 CSS 修复
  ---
  duration_ms: 0.120708
  type: 'test'
  ...
# Subtest: 一组完整的 Tier S token 通过，并被规范成可以直接落进样式表的声明
ok 693 - 一组完整的 Tier S token 通过，并被规范成可以直接落进样式表的声明
  ---
  duration_ms: 1.501917
  type: 'test'
  ...
# Subtest: 旧 gray-steel 全量块仍可读取，但新外观格式不接受其固定语义键
ok 694 - 旧 gray-steel 全量块仍可读取，但新外观格式不接受其固定语义键
  ---
  duration_ms: 0.834042
  type: 'test'
  ...
# Subtest: 产品内的 gray-steel 与 skins/gray-steel.css 逐字相同：两处不许漂移
ok 695 - 产品内的 gray-steel 与 skins/gray-steel.css 逐字相同：两处不许漂移
  ---
  duration_ms: 0.78975
  type: 'test'
  ...
# Subtest: 不是既有 token 名的声明被逐行拒绝，整组不落地
ok 696 - 不是既有 token 名的声明被逐行拒绝，整组不落地
  ---
  duration_ms: 0.120042
  type: 'test'
  ...
# Subtest: 颜色 token 只接受 hex：命名色、函数与变量都不行
ok 697 - 颜色 token 只接受 hex：命名色、函数与变量都不行
  ---
  duration_ms: 0.243125
  type: 'test'
  ...
# Subtest: url( · expression · @import · 转义 · 标记这些形状先于逐行解析被拒绝
ok 698 - url( · expression · @import · 转义 · 标记这些形状先于逐行解析被拒绝
  ---
  duration_ms: 0.086417
  type: 'test'
  ...
# Subtest: 半套色阶被拒绝，并把缺的名字说出来
ok 699 - 半套色阶被拒绝，并把缺的名字说出来
  ---
  duration_ms: 0.072459
  type: 'test'
  ...
# Subtest: 行号指回原文，一次报完所有问题
ok 700 - 行号指回原文，一次报完所有问题
  ---
  duration_ms: 0.070667
  type: 'test'
  ...
# Subtest: legacy 数值可读，但新外观许可域拒绝材质参数
ok 701 - legacy 数值可读，但新外观许可域拒绝材质参数
  ---
  duration_ms: 0.591042
  type: 'test'
  ...
# Subtest: 一次只收一个块：粘贴整份 skin 文件被拒绝而不是只应用第一段
ok 702 - 一次只收一个块：粘贴整份 skin 文件被拒绝而不是只应用第一段
  ---
  duration_ms: 0.748416
  type: 'test'
  ...
# Subtest: 空输入与超长输入各有自己的话，不是同一句错误
ok 703 - 空输入与超长输入各有自己的话，不是同一句错误
  ---
  duration_ms: 0.143
  type: 'test'
  ...
# Subtest: 代码字体只收字体族名，收不下分号与括号
ok 704 - 代码字体只收字体族名，收不下分号与括号
  ---
  duration_ms: 0.09775
  type: 'test'
  ...
# Subtest: 读偏好只认闭集里的值：坏掉的存储读成默认，不是读成垃圾
ok 705 - 读偏好只认闭集里的值：坏掉的存储读成默认，不是读成垃圾
  ---
  duration_ms: 0.100667
  type: 'test'
  ...
# Subtest: Home 版面偏好是闭集：默认 Modules，坏值读回 Modules 而不是读成第三种版面
ok 706 - Home 版面偏好是闭集：默认 Modules，坏值读回 Modules 而不是读成第三种版面
  ---
  duration_ms: 0.093459
  type: 'test'
  ...
# Subtest: Home 模块只安装有既定读取接缝的 Activity 与 Attention
ok 707 - Home 模块只安装有既定读取接缝的 Activity 与 Attention
  ---
  duration_ms: 0.156125
  type: 'test'
  ...
# Subtest: Models 模块不复述 composer chip 的事实：它没有自己的读取
ok 708 - Models 模块不复述 composer chip 的事实：它没有自己的读取
  ---
  duration_ms: 0.046125
  type: 'test'
  ...
# Subtest: 页面的九个组是闭集，未知的节名落回 General
ok 709 - 页面的九个组是闭集，未知的节名落回 General
  ---
  duration_ms: 0.057166
  type: 'test'
  ...
# Subtest: CC-I · provenance 的词表今日是闭集的两个词，判定是与 owner 默认值的字面比较
ok 710 - CC-I · provenance 的词表今日是闭集的两个词，判定是与 owner 默认值的字面比较
  ---
  duration_ms: 0.06175
  type: 'test'
  ...
# Subtest: CC-I · 默认态：provenance 是 Default，复位不呈现
ok 711 - CC-I · 默认态：provenance 是 Default，复位不呈现
  ---
  duration_ms: 0.96375
  type: 'test'
  ...
# Subtest: CC-I · 改一项之后翻为 Changed on this device，复位可用且可达名字带属性名
ok 712 - CC-I · 改一项之后翻为 Changed on this device，复位可用且可达名字带属性名
  ---
  duration_ms: 0.612
  type: 'test'
  ...
# Subtest: CC-I · 复位：值回默认、provenance 回 Default、焦点落在本行控件上、有一条可播报的回执
ok 713 - CC-I · 复位：值回默认、provenance 回 Default、焦点落在本行控件上、有一条可播报的回执
  ---
  duration_ms: 0.889166
  type: 'test'
  ...
# Subtest: CC-I · 复位之后的下一次改值作废那条回执，回执不是一条会留在页面上的旧话
ok 714 - CC-I · 复位之后的下一次改值作废那条回执，回执不是一条会留在页面上的旧话
  ---
  duration_ms: 0.116541
  type: 'test'
  ...
# Subtest: CC-I · 没有 owner 默认值的行一个字都不多：同一个函数，不长出这三样
ok 715 - CC-I · 没有 owner 默认值的行一个字都不多：同一个函数，不长出这三样
  ---
  duration_ms: 0.157584
  type: 'test'
  ...
# Subtest: CC-I · provenance 挂在控件上，读屏听得到它而不是一段孤立的文字
ok 716 - CC-I · provenance 挂在控件上，读屏听得到它而不是一段孤立的文字
  ---
  duration_ms: 0.075541
  type: 'test'
  ...
# Subtest: CC-I · Code font：未提交的编辑不是 modified，提交后才是，校验失败不改 provenance
ok 717 - CC-I · Code font：未提交的编辑不是 modified，提交后才是，校验失败不改 provenance
  ---
  duration_ms: 0.429916
  type: 'test'
  ...
# Subtest: CC-I · Palette 选了 Custom tokens 但没 Apply 不算 changed：provenance 读生效值不读草稿
ok 718 - CC-I · Palette 选了 Custom tokens 但没 Apply 不算 changed：provenance 读生效值不读草稿
  ---
  duration_ms: 0.339125
  type: 'test'
  ...
# Subtest: CC-I · appearance keeps no value controls; only the provider context window is numeric
ok 719 - CC-I · appearance keeps no value controls; only the provider context window is numeric
  ---
  duration_ms: 1.331584
  type: 'test'
  ...
# Subtest: failed browser storage keeps the active projection but exposes session-only persistence
ok 720 - failed browser storage keeps the active projection but exposes session-only persistence
  ---
  duration_ms: 0.116625
  type: 'test'
  ...
# lint-shapes: 1 处违反 WK-128
# lint-shapes: 1 处违反 WK-128
# lint-shapes: 1 处违反 WK-128
# Subtest: 产品样式表通过形状 lint
ok 721 - 产品样式表通过形状 lint
  ---
  duration_ms: 46.85625
  type: 'test'
  ...
# Subtest: 满弧写成 50% 会被拒绝，并指回 --radius-pill
ok 722 - 满弧写成 50% 会被拒绝，并指回 --radius-pill
  ---
  duration_ms: 29.361208
  type: 'test'
  ...
# Subtest: 组件私有的游离圆角会被拒绝
ok 723 - 组件私有的游离圆角会被拒绝
  ---
  duration_ms: 30.751542
  type: 'test'
  ...
# Subtest: 不建立在形状角色上的表达式会被拒绝，派生式与多角声明通过
ok 724 - 不建立在形状角色上的表达式会被拒绝，派生式与多角声明通过
  ---
  duration_ms: 60.604042
  type: 'test'
  ...
# Subtest: 登记表内的形状按登记放行
ok 725 - 登记表内的形状按登记放行
  ---
  duration_ms: 31.019458
  type: 'test'
  ...
# Subtest: native chrome accepts bounded geometry and rejects arbitrary or invalid injection
ok 726 - native chrome accepts bounded geometry and rejects arbitrary or invalid injection
  ---
  duration_ms: 0.75625
  type: 'test'
  ...
# Subtest: host geometry updates and fullscreen/native nonoverlay remove reservations without adding a strip
ok 727 - host geometry updates and fullscreen/native nonoverlay remove reservations without adding a strip
  ---
  duration_ms: 0.729542
  type: 'test'
  ...
# Subtest: legacy values remain readable while projection ignores semantic and material keys
ok 728 - legacy values remain readable while projection ignores semantic and material keys
  ---
  duration_ms: 2.663375
  type: 'test'
  ...
# Subtest: unknown, semantic, and material declarations cannot enter the modern skin
ok 729 - unknown, semantic, and material declarations cannot enter the modern skin
  ---
  duration_ms: 1.491375
  type: 'test'
  ...
# Subtest: first paint retains raw storage but writes only canonical projected CSS
ok 730 - first paint retains raw storage but writes only canonical projected CSS
  ---
  duration_ms: 1.437708
  type: 'test'
  ...
# Subtest: a legal input over 4000 bytes and under 8000 bytes projects identically at first paint
ok 731 - a legal input over 4000 bytes and under 8000 bytes projects identically at first paint
  ---
  duration_ms: 1.382166
  type: 'test'
  ...
# Subtest: the policy is a synchronous classic script before the first-frame bootstrap
ok 732 - the policy is a synchronous classic script before the first-frame bootstrap
  ---
  duration_ms: 0.220125
  type: 'test'
  ...
# Subtest: Dystopia uses one closed preference registry and unknown choices fall back
ok 733 - Dystopia uses one closed preference registry and unknown choices fall back
  ---
  duration_ms: 1.201625
  type: 'test'
  ...
# Subtest: Dystopia is exactly the permitted opaque appearance scale in both modes
ok 734 - Dystopia is exactly the permitted opaque appearance scale in both modes
  ---
  duration_ms: 1.032958
  type: 'test'
  ...
# Subtest: MR-A1a: meta contract — version, units and byte limit are explicit
ok 735 - MR-A1a: meta contract — version, units and byte limit are explicit
  ---
  duration_ms: 0.815375
  type: 'test'
  ...
# Subtest: MR-A1a: plain ASCII — counts, hash and identity conversions
ok 736 - MR-A1a: plain ASCII — counts, hash and identity conversions
  ---
  duration_ms: 0.744667
  type: 'test'
  ...
# Subtest: MR-A1a: empty content is allowed and every offset except 0 is rejected
ok 737 - MR-A1a: empty content is allowed and every offset except 0 is rejected
  ---
  duration_ms: 0.295416
  type: 'test'
  ...
# Subtest: MR-A1a: BOM is preserved, counted as one code point, never stripped
ok 738 - MR-A1a: BOM is preserved, counted as one code point, never stripped
  ---
  duration_ms: 0.220167
  type: 'test'
  ...
# Subtest: MR-A1a: CRLF and trailing newline are literal code points, not normalized
ok 739 - MR-A1a: CRLF and trailing newline are literal code points, not normalized
  ---
  duration_ms: 0.083333
  type: 'test'
  ...
# Subtest: MR-A1a: combining characters are preserved; no Unicode normalization happens
ok 740 - MR-A1a: combining characters are preserved; no Unicode normalization happens
  ---
  duration_ms: 0.67825
  type: 'test'
  ...
# Subtest: MR-A1a: emoji/astral — surrogate-pair interiors are rejected, never snapped
ok 741 - MR-A1a: emoji/astral — surrogate-pair interiors are rejected, never snapped
  ---
  duration_ms: 0.334875
  type: 'test'
  ...
# Subtest: MR-A1a: strict UTF-8 — malformed and truncated input is rejected with invalid_utf8
ok 742 - MR-A1a: strict UTF-8 — malformed and truncated input is rejected with invalid_utf8
  ---
  duration_ms: 0.353208
  type: 'test'
  ...
# Subtest: MR-A1a: size boundaries — 65536 bytes accepted, 65537 rejected as source_too_large
ok 743 - MR-A1a: size boundaries — 65536 bytes accepted, 65537 rejected as source_too_large
  ---
  duration_ms: 7.243625
  type: 'test'
  ...
# Subtest: MR-A1a: offset validation — unsafe integers, wrong ranges and bad units
ok 744 - MR-A1a: offset validation — unsafe integers, wrong ranges and bad units
  ---
  duration_ms: 0.555292
  type: 'test'
  ...
# Subtest: MR-A1a: input is copied — later mutation never reaches the built coordinates
ok 745 - MR-A1a: input is copied — later mutation never reaches the built coordinates
  ---
  duration_ms: 0.163791
  type: 'test'
  ...
# Subtest: MR-A1a: Buffer and offset views are accepted and measured by their own bytes
ok 746 - MR-A1a: Buffer and offset views are accepted and measured by their own bytes
  ---
  duration_ms: 0.111125
  type: 'test'
  ...
# Subtest: MR-A1a: wrong input types are a caller contract violation (TypeError)
ok 747 - MR-A1a: wrong input types are a caller contract violation (TypeError)
  ---
  duration_ms: 0.153334
  type: 'test'
  ...
# Subtest: MR-A1a: returned object is frozen; output metadata edits cannot pollute conversions
ok 748 - MR-A1a: returned object is frozen; output metadata edits cannot pollute conversions
  ---
  duration_ms: 0.159625
  type: 'test'
  ...
# Subtest: MR-A1a: repeated builds are deterministic and independent of each other
ok 749 - MR-A1a: repeated builds are deterministic and independent of each other
  ---
  duration_ms: 0.060833
  type: 'test'
  ...
# Subtest: MR-A1a: fixture corpus parity — module equals the independent oracle and the static expectations
ok 750 - MR-A1a: fixture corpus parity — module equals the independent oracle and the static expectations
  ---
  duration_ms: 7.463083
  type: 'test'
  ...
# Subtest: MR-A1a: NUL and control characters are ordinary code points, never trimmed
ok 751 - MR-A1a: NUL and control characters are ordinary code points, never trimmed
  ---
  duration_ms: 0.084708
  type: 'test'
  ...
# Subtest: MR-A1a integration: spoofed non-byte views are rejected by internal type
ok 752 - MR-A1a integration: spoofed non-byte views are rejected by internal type
  ---
  duration_ms: 0.065708
  type: 'test'
  ...
# Subtest: MR-A1a integration: invalid unit errors never coerce caller objects
ok 753 - MR-A1a integration: invalid unit errors never coerce caller objects
  ---
  duration_ms: 0.101
  type: 'test'
  ...
# Subtest: R2: six inline kinds resolve without changing config, then explicit imports preserve exact bytes
ok 754 - R2: six inline kinds resolve without changing config, then explicit imports preserve exact bytes
  ---
  duration_ms: 21.834875
  type: 'test'
  ...
# Subtest: R2: hashes bind bytes and interpretation; origin is only a caller assertion and outputs own their data
ok 755 - R2: hashes bind bytes and interpretation; origin is only a caller assertion and outputs own their data
  ---
  duration_ms: 0.352375
  type: 'test'
  ...
# Subtest: R2: skill/profile declarations remain unverified requirements without new capabilities
ok 756 - R2: skill/profile declarations remain unverified requirements without new capabilities
  ---
  duration_ms: 0.371833
  type: 'test'
  ...
# Subtest: R2: MCP and locators never fetch, connect or read their declared target
ok 757 - R2: MCP and locators never fetch, connect or read their declared target
  ---
  duration_ms: 0.135625
  type: 'test'
  ...
# Subtest: R2: malformed, executable and ambiguous sources cannot be silently reinterpreted
ok 758 - R2: malformed, executable and ambiguous sources cannot be silently reinterpreted
  ---
  duration_ms: 0.488459
  type: 'test'
  ...
# Subtest: R2: invalid YAML and cyclic projected metadata fail before config persistence
ok 759 - R2: invalid YAML and cyclic projected metadata fail before config persistence
  ---
  duration_ms: 5.357334
  type: 'test'
  ...
# (node:75136) ExperimentalWarning: SQLite is an experimental feature and might change at any time
# (Use `node --trace-warnings ...` to show where the warning was created)
# Subtest: BE41-B accepts source FILE zero and replacement rollback without accepting identical or negative versions
ok 760 - BE41-B accepts source FILE zero and replacement rollback without accepting identical or negative versions
  ---
  duration_ms: 1.087292
  type: 'test'
  ...
# Subtest: BE41-B binds live empty pages to the top token and rejects contradictory or malformed top tokens
ok 761 - BE41-B binds live empty pages to the top token and rejects contradictory or malformed top tokens
  ---
  duration_ms: 1.336625
  type: 'test'
  ...
# Subtest: BE41-B paginator sends exact snapshot; changed snapshot refresh starts at page zero without old token
ok 762 - BE41-B paginator sends exact snapshot; changed snapshot refresh starts at page zero without old token
  ---
  duration_ms: 8.176875
  type: 'test'
  ...
# Subtest: BE41-B late pagination cannot replace a closed and reopened read
ok 763 - BE41-B late pagination cannot replace a closed and reopened read
  ---
  duration_ms: 3.585708
  type: 'test'
  ...
# Subtest: BE41-B actual authenticated empty endpoint projects with its live top token
ok 764 - BE41-B actual authenticated empty endpoint projects with its live top token
  ---
  duration_ms: 284.099584
  type: 'test'
  ...
# Subtest: BE41-B a live snapshot rejection discards explicit sample and exposes Refresh
ok 765 - BE41-B a live snapshot rejection discards explicit sample and exposes Refresh
  ---
  duration_ms: 4.895458
  type: 'test'
  ...
# Subtest: SP1-FE · stale.json validates: one Matter behind, one fully current, sharing a snapshot
ok 766 - SP1-FE · stale.json validates: one Matter behind, one fully current, sharing a snapshot
  ---
  duration_ms: 1.464208
  type: 'test'
  ...
# Subtest: SP1-FE · quiet.json validates: every Matter current, no prompt-worthy bucket
ok 767 - SP1-FE · quiet.json validates: every Matter current, no prompt-worthy bucket
  ---
  duration_ms: 0.402375
  type: 'test'
  ...
# Subtest: SP1-FE · empty.json validates: no Matters, page.total 0
ok 768 - SP1-FE · empty.json validates: no Matters, page.total 0
  ---
  duration_ms: 0.363542
  type: 'test'
  ...
# Subtest: SP1-FE · partial.json validates: unavailable Matter keeps null counts, not zero
ok 769 - SP1-FE · partial.json validates: unavailable Matter keeps null counts, not zero
  ---
  duration_ms: 0.192167
  type: 'test'
  ...
# Subtest: SP1-FE · truncated.json validates: 20 refs loaded, true count stated separately
ok 770 - SP1-FE · truncated.json validates: 20 refs loaded, true count stated separately
  ---
  duration_ms: 0.343333
  type: 'test'
  ...
# Subtest: SP1-FE · a 0 where a non-observed Matter must publish null is rejected, not read as zero
ok 771 - SP1-FE · a 0 where a non-observed Matter must publish null is rejected, not read as zero
  ---
  duration_ms: 0.155667
  type: 'test'
  ...
# Subtest: SP1-FE · an observed Matter reporting stale:null instead of a real zero is rejected
ok 772 - SP1-FE · an observed Matter reporting stale:null instead of a real zero is rejected
  ---
  duration_ms: 0.0735
  type: 'test'
  ...
# Subtest: SP1-FE · a genuine zero-stale Matter is accepted and stays a real, distinct zero
ok 773 - SP1-FE · a genuine zero-stale Matter is accepted and stays a real, distinct zero
  ---
  duration_ms: 0.164584
  type: 'test'
  ...
# Subtest: SP1-FE · staleRefsTruncated true with fewer than 20 loaded refs is rejected
ok 774 - SP1-FE · staleRefsTruncated true with fewer than 20 loaded refs is rejected
  ---
  duration_ms: 0.3365
  type: 'test'
  ...
# Subtest: SP1-FE · staleRefsTruncated false while refs fall short of the stated stale count is rejected
ok 775 - SP1-FE · staleRefsTruncated false while refs fall short of the stated stale count is rejected
  ---
  duration_ms: 0.331542
  type: 'test'
  ...
# Subtest: SP1-FE · more than the 20-ref page ceiling is rejected outright
ok 776 - SP1-FE · more than the 20-ref page ceiling is rejected outright
  ---
  duration_ms: 0.152333
  type: 'test'
  ...
# Subtest: SP1-FE · two Matters in one page reporting different snapshotRefs is rejected
ok 777 - SP1-FE · two Matters in one page reporting different snapshotRefs is rejected
  ---
  duration_ms: 0.079542
  type: 'test'
  ...
# Subtest: SP1-FE · sameSnapshot refuses to confirm consistency across a null snapshot
ok 778 - SP1-FE · sameSnapshot refuses to confirm consistency across a null snapshot
  ---
  duration_ms: 0.043709
  type: 'test'
  ...
# Subtest: SP1-FE · wrong schemaVersion is rejected
ok 779 - SP1-FE · wrong schemaVersion is rejected
  ---
  duration_ms: 0.054625
  type: 'test'
  ...
# Subtest: SP1-FE · a stale ref not actually behind the Matter's source revision is rejected
ok 780 - SP1-FE · a stale ref not actually behind the Matter's source revision is rejected
  ---
  duration_ms: 0.053709
  type: 'test'
  ...
# Subtest: SP1-FE · byStatus counts that don't sum to derivations.current/stale are rejected
ok 781 - SP1-FE · byStatus counts that don't sum to derivations.current/stale are rejected
  ---
  duration_ms: 0.049834
  type: 'test'
  ...
# Subtest: SP1-FE · an observed Matter must not carry a reason
ok 782 - SP1-FE · an observed Matter must not carry a reason
  ---
  duration_ms: 0.048125
  type: 'test'
  ...
# Subtest: SP1-FE · a partial Matter must carry a reason
ok 783 - SP1-FE · a partial Matter must carry a reason
  ---
  duration_ms: 0.045459
  type: 'test'
  ...
# Subtest: SP1-FE · sourceSetChange with a non-increasing revision pair is rejected
ok 784 - SP1-FE · sourceSetChange with a non-increasing revision pair is rejected
  ---
  duration_ms: 0.051292
  type: 'test'
  ...
# Subtest: SP1-FE · a missing sourceSetChange key (vs. an explicit null) is rejected
ok 785 - SP1-FE · a missing sourceSetChange key (vs. an explicit null) is rejected
  ---
  duration_ms: 0.059834
  type: 'test'
  ...
# Subtest: SP1-FE · duplicate matterId within one page is rejected
ok 786 - SP1-FE · duplicate matterId within one page is rejected
  ---
  duration_ms: 0.056208
  type: 'test'
  ...
# Subtest: SP1-FE · page bounds exceeding the reported total are rejected
ok 787 - SP1-FE · page bounds exceeding the reported total are rejected
  ---
  duration_ms: 0.047167
  type: 'test'
  ...
# Subtest: SP1-FE · coverage.matters partial without a machine-readable reason is rejected
ok 788 - SP1-FE · coverage.matters partial without a machine-readable reason is rejected
  ---
  duration_ms: 0.045
  type: 'test'
  ...
# Subtest: SP1-FE · a non-object payload, and a missing top-level field, are both rejected
ok 789 - SP1-FE · a non-object payload, and a missing top-level field, are both rejected
  ---
  duration_ms: 0.054458
  type: 'test'
  ...
# Subtest: SP1-FE · activityRows narrows to one candidate status without reordering
ok 790 - SP1-FE · activityRows narrows to one candidate status without reordering
  ---
  duration_ms: 0.162542
  type: 'test'
  ...
# Subtest: SP1-FE · truncationNote is null once every stale ref for a Matter is loaded
ok 791 - SP1-FE · truncationNote is null once every stale ref for a Matter is loaded
  ---
  duration_ms: 0.064708
  type: 'test'
  ...
# Subtest: Spark route selects a stable bound owner and opens the existing Work preview
ok 792 - Spark route selects a stable bound owner and opens the existing Work preview
  ---
  duration_ms: 9.055875
  type: 'test'
  ...
# Subtest: Spark route cannot manufacture a Work session for an unbound Matter
ok 793 - Spark route cannot manufacture a Work session for an unbound Matter
  ---
  duration_ms: 0.392
  type: 'test'
  ...
# Subtest: a newer navigation cancels a pending Spark owner lookup
ok 794 - a newer navigation cancels a pending Spark owner lookup
  ---
  duration_ms: 0.374667
  type: 'test'
  ...
# Subtest: a newer navigation cancels Spark Work activation after session selection
ok 795 - a newer navigation cancels Spark Work activation after session selection
  ---
  duration_ms: 0.307916
  type: 'test'
  ...
# Subtest: Spark revalidates the loaded session binding before activating Work
ok 796 - Spark revalidates the loaded session binding before activating Work
  ---
  duration_ms: 0.41975
  type: 'test'
  ...
# Subtest: Spark does not activate Work when the selected session failed to load
ok 797 - Spark does not activate Work when the selected session failed to load
  ---
  duration_ms: 0.293
  type: 'test'
  ...
# (node:75139) ExperimentalWarning: SQLite is an experimental feature and might change at any time
# (Use `node --trace-warnings ...` to show where the warning was created)
# Subtest: WO-SD-01 · GET /web/samples/spark-derivations/<name>.json 200s for all five scenarios, each a valid, unaltered BE-41 payload
ok 798 - WO-SD-01 · GET /web/samples/spark-derivations/<name>.json 200s for all five scenarios, each a valid, unaltered BE-41 payload
  ---
  duration_ms: 191.174291
  type: 'test'
  ...
# Subtest: WO-SD-01 · the sample route is a literal allowlist: an unregistered scenario name 404s, no directory listing, no traversal
ok 799 - WO-SD-01 · the sample route is a literal allowlist: an unregistered scenario name 404s, no directory listing, no traversal
  ---
  duration_ms: 121.861167
  type: 'test'
  ...
# Subtest: WO-SD-01 · the fixture directory no longer exists under app/tests — SD-18's git mv landed for real, not just in spark-projection.test.mjs's path
ok 800 - WO-SD-01 · the fixture directory no longer exists under app/tests — SD-18's git mv landed for real, not just in spark-projection.test.mjs's path
  ---
  duration_ms: 1.12875
  type: 'test'
  ...
# Subtest: SP1-FE · createSparkView keeps the frozen constructor signature
ok 801 - SP1-FE · createSparkView keeps the frozen constructor signature
  ---
  duration_ms: 0.964125
  type: 'test'
  ...
# Subtest: SP1-FE · a projection module fetches nothing, writes nothing, reads no clock
ok 802 - SP1-FE · a projection module fetches nothing, writes nothing, reads no clock
  ---
  duration_ms: 0.62775
  type: 'test'
  ...
# Subtest: SP1-FE · Spark makes no request path containing 'attention' — it resolves, creates or edits no Attention item
ok 803 - SP1-FE · Spark makes no request path containing 'attention' — it resolves, creates or edits no Attention item
  ---
  duration_ms: 0.914584
  type: 'test'
  ...
# Subtest: SP1-FE · Spark writes nothing: no POST/PUT/PATCH/DELETE method anywhere in the view
ok 804 - SP1-FE · Spark writes nothing: no POST/PUT/PATCH/DELETE method anywhere in the view
  ---
  duration_ms: 0.170666
  type: 'test'
  ...
# Subtest: SP1-FE · no Spark-private persistence: no localStorage, sessionStorage or IndexedDB
ok 805 - SP1-FE · no Spark-private persistence: no localStorage, sessionStorage or IndexedDB
  ---
  duration_ms: 0.179541
  type: 'test'
  ...
# Subtest: SP1-FE · Spark introduces no new dependency: only relative app/web imports
ok 806 - SP1-FE · Spark introduces no new dependency: only relative app/web imports
  ---
  duration_ms: 0.172792
  type: 'test'
  ...
# Subtest: SP1-FE · a 404 is read as unimplemented, never rendered as zero maintenance items
ok 807 - SP1-FE · a 404 is read as unimplemented, never rendered as zero maintenance items
  ---
  duration_ms: 0.114083
  type: 'test'
  ...
# Subtest: SP1-FE · Unavailable is stated in words, not shown as a bare number
ok 808 - SP1-FE · Unavailable is stated in words, not shown as a bare number
  ---
  duration_ms: 0.060958
  type: 'test'
  ...
# Subtest: SP1-FE · pagination carries the prior snapshotRef and can be rejected
ok 809 - SP1-FE · pagination carries the prior snapshotRef and can be rejected
  ---
  duration_ms: 0.296
  type: 'test'
  ...
# Subtest: SP1-FE · row navigation calls the host's onOpenMatter and opens no dialog/session of its own
ok 810 - SP1-FE · row navigation calls the host's onOpenMatter and opens no dialog/session of its own
  ---
  duration_ms: 0.37475
  type: 'test'
  ...
# Subtest: SP1-FE · static allowlist: spark-view.mjs / spark-projection.mjs are registered
ok 811 - SP1-FE · static allowlist: spark-view.mjs / spark-projection.mjs are registered
  ---
  duration_ms: 0.474541
  type: 'test'
  ...
# Subtest: SP1-FE · app.mjs wires the sidebar entry without touching the static allowlist array itself
ok 812 - SP1-FE · app.mjs wires the sidebar entry without touching the static allowlist array itself
  ---
  duration_ms: 0.15425
  type: 'test'
  ...
# Subtest: SD-01 · createSparkView keeps the frozen constructor signature — sample introduces no new dependency, no new parameter
ok 813 - SD-01 · createSparkView keeps the frozen constructor signature — sample introduces no new dependency, no new parameter
  ---
  duration_ms: 0.07275
  type: 'test'
  ...
# Subtest: SD-01 · the sample fetch reads the static sample route, never /work-derivations
ok 814 - SD-01 · the sample fetch reads the static sample route, never /work-derivations
  ---
  duration_ms: 0.035875
  type: 'test'
  ...
# Subtest: SD-01 · 'Show sample data' appears exactly once as code (comments stripped), inside the unimplemented branch, and nowhere else
ok 815 - SD-01 · 'Show sample data' appears exactly once as code (comments stripped), inside the unimplemented branch, and nowhere else
  ---
  duration_ms: 0.106667
  type: 'test'
  ...
# Subtest: SD-01 · the sample header label 'Sample data' appears exactly once in the source (one row, no per-card label, no colour class, no icon() call)
ok 816 - SD-01 · the sample header label 'Sample data' appears exactly once in the source (one row, no per-card label, no colour class, no icon() call)
  ---
  duration_ms: 0.079041
  type: 'test'
  ...
# Subtest: SD-01 · the scenario select is a single control offering exactly the five frozen fixtures, defaulting to stale
ok 817 - SD-01 · the scenario select is a single control offering exactly the five frozen fixtures, defaulting to stale
  ---
  duration_ms: 0.062083
  type: 'test'
  ...
# Subtest: SD-01 · exit and re-probe copy match SD-17 exactly: 'Hide sample data', 'Check for a source again'
ok 818 - SD-01 · exit and re-probe copy match SD-17 exactly: 'Hide sample data', 'Check for a source again'
  ---
  duration_ms: 0.054
  type: 'test'
  ...
# Subtest: SD-01 · sample rows are read-only: matterRow and the Activity section heading both branch on readOnly before ever calling onOpenMatter
ok 819 - SD-01 · sample rows are read-only: matterRow and the Activity section heading both branch on readOnly before ever calling onOpenMatter
  ---
  duration_ms: 0.133834
  type: 'test'
  ...
# Subtest: SD-01 · sample state is discarded on any valid live payload (including empty) and on any non-404 error, but survives a 404
ok 820 - SD-01 · sample state is discarded on any valid live payload (including empty) and on any non-404 error, but survives a 404
  ---
  duration_ms: 0.050667
  type: 'test'
  ...
# Subtest: SD-01 · sample never issues its own /work-derivations request: only load() (via request()) reaches that endpoint
ok 821 - SD-01 · sample never issues its own /work-derivations request: only load() (via request()) reaches that endpoint
  ---
  duration_ms: 0.04775
  type: 'test'
  ...
# Subtest: SD-01 · switching projects clears sample state before the live probe fires
ok 822 - SD-01 · switching projects clears sample state before the live probe fires
  ---
  duration_ms: 0.041875
  type: 'test'
  ...
# Subtest: SD-01 · sample state is checked before every other render branch and returns before the pager can run
ok 823 - SD-01 · sample state is checked before every other render branch and returns before the pager can run
  ---
  duration_ms: 0.052375
  type: 'test'
  ...
# Subtest: SD-01 · sample rendering reuses renderOverview/renderActivity — no second renderer for sample data
ok 824 - SD-01 · sample rendering reuses renderOverview/renderActivity — no second renderer for sample data
  ---
  duration_ms: 0.045667
  type: 'test'
  ...
# Subtest: SD-01 · styles.css gained only additions for the sample row: one new class, --muted-strong, no new colour token
ok 825 - SD-01 · styles.css gained only additions for the sample row: one new class, --muted-strong, no new colour token
  ---
  duration_ms: 0.523375
  type: 'test'
  ...
# Subtest: SD-01 · the static allowlist registers the five sample JSON files as one loop, with the JSON content type
ok 826 - SD-01 · the static allowlist registers the five sample JSON files as one loop, with the JSON content type
  ---
  duration_ms: 0.042542
  type: 'test'
  ...
# (node:75145) ExperimentalWarning: SQLite is an experimental feature and might change at any time
# (Use `node --trace-warnings ...` to show where the warning was created)
# Subtest: SE_TEST_CRASH_POINT alone is inert, and the server says so at startup
ok 827 - SE_TEST_CRASH_POINT alone is inert, and the server says so at startup
  ---
  duration_ms: 1359.058834
  type: 'test'
  ...
# Subtest: T-SELF-2: with no python3 on PATH the server refuses to start and names the reason
ok 828 - T-SELF-2: with no python3 on PATH the server refuses to start and names the reason
  ---
  duration_ms: 812.813708
  type: 'test'
  ...
# (node:75186) ExperimentalWarning: SQLite is an experimental feature and might change at any time
# (Use `node --trace-warnings ...` to show where the warning was created)
# Subtest: 每个 app/web 模块都在静态白名单里，且每条白名单路由都指向磁盘上存在的文件
ok 829 - 每个 app/web 模块都在静态白名单里，且每条白名单路由都指向磁盘上存在的文件
  ---
  duration_ms: 23.614042
  type: 'test'
  ...
# Subtest: ui-controls 白名单、icons.svg 的 symbol id、manifest 的 lucide.files 三者一致
ok 830 - ui-controls 白名单、icons.svg 的 symbol id、manifest 的 lucide.files 三者一致
  ---
  duration_ms: 1.933667
  type: 'test'
  ...
# Subtest: manifest.lucide 与 tools/ui-vendor/lucide/sources.json 逐字相同（生成源=已记录来源）
ok 831 - manifest.lucide 与 tools/ui-vendor/lucide/sources.json 逐字相同（生成源=已记录来源）
  ---
  duration_ms: 0.882083
  type: 'test'
  ...
# Subtest: manifest.outputs 里记的每个文件哈希都等于该文件此刻在磁盘上的真实 sha256
ok 832 - manifest.outputs 里记的每个文件哈希都等于该文件此刻在磁盘上的真实 sha256
  ---
  duration_ms: 1.762
  type: 'test'
  ...
# Subtest: 白名单决定 /web 的可取性：模块 200，未列入的仓内材料 404
ok 833 - 白名单决定 /web 的可取性：模块 200，未列入的仓内材料 404
  ---
  duration_ms: 192.612292
  type: 'test'
  ...
# Subtest: skin-policy.js is an exact synchronous static route
ok 834 - skin-policy.js is an exact synchronous static route
  ---
  duration_ms: 103.92175
  type: 'test'
  ...
# Subtest: Run projection keeps the selected Session/Run identity and recorded file locator
ok 835 - Run projection keeps the selected Session/Run identity and recorded file locator
  ---
  duration_ms: 1.198833
  type: 'test'
  ...
# Subtest: Run projection fails closed for missing or cross-Session identity
ok 836 - Run projection fails closed for missing or cross-Session identity
  ---
  duration_ms: 0.171334
  type: 'test'
  ...
# Subtest: unknown status is distinct from an explicit empty recorded-file set
ok 837 - unknown status is distinct from an explicit empty recorded-file set
  ---
  duration_ms: 0.208209
  type: 'test'
  ...
# Subtest: loading, error, unavailable, and incompatible phases do not expose stale files
ok 838 - loading, error, unavailable, and incompatible phases do not expose stale files
  ---
  duration_ms: 0.316958
  type: 'test'
  ...
# Subtest: invalid artifact entries are filtered without turning unknown data into empty
ok 839 - invalid artifact entries are filtered without turning unknown data into empty
  ---
  duration_ms: 0.186042
  type: 'test'
  ...
# Subtest: readerUnavailable keeps file provenance but revokes every open capability
ok 840 - readerUnavailable keeps file provenance but revokes every open capability
  ---
  duration_ms: 0.057791
  type: 'test'
  ...
# Subtest: Run card starts collapsed with Files and Run information disclosures
ok 841 - Run card starts collapsed with Files and Run information disclosures
  ---
  duration_ms: 2.82125
  type: 'test'
  ...
# Subtest: Run card does not turn unknown or unavailable files into a zero count
ok 842 - Run card does not turn unknown or unavailable files into a zero count
  ---
  duration_ms: 0.323333
  type: 'test'
  ...
# Subtest: Run card rejects stale Open intents after identity or generation changes
ok 843 - Run card rejects stale Open intents after identity or generation changes
  ---
  duration_ms: 0.862833
  type: 'test'
  ...
# Subtest: Run card prevents duplicate async Open actions and preserves both disclosures and focus
ok 844 - Run card prevents duplicate async Open actions and preserves both disclosures and focus
  ---
  duration_ms: 5.591959
  type: 'test'
  ...
# Subtest: a late rejected action cannot block or annotate a replacement identity
ok 845 - a late rejected action cannot block or annotate a replacement identity
  ---
  duration_ms: 3.101625
  type: 'test'
  ...
# Subtest: Run card only offers Retry for an error and exposes callback failures
ok 846 - Run card only offers Retry for an error and exposes callback failures
  ---
  duration_ms: 0.966917
  type: 'test'
  ...
# Subtest: removing a focused Retry action returns focus to Run information and preserves both disclosures
ok 847 - removing a focused Retry action returns focus to Run information and preserves both disclosures
  ---
  duration_ms: 0.615375
  type: 'test'
  ...
# Subtest: Run card hides incompatible projection schemas instead of rendering stale details
ok 848 - Run card hides incompatible projection schemas instead of rendering stale details
  ---
  duration_ms: 0.312125
  type: 'test'
  ...
# Subtest: Summary run preserves the clicked opener when disabling it clears browser focus
ok 849 - Summary run preserves the clicked opener when disabling it clears browser focus
  ---
  duration_ms: 2.011583
  type: 'test'
  ...
# Subtest: Summary file preserves the clicked opener when disabling it clears browser focus
ok 850 - Summary file preserves the clicked opener when disabling it clears browser focus
  ---
  duration_ms: 1.610875
  type: 'test'
  ...
# Subtest: Summary file focus identity follows the recorded version when files reorder
ok 851 - Summary file focus identity follows the recorded version when files reorder
  ---
  duration_ms: 2.010625
  type: 'test'
  ...
# (node:75191) ExperimentalWarning: SQLite is an experimental feature and might change at any time
# (Use `node --trace-warnings ...` to show where the warning was created)
# Subtest: T-SYNC-1: afterSeq past the server's last seq is 400 cursor_ahead and reports nextSeq
ok 852 - T-SYNC-1: afterSeq past the server's last seq is 400 cursor_ahead and reports nextSeq
  ---
  duration_ms: 338.281875
  type: 'test'
  ...
# Subtest: T-SYNC-2: repeating a request for the same seq is idempotent and the sequence has no gaps
ok 853 - T-SYNC-2: repeating a request for the same seq is idempotent and the sequence has no gaps
  ---
  duration_ms: 819.936917
  type: 'test'
  ...
# Subtest: T-SYNC-3: snapshot lastSeq joins the event stream with no gap and no overlap, 50x under concurrent writes
ok 854 - T-SYNC-3: snapshot lastSeq joins the event stream with no gap and no overlap, 50x under concurrent writes
  ---
  duration_ms: 2995.794542
  type: 'test'
  ...
# Subtest: T-SYNC-4: polling and re-cancelling after a terminal state changes nothing
ok 855 - T-SYNC-4: polling and re-cancelling after a terminal state changes nothing
  ---
  duration_ms: 190.911041
  type: 'test'
  ...
# Subtest: host timing has independent request origins and preserves missing versus measured zero
ok 856 - host timing has independent request origins and preserves missing versus measured zero
  ---
  duration_ms: 0.919583
  type: 'test'
  ...
# Subtest: out-of-interval observations stay in detail and do not become clamped chart marks
ok 857 - out-of-interval observations stay in detail and do not become clamped chart marks
  ---
  duration_ms: 1.74675
  type: 'test'
  ...
# Subtest: request view uses one on-demand disclosure, preserves semantic gaps and restores its open state
ok 858 - request view uses one on-demand disclosure, preserves semantic gaps and restores its open state
  ---
  duration_ms: 2.582833
  type: 'test'
  ...
# Subtest: missing usage stays unknown and a reported request estimate keeps its method
ok 859 - missing usage stays unknown and a reported request estimate keeps its method
  ---
  duration_ms: 20.940041
  type: 'test'
  ...
# Subtest: all historical requests share the same outer disclosure while compact views select only the latest
ok 860 - all historical requests share the same outer disclosure while compact views select only the latest
  ---
  duration_ms: 1.154917
  type: 'test'
  ...
# Subtest: malformed v1 metadata is rejected while out-of-interval timing remains inspectable
ok 861 - malformed v1 metadata is rejected while out-of-interval timing remains inspectable
  ---
  duration_ms: 0.175292
  type: 'test'
  ...
# Subtest: request detail distinguishes runtime and provider aliases while retaining historical records
ok 862 - request detail distinguishes runtime and provider aliases while retaining historical records
  ---
  duration_ms: 2.218875
  type: 'test'
  ...
# Subtest: effort detail separates requested intent, SDK settings and unobserved provider behavior
ok 863 - effort detail separates requested intent, SDK settings and unobserved provider behavior
  ---
  duration_ms: 1.745208
  type: 'test'
  ...
# Subtest: thread projection scopes runs and resolves exact permission request
ok 864 - thread projection scopes runs and resolves exact permission request
  ---
  duration_ms: 1.284667
  type: 'test'
  ...
# Subtest: tool calls with identical IDs in different runs remain separate and require live admission
ok 865 - tool calls with identical IDs in different runs remain separate and require live admission
  ---
  duration_ms: 0.638625
  type: 'test'
  ...
# Subtest: permission display distinguishes remote actions from writes using only the recorded binding
ok 866 - permission display distinguishes remote actions from writes using only the recorded binding
  ---
  duration_ms: 0.169125
  type: 'test'
  ...
# Subtest: one tool state vocabulary serves both chat presentations
ok 867 - one tool state vocabulary serves both chat presentations
  ---
  duration_ms: 0.081542
  type: 'test'
  ...
# Subtest: the long-message preview reads as words and never replaces the original
ok 868 - the long-message preview reads as words and never replaces the original
  ---
  duration_ms: 0.623833
  type: 'test'
  ...
# (node:75349) ExperimentalWarning: SQLite is an experimental feature and might change at any time
# (Use `node --trace-warnings ...` to show where the warning was created)
# Subtest: Usage keeps UTC start-day, route identity, partial/zero/unknown and global scope
ok 869 - Usage keeps UTC start-day, route identity, partial/zero/unknown and global scope
  ---
  duration_ms: 3.121
  type: 'test'
  ...
# Subtest: model route keys include exact endpoint without leaking endpoint in overview
ok 870 - model route keys include exact endpoint without leaking endpoint in overview
  ---
  duration_ms: 0.311542
  type: 'test'
  ...
# Subtest: chart series and Other membership sum exactly and ties never split heatmap levels
ok 871 - chart series and Other membership sum exactly and ties never split heatmap levels
  ---
  duration_ms: 0.868167
  type: 'test'
  ...
# Subtest: matching runs require same snapshot and preserve model/date filter through pagination
ok 872 - matching runs require same snapshot and preserve model/date filter through pagination
  ---
  duration_ms: 0.2125
  type: 'test'
  ...
# Subtest: combined token overflow fails closed and malformed frontend DTOs are rejected
ok 873 - combined token overflow fails closed and malformed frontend DTOs are rejected
  ---
  duration_ms: 0.294291
  type: 'test'
  ...
# Subtest: HTTP Usage scope, strict input and changed-snapshot rejection use actual retained Runs
ok 874 - HTTP Usage scope, strict input and changed-snapshot rejection use actual retained Runs
  ---
  duration_ms: 231.268208
  type: 'test'
  ...
# Subtest: Usage calendar shares Home Monday-first orientation with bounded keyboard movement
ok 875 - Usage calendar shares Home Monday-first orientation with bounded keyboard movement
  ---
  duration_ms: 0.4225
  type: 'test'
  ...
# Subtest: overview rejects malformed dates, scope, counts and incoherent model totals
ok 876 - overview rejects malformed dates, scope, counts and incoherent model totals
  ---
  duration_ms: 0.678417
  type: 'test'
  ...
# Subtest: drilldown rejects malformed rows, wrong observation echo and unsafe pagination
ok 877 - drilldown rejects malformed rows, wrong observation echo and unsafe pagination
  ---
  duration_ms: 0.6615
  type: 'test'
  ...
# Subtest: drilldown accepts a persisted stopping run without turning it into stopped
ok 878 - drilldown accepts a persisted stopping run without turning it into stopped
  ---
  duration_ms: 0.446167
  type: 'test'
  ...
# Subtest: Usage local return restores its origin and rejects late drill responses
ok 879 - Usage local return restores its origin and rejects late drill responses
  ---
  duration_ms: 70.9045
  type: 'test'
  ...
# (node:75767) ExperimentalWarning: SQLite is an experimental feature and might change at any time
# (Use `node --trace-warnings ...` to show where the warning was created)
# Subtest: versioned revision action executes after acceptance, preserves history, and rejects stale or forged actions
ok 880 - versioned revision action executes after acceptance, preserves history, and rejects stale or forged actions
  ---
  duration_ms: 672.439542
  type: 'test'
  ...
# Subtest: unresolved and source-stale parents can be revised only with currently verified NDA input
ok 881 - unresolved and source-stale parents can be revised only with currently verified NDA input
  ---
  duration_ms: 474.606792
  type: 'test'
  ...
# Subtest: host active Run, producer unload, incompatible packet, and stale generation offer no usable mutation
ok 882 - host active Run, producer unload, incompatible packet, and stale generation offer no usable mutation
  ---
  duration_ms: 525.674417
  type: 'test'
  ...
# Subtest: artifact read is paged by code point and bound to an open trusted Matter/Run
ok 883 - artifact read is paged by code point and bound to an open trusted Matter/Run
  ---
  duration_ms: 85.442042
  type: 'test'
  ...
# (node:77210) ExperimentalWarning: SQLite is an experimental feature and might change at any time
# (Use `node --trace-warnings ...` to show where the warning was created)
# Subtest: model and human projections preserve source/contract/base applicability without granting authority
ok 884 - model and human projections preserve source/contract/base applicability without granting authority
  ---
  duration_ms: 1.306708
  type: 'test'
  ...
# Subtest: HTTP accepted short/25k/100k text resumes in new Session with scoped artifact pages; URLs are content
ok 885 - HTTP accepted short/25k/100k text resumes in new Session with scoped artifact pages; URLs are content
  ---
  duration_ms: 3132.18375
  type: 'test'
  ...
# (node:77260) ExperimentalWarning: SQLite is an experimental feature and might change at any time
# (Use `node --trace-warnings ...` to show where the warning was created)
# Subtest: same Matter in new Session, project isolation, detach to chat, producer absent restart history
ok 886 - same Matter in new Session, project isolation, detach to chat, producer absent restart history
  ---
  duration_ms: 724.214208
  type: 'test'
  ...
# Subtest: provider provenance is host-derived and preserves prior simulation records (real-route protocol uses loopback fixture)
ok 887 - provider provenance is host-derived and preserves prior simulation records (real-route protocol uses loopback fixture)
  ---
  duration_ms: 596.935833
  type: 'test'
  ...
# Subtest: concurrent Session admission is serialized before either execution starts
ok 888 - concurrent Session admission is serialized before either execution starts
  ---
  duration_ms: 1000.801541
  type: 'test'
  ...
# Subtest: Core independent lifecycle: receipt/CAS/authority, revisions and immutable historical membership
ok 889 - Core independent lifecycle: receipt/CAS/authority, revisions and immutable historical membership
  ---
  duration_ms: 155.749209
  type: 'test'
  ...
# Subtest: Core worker is single writer; terminal and unknown runs cannot admit fresh model proposals
ok 890 - Core worker is single writer; terminal and unknown runs cannot admit fresh model proposals
  ---
  duration_ms: 143.491833
  type: 'test'
  ...
# Subtest: real transaction SIGKILL before commit and after commit before acknowledgement yields unique recoverable effect
ok 891 - real transaction SIGKILL before commit and after commit before acknowledgement yields unique recoverable effect
  ---
  duration_ms: 995.023208
  type: 'test'
  ...
# Subtest: v1 migration backs up original, retains current source membership; failed schema migration rolls back
ok 892 - v1 migration backs up original, retains current source membership; failed schema migration rolls back
  ---
  duration_ms: 565.231292
  type: 'test'
  ...
# Subtest: missing application metadata fails closed; terminal Run cannot change or claim another candidate
ok 893 - missing application metadata fails closed; terminal Run cannot change or claim another candidate
  ---
  duration_ms: 318.228334
  type: 'test'
  ...
# (node:77631) ExperimentalWarning: SQLite is an experimental feature and might change at any time
# (Use `node --trace-warnings ...` to show where the warning was created)
# Subtest: BE41-A HTTP snapshot binds project identity and rejects off-page changes
ok 894 - BE41-A HTTP snapshot binds project identity and rejects off-page changes
  ---
  duration_ms: 223.452417
  type: 'test'
  ...
# Subtest: BE41-A HTTP keeps a top-level snapshot token on an empty beyond-total page
ok 895 - BE41-A HTTP keeps a top-level snapshot token on an empty beyond-total page
  ---
  duration_ms: 178.320042
  type: 'test'
  ...
# Subtest: BE41-A preserves FILE/Matter version zero and reports source revision zero as partial
ok 896 - BE41-A preserves FILE/Matter version zero and reports source revision zero as partial
  ---
  duration_ms: 216.926333
  type: 'test'
  ...
# Subtest: BE41-A staleRefs thresholds 19/20/21 retain exact refs and truncation
ok 897 - BE41-A staleRefs thresholds 19/20/21 retain exact refs and truncation
  ---
  duration_ms: 162.960625
  type: 'test'
  ...
# (node:78064) ExperimentalWarning: SQLite is an experimental feature and might change at any time
# (Use `node --trace-warnings ...` to show where the warning was created)
# Subtest: BE41 empty/zero, project scope, stable pages and stale snapshot rejection without writes
ok 898 - BE41 empty/zero, project scope, stable pages and stale snapshot rejection without writes
  ---
  duration_ms: 177.104125
  type: 'test'
  ...
# Subtest: BE41 exact status counts, immutable lineage, 20-ref truncation and source membership diff
ok 899 - BE41 exact status counts, immutable lineage, 20-ref truncation and source membership diff
  ---
  duration_ms: 147.859042
  type: 'test'
  ...
# Subtest: BE41 migrated missing source history gives null counts and project-wide partial coverage
ok 900 - BE41 migrated missing source history gives null counts and project-wide partial coverage
  ---
  duration_ms: 197.225708
  type: 'test'
  ...
# Subtest: BE41 authenticated HTTP validates queries; no Session or producer required
ok 901 - BE41 authenticated HTTP validates queries; no Session or producer required
  ---
  duration_ms: 231.036416
  type: 'test'
  ...
# Subtest: BE41 source rollback is real, large diffs are partial, and policy/off-page membership invalidates tokens
ok 902 - BE41 source rollback is real, large diffs are partial, and policy/off-page membership invalidates tokens
  ---
  duration_ms: 260.68125
  type: 'test'
  ...
# Subtest: BE41 oversized identity metadata refuses explicitly rather than breaking the worker frame
ok 903 - BE41 oversized identity metadata refuses explicitly rather than breaking the worker frame
  ---
  duration_ms: 118.020667
  type: 'test'
  ...
# (node:78103) ExperimentalWarning: SQLite is an experimental feature and might change at any time
# (Use `node --trace-warnings ...` to show where the warning was created)
# Subtest: Core SIGKILL before commit / after commit before ACK, followed by HTTP receipt reconciliation and continuation
ok 904 - Core SIGKILL before commit / after commit before ACK, followed by HTTP receipt reconciliation and continuation
  ---
  duration_ms: 1898.550167
  type: 'test'
  ...
# {"stage":"before_commit","signal":"SIGKILL","receiptBeforeRetry":null,"artifactBeforeRetry":null,"afterRetry":{"candidate_hash":"8f4fcea94ad78efe29ac4c2a312524dbc0c65d39c4475372a7567665d53eb866","candidate_id":"candidate-36eeb68a32572ecb8b3bc739c33b475182a36d2e373d33833ee83b9dc7ec0c4b","content":"Synthetic artifact","content_digest":"39e1e275ef10883426ac72410d1124562e9810a8938310b9db3608b7385515ca","id":"artifact-candidate-36eeb68a32572ecb8b3bc739c33b475182a36d2e373d33833ee83b9dc7ec0c4b-1"},"durable":{"work":{"id":"matter-6ad51b40-f0c6-4da1-8d27-7e984ab76bc7","version":1,"contract_version":"se-contract-v5.0","source_version":1,"active_artifact":"artifact-candidate-36eeb68a32572ecb8b3bc739c33b475182a36d2e373d33833ee83b9dc7ec0c4b-1","obligations_json":"[{\\"blocking\\":false,\\"evidence_refs\\":[],\\"id\\":\\"follow-up\\",\\"status\\":\\"open\\",\\"text\\":\\"Confirm the owner\\"}]"},"artifact":{"id":"artifact-candidate-36eeb68a32572ecb8b3bc739c33b475182a36d2e373d33833ee83b9dc7ec0c4b-1","candidate_id":"candidate-36eeb68a32572ecb8b3bc739c33b475182a36d2e373d33833ee83b9dc7ec0c4b","candidate_hash":"8f4fcea94ad78efe29ac4c2a312524dbc0c65d39c4475372a7567665d53eb866","content":"Synthetic artifact","content_digest":"39e1e275ef10883426ac72410d1124562e9810a8938310b9db3608b7385515ca"},"decisions":[{"request_id":"crash-request","matter_id":"matter-6ad51b40-f0c6-4da1-8d27-7e984ab76bc7","candidate_id":"candidate-36eeb68a32572ecb8b3bc739c33b475182a36d2e373d33833ee83b9dc7ec0c4b","action":"accept","reason":"Synthetic review","actor_json":"{\\"id\\":\\"reviewer-1\\",\\"kind\\":\\"local_reviewer\\"}","scope_json":"{\\"base_version\\":0,\\"candidate_id\\":\\"candidate-36eeb68a32572ecb8b3bc739c33b475182a36d2e373d33833ee83b9dc7ec0c4b\\",\\"matter_id\\":\\"matter-6ad51b40-f0c6-4da1-8d27-7e984ab76bc7\\",\\"run_id\\":\\"285d6584-cff5-42dc-ac8c-ef264350a4c5\\"}","result_json":"{\\"action\\":\\"accept\\",\\"active_artifact\\":\\"artifact-candidate-36eeb68a32572ecb8b3bc739c33b475182a36d2e373d33833ee83b9dc7ec0c4b-1\\",\\"candidate_id\\":\\"candidate-36eeb68a32572ecb8b3bc739c33b475182a36d2e373d33833ee83b9dc7ec0c4b\\",\\"matter_id\\":\\"matter-6ad51b40-f0c6-4da1-8d27-7e984ab76bc7\\",\\"request_id\\":\\"crash-request\\",\\"version\\":1}"}],"audits":[{"id":1,"request_id":"crash-request","matter_id":"matter-6ad51b40-f0c6-4da1-8d27-7e984ab76bc7","candidate_id":"candidate-36eeb68a32572ecb8b3bc739c33b475182a36d2e373d33833ee83b9dc7ec0c4b","action":"accept","actor_json":"{\\"id\\":\\"reviewer-1\\",\\"kind\\":\\"local_reviewer\\"}","scope_json":"{\\"base_version\\":0,\\"candidate_id\\":\\"candidate-36eeb68a32572ecb8b3bc739c33b475182a36d2e373d33833ee83b9dc7ec0c4b\\",\\"matter_id\\":\\"matter-6ad51b40-f0c6-4da1-8d27-7e984ab76bc7\\",\\"run_id\\":\\"285d6584-cff5-42dc-ac8c-ef264350a4c5\\"}","result_json":"{\\"action\\":\\"accept\\",\\"active_artifact\\":\\"artifact-candidate-36eeb68a32572ecb8b3bc739c33b475182a36d2e373d33833ee83b9dc7ec0c4b-1\\",\\"candidate_id\\":\\"candidate-36eeb68a32572ecb8b3bc739c33b475182a36d2e373d33833ee83b9dc7ec0c4b\\",\\"matter_id\\":\\"matter-6ad51b40-f0c6-4da1-8d27-7e984ab76bc7\\",\\"request_id\\":\\"crash-request\\",\\"version\\":1}"}],"receipts":[{"request_id":"crash-request","request_hash":"c8101d6751573884b79dc2632b06b03e7f30c9a2cbda4b3bc705cac84c8bea75","result_json":"{\\"action\\":\\"accept\\",\\"active_artifact\\":\\"artifact-candidate-36eeb68a32572ecb8b3bc739c33b475182a36d2e373d33833ee83b9dc7ec0c4b-1\\",\\"candidate_id\\":\\"candidate-36eeb68a32572ecb8b3bc739c33b475182a36d2e373d33833ee83b9dc7ec0c4b\\",\\"matter_id\\":\\"matter-6ad51b40-f0c6-4da1-8d27-7e984ab76bc7\\",\\"request_id\\":\\"crash-request\\",\\"version\\":1}"}]},"obligations":[{"blocking":false,"evidence_refs":[],"id":"follow-up","status":"open","text":"Confirm the owner"}],"continued":{"candidate_hash":"62d5fd56196db6778b1a8257b31d1d50b4aa1812c281c0d9f03cd381f9755838","candidate_id":"continued","content":"Continued after recovery","content_digest":"424b1590fcf0bdf9e2bf2b4b6617e165c9f4e12885c7839198500fefaf5faeae","id":"artifact-continued-2"}}
# {"stage":"after_commit_before_ack","signal":"SIGKILL","receiptBeforeRetry":{"action":"accept","active_artifact":"artifact-candidate-32d31abcc5926961c2eb3c63b8949e764a323765559832212987ec26889776b2-1","candidate_id":"candidate-32d31abcc5926961c2eb3c63b8949e764a323765559832212987ec26889776b2","matter_id":"matter-52a8a9fe-ce48-48f3-943a-37119d5a7ec8","request_id":"crash-request","version":1},"artifactBeforeRetry":{"candidate_hash":"03fcb51f6b56de2ad24fa8edced939bee464c1c9d6221055fac029daebc07b9c","candidate_id":"candidate-32d31abcc5926961c2eb3c63b8949e764a323765559832212987ec26889776b2","content":"Synthetic artifact","content_digest":"39e1e275ef10883426ac72410d1124562e9810a8938310b9db3608b7385515ca","id":"artifact-candidate-32d31abcc5926961c2eb3c63b8949e764a323765559832212987ec26889776b2-1"},"afterRetry":{"candidate_hash":"03fcb51f6b56de2ad24fa8edced939bee464c1c9d6221055fac029daebc07b9c","candidate_id":"candidate-32d31abcc5926961c2eb3c63b8949e764a323765559832212987ec26889776b2","content":"Synthetic artifact","content_digest":"39e1e275ef10883426ac72410d1124562e9810a8938310b9db3608b7385515ca","id":"artifact-candidate-32d31abcc5926961c2eb3c63b8949e764a323765559832212987ec26889776b2-1"},"durable":{"work":{"id":"matter-52a8a9fe-ce48-48f3-943a-37119d5a7ec8","version":1,"contract_version":"se-contract-v5.0","source_version":1,"active_artifact":"artifact-candidate-32d31abcc5926961c2eb3c63b8949e764a323765559832212987ec26889776b2-1","obligations_json":"[{\\"blocking\\":false,\\"evidence_refs\\":[],\\"id\\":\\"follow-up\\",\\"status\\":\\"open\\",\\"text\\":\\"Confirm the owner\\"}]"},"artifact":{"id":"artifact-candidate-32d31abcc5926961c2eb3c63b8949e764a323765559832212987ec26889776b2-1","candidate_id":"candidate-32d31abcc5926961c2eb3c63b8949e764a323765559832212987ec26889776b2","candidate_hash":"03fcb51f6b56de2ad24fa8edced939bee464c1c9d6221055fac029daebc07b9c","content":"Synthetic artifact","content_digest":"39e1e275ef10883426ac72410d1124562e9810a8938310b9db3608b7385515ca"},"decisions":[{"request_id":"crash-request","matter_id":"matter-52a8a9fe-ce48-48f3-943a-37119d5a7ec8","candidate_id":"candidate-32d31abcc5926961c2eb3c63b8949e764a323765559832212987ec26889776b2","action":"accept","reason":"Synthetic review","actor_json":"{\\"id\\":\\"reviewer-1\\",\\"kind\\":\\"local_reviewer\\"}","scope_json":"{\\"base_version\\":0,\\"candidate_id\\":\\"candidate-32d31abcc5926961c2eb3c63b8949e764a323765559832212987ec26889776b2\\",\\"matter_id\\":\\"matter-52a8a9fe-ce48-48f3-943a-37119d5a7ec8\\",\\"run_id\\":\\"a5ec78a6-22bc-4e41-9057-58c653fbcc3c\\"}","result_json":"{\\"action\\":\\"accept\\",\\"active_artifact\\":\\"artifact-candidate-32d31abcc5926961c2eb3c63b8949e764a323765559832212987ec26889776b2-1\\",\\"candidate_id\\":\\"candidate-32d31abcc5926961c2eb3c63b8949e764a323765559832212987ec26889776b2\\",\\"matter_id\\":\\"matter-52a8a9fe-ce48-48f3-943a-37119d5a7ec8\\",\\"request_id\\":\\"crash-request\\",\\"version\\":1}"}],"audits":[{"id":1,"request_id":"crash-request","matter_id":"matter-52a8a9fe-ce48-48f3-943a-37119d5a7ec8","candidate_id":"candidate-32d31abcc5926961c2eb3c63b8949e764a323765559832212987ec26889776b2","action":"accept","actor_json":"{\\"id\\":\\"reviewer-1\\",\\"kind\\":\\"local_reviewer\\"}","scope_json":"{\\"base_version\\":0,\\"candidate_id\\":\\"candidate-32d31abcc5926961c2eb3c63b8949e764a323765559832212987ec26889776b2\\",\\"matter_id\\":\\"matter-52a8a9fe-ce48-48f3-943a-37119d5a7ec8\\",\\"run_id\\":\\"a5ec78a6-22bc-4e41-9057-58c653fbcc3c\\"}","result_json":"{\\"action\\":\\"accept\\",\\"active_artifact\\":\\"artifact-candidate-32d31abcc5926961c2eb3c63b8949e764a323765559832212987ec26889776b2-1\\",\\"candidate_id\\":\\"candidate-32d31abcc5926961c2eb3c63b8949e764a323765559832212987ec26889776b2\\",\\"matter_id\\":\\"matter-52a8a9fe-ce48-48f3-943a-37119d5a7ec8\\",\\"request_id\\":\\"crash-request\\",\\"version\\":1}"}],"receipts":[{"request_id":"crash-request","request_hash":"ab423f2de44328337358815593f381bf19bf2f6308ed307c768b9b66ff084dac","result_json":"{\\"action\\":\\"accept\\",\\"active_artifact\\":\\"artifact-candidate-32d31abcc5926961c2eb3c63b8949e764a323765559832212987ec26889776b2-1\\",\\"candidate_id\\":\\"candidate-32d31abcc5926961c2eb3c63b8949e764a323765559832212987ec26889776b2\\",\\"matter_id\\":\\"matter-52a8a9fe-ce48-48f3-943a-37119d5a7ec8\\",\\"request_id\\":\\"crash-request\\",\\"version\\":1}"}]},"obligations":[{"blocking":false,"evidence_refs":[],"id":"follow-up","status":"open","text":"Confirm the owner"}],"continued":{"candidate_hash":"5a45842af7b85499be22d9e9dfb8fec83085e476baa47331a239cb00f2d889c8","candidate_id":"continued","content":"Continued after recovery","content_digest":"424b1590fcf0bdf9e2bf2b4b6617e165c9f4e12885c7839198500fefaf5faeae","id":"artifact-continued-2"}}
# Subtest: HTTP stale source refusal, producer unload/read-only/reload and legal revised completion
ok 905 - HTTP stale source refusal, producer unload/read-only/reload and legal revised completion
  ---
  duration_ms: 426.333833
  type: 'test'
  ...
# (node:78353) ExperimentalWarning: SQLite is an experimental feature and might change at any time
# (Use `node --trace-warnings ...` to show where the warning was created)
# Subtest: UTC bins count unique retained run IDs, every status, and start time rather than end time
ok 906 - UTC bins count unique retained run IDs, every status, and start time rather than end time
  ---
  duration_ms: 1.645875
  type: 'test'
  ...
# Subtest: empty differs from reported zero and aggregate overflow fails instead of rounding
ok 907 - empty differs from reported zero and aggregate overflow fails instead of rounding
  ---
  duration_ms: 0.524208
  type: 'test'
  ...
# Subtest: summary UTC filter uses each collection timestamp before pagination
ok 908 - summary UTC filter uses each collection timestamp before pagination
  ---
  duration_ms: 0.408458
  type: 'test'
  ...
# Subtest: authenticated HTTP metrics are read-only, survive restart, and honestly shrink after deletion
ok 909 - authenticated HTTP metrics are read-only, survive restart, and honestly shrink after deletion
  ---
  duration_ms: 414.348083
  type: 'test'
  ...
# Subtest: read during an unpublished mutation sees the whole previous snapshot
ok 910 - read during an unpublished mutation sees the whole previous snapshot
  ---
  duration_ms: 183.497833
  type: 'test'
  ...
# Subtest: available summary stays visible at zero and opens the existing Work review
ok 911 - available summary stays visible at zero and opens the existing Work review
  ---
  duration_ms: 3.715042
  type: 'test'
  ...
# Subtest: candidate, stale and read-only facts remain separate without an impossible ready count
ok 912 - candidate, stale and read-only facts remain separate without an impossible ready count
  ---
  duration_ms: 0.636791
  type: 'test'
  ...
# Subtest: pending count stays a single compact fact when all or only some candidates are reviewable
ok 913 - pending count stays a single compact fact when all or only some candidates are reviewable
  ---
  duration_ms: 0.475542
  type: 'test'
  ...
# Subtest: refresh clears old facts while loading and on failure
ok 914 - refresh clears old facts while loading and on failure
  ---
  duration_ms: 0.845958
  type: 'test'
  ...
# Subtest: late and mismatched responses cannot replace the current scope
ok 915 - late and mismatched responses cannot replace the current scope
  ---
  duration_ms: 0.603458
  type: 'test'
  ...
# Subtest: a view outside the current scope does not start a request
ok 916 - a view outside the current scope does not start a request
  ---
  duration_ms: 0.595417
  type: 'test'
  ...
# Subtest: summary reread returns detached keyboard focus without stealing a later user focus
ok 917 - summary reread returns detached keyboard focus without stealing a later user focus
  ---
  duration_ms: 1.175334
  type: 'test'
  ...
# (node:78476) ExperimentalWarning: SQLite is an experimental feature and might change at any time
# (Use `node --trace-warnings ...` to show where the warning was created)
# Subtest: Core review summary follows pending, decision, new Session and lifecycle without returning bodies
ok 918 - Core review summary follows pending, decision, new Session and lifecycle without returning bodies
  ---
  duration_ms: 647.854625
  type: 'test'
  ...
# Subtest: Core review summary keeps stale pending and domain review separate from authority to accept
ok 919 - Core review summary keeps stale pending and domain review separate from authority to accept
  ---
  duration_ms: 363.495042
  type: 'test'
  ...
# Subtest: Core review summary does not turn missing Core projections or failures into zero pending
ok 920 - Core review summary does not turn missing Core projections or failures into zero pending
  ---
  duration_ms: 176.874042
  type: 'test'
  ...
# (node:78477) ExperimentalWarning: SQLite is an experimental feature and might change at any time
# (Use `node --trace-warnings ...` to show where the warning was created)
# Subtest: Pro R-01: before-write never reports completed or discards settlement error
ok 921 - Pro R-01: before-write never reports completed or discards settlement error
  ---
  duration_ms: 1000.0285
  type: 'test'
  ...
# Subtest: Pro R-01: after-write-ack-loss never reports completed or discards settlement error
ok 922 - Pro R-01: after-write-ack-loss never reports completed or discards settlement error
  ---
  duration_ms: 650.009625
  type: 'test'
  ...
# Subtest: Pro R-01: cancel-and-finish-failure never reports completed or discards settlement error
ok 923 - Pro R-01: cancel-and-finish-failure never reports completed or discards settlement error
  ---
  duration_ms: 590.123
  type: 'test'
  ...
# Subtest: Pro R-02: ordinary first instruction discovers scoped source refs only from host context
ok 924 - Pro R-02: ordinary first instruction discovers scoped source refs only from host context
  ---
  duration_ms: 498.269542
  type: 'test'
  ...
# Subtest: Pro R-04: intermediate tool updates stay nonterminal until end
ok 925 - Pro R-04: intermediate tool updates stay nonterminal until end
  ---
  duration_ms: 1.817334
  type: 'test'
  ...
# Subtest: summary sees one published view across paused resolve persistence
ok 926 - summary sees one published view across paused resolve persistence
  ---
  duration_ms: 55.827083
  type: 'test'
  ...
# Subtest: summary sees one published view across paused cancel persistence
ok 927 - summary sees one published view across paused cancel persistence
  ---
  duration_ms: 56.873584
  type: 'test'
  ...
# (node:78808) ExperimentalWarning: SQLite is an experimental feature and might change at any time
# (Use `node --trace-warnings ...` to show where the warning was created)
# Subtest: work summary distinguishes empty, no-run, completed, failed and unknown
ok 928 - work summary distinguishes empty, no-run, completed, failed and unknown
  ---
  duration_ms: 1116.315958
  type: 'test'
  ...
# Subtest: live ask_user and permission entries disappear after answer or cancel, and stale posts remain 409
ok 929 - live ask_user and permission entries disappear after answer or cancel, and stale posts remain 409
  ---
  duration_ms: 1001.723708
  type: 'test'
  ...
# Subtest: summary excludes stale question states and paginates pending/inspection by project with a union of lastSeq
ok 930 - summary excludes stale question states and paginates pending/inspection by project with a union of lastSeq
  ---
  duration_ms: 133.665333
  type: 'test'
  ...
# Subtest: restart hides the old live question, exposes its unknown Run, and a new Run gets a new ID
ok 931 - restart hides the old live question, exposes its unknown Run, and a new Run gets a new ID
  ---
  duration_ms: 1923.192333
  type: 'test'
  ...
# Subtest: summary keeps project sources separate and has deterministic tie ordering, offsets and bounds
ok 932 - summary keeps project sources separate and has deterministic tie ordering, offsets and bounds
  ---
  duration_ms: 96.267917
  type: 'test'
  ...
# Subtest: summary is allowlisted and read-only; unauthorized and failed reads are errors rather than empty results
ok 933 - summary is allowlisted and read-only; unauthorized and failed reads are errors rather than empty results
  ---
  duration_ms: 177.396541
  type: 'test'
  ...
# Subtest: CC-W 第 0 项 · 工作面定性按视口分档，旧的 not-a-third-column 已不在文档里
ok 934 - CC-W 第 0 项 · 工作面定性按视口分档，旧的 not-a-third-column 已不在文档里
  ---
  duration_ms: 0.607916
  type: 'test'
  ...
# Subtest: CC-W 第 0 项 · 尺寸 token 表登记了 ≥1680 断点、--doc-min 与正文行宽上限
ok 935 - CC-W 第 0 项 · 尺寸 token 表登记了 ≥1680 断点、--doc-min 与正文行宽上限
  ---
  duration_ms: 0.164666
  type: 'test'
  ...
# Subtest: CC-W 第 0 项 · M-9 在途换词不换宽度，按钮元素本身不被替换
ok 936 - CC-W 第 0 项 · M-9 在途换词不换宽度，按钮元素本身不被替换
  ---
  duration_ms: 0.220084
  type: 'test'
  ...
# Subtest: CC-W 第 0 项 · M-10 tooltip 共享延迟：首个 400，窗口内相邻即时
ok 937 - CC-W 第 0 项 · M-10 tooltip 共享延迟：首个 400，窗口内相邻即时
  ---
  duration_ms: 0.136667
  type: 'test'
  ...
# Subtest: CC-W 1 · 文档 tab 只有一个，身份由既有字段拼出，不新增 scope 字段
ok 938 - CC-W 1 · 文档 tab 只有一个，身份由既有字段拼出，不新增 scope 字段
  ---
  duration_ms: 0.839416
  type: 'test'
  ...
# Subtest: CC-W 1 · 选中区与关闭区分开；类型 tab 没有关闭区；关闭是明确动作
ok 939 - CC-W 1 · 选中区与关闭区分开；类型 tab 没有关闭区；关闭是明确动作
  ---
  duration_ms: 0.356458
  type: 'test'
  ...
# Subtest: CC-W 2 · B 态是视图切换：聊天列 hidden + inert，没有遮罩，没有浮层材质
ok 940 - CC-W 2 · B 态是视图切换：聊天列 hidden + inert，没有遮罩，没有浮层材质
  ---
  duration_ms: 0.321208
  type: 'test'
  ...
# Subtest: CC-W 3 · C 态是三条真的列轨，各自滚动，chrome 同一基线
ok 941 - CC-W 3 · C 态是三条真的列轨，各自滚动，chrome 同一基线
  ---
  duration_ms: 0.350041
  type: 'test'
  ...
# Subtest: CC-W 2 / 3 · 返回控件不在 tablist 里，也不占顶带那个槽位
ok 942 - CC-W 2 / 3 · 返回控件不在 tablist 里，也不占顶带那个槽位
  ---
  duration_ms: 0.493375
  type: 'test'
  ...
# Subtest: CC-W 4 / 5 · 面板宽 ≠ 正文行宽；滚动位置在没有布局盒时不被抹成 0
ok 943 - CC-W 4 / 5 · 面板宽 ≠ 正文行宽；滚动位置在没有布局盒时不被抹成 0
  ---
  duration_ms: 0.497541
  type: 'test'
  ...
# Subtest: CC-W 1 · agent activity 是 tab 上的一个记号，不是 banner，不只靠颜色
ok 944 - CC-W 1 · agent activity 是 tab 上的一个记号，不是 banner，不只靠颜色
  ---
  duration_ms: 0.287666
  type: 'test'
  ...
# (node:78904) ExperimentalWarning: SQLite is an experimental feature and might change at any time
# (Use `node --trace-warnings ...` to show where the warning was created)
# Subtest: T-WS-1: '..' path segments are rejected
ok 945 - T-WS-1: '..' path segments are rejected
  ---
  duration_ms: 3.025125
  type: 'test'
  ...
# Subtest: T-WS-2: absolute paths are rejected
ok 946 - T-WS-2: absolute paths are rejected
  ---
  duration_ms: 0.3985
  type: 'test'
  ...
# Subtest: T-WS-3: symlink escape is rejected
ok 947 - T-WS-3: symlink escape is rejected
  ---
  duration_ms: 0.8855
  type: 'test'
  ...
# Subtest: T-WS-4: an over-limit file is rejected by ws_read (throws; pi-agent-core turns a thrown tool error into isError:true)
ok 948 - T-WS-4: an over-limit file is rejected by ws_read (throws; pi-agent-core turns a thrown tool error into isError:true)
  ---
  duration_ms: 1.716708
  type: 'test'
  ...
# Subtest: T-WS-5: ws_read then ws_write round-trips through the workspace endpoints
ok 949 - T-WS-5: ws_read then ws_write round-trips through the workspace endpoints
  ---
  duration_ms: 641.4955
  type: 'test'
  ...
# Subtest: materials endpoint rejects path separators in the name
ok 950 - materials endpoint rejects path separators in the name
  ---
  duration_ms: 72.040625
  type: 'test'
  ...
# Subtest: addMaterial rejects content over the 1 MiB limit (service-level, below the HTTP body cap)
ok 951 - addMaterial rejects content over the 1 MiB limit (service-level, below the HTTP body cap)
  ---
  duration_ms: 73.937166
  type: 'test'
  ...
# Subtest: T-WS-6: repeated writes yield two content versions and one current file
ok 952 - T-WS-6: repeated writes yield two content versions and one current file
  ---
  duration_ms: 688.448333
  type: 'test'
  ...
# Subtest: addMaterial routes through the shared path guard, which rejects a '..' name
ok 953 - addMaterial routes through the shared path guard, which rejects a '..' name
  ---
  duration_ms: 121.507375
  type: 'test'
  ...
# Subtest: T-ART-1: a completed run with no write has no artifacts and no acceptance field
ok 954 - T-ART-1: a completed run with no write has no artifacts and no acceptance field
  ---
  duration_ms: 613.830167
  type: 'test'
  ...
# Subtest: T-ART-2: two writes to one path keep both content versions and one current file
ok 955 - T-ART-2: two writes to one path keep both content versions and one current file
  ---
  duration_ms: 950.210583
  type: 'test'
  ...
# Subtest: ws_grep rejects nested quantifiers and over-long patterns before compiling them
ok 956 - ws_grep rejects nested quantifiers and over-long patterns before compiling them
  ---
  duration_ms: 53.82125
  type: 'test'
  ...
# Subtest: getWorkspaceFile truncates on a UTF-8 boundary and keeps the whole-file digest
ok 957 - getWorkspaceFile truncates on a UTF-8 boundary and keeps the whole-file digest
  ---
  duration_ms: 109.329333
  type: 'test'
  ...
# Subtest: a second run in a continued session revises the first run's file
ok 958 - a second run in a continued session revises the first run's file
  ---
  duration_ms: 836.97675
  type: 'test'
  ...
1..958
# tests 961
# suites 0
# pass 961
# fail 0
# cancelled 0
# skipped 0
# todo 0
# duration_ms 227649.795959
