
> se-agent-v5-runtime@0.1.0 check:product
> node scripts/product-check.mjs


==> bounded synthetic test suite

> se-agent-v5-runtime@0.1.0 pretest
> node scripts/check-historical-fixtures.mjs

Historical test inputs verified: 45 commit/path/hash checks.

> se-agent-v5-runtime@0.1.0 test
> node --test --test-concurrency=4 tests/*.test.mjs ../tests/*.test.mjs

TAP version 13
# Subtest: 颜色字面量只出现在 tier:S 块内
ok 1 - 颜色字面量只出现在 tier:S 块内
  ---
  duration_ms: 108.744167
  type: 'test'
  ...
# Subtest: 两 skin × 两宗的角色对比度不低于门槛
ok 2 - 两 skin × 两宗的角色对比度不低于门槛
  ---
  duration_ms: 46.501541
  type: 'test'
  ...
# Subtest: renderer is a neutral projection surface and dispatches typed actions without actor fields
ok 3 - renderer is a neutral projection surface and dispatches typed actions without actor fields
  ---
  duration_ms: 1.330458
  type: 'test'
  ...
# Subtest: catalog exposes development evidence-memo and business-free probe factories
ok 4 - catalog exposes development evidence-memo and business-free probe factories
  ---
  duration_ms: 1.076791
  type: 'test'
  ...
# Subtest: manifest is machine-marked development and advertises generic binding fields
ok 5 - manifest is machine-marked development and advertises generic binding fields
  ---
  duration_ms: 0.17125
  type: 'test'
  ...
# Subtest: legacy transport import resolves the single shared Core owner
ok 6 - legacy transport import resolves the single shared Core owner
  ---
  duration_ms: 0.624458
  type: 'test'
  ...
# Subtest: createBinding owns Matter creation and projection exposes source, evidence, candidate, artifact and draft
ok 7 - createBinding owns Matter creation and projection exposes source, evidence, candidate, artifact and draft
  ---
  duration_ms: 133.575334
  type: 'test'
  ...
# Subtest: begin exposes only namespaced source/propose tools and Core rejects late candidate calls after close
ok 8 - begin exposes only namespaced source/propose tools and Core rejects late candidate calls after close
  ---
  duration_ms: 121.712875
  type: 'test'
  ...
# Subtest: humanAction accepts only host-derived local-user and uses the same Review route for formal Artifact
ok 9 - humanAction accepts only host-derived local-user and uses the same Review route for formal Artifact
  ---
  duration_ms: 110.178791
  type: 'test'
  ...
# Subtest: close gates admission before cleanup and finish maps cancellation without acceptance
ok 10 - close gates admission before cleanup and finish maps cancellation without acceptance
  ---
  duration_ms: 125.3975
  type: 'test'
  ...
# Subtest: same data directory admits one POSIX flock owner and keeps the inode after release
ok 11 - same data directory admits one POSIX flock owner and keeps the inode after release
  ---
  duration_ms: 231.608042
  type: 'test'
  ...
# Subtest: unexpected holder death invokes onLost and the next host can safely reacquire
ok 12 - unexpected holder death invokes onLost and the next host can safely reacquire
  ---
  duration_ms: 117.333417
  type: 'test'
  ...
# Subtest: owner SIGKILL closes the parent pipe and does not require deleting the lock file
ok 13 - owner SIGKILL closes the parent pipe and does not require deleting the lock file
  ---
  duration_ms: 245.606416
  type: 'test'
  ...
# (node:91161) ExperimentalWarning: SQLite is an experimental feature and might change at any time
# (Use `node --trace-warnings ...` to show where the warning was created)
# Subtest: answer admission race: ask_user queued behind cancel returns 409
ok 14 - answer admission race: ask_user queued behind cancel returns 409
  ---
  duration_ms: 631.462542
  type: 'test'
  ...
# Subtest: answer admission race: permission queued behind cancel returns 409
ok 15 - answer admission race: permission queued behind cancel returns 409
  ---
  duration_ms: 492.196375
  type: 'test'
  ...
# Subtest: normal ask_user answer still resolves and completes the run
ok 16 - normal ask_user answer still resolves and completes the run
  ---
  duration_ms: 581.77475
  type: 'test'
  ...
# Subtest: double permission answer records one decision and rejects the other
ok 17 - double permission answer records one decision and rejects the other
  ---
  duration_ms: 909.790542
  type: 'test'
  ...
# Subtest: the limited scanner recognizes imports while ignoring comments and strings
ok 18 - the limited scanner recognizes imports while ignoring comments and strings
  ---
  duration_ms: 1.154875
  type: 'test'
  ...
# Subtest: legal and forbidden synthetic edges exercise all approved boundaries
ok 19 - legal and forbidden synthetic edges exercise all approved boundaries
  ---
  duration_ms: 1.552667
  type: 'test'
  ...
# Subtest: the current Core, runtime, renderer, and composition-root graph obeys ownership
ok 20 - the current Core, runtime, renderer, and composition-root graph obeys ownership
  ---
  duration_ms: 62.829875
  type: 'test'
  ...
# (node:91274) ExperimentalWarning: SQLite is an experimental feature and might change at any time
# (Use `node --trace-warnings ...` to show where the warning was created)
# Subtest: AM-C final wire golden and no-op are stable after temporary path canonicalization
ok 21 - AM-C final wire golden and no-op are stable after temporary path canonicalization
  ---
  duration_ms: 707.222291
  type: 'test'
  ...
# Subtest: AM-C separates request shape, old prefix, and semantic tool diffs
ok 22 - AM-C separates request shape, old prefix, and semantic tool diffs
  ---
  duration_ms: 908.544875
  type: 'test'
  ...
# Subtest: AM-C records description, schema, and permission changes as expected diffs
ok 23 - AM-C records description, schema, and permission changes as expected diffs
  ---
  duration_ms: 2013.590542
  type: 'test'
  ...
# Subtest: history refs keep exact UTF-8 blobs reachable through Git GC; another session cannot read them
ok 24 - history refs keep exact UTF-8 blobs reachable through Git GC; another session cannot read them
  ---
  duration_ms: 713.520917
  type: 'test'
  ...
# Subtest: history cancellation waits for the Git process to exit and the next save repairs interrupted init
ok 25 - history cancellation waits for the Git process to exit and the next save repairs interrupted init
  ---
  duration_ms: 1395.106708
  type: 'test'
  ...
# Subtest: existing non-blob history object is an integrity failure
ok 26 - existing non-blob history object is an integrity failure
  ---
  duration_ms: 239.06025
  type: 'test'
  ...
# (node:91395) ExperimentalWarning: SQLite is an experimental feature and might change at any time
# (Use `node --trace-warnings ...` to show where the warning was created)
# Subtest: R1-HIST-1: v1 and v2 remain readable after current-file deletion
ok 27 - R1-HIST-1: v1 and v2 remain readable after current-file deletion
  ---
  duration_ms: 740.902834
  type: 'test'
  ...
# Subtest: R1-HIST-2: cross-session, wrong-record, and unrecorded lookups are 404 and reads are pure
ok 28 - R1-HIST-2: cross-session, wrong-record, and unrecorded lookups are 404 and reads are pure
  ---
  duration_ms: 883.385208
  type: 'test'
  ...
# Subtest: R1-HIST-3: historical text truncates on a UTF-8 boundary with full bytes/hash
ok 29 - R1-HIST-3: historical text truncates on a UTF-8 boundary with full bytes/hash
  ---
  duration_ms: 767.58925
  type: 'test'
  ...
# Subtest: R1-HIST-4: a recorded legacy artifact without history returns 410 history_unavailable
ok 30 - R1-HIST-4: a recorded legacy artifact without history returns 410 history_unavailable
  ---
  duration_ms: 270.729167
  type: 'test'
  ...
# Subtest: R1-HIST-5: object/metadata byte mismatch returns 500 artifact_integrity_failed
ok 31 - R1-HIST-5: object/metadata byte mismatch returns 500 artifact_integrity_failed
  ---
  duration_ms: 525.248417
  type: 'test'
  ...
# Subtest: R1-HIST-6: SIGKILL after history and before rename exposes neither file nor artifact
ok 32 - R1-HIST-6: SIGKILL after history and before rename exposes neither file nor artifact
  ---
  duration_ms: 1603.227375
  type: 'test'
  ...
# Subtest: R1-HIST-7: SIGKILL after rename and before record leaves current file unrecorded
ok 33 - R1-HIST-7: SIGKILL after rename and before record leaves current file unrecorded
  ---
  duration_ms: 1901.326
  type: 'test'
  ...
# Subtest: R1-HIST-8: SIGKILL after record preserves historical bytes across restart
ok 34 - R1-HIST-8: SIGKILL after record preserves historical bytes across restart
  ---
  duration_ms: 1759.660958
  type: 'test'
  ...
# (node:93366) ExperimentalWarning: SQLite is an experimental feature and might change at any time
# (Use `node --trace-warnings ...` to show where the warning was created)
# Subtest: only native text updates project as assistant deltas
ok 35 - only native text updates project as assistant deltas
  ---
  duration_ms: 0.809792
  type: 'test'
  ...
# Subtest: stream filtering retains final assistant messages and request telemetry
ok 36 - stream filtering retains final assistant messages and request telemetry
  ---
  duration_ms: 395.28025
  type: 'test'
  ...
# (node:93957) ExperimentalWarning: SQLite is an experimental feature and might change at any time
# (Use `node --trace-warnings ...` to show where the warning was created)
# Subtest: catalog staleness keeps durable result readable and refuses further adapter work
ok 37 - catalog staleness keeps durable result readable and refuses further adapter work
  ---
  duration_ms: 61.991125
  type: 'test'
  ...
# Subtest: policy rejection records dependency before adapter I/O, leaving Run unresolved
ok 38 - policy rejection records dependency before adapter I/O, leaving Run unresolved
  ---
  duration_ms: 56.371125
  type: 'test'
  ...
# Subtest: late query cannot overwrite cancellation and lost cancel ACK remains unresolved
ok 39 - late query cannot overwrite cancellation and lost cancel ACK remains unresolved
  ---
  duration_ms: 115.330584
  type: 'test'
  ...
# Subtest: stopped Run forbids dispatch and wait stays inside local budget
ok 40 - stopped Run forbids dispatch and wait stays inside local budget
  ---
  duration_ms: 199.251584
  type: 'test'
  ...
# Subtest: host/Pi wrapper denial of an old async_get leaves the new Run unresolved
ok 41 - host/Pi wrapper denial of an old async_get leaves the new Run unresolved
  ---
  duration_ms: 291.30325
  type: 'test'
  ...
# Subtest: fixture independently releases two documents without timing assertions
ok 42 - fixture independently releases two documents without timing assertions
  ---
  duration_ms: 95.302416
  type: 'test'
  ...
# Subtest: fixture makes delivery identity idempotent and exposes launch/result acknowledgement loss
ok 43 - fixture makes delivery identity idempotent and exposes launch/result acknowledgement loss
  ---
  duration_ms: 87.118625
  type: 'test'
  ...
# Subtest: fixture keeps cancel-before-success and cancel-after-success distinct
ok 44 - fixture keeps cancel-before-success and cancel-after-success distinct
  ---
  duration_ms: 66.531375
  type: 'test'
  ...
# Subtest: SIGKILLs the state-owning provider and queries persisted synthetic settlement after restart
ok 45 - SIGKILLs the state-owning provider and queries persisted synthetic settlement after restart
  ---
  duration_ms: 156.227584
  type: 'test'
  ...
# Subtest: in-flight provider SIGKILL retains the accepted synthetic record without implicit resume or relaunch
ok 46 - in-flight provider SIGKILL retains the accepted synthetic record without implicit resume or relaunch
  ---
  duration_ms: 106.256791
  type: 'test'
  ...
# Subtest: concurrent launches publish complete synthetic state before their barriers open
ok 47 - concurrent launches publish complete synthetic state before their barriers open
  ---
  duration_ms: 105.34225
  type: 'test'
  ...
# Subtest: reused job IDs reject a changed immutable request without incrementing the launch attempt
ok 48 - reused job IDs reject a changed immutable request without incrementing the launch attempt
  ---
  duration_ms: 58.213792
  type: 'test'
  ...
# Subtest: AM-B-T1 captures the final MCP payload and preserves the synchronous loop
ok 49 - AM-B-T1 captures the final MCP payload and preserves the synchronous loop
  ---
  duration_ms: 84.6205
  type: 'test'
  ...
# Subtest: AM-B-T1 records task-shaped responses as unsupported and shows the current continuation gap
ok 50 - AM-B-T1 records task-shaped responses as unsupported and shows the current continuation gap
  ---
  duration_ms: 34.497292
  type: 'test'
  ...
# Subtest: AM-B-T1 does not treat partial args as a completed tool result, and exposes current wire gaps
ok 51 - AM-B-T1 does not treat partial args as a completed tool result, and exposes current wire gaps
  ---
  duration_ms: 23.508792
  type: 'test'
  ...
# Subtest: AM-B-T1 observes Pi 0.85.1 final HTTP encoding and waits for complete streamed tool arguments
ok 52 - AM-B-T1 observes Pi 0.85.1 final HTTP encoding and waits for complete streamed tool arguments
  ---
  duration_ms: 47.487542
  type: 'test'
  ...
# (node:94357) ExperimentalWarning: SQLite is an experimental feature and might change at any time
# (Use `node --trace-warnings ...` to show where the warning was created)
# Subtest: independent recovery: SIGKILL at async_intent keeps one original task/run and never relaunches
ok 53 - independent recovery: SIGKILL at async_intent keeps one original task/run and never relaunches
  ---
  duration_ms: 1590.639458
  type: 'test'
  ...
# Subtest: independent recovery: SIGKILL at async_dispatch keeps one original task/run and never relaunches
ok 54 - independent recovery: SIGKILL at async_dispatch keeps one original task/run and never relaunches
  ---
  duration_ms: 1385.248958
  type: 'test'
  ...
# Subtest: independent recovery: SIGKILL at async_result keeps one original task/run and never relaunches
ok 55 - independent recovery: SIGKILL at async_result keeps one original task/run and never relaunches
  ---
  duration_ms: 1473.785208
  type: 'test'
  ...
# Subtest: independent recovery: SIGKILL at async_delivery keeps one original task/run and never relaunches
ok 56 - independent recovery: SIGKILL at async_delivery keeps one original task/run and never relaunches
  ---
  duration_ms: 1465.354875
  type: 'test'
  ...
# Subtest: fixed old main schema4 RuntimeStore rejects a schema13 state without changing bytes
ok 57 - fixed old main schema4 RuntimeStore rejects a schema13 state without changing bytes
  ---
  duration_ms: 1409.812125
  type: 'test'
  ...
# Subtest: schema3 and schema4 migrate with an exact independent backup and reopen
ok 58 - schema3 and schema4 migrate with an exact independent backup and reopen
  ---
  duration_ms: 1259.8465
  type: 'test'
  ...
# Subtest: invalid UTF-8 schema4 input is refused before migration and its bytes remain untouched
ok 59 - invalid UTF-8 schema4 input is refused before migration and its bytes remain untouched
  ---
  duration_ms: 99.997458
  type: 'test'
  ...
# (node:94377) ExperimentalWarning: SQLite is an experimental feature and might change at any time
# (Use `node --trace-warnings ...` to show where the warning was created)
# Subtest: current: full schemaVersion:1 view is an independent literal copy with availability last
ok 60 - current: full schemaVersion:1 view is an independent literal copy with availability last
  ---
  duration_ms: 3.516625
  type: 'test'
  ...
# Subtest: availability classes follow the frozen priority with no inference
ok 61 - availability classes follow the frozen priority with no inference
  ---
  duration_ms: 1.421291
  type: 'test'
  ...
# Subtest: options omit result and/or deliveries but never rewrite the rest
ok 62 - options omit result and/or deliveries but never rewrite the rest
  ---
  duration_ms: 0.474208
  type: 'test'
  ...
# Subtest: nulls and prepared-but-unrecorded delivery facts are preserved, never filled in
ok 63 - nulls and prepared-but-unrecorded delivery facts are preserved, never filled in
  ---
  duration_ms: 0.181709
  type: 'test'
  ...
# Subtest: succeeded and cancelRequestedAt coexist; terminal evidence is immutable in the view
ok 64 - succeeded and cancelRequestedAt coexist; terminal evidence is immutable in the view
  ---
  duration_ms: 0.799833
  type: 'test'
  ...
# Subtest: an older delivery snapshot is projected as-is and never repaired into newer facts
ok 65 - an older delivery snapshot is projected as-is and never repaired into newer facts
  ---
  duration_ms: 0.237167
  type: 'test'
  ...
# Subtest: no invented fields and no auto-recovery in the projection
ok 66 - no invented fields and no auto-recovery in the projection
  ---
  duration_ms: 0.194167
  type: 'test'
  ...
# Subtest: a stale source never projects as current even when a result exists
ok 67 - a stale source never projects as current even when a result exists
  ---
  duration_ms: 0.113791
  type: 'test'
  ...
# Subtest: HTTP list/detail packets: real host + synthetic adapter, scoped and paged
ok 68 - HTTP list/detail packets: real host + synthetic adapter, scoped and paged
  ---
  duration_ms: 1303.440292
  type: 'test'
  ...
# (node:94492) ExperimentalWarning: SQLite is an experimental feature and might change at any time
# (Use `node --trace-warnings ...` to show where the warning was created)
# Subtest: two durable reads use actual host/Pi tools and wait only on the selected source
ok 69 - two durable reads use actual host/Pi tools and wait only on the selected source
  ---
  duration_ms: 723.855084
  type: 'test'
  ...
# Subtest: premature final and lost launch ACK preserve query-only recovery, then a later Run consumes the original task
ok 70 - premature final and lost launch ACK preserve query-only recovery, then a later Run consumes the original task
  ---
  duration_ms: 478.281416
  type: 'test'
  ...
# Subtest: source/implementation absence remains readable; corrupt bytes and cross-session consumption are refused
ok 71 - source/implementation absence remains readable; corrupt bytes and cross-session consumption are refused
  ---
  duration_ms: 602.100334
  type: 'test'
  ...
# Subtest: schema3/4 migrate through exclusive backup and refuse existing backup paths
ok 72 - schema3/4 migrate through exclusive backup and refuse existing backup paths
  ---
  duration_ms: 575.415958
  type: 'test'
  ...
# Subtest: invalid UTF-8 schema4 is refused before backup or replacement
ok 73 - invalid UTF-8 schema4 is refused before backup or replacement
  ---
  duration_ms: 134.34425
  type: 'test'
  ...
# Subtest: the projection accepts exactly the actions this app was built against
ok 74 - the projection accepts exactly the actions this app was built against
  ---
  duration_ms: 2.514125
  type: 'test'
  ...
# Subtest: a descriptor fails closed on a stale revision, an unknown action or a widened schema
ok 75 - a descriptor fails closed on a stale revision, an unknown action or a widened schema
  ---
  duration_ms: 0.499875
  type: 'test'
  ...
# Subtest: the detail offers only advertised, understood actions and never an out-of-scope control
ok 76 - the detail offers only advertised, understood actions and never an out-of-scope control
  ---
  duration_ms: 21.922125
  type: 'test'
  ...
# Subtest: an item whose descriptors this app cannot read offers no controls at all
ok 77 - an item whose descriptors this app cannot read offers no controls at all
  ---
  duration_ms: 2.779084
  type: 'test'
  ...
# Subtest: acknowledge is the action itself: an empty payload, no dialog, no toggle
ok 78 - acknowledge is the action itself: an empty payload, no dialog, no toggle
  ---
  duration_ms: 12.346125
  type: 'test'
  ...
# Subtest: resolve requires a reason and refuses to send without one
ok 79 - resolve requires a reason and refuses to send without one
  ---
  duration_ms: 13.275583
  type: 'test'
  ...
# Subtest: snooze records a next action and only sends a due time when the trigger is one
ok 80 - snooze records a next action and only sends a due time when the trigger is one
  ---
  duration_ms: 16.604125
  type: 'test'
  ...
# Subtest: a recorded due time is required for the at trigger and is sent with its zone
ok 81 - a recorded due time is required for the at trigger and is sent with its zone
  ---
  duration_ms: 13.168625
  type: 'test'
  ...
# Subtest: resume and reopen name their target state and offer no third one
ok 82 - resume and reopen name their target state and offer no third one
  ---
  duration_ms: 6.883125
  type: 'test'
  ...
# Subtest: a resolved item offers reopen and nothing the contract withdrew
ok 83 - a resolved item offers reopen and nothing the contract withdrew
  ---
  duration_ms: 2.6965
  type: 'test'
  ...
# Subtest: nothing is optimistic: only the submit control changes while a request is open
ok 84 - nothing is optimistic: only the submit control changes while a request is open
  ---
  duration_ms: 6.412167
  type: 'test'
  ...
# Subtest: when the last row of a page leaves, the view backs up to a page that exists
ok 85 - when the last row of a page leaves, the view backs up to a page that exists
  ---
  duration_ms: 5.256125
  type: 'test'
  ...
# (node:94889) ExperimentalWarning: SQLite is an experimental feature and might change at any time
# (Use `node --trace-warnings ...` to show where the warning was created)
# Subtest: global Attention has replayable identity, shared configuration and a real governed Run
ok 86 - global Attention has replayable identity, shared configuration and a real governed Run
  ---
  duration_ms: 664.914917
  type: 'test'
  ...
# Subtest: progressive memory lists metadata, excludes drafts/tools and binds exact message text
ok 87 - progressive memory lists metadata, excludes drafts/tools and binds exact message text
  ---
  duration_ms: 495.578334
  type: 'test'
  ...
# Subtest: schema5 with retained records migrates exactly and global/project invariants reject corruption
ok 88 - schema5 with retained records migrates exactly and global/project invariants reject corruption
  ---
  duration_ms: 163.740292
  type: 'test'
  ...
# Subtest: conversation retry preserves creation identity and exact Run command after a lost receipt
ok 89 - conversation retry preserves creation identity and exact Run command after a lost receipt
  ---
  duration_ms: 0.637333
  type: 'test'
  ...
# Subtest: closing during send keeps its receipt and restores the finished conversation on reopen
ok 90 - closing during send keeps its receipt and restores the finished conversation on reopen
  ---
  duration_ms: 0.1675
  type: 'test'
  ...
# Subtest: a delayed history choice cannot replace the newer conversation or draft
ok 91 - a delayed history choice cannot replace the newer conversation or draft
  ---
  duration_ms: 0.143291
  type: 'test'
  ...
# Subtest: conversation rename persists metadata without changing history, scope or draft
ok 92 - conversation rename persists metadata without changing history, scope or draft
  ---
  duration_ms: 83.258416
  type: 'test'
  ...
# Subtest: Attention CAS, full request identity, typed transitions and immutable receipt
ok 93 - Attention CAS, full request identity, typed transitions and immutable receipt
  ---
  duration_ms: 124.821583
  type: 'test'
  ...
# Subtest: scope applies before IDs, descriptors, counts, lookups, receipts and source queries
ok 94 - scope applies before IDs, descriptors, counts, lookups, receipts and source queries
  ---
  duration_ms: 96.137541
  type: 'test'
  ...
# Subtest: runtime registry-only grant hides detail, search predicates, event/receipt/source and signals
ok 95 - runtime registry-only grant hides detail, search predicates, event/receipt/source and signals
  ---
  duration_ms: 100.572083
  type: 'test'
  ...
# Subtest: explicit signal policy records observations without status, seen or authorization changes
ok 96 - explicit signal policy records observations without status, seen or authorization changes
  ---
  duration_ms: 98.277166
  type: 'test'
  ...
# Subtest: schema-aware exact/literal grep/relation filters are bounded and no regex executes
ok 97 - schema-aware exact/literal grep/relation filters are bounded and no regex executes
  ---
  duration_ms: 116.241292
  type: 'test'
  ...
# Subtest: source references bind exact retained Core bytes and scope; external locators stay unknown
ok 98 - source references bind exact retained Core bytes and scope; external locators stay unknown
  ---
  duration_ms: 99.936792
  type: 'test'
  ...
# Subtest: unknown schema/action, stale mutation, corrupt state and hidden unknown schema fail closed
ok 99 - unknown schema/action, stale mutation, corrupt state and hidden unknown schema fail closed
  ---
  duration_ms: 286.757416
  type: 'test'
  ...
# Subtest: simultaneous actions serialize CAS, and needs_you is an explicit typed transition
ok 100 - simultaneous actions serialize CAS, and needs_you is an explicit typed transition
  ---
  duration_ms: 100.040083
  type: 'test'
  ...
# Subtest: missing audit/receipt or rewritten receipt is refused before a new state change
ok 101 - missing audit/receipt or rewritten receipt is refused before a new state change
  ---
  duration_ms: 508.39575
  type: 'test'
  ...
# Subtest: GitHub fixture preserves raw conditional values, pagination, snapshots on 304, and changing poll cadence
ok 102 - GitHub fixture preserves raw conditional values, pagination, snapshots on 304, and changing poll cadence
  ---
  duration_ms: 0.813333
  type: 'test'
  ...
# Subtest: GitHub fixture retains notification semantics that are unsafe to collapse
ok 103 - GitHub fixture retains notification semantics that are unsafe to collapse
  ---
  duration_ms: 0.204917
  type: 'test'
  ...
# Subtest: GitHub fixture surfaces unsupported credentials, revoked authorization and rate limits
ok 104 - GitHub fixture surfaces unsupported credentials, revoked authorization and rate limits
  ---
  duration_ms: 0.322834
  type: 'test'
  ...
# Subtest: GitHub fixture rejects contradictory scripts
ok 105 - GitHub fixture rejects contradictory scripts
  ---
  duration_ms: 0.07625
  type: 'test'
  ...
# Subtest: Gmail fixture supplies duplicate and out-of-order push/history pages without advancing a caller cursor
ok 106 - Gmail fixture supplies duplicate and out-of-order push/history pages without advancing a caller cursor
  ---
  duration_ms: 0.849166
  type: 'test'
  ...
# Subtest: Gmail fixture presents interruption, gap, expired watch, mismatch, and revoked authorization as explicit provider outcomes
ok 107 - Gmail fixture presents interruption, gap, expired watch, mismatch, and revoked authorization as explicit provider outcomes
  ---
  duration_ms: 0.904875
  type: 'test'
  ...
# Subtest: Gmail fixture rejects malformed and contradictory scripted responses
ok 108 - Gmail fixture rejects malformed and contradictory scripted responses
  ---
  duration_ms: 0.142083
  type: 'test'
  ...
# (node:95757) ExperimentalWarning: SQLite is an experimental feature and might change at any time
# (Use `node --trace-warnings ...` to show where the warning was created)
# Subtest: ATT-BE-01 HTTP round trip keeps multi-Matter/source/execution refs through typed CAS and producer loss
ok 109 - ATT-BE-01 HTTP round trip keeps multi-Matter/source/execution refs through typed CAS and producer loss
  ---
  duration_ms: 1198.387667
  type: 'test'
  ...
# Subtest: Attention scope, actor ownership, unknown fields and schema versions fail closed over every query kind
ok 110 - Attention scope, actor ownership, unknown fields and schema versions fail closed over every query kind
  ---
  duration_ms: 231.849375
  type: 'test'
  ...
# Subtest: Runtime Attention adapter captures host execution context, records signals only, and closes with the Run
ok 111 - Runtime Attention adapter captures host execution context, records signals only, and closes with the Run
  ---
  duration_ms: 548.958917
  type: 'test'
  ...
# Subtest: generated Attention consumer packet records the HTTP/Pi/Core invariants
ok 112 - generated Attention consumer packet records the HTTP/Pi/Core invariants
  ---
  duration_ms: 1.156292
  type: 'test'
  ...
# Subtest: Attention SIGKILL at before_commit leaves zero or one complete request effect
ok 113 - Attention SIGKILL at before_commit leaves zero or one complete request effect
  ---
  duration_ms: 250.024125
  type: 'test'
  ...
# Subtest: Attention SIGKILL at after_commit_before_ack leaves zero or one complete request effect
ok 114 - Attention SIGKILL at after_commit_before_ack leaves zero or one complete request effect
  ---
  duration_ms: 216.99475
  type: 'test'
  ...
# Subtest: synthetic trace vectors preserve edits, stale approval, unknown effect, duplicate surfacing and non-score samples
ok 115 - synthetic trace vectors preserve edits, stale approval, unknown effect, duplicate surfacing and non-score samples
  ---
  duration_ms: 1.397708
  type: 'test'
  ...
# Subtest: trace fixture validator rejects contradictions rather than turning missing evidence into a score
ok 116 - trace fixture validator rejects contradictions rather than turning missing evidence into a score
  ---
  duration_ms: 0.225417
  type: 'test'
  ...
# Subtest: trace fixture validation runner is executable within the fixture directory
ok 117 - trace fixture validation runner is executable within the fixture directory
  ---
  duration_ms: 30.248625
  type: 'test'
  ...
# (node:96071) ExperimentalWarning: SQLite is an experimental feature and might change at any time
# (Use `node --trace-warnings ...` to show where the warning was created)
# Subtest: ATT-ACT-1 · a submitted action carries the inspected revision and is read back canonically
ok 118 - ATT-ACT-1 · a submitted action carries the inspected revision and is read back canonically
  ---
  duration_ms: 618.677833
  type: 'test'
  ...
# Subtest: ATT-ACT-2 · a stale revision is refused, announced and never silently replayed
ok 119 - ATT-ACT-2 · a stale revision is refused, announced and never silently replayed
  ---
  duration_ms: 1147.143125
  type: 'test'
  ...
# Subtest: ATT-ACT-3 · a lost response is recovered from the receipt, not guessed
ok 120 - ATT-ACT-3 · a lost response is recovered from the receipt, not guessed
  ---
  duration_ms: 353.825917
  type: 'test'
  ...
# Subtest: ATT-ACT-4 · a request that never left is retried under its own identity, once
ok 121 - ATT-ACT-4 · a request that never left is retried under its own identity, once
  ---
  duration_ms: 648.278417
  type: 'test'
  ...
# Subtest: ATT-ACT-5 · a reused identity with different content is refused and surfaced
ok 122 - ATT-ACT-5 · a reused identity with different content is refused and surfaced
  ---
  duration_ms: 354.685167
  type: 'test'
  ...
# Subtest: Snooze records Later, which stays a visible view and starts no timer
ok 123 - Snooze records Later, which stays a visible view and starts no timer
  ---
  duration_ms: 649.637291
  type: 'test'
  ...
# Subtest: the workspace holds no timer of its own
ok 124 - the workspace holds no timer of its own
  ---
  duration_ms: 0.611834
  type: 'test'
  ...
# Subtest: relative time reads the recorded instant without rewriting it
ok 125 - relative time reads the recorded instant without rewriting it
  ---
  duration_ms: 12.914458
  type: 'test'
  ...
# Subtest: the state strip is six explicit views and each one is its own exact query
ok 126 - the state strip is six explicit views and each one is its own exact query
  ---
  duration_ms: 5.836375
  type: 'test'
  ...
# Subtest: All renders the order the server returned and adds no client sort
ok 127 - All renders the order the server returned and adds no client sort
  ---
  duration_ms: 0.586041
  type: 'test'
  ...
# Subtest: a row states its status and when the record was updated, and nothing else
ok 128 - a row states its status and when the record was updated, and nothing else
  ---
  duration_ms: 0.953959
  type: 'test'
  ...
# Subtest: J K and the arrows walk the list, clamp at both ends and stay out of text controls
ok 129 - J K and the arrows walk the list, clamp at both ends and stay out of text controls
  ---
  duration_ms: 1.814292
  type: 'test'
  ...
# Subtest: Enter opens the focused row and Escape returns focus to it
ok 130 - Enter opens the focused row and Escape returns focus to it
  ---
  duration_ms: 3.284584
  type: 'test'
  ...
# Subtest: Back to items returns to the row, never to the project selector
ok 131 - Back to items returns to the row, never to the project selector
  ---
  duration_ms: 4.4445
  type: 'test'
  ...
# Subtest: pagination is explicit and a view change starts again at the first page
ok 132 - pagination is explicit and a view change starts again at the first page
  ---
  duration_ms: 2.51075
  type: 'test'
  ...
# Subtest: a pending query keeps the workspace readable and never sorts a half page
ok 133 - a pending query keeps the workspace readable and never sorts a half page
  ---
  duration_ms: 0.91175
  type: 'test'
  ...
# Subtest: a refused read speaks the adjudicated sentence, never the wire code
ok 134 - a refused read speaks the adjudicated sentence, never the wire code
  ---
  duration_ms: 1.51575
  type: 'test'
  ...
# Subtest: late A conflict cannot replace B draft or show A conflict in the same project
ok 135 - late A conflict cannot replace B draft or show A conflict in the same project
  ---
  duration_ms: 44.843875
  type: 'test'
  ...
# Subtest: late A success after project switch leaves B draft and receipt state alone
ok 136 - late A success after project switch leaves B draft and receipt state alone
  ---
  duration_ms: 7.986292
  type: 'test'
  ...
# Subtest: keyboard opening, editing and receipt feedback call no WAAPI animations
ok 137 - keyboard opening, editing and receipt feedback call no WAAPI animations
  ---
  duration_ms: 11.546625
  type: 'test'
  ...
# Subtest: overlapping settlements keep feedback motion held until B registry read finishes
ok 138 - overlapping settlements keep feedback motion held until B registry read finishes
  ---
  duration_ms: 12.082959
  type: 'test'
  ...
# Subtest: seen and status are two drawn facts; acknowledging changes only seen
ok 139 - seen and status are two drawn facts; acknowledging changes only seen
  ---
  duration_ms: 26.645666
  type: 'test'
  ...
# Subtest: the receipt line waits for the receipt and the re-read, and never precedes them
ok 140 - the receipt line waits for the receipt and the re-read, and never precedes them
  ---
  duration_ms: 11.556042
  type: 'test'
  ...
# Subtest: a mismatched receipt draws no receipt line
ok 141 - a mismatched receipt draws no receipt line
  ---
  duration_ms: 4.793375
  type: 'test'
  ...
# Subtest: a version conflict keeps the draft and states the version now on screen
ok 142 - a version conflict keeps the draft and states the version now on screen
  ---
  duration_ms: 5.552125
  type: 'test'
  ...
# Subtest: an unknown result moves focus to Retry sending and keeps the submit closed
ok 143 - an unknown result moves focus to Retry sending and keeps the submit closed
  ---
  duration_ms: 4.916625
  type: 'test'
  ...
# Subtest: Mark as seen cannot be sent twice while its request is out
ok 144 - Mark as seen cannot be sent twice while its request is out
  ---
  duration_ms: 4.934958
  type: 'test'
  ...
# Subtest: an item that leaves the current view after a receipt is named, with its new status
ok 145 - an item that leaves the current view after a receipt is named, with its new status
  ---
  duration_ms: 5.1995
  type: 'test'
  ...
# Subtest: the assistant entry is part of the workspace heading, not an item detail
ok 146 - the assistant entry is part of the workspace heading, not an item detail
  ---
  duration_ms: 1.159833
  type: 'test'
  ...
# (node:96382) ExperimentalWarning: SQLite is an experimental feature and might change at any time
# (Use `node --trace-warnings ...` to show where the warning was created)
# Subtest: T-CANCEL-2: cancelling while waiting for the first token yields stopping then cancelled
ok 147 - T-CANCEL-2: cancelling while waiting for the first token yields stopping then cancelled
  ---
  duration_ms: 761.844042
  type: 'test'
  ...
# Subtest: T-CANCEL-3: cancelling during ask_user closes the question and refuses a late answer
ok 148 - T-CANCEL-3: cancelling during ask_user closes the question and refuses a late answer
  ---
  duration_ms: 164.672834
  type: 'test'
  ...
# Subtest: T-CANCEL-4: a late allow after cancelling a permission is refused and writes nothing
ok 149 - T-CANCEL-4: a late allow after cancelling a permission is refused and writes nothing
  ---
  duration_ms: 993.35175
  type: 'test'
  ...
# Subtest: T-CANCEL-5: cancelling a run that is not in this process reports unknown, not cancelled
ok 150 - T-CANCEL-5: cancelling a run that is not in this process reports unknown, not cancelled
  ---
  duration_ms: 508.533625
  type: 'test'
  ...
# Subtest: T-PERM-6: concurrent allow and deny on one permission — first wins, second is 409
ok 151 - T-PERM-6: concurrent allow and deny on one permission — first wins, second is 409
  ---
  duration_ms: 986.691583
  type: 'test'
  ...
# Subtest: T-PERM-7: read_only makes ws_write absent, not present-and-refused
ok 152 - T-PERM-7: read_only makes ws_write absent, not present-and-refused
  ---
  duration_ms: 496.245375
  type: 'test'
  ...
# Subtest: card middle layer retains same-target disclosure, resets target and scope, keeps warnings outside
ok 153 - card middle layer retains same-target disclosure, resets target and scope, keeps warnings outside
  ---
  duration_ms: 1.610833
  type: 'test'
  ...
# Subtest: Runtime summary rejects previous-session counts and preserves unknown rather than zero
ok 154 - Runtime summary rejects previous-session counts and preserves unknown rather than zero
  ---
  duration_ms: 0.41425
  type: 'test'
  ...
# Subtest: presentation entry directory retains honest fallback rows without synthetic actions
ok 155 - presentation entry directory retains honest fallback rows without synthetic actions
  ---
  duration_ms: 0.630958
  type: 'test'
  ...
# Subtest: injected reader checks live scope identity revision and resets disclosure after scope change
ok 156 - injected reader checks live scope identity revision and resets disclosure after scope change
  ---
  duration_ms: 0.437625
  type: 'test'
  ...
# Subtest: entry reader receives the exact opener and scope changes do not transfer focus
ok 157 - entry reader receives the exact opener and scope changes do not transfer focus
  ---
  duration_ms: 0.56325
  type: 'test'
  ...
# Subtest: production only admits explicit handlers and preserves exact captured bytes
ok 158 - production only admits explicit handlers and preserves exact captured bytes
  ---
  duration_ms: 0.6795
  type: 'test'
  ...
# Subtest: synthetic feedback is mutually exclusive and reversible; failure preserves selection
ok 159 - synthetic feedback is mutually exclusive and reversible; failure preserves selection
  ---
  duration_ms: 27.798291
  type: 'test'
  ...
# Subtest: feedback lock suppresses duplicate/inverse requests and detached results cannot update a new target
ok 160 - feedback lock suppresses duplicate/inverse requests and detached results cannot update a new target
  ---
  duration_ms: 1.209417
  type: 'test'
  ...
# Subtest: streaming allows only exact current-text copy, while unavailable actions report reasons
ok 161 - streaming allows only exact current-text copy, while unavailable actions report reasons
  ---
  duration_ms: 1.101
  type: 'test'
  ...
# Subtest: regeneration requires explicit confirmation and retains original scope
ok 162 - regeneration requires explicit confirmation and retains original scope
  ---
  duration_ms: 1.914791
  type: 'test'
  ...
# Subtest: synthetic playback can be paused, resumed and stopped without a speech service
ok 163 - synthetic playback can be paused, resumed and stopped without a speech service
  ---
  duration_ms: 5.596667
  type: 'test'
  ...
# Subtest: production rejects undeclared lifecycle handlers even when supplied
ok 164 - production rejects undeclared lifecycle handlers even when supplied
  ---
  duration_ms: 0.262083
  type: 'test'
  ...
# Subtest: same bytes and key from a replacement record cannot accept an async result
ok 165 - same bytes and key from a replacement record cannot accept an async result
  ---
  duration_ms: 1.85625
  type: 'test'
  ...
# Subtest: unavailable and native channels preserve draft and do not acquire a Run
ok 166 - unavailable and native channels preserve draft and do not acquire a Run
  ---
  duration_ms: 1.226917
  type: 'test'
  ...
# Subtest: draft and reading recovery are isolated by account, session and channel
ok 167 - draft and reading recovery are isolated by account, session and channel
  ---
  duration_ms: 0.461958
  type: 'test'
  ...
# Subtest: closing a detail cannot stop a run or change a work/permission fact
ok 168 - closing a detail cannot stop a run or change a work/permission fact
  ---
  duration_ms: 0.37075
  type: 'test'
  ...
# Subtest: revocation after search rejects exact read and drops cached contents
ok 169 - revocation after search rejects exact read and drops cached contents
  ---
  duration_ms: 0.458542
  type: 'test'
  ...
# Subtest: late account, session and source reads cannot overwrite the current detail
ok 170 - late account, session and source reads cannot overwrite the current detail
  ---
  duration_ms: 0.326875
  type: 'test'
  ...
# Subtest: old references remain exact; stale judgment refresh cannot accept or resolve
ok 171 - old references remain exact; stale judgment refresh cannot accept or resolve
  ---
  duration_ms: 0.473667
  type: 'test'
  ...
# Subtest: cancel and session changes cannot apply an old response to the current conversation
ok 172 - cancel and session changes cannot apply an old response to the current conversation
  ---
  duration_ms: 0.172208
  type: 'test'
  ...
# Subtest: model picker mock rejects unknown operations and stale picker scope
ok 173 - model picker mock rejects unknown operations and stale picker scope
  ---
  duration_ms: 0.423166
  type: 'test'
  ...
# Subtest: preview server has no API or mutation route and cannot traverse mounts
ok 174 - preview server has no API or mutation route and cannot traverse mounts
  ---
  duration_ms: 21.442833
  type: 'test'
  ...
# Subtest: Chat sits in the Home / Attention / Spark group as a plain button
ok 175 - Chat sits in the Home / Attention / Spark group as a plain button
  ---
  duration_ms: 1.234792
  type: 'test'
  ...
# Subtest: openChatPage opens the page over the existing session and creates nothing
ok 176 - openChatPage opens the page over the existing session and creates nothing
  ---
  duration_ms: 0.445375
  type: 'test'
  ...
# Subtest: recent chats across open projects, newest first, marking Work and the current one
ok 177 - recent chats across open projects, newest first, marking Work and the current one
  ---
  duration_ms: 10.940625
  type: 'test'
  ...
# Subtest: empty state and New chat stay primary while explanation and sibling entries are disclosed
ok 178 - empty state and New chat stay primary while explanation and sibling entries are disclosed
  ---
  duration_ms: 2.224583
  type: 'test'
  ...
# Subtest: app wiring: the Chat seat opens the page, the page closes like Attention, and it is served
ok 179 - app wiring: the Chat seat opens the page, the page closes like Attention, and it is served
  ---
  duration_ms: 1.421292
  type: 'test'
  ...
# Subtest: stream append restores selection onto replacement nodes and preserves viewport anchor
ok 180 - stream append restores selection onto replacement nodes and preserves viewport anchor
  ---
  duration_ms: 0.606083
  type: 'test'
  ...
# Subtest: a different session or missing immutable row cannot inherit selection or anchor
ok 181 - a different session or missing immutable row cannot inherit selection or anchor
  ---
  duration_ms: 0.312291
  type: 'test'
  ...
# Subtest: changed selected source bytes are not silently selected as if unchanged
ok 182 - changed selected source bytes are not silently selected as if unchanged
  ---
  duration_ms: 0.091459
  type: 'test'
  ...
# Subtest: following latest does not restore an older viewport anchor
ok 183 - following latest does not restore an older viewport anchor
  ---
  duration_ms: 0.370958
  type: 'test'
  ...
# Subtest: band · 48 on the web, a native host only raises it
ok 184 - band · 48 on the web, a native host only raises it
  ---
  duration_ms: 0.663542
  type: 'test'
  ...
# Subtest: band · one title line; Chat is the default mode and is not restated
ok 185 - band · one title line; Chat is the default mode and is not restated
  ---
  duration_ms: 1.111959
  type: 'test'
  ...
# Subtest: sidebar · 16 glyph on a 32 row, 2 between nav rows, 16 between groups, 44 on touch
ok 186 - sidebar · 16 glyph on a 32 row, 2 between nav rows, 16 between groups, 44 on touch
  ---
  duration_ms: 0.783875
  type: 'test'
  ...
# Subtest: content column · prose and composer share one inset resolved against one width
ok 187 - content column · prose and composer share one inset resolved against one width
  ---
  duration_ms: 0.415708
  type: 'test'
  ...
# Subtest: summary · cards fold to the strip before the reading column drops under 640 + two tight insets
ok 188 - summary · cards fold to the strip before the reading column drops under 640 + two tight insets
  ---
  duration_ms: 0.229625
  type: 'test'
  ...
# Subtest: composer · content-driven and bounded; growth never writes value
ok 189 - composer · content-driven and bounded; growth never writes value
  ---
  duration_ms: 0.358083
  type: 'test'
  ...
# Subtest: Home keeps its own 820 column and composer sizes
ok 190 - Home keeps its own 820 column and composer sizes
  ---
  duration_ms: 0.106459
  type: 'test'
  ...
# Subtest: recorded references deduplicate exact identity but retain different Run versions
ok 191 - recorded references deduplicate exact identity but retain different Run versions
  ---
  duration_ms: 0.479917
  type: 'test'
  ...
# Subtest: unbound discussion reads no made-up source endpoint; file opens exact captured version
ok 192 - unbound discussion reads no made-up source endpoint; file opens exact captured version
  ---
  duration_ms: 7.61825
  type: 'test'
  ...
# Subtest: scope change rejects late work projection, with no source bytes in the replacement view
ok 193 - scope change rejects late work projection, with no source bytes in the replacement view
  ---
  duration_ms: 1.232792
  type: 'test'
  ...
# Subtest: read failure remains explicit and refresh is available
ok 194 - read failure remains explicit and refresh is available
  ---
  duration_ms: 0.956334
  type: 'test'
  ...
# Subtest: fixed candidate evidence never substitutes the current source revision
ok 195 - fixed candidate evidence never substitutes the current source revision
  ---
  duration_ms: 0.638875
  type: 'test'
  ...
# Subtest: quoting a full recorded file keeps exact text lines and provenance; current files are rejected
ok 196 - quoting a full recorded file keeps exact text lines and provenance; current files are rejected
  ---
  duration_ms: 0.472917
  type: 'test'
  ...
# Subtest: missing or mismatched historical bytes stay explicit rather than falling back to latest
ok 197 - missing or mismatched historical bytes stay explicit rather than falling back to latest
  ---
  duration_ms: 3.537834
  type: 'test'
  ...
# Subtest: WK-92 · Chat 与 Work 由既有的 extensionBinding 分开，不由新状态分开
ok 198 - WK-92 · Chat 与 Work 由既有的 extensionBinding 分开，不由新状态分开
  ---
  duration_ms: 0.76275
  type: 'test'
  ...
# Subtest: WK-92 · Continue in Matter 只走既有的 extension 路由；不新增端点、不复制、不迁移
ok 199 - WK-92 · Continue in Matter 只走既有的 extension 路由；不新增端点、不复制、不迁移
  ---
  duration_ms: 1.301209
  type: 'test'
  ...
# Subtest: WK-92 / M-2 · scope 位在工作面标题带上，仍是陈述而不是控件
ok 200 - WK-92 / M-2 · scope 位在工作面标题带上，仍是陈述而不是控件
  ---
  duration_ms: 0.549667
  type: 'test'
  ...
# Subtest: WK-92 / §4 · Memory 组：不用 Session Memory，Sources ≠ Memory，Temporary chat 零控件
ok 201 - WK-92 / §4 · Memory 组：不用 Session Memory，Sources ≠ Memory，Temporary chat 零控件
  ---
  duration_ms: 0.2865
  type: 'test'
  ...
# Subtest: WK-92 · 导航只对 Work 加一个标记，Chat 是默认的那一种
ok 202 - WK-92 · 导航只对 Work 加一个标记，Chat 是默认的那一种
  ---
  duration_ms: 0.192667
  type: 'test'
  ...
# (node:96784) ExperimentalWarning: SQLite is an experimental feature and might change at any time
# (Use `node --trace-warnings ...` to show where the warning was created)
# Subtest: native compaction cancel settles with no persisted partial summary
ok 203 - native compaction cancel settles with no persisted partial summary
  ---
  duration_ms: 646.4355
  type: 'test'
  ...
# Subtest: native compaction deadline settles with no persisted partial summary
ok 204 - native compaction deadline settles with no persisted partial summary
  ---
  duration_ms: 491.440708
  type: 'test'
  ...
# Subtest: native overflow recovery persists a summary and a restarted host uses it
ok 205 - native overflow recovery persists a summary and a restarted host uses it
  ---
  duration_ms: 321.277791
  type: 'test'
  ...
# (node:97099) ExperimentalWarning: SQLite is an experimental feature and might change at any time
# (Use `node --trace-warnings ...` to show where the warning was created)
# Subtest: automatic threshold persists a summary and sends it in the next request
ok 206 - automatic threshold persists a summary and sends it in the next request
  ---
  duration_ms: 318.56775
  type: 'test'
  ...
# Subtest: provider-default omits SDK-generated reasoning controls on ordinary and compaction requests
ok 207 - provider-default omits SDK-generated reasoning controls on ordinary and compaction requests
  ---
  duration_ms: 283.439334
  type: 'test'
  ...
# Subtest: failed summary leaves the journal unchanged and marks run usage missing
ok 208 - failed summary leaves the journal unchanged and marks run usage missing
  ---
  duration_ms: 489.25725
  type: 'test'
  ...
# Subtest: native summary retry succeeds but usage stays missing and counts only reported values
ok 209 - native summary retry succeeds but usage stays missing and counts only reported values
  ---
  duration_ms: 2222.255166
  type: 'test'
  ...
# Subtest: maxCompactions disables later automatic summaries while the ordinary turn completes
ok 210 - maxCompactions disables later automatic summaries while the ordinary turn completes
  ---
  duration_ms: 279.249458
  type: 'test'
  ...
# Subtest: CI-B · support is read from CSS.supports, never assumed
ok 211 - CI-B · support is read from CSS.supports, never assumed
  ---
  duration_ms: 0.470166
  type: 'test'
  ...
# Subtest: CI-B · fit follows scrollHeight and respects the box model
ok 212 - CI-B · fit follows scrollHeight and respects the box model
  ---
  duration_ms: 0.125542
  type: 'test'
  ...
# Subtest: CI-B · with native support nothing is installed; without it, input refits and value is never written
ok 213 - CI-B · with native support nothing is installed; without it, input refits and value is never written
  ---
  duration_ms: 0.149833
  type: 'test'
  ...
# Subtest: CI-F · only an image-only paste gets a sentence; text is never swallowed
ok 214 - CI-F · only an image-only paste gets a sentence; text is never swallowed
  ---
  duration_ms: 0.128916
  type: 'test'
  ...
# Subtest: CI-B / CI-F · wiring: no paste is prevented, growth is @supports-gated, the module is served
ok 215 - CI-B / CI-F · wiring: no paste is prevented, growth is @supports-gated, the module is served
  ---
  duration_ms: 0.357541
  type: 'test'
  ...
# Subtest: CI-B · each variant keeps a plain ceiling, dvh hosts get the 28dvh override, Home anchors the resting box
ok 216 - CI-B · each variant keeps a plain ceiling, dvh hosts get the 28dvh override, Home anchors the resting box
  ---
  duration_ms: 0.195625
  type: 'test'
  ...
# Subtest: roles exist in both schemes and stay separate from review / danger / diff
ok 217 - roles exist in both schemes and stay separate from review / danger / diff
  ---
  duration_ms: 0.848
  type: 'test'
  ...
# Subtest: the switch is the specimen: on = accent, disabled = unavailable pair, off = neutral
ok 218 - the switch is the specimen: on = accent, disabled = unavailable pair, off = neutral
  ---
  duration_ms: 0.337583
  type: 'test'
  ...
# Subtest: the Pages paper link is an action, not the Review marker
ok 219 - the Pages paper link is an action, not the Review marker
  ---
  duration_ms: 0.157
  type: 'test'
  ...
# (node:97177) ExperimentalWarning: SQLite is an experimental feature and might change at any time
# (Use `node --trace-warnings ...` to show where the warning was created)
# Subtest: control: scope provenance, reset, CAS, and cross-session isolation survive restart
ok 220 - control: scope provenance, reset, CAS, and cross-session isolation survive restart
  ---
  duration_ms: 281.768291
  type: 'test'
  ...
# Subtest: control: active Run freezes config; retry preserves its original runtime binding
ok 221 - control: active Run freezes config; retry preserves its original runtime binding
  ---
  duration_ms: 353.007625
  type: 'test'
  ...
# Subtest: policy: last match within scope, outer ceilings and literal regex characters
ok 222 - policy: last match within scope, outer ceilings and literal regex characters
  ---
  duration_ms: 0.372416
  type: 'test'
  ...
# Subtest: control APIs: source content remains pinned after replacement; templates are human-invoked drafts
ok 223 - control APIs: source content remains pinned after replacement; templates are human-invoked drafts
  ---
  duration_ms: 487.553333
  type: 'test'
  ...
# Subtest: policy: path denial reaches the executor; exposed write does not imply allowed write
ok 224 - policy: path denial reaches the executor; exposed write does not imply allowed write
  ---
  duration_ms: 494.198959
  type: 'test'
  ...
# Subtest: policy: domain tools use the same execution gate, including exact arguments across approval
ok 225 - policy: domain tools use the same execution gate, including exact arguments across approval
  ---
  duration_ms: 0.293875
  type: 'test'
  ...
# Subtest: context: skill metadata is progressive, installed content grants no plugin/tool authority
ok 226 - context: skill metadata is progressive, installed content grants no plugin/tool authority
  ---
  duration_ms: 509.95175
  type: 'test'
  ...
# Subtest: composition: versioned profile restricts resources, never raises host permission, and missing requirements block admission
ok 227 - composition: versioned profile restricts resources, never raises host permission, and missing requirements block admission
  ---
  duration_ms: 221.570708
  type: 'test'
  ...
# Subtest: control config: corrupt or future version fails closed without overwriting the file
ok 228 - control config: corrupt or future version fails closed without overwriting the file
  ---
  duration_ms: 120.639791
  type: 'test'
  ...
# Subtest: compatibility: valid schema 3 upgrades with exact backup and schema 6 fence
ok 229 - compatibility: valid schema 3 upgrades with exact backup and schema 6 fence
  ---
  duration_ms: 114.311167
  type: 'test'
  ...
# Subtest: MCP modern: discovery is separate from exposure and execution consent
ok 230 - MCP modern: discovery is separate from exposure and execution consent
  ---
  duration_ms: 1065.257292
  type: 'test'
  ...
# Subtest: MCP legacy: discovery is separate from exposure and execution consent
ok 231 - MCP legacy: discovery is separate from exposure and execution consent
  ---
  duration_ms: 786.366667
  type: 'test'
  ...
# Subtest: MCP: first unknown outcome closes subsequent tool admission in the same Run
ok 232 - MCP: first unknown outcome closes subsequent tool admission in the same Run
  ---
  duration_ms: 583.161334
  type: 'test'
  ...
# Subtest: MCP: a lost remote call result becomes an unknown Run, never an automatic replay
ok 233 - MCP: a lost remote call result becomes an unknown Run, never an automatic replay
  ---
  duration_ms: 175.316042
  type: 'test'
  ...
# Subtest: admission serializes permission changes and extension binding before runtime snapshots can diverge
ok 234 - admission serializes permission changes and extension binding before runtime snapshots can diverge
  ---
  duration_ms: 460.235
  type: 'test'
  ...
# Subtest: context: additive compiled counts separate catalog text, deferred bodies and draft-only templates
ok 235 - context: additive compiled counts separate catalog text, deferred bodies and draft-only templates
  ---
  duration_ms: 93.410916
  type: 'test'
  ...
# Subtest: MA2-02 · the Thread directory projects only the published contract
ok 236 - MA2-02 · the Thread directory projects only the published contract
  ---
  duration_ms: 1.272375
  type: 'test'
  ...
# Subtest: MA2-02 · a mailbox page must stay inside the bounds the server reported
ok 237 - MA2-02 · a mailbox page must stay inside the bounds the server reported
  ---
  duration_ms: 0.45775
  type: 'test'
  ...
# Subtest: MA2-02 · an undelivered message keeps an explicit null, not an empty time
ok 238 - MA2-02 · an undelivered message keeps an explicit null, not an empty time
  ---
  duration_ms: 0.1135
  type: 'test'
  ...
# Subtest: MA2-02 · receipts are validated with the same gate as the directory rows
ok 239 - MA2-02 · receipts are validated with the same gate as the directory rows
  ---
  duration_ms: 0.155709
  type: 'test'
  ...
# Subtest: MA2-02 · Session options carry the scope the server itself derives
ok 240 - MA2-02 · Session options carry the scope the server itself derives
  ---
  duration_ms: 0.1735
  type: 'test'
  ...
# Subtest: MA2-02 · option lists offer only bindings the server would accept
ok 241 - MA2-02 · option lists offer only bindings the server would accept
  ---
  duration_ms: 0.574958
  type: 'test'
  ...
# Subtest: MA2-02 · both new modules are admitted by the static allowlist
ok 242 - MA2-02 · both new modules are admitted by the static allowlist
  ---
  duration_ms: 0.215708
  type: 'test'
  ...
# Subtest: MA2-02 · the consumer surface adds no second run-start path
ok 243 - MA2-02 · the consumer surface adds no second run-start path
  ---
  duration_ms: 0.346208
  type: 'test'
  ...
# (node:97672) ExperimentalWarning: SQLite is an experimental feature and might change at any time
# (Use `node --trace-warnings ...` to show where the warning was created)
# Subtest: Thread identity and membership are durable, explicit and not Session identity
ok 244 - Thread identity and membership are durable, explicit and not Session identity
  ---
  duration_ms: 101.527375
  type: 'test'
  ...
# Subtest: outbox replay is idempotent; conflicting payload and invented source are refused
ok 245 - outbox replay is idempotent; conflicting payload and invented source are refused
  ---
  duration_ms: 48.341583
  type: 'test'
  ...
# Subtest: late delivery retains origin and distinguishes stale target from missing target
ok 246 - late delivery retains origin and distinguishes stale target from missing target
  ---
  duration_ms: 48.58325
  type: 'test'
  ...
# Subtest: reply lineage requires a delivered reverse envelope, not an unrelated latest message
ok 247 - reply lineage requires a delivered reverse envelope, not an unrelated latest message
  ---
  duration_ms: 51.200667
  type: 'test'
  ...
# Subtest: global Attention directory spans scopes; it never yields another mailbox body or membership
ok 248 - global Attention directory spans scopes; it never yields another mailbox body or membership
  ---
  duration_ms: 48.51775
  type: 'test'
  ...
# Subtest: runtime cross-scope sending is Attention-only; a project Run is refused at that guard alone
ok 249 - runtime cross-scope sending is Attention-only; a project Run is refused at that guard alone
  ---
  duration_ms: 64.159125
  type: 'test'
  ...
# Subtest: a domain-bound Session cannot message from a Run even with a host-shaped origin
ok 250 - a domain-bound Session cannot message from a Run even with a host-shaped origin
  ---
  duration_ms: 53.052167
  type: 'test'
  ...
# Subtest: delete and scope change do not recreate a recipient or reroute queued messages
ok 251 - delete and scope change do not recreate a recipient or reroute queued messages
  ---
  duration_ms: 51.278792
  type: 'test'
  ...
# Subtest: RuntimeStore6 migration preserves global scope and exact backup; corrupt ledger fails closed
ok 252 - RuntimeStore6 migration preserves global scope and exact backup; corrupt ledger fails closed
  ---
  duration_ms: 132.7835
  type: 'test'
  ...
# Subtest: child grant monotonically narrows; the reducer passes caller-supplied conflict strings through and refuses contradictory results for one execution ID
ok 253 - child grant monotonically narrows; the reducer passes caller-supplied conflict strings through and refuses contradictory results for one execution ID
  ---
  duration_ms: 1.475625
  type: 'test'
  ...
# Subtest: child tool boundary denies widening and completion remains undelivered/unaccepted
ok 254 - child tool boundary denies widening and completion remains undelivered/unaccepted
  ---
  duration_ms: 0.581667
  type: 'test'
  ...
# Subtest: cancel, timeout, late completion and mutated caller input cannot change child settlement or origin
ok 255 - cancel, timeout, late completion and mutated caller input cannot change child settlement or origin
  ---
  duration_ms: 6.334208
  type: 'test'
  ...
# Subtest: authenticated HTTP Thread/message entry reaches a real inbox without starting a model
ok 256 - authenticated HTTP Thread/message entry reaches a real inbox without starting a model
  ---
  duration_ms: 123.98375
  type: 'test'
  ...
# Subtest: a crash inside the enqueue write leaves no half message; the same key then sends exactly once
ok 257 - a crash inside the enqueue write leaves no half message; the same key then sends exactly once
  ---
  duration_ms: 251.526458
  type: 'test'
  ...
# Subtest: a crash inside the delivery write keeps the message queued; recovery then delivers it exactly once
ok 258 - a crash inside the delivery write keeps the message queued; recovery then delivers it exactly once
  ---
  duration_ms: 186.117708
  type: 'test'
  ...
# Subtest: clean restart after the outbox write completed recovers exactly one local delivery without a Run
ok 259 - clean restart after the outbox write completed recovers exactly one local delivery without a Run
  ---
  duration_ms: 876.638333
  type: 'test'
  ...
# Subtest: model messages require a real permission decision and cannot auto-run the recipient
ok 260 - model messages require a real permission decision and cannot auto-run the recipient
  ---
  duration_ms: 939.457167
  type: 'test'
  ...
# Subtest: global Attention crosses scope through the model tool, still spending exactly one exact-argument decision
ok 261 - global Attention crosses scope through the model tool, still spending exactly one exact-argument decision
  ---
  duration_ms: 722.31875
  type: 'test'
  ...
# Subtest: domain-bound Sessions receive no coordination tool at either composition site
ok 262 - domain-bound Sessions receive no coordination tool at either composition site
  ---
  duration_ms: 348.374833
  type: 'test'
  ...
# Subtest: read-only tool metadata agrees with dispatch denial; project model directory excludes other scopes
ok 263 - read-only tool metadata agrees with dispatch denial; project model directory excludes other scopes
  ---
  duration_ms: 439.400041
  type: 'test'
  ...
# Subtest: schema7 effort survives upgrade; fixed old host refuses schema9 and restores only the separate original backup
ok 264 - schema7 effort survives upgrade; fixed old host refuses schema9 and restores only the separate original backup
  ---
  duration_ms: 314.374167
  type: 'test'
  ...
# Subtest: mailbox pagination preserves ordered identities and refuses duplicate or oversized queries
ok 265 - mailbox pagination preserves ordered identities and refuses duplicate or oversized queries
  ---
  duration_ms: 61.294917
  type: 'test'
  ...
# (node:98502) ExperimentalWarning: SQLite is an experimental feature and might change at any time
# (Use `node --trace-warnings ...` to show where the warning was created)
# Subtest: T-CRED-1: missing credential fails the run without touching HOME/.pi
ok 266 - T-CRED-1: missing credential fails the run without touching HOME/.pi
  ---
  duration_ms: 152.073542
  type: 'test'
  ...
# Subtest: T-CRED-2: a credential written via the API flows through and never leaks
ok 267 - T-CRED-2: a credential written via the API flows through and never leaks
  ---
  duration_ms: 438.646875
  type: 'test'
  ...
# Subtest: T-CRED-3: inherited DEEPSEEK_API_KEY is stripped at startup and logged
ok 268 - T-CRED-3: inherited DEEPSEEK_API_KEY is stripped at startup and logged
  ---
  duration_ms: 71.154292
  type: 'test'
  ...
# Subtest: T-CRED-4: PUT/DELETE credential during an active run is 409 and the run finishes on its own key
ok 269 - T-CRED-4: PUT/DELETE credential during an active run is 409 and the run finishes on its own key
  ---
  duration_ms: 432.557166
  type: 'test'
  ...
# Subtest: T-CRED-5: a sentinel HOME auth.json and env var are never used as credentials
ok 270 - T-CRED-5: a sentinel HOME auth.json and env var are never used as credentials
  ---
  duration_ms: 875.288041
  type: 'test'
  ...
# Subtest: diffWords marks only the changed tokens and never leading indentation
ok 271 - diffWords marks only the changed tokens and never leading indentation
  ---
  duration_ms: 1.544667
  type: 'test'
  ...
# Subtest: diffModel: word segments only for exactly one removed + one added line
ok 272 - diffModel: word segments only for exactly one removed + one added line
  ---
  duration_ms: 0.579125
  type: 'test'
  ...
# Subtest: renderDiff keeps ± and line numbers as text and puts blocks only on new words
ok 273 - renderDiff keeps ± and line numbers as text and puts blocks only on new words
  ---
  duration_ms: 1.499875
  type: 'test'
  ...
# Subtest: renderDiff treats markup as text, renders the no-newline marker, and handles empty input
ok 274 - renderDiff treats markup as text, renders the no-newline marker, and handles empty input
  ---
  duration_ms: 0.428375
  type: 'test'
  ...
# Subtest: Settings preview and the static allowlist use the shared renderer and fixture
ok 275 - Settings preview and the static allowlist use the shared renderer and fixture
  ---
  duration_ms: 1.046583
  type: 'test'
  ...
# Subtest: staging has no backend effect, preserves focus nodes on unchanged render, and exposes a visible count
ok 276 - staging has no backend effect, preserves focus nodes on unchanged render, and exposes a visible count
  ---
  duration_ms: 2.153292
  type: 'test'
  ...
# Subtest: an unknown upload is immutable until exact replay reconciles its retained revision
ok 277 - an unknown upload is immutable until exact replay reconciles its retained revision
  ---
  duration_ms: 0.686958
  type: 'test'
  ...
# Subtest: a confirmed upload refusal permits removing the unsaved draft attachment
ok 278 - a confirmed upload refusal permits removing the unsaved draft attachment
  ---
  duration_ms: 0.322542
  type: 'test'
  ...
# (node:98568) ExperimentalWarning: SQLite is an experimental feature and might change at any time
# (Use `node --trace-warnings ...` to show where the warning was created)
# Subtest: DRT02 DeepSeek: actual SDK stream, Deny/Approve, reasoning replay and reopened history
ok 279 - DRT02 DeepSeek: actual SDK stream, Deny/Approve, reasoning replay and reopened history
  ---
  duration_ms: 1738.773833
  type: 'test'
  ...
# Subtest: DRT02 DeepSeek error: explicit terminal state and no fallback
ok 280 - DRT02 DeepSeek error: explicit terminal state and no fallback
  ---
  duration_ms: 278.095792
  type: 'test'
  ...
# Subtest: DRT02 DeepSeek cancel: explicit terminal state and no fallback
ok 281 - DRT02 DeepSeek cancel: explicit terminal state and no fallback
  ---
  duration_ms: 103.765417
  type: 'test'
  ...
# Subtest: DRT02 DeepSeek missing-metadata: explicit terminal state and no fallback
ok 282 - DRT02 DeepSeek missing-metadata: explicit terminal state and no fallback
  ---
  duration_ms: 122.949792
  type: 'test'
  ...
# Subtest: DRT02 DeepSeek: provider alias reaches public request telemetry through the actual SDK
ok 283 - DRT02 DeepSeek: provider alias reaches public request telemetry through the actual SDK
  ---
  duration_ms: 367.499666
  type: 'test'
  ...
# (node:98896) ExperimentalWarning: SQLite is an experimental feature and might change at any time
# (Use `node --trace-warnings ...` to show where the warning was created)
# Subtest: T-DUR-1: a crash before the tool runs leaves no file, no artifact and no replay
ok 284 - T-DUR-1: a crash before the tool runs leaves no file, no artifact and no replay
  ---
  duration_ms: 1286.334041
  type: 'test'
  ...
# Subtest: T-DUR-2: a crash between the write and the record surfaces the file as unrecorded
ok 285 - T-DUR-2: a crash between the write and the record surfaces the file as unrecorded
  ---
  duration_ms: 1917.413458
  type: 'test'
  ...
# Subtest: T-DUR-3: a crash after the record is persisted keeps artifact and file in agreement
ok 286 - T-DUR-3: a crash after the record is persisted keeps artifact and file in agreement
  ---
  duration_ms: 1435.607041
  type: 'test'
  ...
# Subtest: T-DUR-4: a crash during a store write keeps the last complete state and discards the tmp
ok 287 - T-DUR-4: a crash during a store write keeps the last complete state and discards the tmp
  ---
  duration_ms: 1261.190667
  type: 'test'
  ...
# Subtest: a corrupt leftover tmp never affects the state that is loaded
ok 288 - a corrupt leftover tmp never affects the state that is loaded
  ---
  duration_ms: 91.354916
  type: 'test'
  ...
# Subtest: T-IDEM-5: replaying a commandId after a restart returns the original unknown run
ok 289 - T-IDEM-5: replaying a commandId after a restart returns the original unknown run
  ---
  duration_ms: 1533.195792
  type: 'test'
  ...
# Subtest: completed Run disclosure groups successful tools and exact allowed history in timeline order
ok 290 - completed Run disclosure groups successful tools and exact allowed history in timeline order
  ---
  duration_ms: 0.767667
  type: 'test'
  ...
# Subtest: incomplete, failed, pending, denied, malformed, and cross-call rows stay outside the summary
ok 291 - incomplete, failed, pending, denied, malformed, and cross-call rows stay outside the summary
  ---
  duration_ms: 0.5915
  type: 'test'
  ...
# Subtest: a completed Run with only errors or unfinished calls gets no empty summary
ok 292 - a completed Run with only errors or unfinished calls gets no empty summary
  ---
  duration_ms: 0.06125
  type: 'test'
  ...
# Subtest: member IDs and disclosure state keys remain stable and surface-scoped
ok 293 - member IDs and disclosure state keys remain stable and surface-scoped
  ---
  duration_ms: 0.099208
  type: 'test'
  ...
# Subtest: file candidate identity, exact replay, immutable pages, closed admission and atomic acceptance
ok 294 - file candidate identity, exact replay, immutable pages, closed admission and atomic acceptance
  ---
  duration_ms: 121.2435
  type: 'test'
  ...
# Subtest: coverage is monotone; frozen candidate precedes later unknown input; semantic failures stay diagnostic
ok 295 - coverage is monotone; frozen candidate precedes later unknown input; semantic failures stay diagnostic
  ---
  duration_ms: 93.337417
  type: 'test'
  ...
# Subtest: failed deterministic checks cannot accept, and source membership changes invalidate file basis
ok 296 - failed deterministic checks cannot accept, and source membership changes invalidate file basis
  ---
  duration_ms: 100.60625
  type: 'test'
  ...
# Subtest: illegal provenance, encoding, count, path and byte limits reject without candidate side effects
ok 297 - illegal provenance, encoding, count, path and byte limits reject without candidate side effects
  ---
  duration_ms: 97.225709
  type: 'test'
  ...
# Subtest: SIGKILL file save and accept commit boundaries leave zero or one complete durable effect
ok 298 - SIGKILL file save and accept commit boundaries leave zero or one complete durable effect
  ---
  duration_ms: 2066.256333
  type: 'test'
  ...
# Subtest: metadata byte boundary, escaped wire envelope, file/path/count boundaries and empty files are exact
ok 299 - metadata byte boundary, escaped wire envelope, file/path/count boundaries and empty files are exact
  ---
  duration_ms: 244.076
  type: 'test'
  ...
# Subtest: file diff binds only frozen base, uses linear replacement, preserves newlines and refuses oversized output
ok 300 - file diff binds only frozen base, uses linear replacement, preserves newlines and refuses oversized output
  ---
  duration_ms: 159.437208
  type: 'test'
  ...
# Subtest: corrupt bytes, manifest, column bindings and a verification record copied from another identity refuse reads and acceptance
ok 301 - corrupt bytes, manifest, column bindings and a verification record copied from another identity refuse reads and acceptance
  ---
  duration_ms: 1280.266167
  type: 'test'
  ...
# Subtest: a changed trusted policy cannot accept an old PASS; empty evidence is diagnostic failed
ok 302 - a changed trusted policy cannot accept an old PASS; empty evidence is diagnostic failed
  ---
  duration_ms: 253.611958
  type: 'test'
  ...
# Subtest: unknown file schema exposes scoped bounded metadata but cannot decode or accept
ok 303 - unknown file schema exposes scoped bounded metadata but cannot decode or accept
  ---
  duration_ms: 245.543458
  type: 'test'
  ...
# Subtest: verification outcome corruption is refused and acceptance rechecks required evidence
ok 304 - verification outcome corruption is refused and acceptance rechecks required evidence
  ---
  duration_ms: 174.006042
  type: 'test'
  ...
# Subtest: file runs require a concrete Session identity at the private bridge boundary
ok 305 - file runs require a concrete Session identity at the private bridge boundary
  ---
  duration_ms: 118.287208
  type: 'test'
  ...
# (node:99429) ExperimentalWarning: SQLite is an experimental feature and might change at any time
# (Use `node --trace-warnings ...` to show where the warning was created)
# Subtest: real service/Pi recorded write, permission CAS, save, human accept, deletion and producer-absent exact reads
ok 306 - real service/Pi recorded write, permission CAS, save, human accept, deletion and producer-absent exact reads
  ---
  duration_ms: 1372.232
  type: 'test'
  ...
# Subtest: extra workspace reads and continued history yield unknown; an unrecorded selector never imports
ok 307 - extra workspace reads and continued history yield unknown; an unrecorded selector never imports
  ---
  duration_ms: 984.573458
  type: 'test'
  ...
# Subtest: actual list/grep/ask/load inputs, continued history and compaction-enabled admission remain unknown
ok 308 - actual list/grep/ask/load inputs, continued history and compaction-enabled admission remain unknown
  ---
  duration_ms: 4927.7505
  type: 'test'
  ...
# Subtest: steering, failed coverage persistence, and Stop racing immutable capture cannot publish a complete candidate
ok 309 - steering, failed coverage persistence, and Stop racing immutable capture cannot publish a complete candidate
  ---
  duration_ms: 1546.913334
  type: 'test'
  ...
# Subtest: missing or corrupt history rejects recorded import even though current workspace bytes still exist
ok 310 - missing or corrupt history rejects recorded import even though current workspace bytes still exist
  ---
  duration_ms: 991.702708
  type: 'test'
  ...
# Subtest: a real loopback MCP tool executes only after its extra-input marker is durable
ok 311 - a real loopback MCP tool executes only after its extra-input marker is durable
  ---
  duration_ms: 1082.505458
  type: 'test'
  ...
# Subtest: SIGKILL after history or rename leaves an orphan version that no later Run may import
ok 312 - SIGKILL after history or rename leaves an orphan version that no later Run may import
  ---
  duration_ms: 3501.0925
  type: 'test'
  ...
# (node:99494) ExperimentalWarning: SQLite is an experimental feature and might change at any time
# (Use `node --trace-warnings ...` to show where the warning was created)
# Subtest: Inbound NDA reaches loopback with declared reasoning while Work metadata stays fixed
ok 313 - Inbound NDA reaches loopback with declared reasoning while Work metadata stays fixed
  ---
  duration_ms: 645.722042
  type: 'test'
  ...
# (node:474) ExperimentalWarning: SQLite is an experimental feature and might change at any time
# (Use `node --trace-warnings ...` to show where the warning was created)
# Subtest: extension restart: loaded binding continues; invalidation and unload keep their generations
ok 314 - extension restart: loaded binding continues; invalidation and unload keep their generations
  ---
  duration_ms: 1349.3775
  type: 'test'
  ...
# Subtest: extension restart: changed version requires reload; empty composition preserves dormant records
ok 315 - extension restart: changed version requires reload; empty composition preserves dormant records
  ---
  duration_ms: 315.561958
  type: 'test'
  ...
# (node:1546) ExperimentalWarning: SQLite is an experimental feature and might change at any time
# (Use `node --trace-warnings ...` to show where the warning was created)
# Subtest: T-EXT-1: se_read_source succeeds through service.createRun on AgentSession
ok 316 - T-EXT-1: se_read_source succeeds through service.createRun on AgentSession
  ---
  duration_ms: 624.313375
  type: 'test'
  ...
# Subtest: T-EXT-2: se_submit_candidate goes through once and Core rejects the late call
ok 317 - T-EXT-2: se_submit_candidate goes through once and Core rejects the late call
  ---
  duration_ms: 474.19025
  type: 'test'
  ...
# Subtest: governance: policy is separate from Matter, exact replay cannot resurrect revoked disclosure
ok 318 - governance: policy is separate from Matter, exact replay cannot resurrect revoked disclosure
  ---
  duration_ms: 110.199833
  type: 'test'
  ...
# Subtest: governance: scope and registry-only grant hide bodies, hashes, counts and unknown schemas
ok 319 - governance: scope and registry-only grant hide bodies, hashes, counts and unknown schemas
  ---
  duration_ms: 190.838833
  type: 'test'
  ...
# Subtest: governance: pagination binds visible collection; source updates require rediscovery while policy remains valid
ok 320 - governance: pagination binds visible collection; source updates require rediscovery while policy remains valid
  ---
  duration_ms: 91.53175
  type: 'test'
  ...
# Subtest: governance: registry and Attention source links do not grant target Matter access
ok 321 - governance: registry and Attention source links do not grant target Matter access
  ---
  duration_ms: 98.69425
  type: 'test'
  ...
# Subtest: governance: accepted Artifact is exact, bounded and distinct from pending candidates
ok 322 - governance: accepted Artifact is exact, bounded and distinct from pending candidates
  ---
  duration_ms: 91.613083
  type: 'test'
  ...
# Subtest: governance: unsupported schema, malformed envelopes and hidden queries fail closed
ok 323 - governance: unsupported schema, malformed envelopes and hidden queries fail closed
  ---
  duration_ms: 87.4675
  type: 'test'
  ...
# Subtest: governance: corrupt bytes and missing policy provenance are refused without repair
ok 324 - governance: corrupt bytes and missing policy provenance are refused without repair
  ---
  duration_ms: 400.260334
  type: 'test'
  ...
# Subtest: governance: file Artifact delegates to exact immutable manifest/content reader
ok 325 - governance: file Artifact delegates to exact immutable manifest/content reader
  ---
  duration_ms: 94.82925
  type: 'test'
  ...
# Subtest: governance: unknown Matter contract is discoverable metadata but cannot be decoded
ok 326 - governance: unknown Matter contract is discoverable metadata but cannot be decoded
  ---
  duration_ms: 91.956208
  type: 'test'
  ...
# Subtest: governance: non-object or corrupted policy provenance has uniform runtime absence and structured human refusal
ok 327 - governance: non-object or corrupted policy provenance has uniform runtime absence and structured human refusal
  ---
  duration_ms: 381.733708
  type: 'test'
  ...
# Subtest: governance: oversized content cannot prevent human policy-only revocation
ok 328 - governance: oversized content cannot prevent human policy-only revocation
  ---
  duration_ms: 115.960334
  type: 'test'
  ...
# (node:2676) ExperimentalWarning: SQLite is an experimental feature and might change at any time
# (Use `node --trace-warnings ...` to show where the warning was created)
# Subtest: governance authenticated HTTP rejects identity injection and cross-project refs, grants are human-only
ok 329 - governance authenticated HTTP rejects identity injection and cross-project refs, grants are human-only
  ---
  duration_ms: 278.383416
  type: 'test'
  ...
# Subtest: global Pi tools discover, inspect and read exact governed evidence; project catalogs cannot install them
ok 330 - global Pi tools discover, inspect and read exact governed evidence; project catalogs cannot install them
  ---
  duration_ms: 1924.372625
  type: 'test'
  ...
# Subtest: runtime adapter rejects mismatched/closed host Runs and a change while Core read is pending
ok 331 - runtime adapter rejects mismatched/closed host Runs and a change while Core read is pending
  ---
  duration_ms: 514.998708
  type: 'test'
  ...
# Subtest: governance policy SIGKILL before_commit preserves zero/one complete effect
ok 332 - governance policy SIGKILL before_commit preserves zero/one complete effect
  ---
  duration_ms: 373.644625
  type: 'test'
  ...
# Subtest: governance policy SIGKILL after_commit_before_ack preserves zero/one complete effect
ok 333 - governance policy SIGKILL after_commit_before_ack preserves zero/one complete effect
  ---
  duration_ms: 285.103792
  type: 'test'
  ...
# Subtest: Core3/app4 migrates atomically with an exclusive original backup; fixed old host refuses new DB and reads separate backup
ok 334 - Core3/app4 migrates atomically with an exclusive original backup; fixed old host refuses new DB and reads separate backup
  ---
  duration_ms: 542.726
  type: 'test'
  ...
# Subtest: migration refuses existing or symlink backup, malformed owned schema, and partial new tables without modifying old bytes
ok 335 - migration refuses existing or symlink backup, malformed owned schema, and partial new tables without modifying old bytes
  ---
  duration_ms: 891.753125
  type: 'test'
  ...
# Subtest: governance migration SIGKILL governance_migration_before_commit keeps schema markers and tables together
ok 336 - governance migration SIGKILL governance_migration_before_commit keeps schema markers and tables together
  ---
  duration_ms: 354.390792
  type: 'test'
  ...
# Subtest: governance migration SIGKILL governance_migration_after_commit keeps schema markers and tables together
ok 337 - governance migration SIGKILL governance_migration_after_commit keeps schema markers and tables together
  ---
  duration_ms: 414.808542
  type: 'test'
  ...
# Subtest: disclosure expiry is checked at query time with a deterministic future clock
ok 338 - disclosure expiry is checked at query time with a deterministic future clock
  ---
  duration_ms: 207.3085
  type: 'test'
  ...
# Subtest: worker preserves regex matches, line numbers and Unicode
ok 339 - worker preserves regex matches, line numbers and Unicode
  ---
  duration_ms: 31.540583
  type: 'test'
  ...
# Subtest: pathological regex times out while the service event loop stays responsive
ok 340 - pathological regex times out while the service event loop stays responsive
  ---
  duration_ms: 2004.495166
  type: 'test'
  ...
# Subtest: abort terminates pathological matching before its worker timeout
ok 341 - abort terminates pathological matching before its worker timeout
  ---
  duration_ms: 156.656708
  type: 'test'
  ...
# Subtest: already aborted search cannot start matching
ok 342 - already aborted search cannot start matching
  ---
  duration_ms: 3.998917
  type: 'test'
  ...
# Subtest: Home Activity rejects malformed dates, totals, and requested periods
ok 343 - Home Activity rejects malformed dates, totals, and requested periods
  ---
  duration_ms: 2.263208
  type: 'test'
  ...
# Subtest: Home Attention rejects invalid identity, revision, and pagination packets
ok 344 - Home Attention rejects invalid identity, revision, and pagination packets
  ---
  duration_ms: 0.499333
  type: 'test'
  ...
# Subtest: Home Attention detail accepts only the display contract
ok 345 - Home Attention detail accepts only the display contract
  ---
  duration_ms: 0.185167
  type: 'test'
  ...
# Subtest: standalone Attention ignores an older project query after a newer open
ok 346 - standalone Attention ignores an older project query after a newer open
  ---
  duration_ms: 16.6365
  type: 'test'
  ...
# Subtest: standalone Attention ignores a stale detail after project selection changes
ok 347 - standalone Attention ignores a stale detail after project selection changes
  ---
  duration_ms: 3.329042
  type: 'test'
  ...
# Subtest: Attention registry opens the global agent explicitly without a model request
ok 348 - Attention registry opens the global agent explicitly without a model request
  ---
  duration_ms: 1.034292
  type: 'test'
  ...
# Subtest: Back to items clears a pending detail and rejects its late response
ok 349 - Back to items clears a pending detail and rejects its late response
  ---
  duration_ms: 1.757792
  type: 'test'
  ...
# Subtest: Review belongs only to needs_you across Home and Attention states
ok 350 - Review belongs only to needs_you across Home and Attention states
  ---
  duration_ms: 1.573084
  type: 'test'
  ...
# Subtest: text-only pending and failed Home rows render and retain their exact navigation scope
ok 351 - text-only pending and failed Home rows render and retain their exact navigation scope
  ---
  duration_ms: 0.856875
  type: 'test'
  ...
# Subtest: Home retains native targets for unchanged projections and uses current callbacks
ok 352 - Home retains native targets for unchanged projections and uses current callbacks
  ---
  duration_ms: 0.616
  type: 'test'
  ...
# Subtest: Home immediately renders changed facts, removed targets, filters, and errors
ok 353 - Home immediately renders changed facts, removed targets, filters, and errors
  ---
  duration_ms: 0.885083
  type: 'test'
  ...
# Subtest: Home remounts after the shared stream was used by a chat
ok 354 - Home remounts after the shared stream was used by a chat
  ---
  duration_ms: 0.291083
  type: 'test'
  ...
# Subtest: P01 installed SDK modern aggregates pages
ok 355 - P01 installed SDK modern aggregates pages
  ---
  duration_ms: 55.299875
  type: 'test'
  ...
# Subtest: P01 installed SDK modern aggregates empty
ok 356 - P01 installed SDK modern aggregates empty
  ---
  duration_ms: 14.230875
  type: 'test'
  ...
# Subtest: P01 modern rejects incomplete failure atomically
ok 357 - P01 modern rejects incomplete failure atomically
  ---
  duration_ms: 8.169875
  type: 'test'
  ...
# Subtest: P01 modern rejects incomplete cycle atomically
ok 358 - P01 modern rejects incomplete cycle atomically
  ---
  duration_ms: 8.254833
  type: 'test'
  ...
# Subtest: P01 modern rejects incomplete empty-cycle atomically
ok 359 - P01 modern rejects incomplete empty-cycle atomically
  ---
  duration_ms: 5.65
  type: 'test'
  ...
# Subtest: P01 modern rejects incomplete duplicate atomically
ok 360 - P01 modern rejects incomplete duplicate atomically
  ---
  duration_ms: 3.438083
  type: 'test'
  ...
# Subtest: P01 modern rejects incomplete cross-page-duplicate atomically
ok 361 - P01 modern rejects incomplete cross-page-duplicate atomically
  ---
  duration_ms: 3.656542
  type: 'test'
  ...
# Subtest: P01 modern rejects incomplete count atomically
ok 362 - P01 modern rejects incomplete count atomically
  ---
  duration_ms: 3.083375
  type: 'test'
  ...
# Subtest: P01 modern rejects incomplete bytes atomically
ok 363 - P01 modern rejects incomplete bytes atomically
  ---
  duration_ms: 7.654666
  type: 'test'
  ...
# Subtest: P01 modern rejects incomplete page-limit atomically
ok 364 - P01 modern rejects incomplete page-limit atomically
  ---
  duration_ms: 102.29475
  type: 'test'
  ...
# Subtest: P01 installed SDK legacy aggregates pages
ok 365 - P01 installed SDK legacy aggregates pages
  ---
  duration_ms: 18.854458
  type: 'test'
  ...
# Subtest: P01 installed SDK legacy aggregates empty
ok 366 - P01 installed SDK legacy aggregates empty
  ---
  duration_ms: 6.791292
  type: 'test'
  ...
# Subtest: P01 legacy rejects incomplete failure atomically
ok 367 - P01 legacy rejects incomplete failure atomically
  ---
  duration_ms: 5.372083
  type: 'test'
  ...
# Subtest: P01 legacy rejects incomplete cycle atomically
ok 368 - P01 legacy rejects incomplete cycle atomically
  ---
  duration_ms: 6.337708
  type: 'test'
  ...
# Subtest: P01 legacy rejects incomplete empty-cycle atomically
ok 369 - P01 legacy rejects incomplete empty-cycle atomically
  ---
  duration_ms: 4.428291
  type: 'test'
  ...
# Subtest: P01 legacy rejects incomplete duplicate atomically
ok 370 - P01 legacy rejects incomplete duplicate atomically
  ---
  duration_ms: 3.878625
  type: 'test'
  ...
# Subtest: P01 legacy rejects incomplete cross-page-duplicate atomically
ok 371 - P01 legacy rejects incomplete cross-page-duplicate atomically
  ---
  duration_ms: 4.915042
  type: 'test'
  ...
# Subtest: P01 legacy rejects incomplete count atomically
ok 372 - P01 legacy rejects incomplete count atomically
  ---
  duration_ms: 3.667209
  type: 'test'
  ...
# Subtest: P01 legacy rejects incomplete bytes atomically
ok 373 - P01 legacy rejects incomplete bytes atomically
  ---
  duration_ms: 9.641625
  type: 'test'
  ...
# Subtest: P01 legacy rejects incomplete page-limit atomically
ok 374 - P01 legacy rejects incomplete page-limit atomically
  ---
  duration_ms: 79.880083
  type: 'test'
  ...
# Subtest: P01 concurrent connects expose only the latest requested connection
ok 375 - P01 concurrent connects expose only the latest requested connection
  ---
  duration_ms: 6.507834
  type: 'test'
  ...
# Subtest: P01 disconnect while discovery waits cannot publish a late catalog
ok 376 - P01 disconnect while discovery waits cannot publish a late catalog
  ---
  duration_ms: 3.150166
  type: 'test'
  ...
# Subtest: P01 transport error invalidates callability until explicit reconnect
ok 377 - P01 transport error invalidates callability until explicit reconnect
  ---
  duration_ms: 15.189041
  type: 'test'
  ...
# (node:5888) ExperimentalWarning: SQLite is an experimental feature and might change at any time
# (Use `node --trace-warnings ...` to show where the warning was created)
# Subtest: P02 reported: effect is unknown, fenced and preserved across restart
ok 378 - P02 reported: effect is unknown, fenced and preserved across restart
  ---
  duration_ms: 1190.898375
  type: 'test'
  ...
# Subtest: P02 drop: effect is unknown, fenced and preserved across restart
ok 379 - P02 drop: effect is unknown, fenced and preserved across restart
  ---
  duration_ms: 659.7985
  type: 'test'
  ...
# Subtest: P02 receipt-failure: effect is unknown, fenced and preserved across restart
ok 380 - P02 receipt-failure: effect is unknown, fenced and preserved across restart
  ---
  duration_ms: 804.383083
  type: 'test'
  ...
# Subtest: P02 cancel: effect is unknown, fenced and preserved across restart
ok 381 - P02 cancel: effect is unknown, fenced and preserved across restart
  ---
  duration_ms: 189.546666
  type: 'test'
  ...
# Subtest: P02 restart-inflight: effect is unknown, fenced and preserved across restart
ok 382 - P02 restart-inflight: effect is unknown, fenced and preserved across restart
  ---
  duration_ms: 857.891
  type: 'test'
  ...
# Subtest: P02 orphan-cancel: effect is unknown, fenced and preserved across restart
ok 383 - P02 orphan-cancel: effect is unknown, fenced and preserved across restart
  ---
  duration_ms: 960.015917
  type: 'test'
  ...
# Subtest: P02 pre-dispatch refusal has no effect and no unknown receipt
ok 384 - P02 pre-dispatch refusal has no effect and no unknown receipt
  ---
  duration_ms: 3.790042
  type: 'test'
  ...
# Subtest: P02 SIGKILL after remote effect before result leaves a durable unreconciled dispatch
ok 385 - P02 SIGKILL after remote effect before result leaves a durable unreconciled dispatch
  ---
  duration_ms: 921.819167
  type: 'test'
  ...
# Subtest: P02 failed durable dispatch intent prevents the remote call
ok 386 - P02 failed durable dispatch intent prevents the remote call
  ---
  duration_ms: 5.566417
  type: 'test'
  ...
# (node:6333) ExperimentalWarning: SQLite is an experimental feature and might change at any time
# (Use `node --trace-warnings ...` to show where the warning was created)
# Subtest: P02b actual modern SDK preserves structured {"answer":42}
ok 387 - P02b actual modern SDK preserves structured {"answer":42}
  ---
  duration_ms: 40.231292
  type: 'test'
  ...
# Subtest: P02b actual modern SDK preserves structured [1,"two"]
ok 388 - P02b actual modern SDK preserves structured [1,"two"]
  ---
  duration_ms: 10.886
  type: 'test'
  ...
# Subtest: P02b actual modern SDK preserves structured null
ok 389 - P02b actual modern SDK preserves structured null
  ---
  duration_ms: 8.613667
  type: 'test'
  ...
# Subtest: P02b actual modern SDK preserves structured false
ok 390 - P02b actual modern SDK preserves structured false
  ---
  duration_ms: 6.721458
  type: 'test'
  ...
# Subtest: P02b actual modern SDK preserves structured 0
ok 391 - P02b actual modern SDK preserves structured 0
  ---
  duration_ms: 5.510458
  type: 'test'
  ...
# Subtest: P02b actual modern SDK preserves structured "scalar"
ok 392 - P02b actual modern SDK preserves structured "scalar"
  ---
  duration_ms: 6.605042
  type: 'test'
  ...
# Subtest: P02b actual legacy SDK preserves body plus supported structure
ok 393 - P02b actual legacy SDK preserves body plus supported structure
  ---
  duration_ms: 13.988708
  type: 'test'
  ...
# Subtest: P02b structured-only and non-rendered resource blocks stay explicit
ok 394 - P02b structured-only and non-rendered resource blocks stay explicit
  ---
  duration_ms: 14.489834
  type: 'test'
  ...
# Subtest: P02b invalid/oversized result fences uncertainty without raw dumping
ok 395 - P02b invalid/oversized result fences uncertainty without raw dumping
  ---
  duration_ms: 18.496541
  type: 'test'
  ...
# Subtest: P02b success: native projection and scoped full result survive restart
ok 396 - P02b success: native projection and scoped full result survive restart
  ---
  duration_ms: 1098.701792
  type: 'test'
  ...
# Subtest: P02b error: native projection and scoped full result survive restart
ok 397 - P02b error: native projection and scoped full result survive restart
  ---
  duration_ms: 1018.403042
  type: 'test'
  ...
# Subtest: P02b installed SDK output schema rejection is effect-unknown
ok 398 - P02b installed SDK output schema rejection is effect-unknown
  ---
  duration_ms: 9.807542
  type: 'test'
  ...
# Subtest: P02b failed result retention cannot become a successful empty result
ok 399 - P02b failed result retention cannot become a successful empty result
  ---
  duration_ms: 3.268083
  type: 'test'
  ...
# Subtest: P02b repeated native call IDs receive distinct Host dispatch identities
ok 400 - P02b repeated native call IDs receive distinct Host dispatch identities
  ---
  duration_ms: 2.977625
  type: 'test'
  ...
# (node:8239) ExperimentalWarning: SQLite is an experimental feature and might change at any time
# (Use `node --trace-warnings ...` to show where the warning was created)
# Subtest: T-IDEM-1: replaying the same commandId with the same input returns the same run
ok 401 - T-IDEM-1: replaying the same commandId with the same input returns the same run
  ---
  duration_ms: 156.757166
  type: 'test'
  ...
# Subtest: T-IDEM-2: replaying the same commandId with a different input is 409 command_conflict
ok 402 - T-IDEM-2: replaying the same commandId with a different input is 409 command_conflict
  ---
  duration_ms: 89.449875
  type: 'test'
  ...
# Subtest: T-IDEM-3: two concurrent creates with the same commandId produce exactly one run
ok 403 - T-IDEM-3: two concurrent creates with the same commandId produce exactly one run
  ---
  duration_ms: 77.933959
  type: 'test'
  ...
# Subtest: T-IDEM-4: a lost response then a resend returns the same run and executes once
ok 404 - T-IDEM-4: a lost response then a resend returns the same run and executes once
  ---
  duration_ms: 159.541625
  type: 'test'
  ...
# Subtest: T-IDEM-6: the same commandId in another session is a different command
ok 405 - T-IDEM-6: the same commandId in another session is a different command
  ---
  duration_ms: 606.1685
  type: 'test'
  ...
# Subtest: C4: unloaded extension preserves old receipts but still blocks new work
ok 406 - C4: unloaded extension preserves old receipts but still blocks new work
  ---
  duration_ms: 399.045416
  type: 'test'
  ...
# Subtest: Inspector separates recorded/current targets and folds version/cache details without losing unknown accounting
ok 407 - Inspector separates recorded/current targets and folds version/cache details without losing unknown accounting
  ---
  duration_ms: 17.286375
  type: 'test'
  ...
# Subtest: Inspector tool activity reuses thread projection and never turns an unfinished tool into success
ok 408 - Inspector tool activity reuses thread projection and never turns an unfinished tool into success
  ---
  duration_ms: 0.588708
  type: 'test'
  ...
# Subtest: file quotes work on initial and cached views, while replaced targets invalidate old buttons
ok 409 - file quotes work on initial and cached views, while replaced targets invalidate old buttons
  ---
  duration_ms: 2.335458
  type: 'test'
  ...
# (node:8934) ExperimentalWarning: SQLite is an experimental feature and might change at any time
# (Use `node --trace-warnings ...` to show where the warning was created)
# Subtest: Pinned jsdiff adapter preserves original lines, whitespace, Unicode and missing final newline
ok 410 - Pinned jsdiff adapter preserves original lines, whitespace, Unicode and missing final newline
  ---
  duration_ms: 1.254833
  type: 'test'
  ...
# Subtest: Comparison returns explicit limited state instead of partial diff or expensive word allocation
ok 411 - Comparison returns explicit limited state instead of partial diff or expensive word allocation
  ---
  duration_ms: 1.640375
  type: 'test'
  ...
# Subtest: HTTP comparison requires two exact versions in one session and makes no adoption or revision change
ok 412 - HTTP comparison requires two exact versions in one session and makes no adoption or revision change
  ---
  duration_ms: 131.861375
  type: 'test'
  ...
# (node:8935) ExperimentalWarning: SQLite is an experimental feature and might change at any time
# (Use `node --trace-warnings ...` to show where the warning was created)
# Subtest: Session deletion serializes after a queued upload; delete-first rejects upload
ok 413 - Session deletion serializes after a queued upload; delete-first rejects upload
  ---
  duration_ms: 120.23525
  type: 'test'
  ...
# Subtest: shutdown waits for accepted intake writes and rejects new material uploads
ok 414 - shutdown waits for accepted intake writes and rejects new material uploads
  ---
  duration_ms: 73.469417
  type: 'test'
  ...
# Subtest: retained uploads stay separate, fetch versions on disclosure, and return focus to the exact row
ok 415 - retained uploads stay separate, fetch versions on disclosure, and return focus to the exact row
  ---
  duration_ms: 24.370375
  type: 'test'
  ...
# Subtest: comparison requires two explicit retained revisions and renders the exact server diff
ok 416 - comparison requires two explicit retained revisions and renders the exact server diff
  ---
  duration_ms: 21.318
  type: 'test'
  ...
# Subtest: limited source comparisons show the reason without partial diff, and failed comparisons can retry
ok 417 - limited source comparisons show the reason without partial diff, and failed comparisons can retry
  ---
  duration_ms: 23.74225
  type: 'test'
  ...
# Subtest: file upload preserves BOM and CRLF bytes through a same-command retry
ok 418 - file upload preserves BOM and CRLF bytes through a same-command retry
  ---
  duration_ms: 22.693625
  type: 'test'
  ...
# Subtest: a rejected file read from an old session cannot write an error into the new session
ok 419 - a rejected file read from an old session cannot write an error into the new session
  ---
  duration_ms: 6.715334
  type: 'test'
  ...
# Subtest: explicit retained refresh restores only its own focused button
ok 420 - explicit retained refresh restores only its own focused button
  ---
  duration_ms: 6.741708
  type: 'test'
  ...
# Subtest: 503 preserves the exact draft and command for retry; editing the draft gets a new command
ok 421 - 503 preserves the exact draft and command for retry; editing the draft gets a new command
  ---
  duration_ms: 24.239833
  type: 'test'
  ...
# Subtest: 409 refresh requires opening the changed version before a new replacement is submitted
ok 422 - 409 refresh requires opening the changed version before a new replacement is submitted
  ---
  duration_ms: 18.663458
  type: 'test'
  ...
# Subtest: Inspector opens retained UTF-8 at an exact revision and validates full text identity
ok 423 - Inspector opens retained UTF-8 at an exact revision and validates full text identity
  ---
  duration_ms: 11.436292
  type: 'test'
  ...
# (node:8985) ExperimentalWarning: SQLite is an experimental feature and might change at any time
# (Use `node --trace-warnings ...` to show where the warning was created)
# Subtest: Intake retains UTF-8 r1/r2 and independent session identity; same bytes do not merge scopes
ok 424 - Intake retains UTF-8 r1/r2 and independent session identity; same bytes do not merge scopes
  ---
  duration_ms: 10.561458
  type: 'test'
  ...
# Subtest: Intake command payload conflicts, CAS and delayed pending delivery cannot rewrite later revisions
ok 425 - Intake command payload conflicts, CAS and delayed pending delivery cannot rewrite later revisions
  ---
  duration_ms: 4.304
  type: 'test'
  ...
# Subtest: Intake exact reads reject mismatched hashes and corrupt bytes, including duplicate upload reuse
ok 426 - Intake exact reads reject mismatched hashes and corrupt bytes, including duplicate upload reuse
  ---
  duration_ms: 8.468208
  type: 'test'
  ...
# Subtest: Intake restarts with pending receipt and rejects unknown schema without rewriting it
ok 427 - Intake restarts with pending receipt and rejects unknown schema without rewriting it
  ---
  duration_ms: 5.095583
  type: 'test'
  ...
# Subtest: Intake will not follow a sidecar database symlink
ok 428 - Intake will not follow a sidecar database symlink
  ---
  duration_ms: 1.27925
  type: 'test'
  ...
# Subtest: HTTP uploads retain exact versions across workspace edits and restart; deleted session cannot disclose
ok 429 - HTTP uploads retain exact versions across workspace edits and restart; deleted session cannot disclose
  ---
  duration_ms: 216.6035
  type: 'test'
  ...
# Subtest: HTTP simultaneous CAS uploads admit one source revision and leave the losing text out of workspace
ok 430 - HTTP simultaneous CAS uploads admit one source revision and leave the losing text out of workspace
  ---
  duration_ms: 74.654458
  type: 'test'
  ...
# Subtest: Upload delivery failure leaves readable bytes; same command recovers and superseded pending never overwrites
ok 431 - Upload delivery failure leaves readable bytes; same command recovers and superseded pending never overwrites
  ---
  duration_ms: 99.592292
  type: 'test'
  ...
# (node:8986) ExperimentalWarning: SQLite is an experimental feature and might change at any time
# (Use `node --trace-warnings ...` to show where the warning was created)
# Subtest: T-CANCEL-1: cancel during tool execution leaves no partial file
ok 432 - T-CANCEL-1: cancel during tool execution leaves no partial file
  ---
  duration_ms: 143.570458
  type: 'test'
  ...
# Subtest: cancelling a run with no pending question also ends cancelled
ok 433 - cancelling a run with no pending question also ends cancelled
  ---
  duration_ms: 474.906584
  type: 'test'
  ...
# startup: reconciled workspace of session d63a0b21-71cb-4a42-8a32-dce4d1639bad after an interrupted run; 0 file(s) are not covered by a recorded content version
# Subtest: T-RESTART-1: restart during waiting_user yields unknown/expired_restart and the host session continues
ok 434 - T-RESTART-1: restart during waiting_user yields unknown/expired_restart and the host session continues
  ---
  duration_ms: 1606.307459
  type: 'test'
  ...
# Subtest: T-USAGE-1: a completed run records non-zero usage with missing:false
ok 435 - T-USAGE-1: a completed run records non-zero usage with missing:false
  ---
  duration_ms: 495.754375
  type: 'test'
  ...
# Subtest: T-USAGE-2: cancelling in the second turn keeps the first turn's usage and marks missing
ok 436 - T-USAGE-2: cancelling in the second turn keeps the first turn's usage and marks missing
  ---
  duration_ms: 1057.37375
  type: 'test'
  ...
# Subtest: T-USAGE-3: a provider error after a good turn fails the run without erasing usage
ok 437 - T-USAGE-3: a provider error after a good turn fails the run without erasing usage
  ---
  duration_ms: 14493.005042
  type: 'test'
  ...
# Subtest: T-BUDGET-1: waiting_user time is excluded from the execution deadline
ok 438 - T-BUDGET-1: waiting_user time is excluded from the execution deadline
  ---
  duration_ms: 1811.5105
  type: 'test'
  ...
# Subtest: T-USAGE-4: a retried provider call is surfaced as a notice and counted once
ok 439 - T-USAGE-4: a retried provider call is surfaced as a notice and counted once
  ---
  duration_ms: 2277.408833
  type: 'test'
  ...
# Subtest: T-USAGE-5: a long waiting_user then an answer completes with whole usage and no budget trip
ok 440 - T-USAGE-5: a long waiting_user then an answer completes with whole usage and no budget trip
  ---
  duration_ms: 2912.726458
  type: 'test'
  ...
# (node:9098) ExperimentalWarning: SQLite is an experimental feature and might change at any time
# (Use `node --trace-warnings ...` to show where the warning was created)
# Subtest: real HTTP candidate pages preserve Markdown bytes, and wrong Matter scope is refused
ok 441 - real HTTP candidate pages preserve Markdown bytes, and wrong Matter scope is refused
  ---
  duration_ms: 1347.17525
  type: 'test'
  ...
# Subtest: accepted Artifact pages remain exact after producer deletion and extension unload
ok 442 - accepted Artifact pages remain exact after producer deletion and extension unload
  ---
  duration_ms: 999.903417
  type: 'test'
  ...
# Subtest: independent SHA-256 and code-point helpers agree with the browser source contract
ok 443 - independent SHA-256 and code-point helpers agree with the browser source contract
  ---
  duration_ms: 4.643833
  type: 'test'
  ...
# Subtest: readCoreManifest returns verified file refs and sends a bounded candidate query
ok 444 - readCoreManifest returns verified file refs and sends a bounded candidate query
  ---
  duration_ms: 0.663667
  type: 'test'
  ...
# Subtest: readCoreManifest uses the explicit Artifact selector and preserves its identity
ok 445 - readCoreManifest uses the explicit Artifact selector and preserves its identity
  ---
  duration_ms: 0.178167
  type: 'test'
  ...
# Subtest: readCoreManifest rejects wrong identities, holes, duplicate paths and unsupported pages
ok 446 - readCoreManifest rejects wrong identities, holes, duplicate paths and unsupported pages
  ---
  duration_ms: 0.596208
  type: 'test'
  ...
# Subtest: readCoreFile assembles pages using server code-point cursors and an independent final hash
ok 447 - readCoreFile assembles pages using server code-point cursors and an independent final hash
  ---
  duration_ms: 1.750292
  type: 'test'
  ...
# Subtest: readCoreFile accepts an exact empty terminal page
ok 448 - readCoreFile accepts an exact empty terminal page
  ---
  duration_ms: 0.39675
  type: 'test'
  ...
# Subtest: readCoreFile rejects wrong IDs, hash swaps, path swaps and pagination holes
ok 449 - readCoreFile rejects wrong IDs, hash swaps, path swaps and pagination holes
  ---
  duration_ms: 0.792125
  type: 'test'
  ...
# Subtest: readCoreFile rejects a continuation replay or changed duplicate page
ok 450 - readCoreFile rejects a continuation replay or changed duplicate page
  ---
  duration_ms: 0.145167
  type: 'test'
  ...
# Subtest: readCoreFile rejects a changed identity on any page and a wrong final digest
ok 451 - readCoreFile rejects a changed identity on any page and a wrong final digest
  ---
  duration_ms: 1.3345
  type: 'test'
  ...
# Subtest: readCoreFile aborts before and after a delayed page, without returning partial source
ok 452 - readCoreFile aborts before and after a delayed page, without returning partial source
  ---
  duration_ms: 0.652583
  type: 'test'
  ...
# Subtest: coreFileSubjects exposes only supported, scoped Core file refs
ok 453 - coreFileSubjects exposes only supported, scoped Core file refs
  ---
  duration_ms: 0.190167
  type: 'test'
  ...
# Subtest: projectMarkdown preserves BOM, CRLF, combining marks, duplicate block ranges and safe semantic nodes
ok 454 - projectMarkdown preserves BOM, CRLF, combining marks, duplicate block ranges and safe semantic nodes
  ---
  duration_ms: 11.640042
  type: 'test'
  ...
# Subtest: projectMarkdown parses complete definitions, keeps unsafe links inert, and emits bounded warnings
ok 455 - projectMarkdown parses complete definitions, keeps unsafe links inert, and emits bounded warnings
  ---
  duration_ms: 2.450125
  type: 'test'
  ...
# Subtest: projectMarkdown refuses malformed identity, source text, and size
ok 456 - projectMarkdown refuses malformed identity, source text, and size
  ---
  duration_ms: 1.119417
  type: 'test'
  ...
# Subtest: projectMarkdown creates a revision-local key and never claims writable review state
ok 457 - projectMarkdown creates a revision-local key and never claims writable review state
  ---
  duration_ms: 2.473292
  type: 'test'
  ...
# Subtest: sha256Text does not silently normalize source
ok 458 - sha256Text does not silently normalize source
  ---
  duration_ms: 0.748958
  type: 'test'
  ...
# Subtest: readCoreFile propagates producer absence as an exact read, not a fallback
ok 459 - readCoreFile propagates producer absence as an exact read, not a fallback
  ---
  duration_ms: 0.237625
  type: 'test'
  ...
# lint-materials: 2 处违反 WK-101 / WK-102
# lint-materials: 1 处违反 WK-101 / WK-102
# lint-materials: 1 处违反 WK-101 / WK-102
# Subtest: 产品样式表通过材质 lint 两项
ok 460 - 产品样式表通过材质 lint 两项
  ---
  duration_ms: 42.270416
  type: 'test'
  ...
# Subtest: 未登记的类名上出现 backdrop-filter 会被拒绝
ok 461 - 未登记的类名上出现 backdrop-filter 会被拒绝
  ---
  duration_ms: 29.000875
  type: 'test'
  ...
# Subtest: 半透明表面缺少 reduced-transparency 回退会被拒绝
ok 462 - 半透明表面缺少 reduced-transparency 回退会被拒绝
  ---
  duration_ms: 28.925459
  type: 'test'
  ...
# Subtest: 私有 blur 取值会被拒绝
ok 463 - 私有 blur 取值会被拒绝
  ---
  duration_ms: 28.727792
  type: 'test'
  ...
# (node:9968) ExperimentalWarning: SQLite is an experimental feature and might change at any time
# (Use `node --trace-warnings ...` to show where the warning was created)
# Subtest: model capability contract: legacy boolean is not promoted into invented effort tiers; explicit per-model lists stay isolated
ok 464 - model capability contract: legacy boolean is not promoted into invented effort tiers; explicit per-model lists stay isolated
  ---
  duration_ms: 133.112
  type: 'test'
  ...
# Subtest: model capability contract: effort lists reject invalid values; config CAS detects missing and stale writers
ok 465 - model capability contract: effort lists reject invalid values; config CAS detects missing and stale writers
  ---
  duration_ms: 75.167208
  type: 'test'
  ...
# Subtest: installed model descriptors are API-specific and preserve exact concrete effort ladders
ok 466 - installed model descriptors are API-specific and preserve exact concrete effort ladders
  ---
  duration_ms: 66.294792
  type: 'test'
  ...
# Subtest: editing a connection invalidates selected effort, and each Run freezes a capability binding across reopen
ok 467 - editing a connection invalidates selected effort, and each Run freezes a capability binding across reopen
  ---
  duration_ms: 387.538625
  type: 'test'
  ...
# Subtest: schema12→13 migration preserves config and active Run, adds unknown capability, bumps CAS epoch, and invalidates old receipt
ok 468 - schema12→13 migration preserves config and active Run, adds unknown capability, bumps CAS epoch, and invalidates old receipt
  ---
  duration_ms: 535.993458
  type: 'test'
  ...
# Subtest: search rerender and direct click cannot re-enable/save a stale unsupported effort
ok 469 - search rerender and direct click cannot re-enable/save a stale unsupported effort
  ---
  duration_ms: 16.794042
  type: 'test'
  ...
# Subtest: 三条 happy path 是闭集，且每条只用后端目录里真有的 provider 身份
ok 470 - 三条 happy path 是闭集，且每条只用后端目录里真有的 provider 身份
  ---
  duration_ms: 0.817917
  type: 'test'
  ...
# Subtest: 路径由连接记录自己说，不由一份全局配置反推
ok 471 - 路径由连接记录自己说，不由一份全局配置反推
  ---
  duration_ms: 0.206125
  type: 'test'
  ...
# Subtest: Connections 列后端注册表报的每一条，结构不假设单数
ok 472 - Connections 列后端注册表报的每一条，结构不假设单数
  ---
  duration_ms: 0.164083
  type: 'test'
  ...
# Subtest: PV-27 / PV-30 · 窗口读数如实：unknown、目录值、用户填的值各说各的
ok 473 - PV-27 / PV-30 · 窗口读数如实：unknown、目录值、用户填的值各说各的
  ---
  duration_ms: 10.86625
  type: 'test'
  ...
# Subtest: PV-34 / PV-46 · 保存失败的三类直接消费后端错误码与枚举，前端不重新归类
ok 474 - PV-34 / PV-46 · 保存失败的三类直接消费后端错误码与枚举，前端不重新归类
  ---
  duration_ms: 0.366625
  type: 'test'
  ...
# Subtest: WK-108/PV-62 · 冒烟不再留位：BE-39 落地后六步全部可用，各自说清楚做什么
ok 475 - WK-108/PV-62 · 冒烟不再留位：BE-39 落地后六步全部可用，各自说清楚做什么
  ---
  duration_ms: 0.424417
  type: 'test'
  ...
# Subtest: PV-73 · smoke 步的 “· Answered” 状态词只在成功后出现，字承担完成态
ok 476 - PV-73 · smoke 步的 “· Answered” 状态词只在成功后出现，字承担完成态
  ---
  duration_ms: 0.279125
  type: 'test'
  ...
# Subtest: WK-108 · 探测控件只出现在表单里写得出 Base URL 的那条路径上
ok 477 - WK-108 · 探测控件只出现在表单里写得出 Base URL 的那条路径上
  ---
  duration_ms: 0.069792
  type: 'test'
  ...
# Subtest: WK-108 · 请求体逐字按文档：三个字段，无 key 省略字段，不加 header
ok 478 - WK-108 · 请求体逐字按文档：三个字段，无 key 省略字段，不加 header
  ---
  duration_ms: 0.287875
  type: 'test'
  ...
# Subtest: WK-108 · 结果原样呈现后端 status 与 message；ok 不被改写成一句更强的话
ok 479 - WK-108 · 结果原样呈现后端 status 与 message；ok 不被改写成一句更强的话
  ---
  duration_ms: 0.472208
  type: 'test'
  ...
# Subtest: PV-24 · 目录报来的模型 ID 进入这条连接的 Model 列表，并随连接保存
ok 480 - PV-24 · 目录报来的模型 ID 进入这条连接的 Model 列表，并随连接保存
  ---
  duration_ms: 0.365708
  type: 'test'
  ...
# Subtest: BE02 契约 · 凭据请求体的键是连接 id，不是 provider 身份
ok 481 - BE02 契约 · 凭据请求体的键是连接 id，不是 provider 身份
  ---
  duration_ms: 0.192167
  type: 'test'
  ...
# Subtest: PV-M-1 · 两处写入合一：任一处保存都不清掉另一处的字段
ok 482 - PV-M-1 · 两处写入合一：任一处保存都不清掉另一处的字段
  ---
  duration_ms: 0.203459
  type: 'test'
  ...
# Subtest: PV-53 · 模型选择器的用户连接分组标签是它的端点主机名，取不到注册表时退回 id
ok 483 - PV-53 · 模型选择器的用户连接分组标签是它的端点主机名，取不到注册表时退回 id
  ---
  duration_ms: 0.0965
  type: 'test'
  ...
# Subtest: PV-27 · 未知与 unsupported 都用 provider default；enum 按 API 精确列值
ok 484 - PV-27 · 未知与 unsupported 都用 provider default；enum 按 API 精确列值
  ---
  duration_ms: 0.314
  type: 'test'
  ...
# Subtest: PV-61 · reasoningSource:"unknown" 换成真话，不再替目录说它没说过的话
ok 485 - PV-61 · reasoningSource:"unknown" 换成真话，不再替目录说它没说过的话
  ---
  duration_ms: 0.036166
  type: 'test'
  ...
# Subtest: 项 7 · origin:"connection" 的模型在选择器路由行追加一句，目录原生行不追加
ok 486 - 项 7 · origin:"connection" 的模型在选择器路由行追加一句，目录原生行不追加
  ---
  duration_ms: 0.030333
  type: 'test'
  ...
# Subtest: MCP 走同一形态：六步，未交付的三步同样只留位
ok 487 - MCP 走同一形态：六步，未交付的三步同样只留位
  ---
  duration_ms: 0.048417
  type: 'test'
  ...
# Subtest: WK-105 ⑤ · 侧栏宽落进 256–280 的下沿
ok 488 - WK-105 ⑤ · 侧栏宽落进 256–280 的下沿
  ---
  duration_ms: 0.044166
  type: 'test'
  ...
# Subtest: PV-64 · 六态回执的文案映射：五类登记文案，unknown 只写原话
ok 489 - PV-64 · 六态回执的文案映射：五类登记文案，unknown 只写原话
  ---
  duration_ms: 2.888875
  type: 'test'
  ...
# Subtest: PV-42 · 连接行的最近回执：成功/失败/null 三态
ok 490 - PV-42 · 连接行的最近回执：成功/失败/null 三态
  ---
  duration_ms: 0.163583
  type: 'test'
  ...
# Subtest: 连接行 lastVerification 有值 / null 两态；configurationStatus 非 ready 时降级
ok 491 - 连接行 lastVerification 有值 / null 两态；configurationStatus 非 ready 时降级
  ---
  duration_ms: 0.191875
  type: 'test'
  ...
# Subtest: PV-63 · 自动发现的触发条件与去抖：baseUrl/key 的 input 去抖 600ms，blur 立即跑
ok 492 - PV-63 · 自动发现的触发条件与去抖：baseUrl/key 的 input 去抖 600ms，blur 立即跑
  ---
  duration_ms: 0.185166
  type: 'test'
  ...
# Subtest: PV-63/38 · “Save and ask once” 与 “Save only” 的请求序：event.submitter 分流，冒烟不自动触发
ok 493 - PV-63/38 · “Save and ask once” 与 “Save only” 的请求序：event.submitter 分流，冒烟不自动触发
  ---
  duration_ms: 0.211041
  type: 'test'
  ...
# Subtest: PV-64 · is-arrived 一帧后移除：同一帧加、下一帧 rAF 移除，交给既有过渡播放
ok 494 - PV-64 · is-arrived 一帧后移除：同一帧加、下一帧 rAF 移除，交给既有过渡播放
  ---
  duration_ms: 0.106584
  type: 'test'
  ...
# Subtest: PV-64 · “Ask again” 显式重放同一个 {connectionId, model}
ok 495 - PV-64 · “Ask again” 显式重放同一个 {connectionId, model}
  ---
  duration_ms: 0.068875
  type: 'test'
  ...
# Subtest: PV-59/63 · 键入一个模型 ID 的三步序：PUT connection → PUT config →（主动作）POST verify，中途失败停步不回滚
ok 496 - PV-59/63 · 键入一个模型 ID 的三步序：PUT connection → PUT config →（主动作）POST verify，中途失败停步不回滚
  ---
  duration_ms: 0.115166
  type: 'test'
  ...
# Subtest: PV-61 · custom model reasoning declaration records exact optional effort values
ok 497 - PV-61 · custom model reasoning declaration records exact optional effort values
  ---
  duration_ms: 0.0745
  type: 'test'
  ...
# Subtest: 回执块六态的文案落点：成功两行不着色，失败一行借 --danger，`is-asking`/`is-failed` 互斥
ok 498 - 回执块六态的文案落点：成功两行不着色，失败一行借 --danger，`is-asking`/`is-failed` 互斥
  ---
  duration_ms: 0.190958
  type: 'test'
  ...
# Subtest: bounded NDA playbook and fixture manifest are versioned and serializable
ok 499 - bounded NDA playbook and fixture manifest are versioned and serializable
  ---
  duration_ms: 0.863541
  type: 'test'
  ...
# Subtest: buildReview produces the four frozen gold outcomes with source-aware anchors
ok 500 - buildReview produces the four frozen gold outcomes with source-aware anchors
  ---
  duration_ms: 2.758084
  type: 'test'
  ...
# Subtest: verifyReview rejects self-reported conclusions, missing coverage and duplicate rules
ok 501 - verifyReview rejects self-reported conclusions, missing coverage and duplicate rules
  ---
  duration_ms: 1.238875
  type: 'test'
  ...
# Subtest: verifyReview rejects bad source anchors and reconciliation tampering
ok 502 - verifyReview rejects bad source anchors and reconciliation tampering
  ---
  duration_ms: 0.817209
  type: 'test'
  ...
# Subtest: candidate adapters are serializable and preserve proposal-only obligations
ok 503 - candidate adapters are serializable and preserve proposal-only obligations
  ---
  duration_ms: 0.696666
  type: 'test'
  ...
# Subtest: a missing source clause remains unresolved and a forged pass is rejected
ok 504 - a missing source clause remains unresolved and a forged pass is rejected
  ---
  duration_ms: 0.457625
  type: 'test'
  ...
# Subtest: source conflict and unsupported clause stay visible with bounded evidence
ok 505 - source conflict and unsupported clause stay visible with bounded evidence
  ---
  duration_ms: 0.834458
  type: 'test'
  ...
# Subtest: development and holdout fixtures are distinct but obey the same deterministic contract
ok 506 - development and holdout fixtures are distinct but obey the same deterministic contract
  ---
  duration_ms: 0.525417
  type: 'test'
  ...
# (node:10117) ExperimentalWarning: SQLite is an experimental feature and might change at any time
# (Use `node --trace-warnings ...` to show where the warning was created)
# Subtest: NDA producer receives the full submission schema and static reason contract on actual Pi wire
ok 507 - NDA producer receives the full submission schema and static reason contract on actual Pi wire
  ---
  duration_ms: 595.876542
  type: 'test'
  ...
# Subtest: a reference producer can submit from advertised vocabulary and approved sources without buildReview
ok 508 - a reference producer can submit from advertised vocabulary and approved sources without buildReview
  ---
  duration_ms: 490.15775
  type: 'test'
  ...
# (node:10206) ExperimentalWarning: SQLite is an experimental feature and might change at any time
# (Use `node --trace-warnings ...` to show where the warning was created)
# Subtest: the delivered NDA renderer is served at its declared path and carries no data channel of its own
ok 509 - the delivered NDA renderer is served at its declared path and carries no data channel of its own
  ---
  duration_ms: 194.597625
  type: 'test'
  ...
# Subtest: the packet reading takes the rules, the status words and the lineage the packet actually carries
ok 510 - the packet reading takes the rules, the status words and the lineage the packet actually carries
  ---
  duration_ms: 0.451625
  type: 'test'
  ...
# Subtest: only the advertised decisions are readable as controls, and none in read-only history
ok 511 - only the advertised decisions are readable as controls, and none in read-only history
  ---
  duration_ms: 0.379042
  type: 'test'
  ...
# Subtest: a domain payload this build cannot decode is not read as findings
ok 512 - a domain payload this build cannot decode is not read as findings
  ---
  duration_ms: 0.180458
  type: 'test'
  ...
# (node:10207) ExperimentalWarning: SQLite is an experimental feature and might change at any time
# (Use `node --trace-warnings ...` to show where the warning was created)
# Subtest: NDA through Pi: verified proposal, trusted decision, revised candidate, source history and new Session context
ok 513 - NDA through Pi: verified proposal, trusted decision, revised candidate, source history and new Session context
  ---
  duration_ms: 2253.113416
  type: 'test'
  ...
# Subtest: NDA unresolved facts remain reviewable; forged pass and attempted acceptance fail
ok 514 - NDA unresolved facts remain reviewable; forged pass and attempted acceptance fail
  ---
  duration_ms: 855.760208
  type: 'test'
  ...
# Subtest: cumulative assistant deltas and their final stay one non-pending row
ok 515 - cumulative assistant deltas and their final stay one non-pending row
  ---
  duration_ms: 0.647417
  type: 'test'
  ...
# Subtest: subsequent complete assistant messages get separate rows even with identical text
ok 516 - subsequent complete assistant messages get separate rows even with identical text
  ---
  duration_ms: 0.42525
  type: 'test'
  ...
# Subtest: a later assistant message's deltas do not overwrite the first message
ok 517 - a later assistant message's deltas do not overwrite the first message
  ---
  duration_ms: 0.333916
  type: 'test'
  ...
# Subtest: tool boundaries preserve assistant/tool/assistant order and tool result identity
ok 518 - tool boundaries preserve assistant/tool/assistant order and tool result identity
  ---
  duration_ms: 0.135875
  type: 'test'
  ...
# Subtest: assistant and tool rows stay scoped when runs reuse segment and call identities
ok 519 - assistant and tool rows stay scoped when runs reuse segment and call identities
  ---
  duration_ms: 0.213875
  type: 'test'
  ...
# Subtest: terminal run keeps an incomplete delta pending but a terminal final is settled
ok 520 - terminal run keeps an incomplete delta pending but a terminal final is settled
  ---
  duration_ms: 0.067583
  type: 'test'
  ...
# Subtest: assistant time uses only its matching recorded Run start, never a redraw clock
ok 521 - assistant time uses only its matching recorded Run start, never a redraw clock
  ---
  duration_ms: 0.140042
  type: 'test'
  ...
# Subtest: message time has readable provenance content without naming the native time role
ok 522 - message time has readable provenance content without naming the native time role
  ---
  duration_ms: 23.826542
  type: 'test'
  ...
# (node:10259) ExperimentalWarning: SQLite is an experimental feature and might change at any time
# (Use `node --trace-warnings ...` to show where the warning was created)
# Subtest: permission CAS mismatches leave pending question, waiter, events and persisted bytes untouched
ok 523 - permission CAS mismatches leave pending question, waiter, events and persisted bytes untouched
  ---
  duration_ms: 514.446084
  type: 'test'
  ...
# Subtest: each expectation is independently optional and malformed expectations are 400
ok 524 - each expectation is independently optional and malformed expectations are 400
  ---
  duration_ms: 1571.399709
  type: 'test'
  ...
# Subtest: CAS comparison happens inside the mutation queue after a stale service read
ok 525 - CAS comparison happens inside the mutation queue after a stale service read
  ---
  duration_ms: 438.107875
  type: 'test'
  ...
# Subtest: two matching concurrent answers still resolve at most once
ok 526 - two matching concurrent answers still resolve at most once
  ---
  duration_ms: 982.163334
  type: 'test'
  ...
# Subtest: ask_user does not accept permission expectations
ok 527 - ask_user does not accept permission expectations
  ---
  duration_ms: 1001.247458
  type: 'test'
  ...
# (node:10593) ExperimentalWarning: SQLite is an experimental feature and might change at any time
# (Use `node --trace-warnings ...` to show where the warning was created)
# Subtest: T-PERM-1: ask mode + allow lets ws_write succeed
ok 528 - T-PERM-1: ask mode + allow lets ws_write succeed
  ---
  duration_ms: 373.676333
  type: 'test'
  ...
# Subtest: T-PERM-2: ask mode + deny returns isError and writes nothing
ok 529 - T-PERM-2: ask mode + deny returns isError and writes nothing
  ---
  duration_ms: 718.834084
  type: 'test'
  ...
# Subtest: T-PERM-3: cancel while waiting on a permission leaves no file and Run cancelled
ok 530 - T-PERM-3: cancel while waiting on a permission leaves no file and Run cancelled
  ---
  duration_ms: 291.930833
  type: 'test'
  ...
# Subtest: read_only permission mode never injects ws_write
ok 531 - read_only permission mode never injects ws_write
  ---
  duration_ms: 202.689125
  type: 'test'
  ...
# Subtest: T-PERM-4: the allowed write matches the approved contentSha256
ok 532 - T-PERM-4: the allowed write matches the approved contentSha256
  ---
  duration_ms: 784.623833
  type: 'test'
  ...
# Subtest: T-PERM-5: changed parameters open a new permission and the old questionId is dead
ok 533 - T-PERM-5: changed parameters open a new permission and the old questionId is dead
  ---
  duration_ms: 999.092333
  type: 'test'
  ...
# Subtest: toStatTiles reads the three sets' totals in the window the backend can express
ok 534 - toStatTiles reads the three sets' totals in the window the backend can express
  ---
  duration_ms: 1.331834
  type: 'test'
  ...
# Subtest: a set the answer did not carry reads as words, never as a zero
ok 535 - a set the answer did not carry reads as words, never as a zero
  ---
  duration_ms: 0.083208
  type: 'test'
  ...
# Subtest: the caption states the scope it was actually given
ok 536 - the caption states the scope it was actually given
  ---
  duration_ms: 0.149542
  type: 'test'
  ...
# Subtest: toWorkCards passes recorded fields through and names the missing ones
ok 537 - toWorkCards passes recorded fields through and names the missing ones
  ---
  duration_ms: 0.145541
  type: 'test'
  ...
# Subtest: pending rows keep the server's own request word and invent no run state
ok 538 - pending rows keep the server's own request word and invent no run state
  ---
  duration_ms: 0.105708
  type: 'test'
  ...
# Subtest: inspection rows keep unknown apart from failed and report a missing code as null
ok 539 - inspection rows keep unknown apart from failed and report a missing code as null
  ---
  duration_ms: 0.086917
  type: 'test'
  ...
# Subtest: adapters do not read the clock
ok 540 - adapters do not read the clock
  ---
  duration_ms: 0.077792
  type: 'test'
  ...
# Subtest: the recorded story is a work-only sample: no host facts, every entry a 2xx work read
ok 541 - the recorded story is a work-only sample: no host facts, every entry a 2xx work read
  ---
  duration_ms: 0.661042
  type: 'test'
  ...
# Subtest: entry: only a workspace with no projects and nothing remembered enters on its own
ok 542 - entry: only a workspace with no projects and nothing remembered enters on its own
  ---
  duration_ms: 0.349541
  type: 'test'
  ...
# Subtest: inactive, the layer answers nothing; active, it answers work reads from the story and leaves host reads alone
ok 543 - inactive, the layer answers nothing; active, it answers work reads from the story and leaves host reads alone
  ---
  duration_ms: 0.983416
  type: 'test'
  ...
# Subtest: reads of an example object that were not recorded fail as not found; reads of real objects pass through
ok 544 - reads of an example object that were not recorded fail as not found; reads of real objects pass through
  ---
  duration_ms: 0.174958
  type: 'test'
  ...
# Subtest: writes: drafts on example chats are a no-op, every other write against an example object is refused with a sentence, real writes pass
ok 545 - writes: drafts on example chats are a no-op, every other write against an example object is refused with a sentence, real writes pass
  ---
  duration_ms: 0.5725
  type: 'test'
  ...
# Subtest: mutation bodies cannot target an example object through an ID-free route
ok 546 - mutation bodies cannot target an example object through an ID-free route
  ---
  duration_ms: 0.15075
  type: 'test'
  ...
# Subtest: aggregate preview reads are bypassed only after real project context exists
ok 547 - aggregate preview reads are bypassed only after real project context exists
  ---
  duration_ms: 0.052625
  type: 'test'
  ...
# Subtest: exit: an admitted real run establishes the workspace for good; leaving by hand only remembers 'off' and can be reopened
ok 548 - exit: an admitted real run establishes the workspace for good; leaving by hand only remembers 'off' and can be reopened
  ---
  duration_ms: 0.202875
  type: 'test'
  ...
# Subtest: a broken storage is survivable: memory reads null, writes are dropped
ok 549 - a broken storage is survivable: memory reads null, writes are dropped
  ---
  duration_ms: 0.326
  type: 'test'
  ...
# Subtest: FE-04 · 在途词只有一个，且只在在途时出现
ok 550 - FE-04 · 在途词只有一个，且只在在途时出现
  ---
  duration_ms: 0.838209
  type: 'test'
  ...
# Subtest: FE-04 / M-9 · 五个送出一次决定的控件都经过同一个在途词，且保持静止态宽度
ok 551 - FE-04 / M-9 · 五个送出一次决定的控件都经过同一个在途词，且保持静止态宽度
  ---
  duration_ms: 0.394459
  type: 'test'
  ...
# Subtest: FE-04 · cancel requested 不把 Run 说成 stopped
ok 552 - FE-04 · cancel requested 不把 Run 说成 stopped
  ---
  duration_ms: 0.102792
  type: 'test'
  ...
# Subtest: FE-04 · 在途的是哪一个决定也是事实，回执到达时一并撤掉
ok 553 - FE-04 · 在途的是哪一个决定也是事实，回执到达时一并撤掉
  ---
  duration_ms: 0.083666
  type: 'test'
  ...
# Subtest: FE-04 · 重试之前撤掉上一次的失败，两卡一致
ok 554 - FE-04 · 重试之前撤掉上一次的失败，两卡一致
  ---
  duration_ms: 0.163167
  type: 'test'
  ...
# Subtest: FE-04 · 问题卡的提交失败会被读出来
ok 555 - FE-04 · 问题卡的提交失败会被读出来
  ---
  duration_ms: 0.097417
  type: 'test'
  ...
# Subtest: FE-04 · Failed 与 Interrupted 由两个不同的事实给出
ok 556 - FE-04 · Failed 与 Interrupted 由两个不同的事实给出
  ---
  duration_ms: 0.2725
  type: 'test'
  ...
# Subtest: FE-04 · 授权卡上不存在 always-allow 这一档
ok 557 - FE-04 · 授权卡上不存在 always-allow 这一档
  ---
  duration_ms: 0.202375
  type: 'test'
  ...
# Subtest: FE-04 · inbox 键盘没有批量键与数字键
ok 558 - FE-04 · inbox 键盘没有批量键与数字键
  ---
  duration_ms: 0.784916
  type: 'test'
  ...
# Subtest: every registry glyph is in the sprite and in the ui-controls allowlist
ok 559 - every registry glyph is in the sprite and in the ui-controls allowlist
  ---
  duration_ms: 0.491458
  type: 'test'
  ...
# Subtest: offline icon geometry reproduces every pinned sprite shape without changes
ok 560 - offline icon geometry reproduces every pinned sprite shape without changes
  ---
  duration_ms: 1.516209
  type: 'test'
  ...
# Subtest: recreated controls contain local shapes and retain their action after disconnection
ok 561 - recreated controls contain local shapes and retain their action after disconnection
  ---
  duration_ms: 1.729667
  type: 'test'
  ...
# Subtest: disclosure rows use a native SVG chevron without changing the summary or its name
ok 562 - disclosure rows use a native SVG chevron without changing the summary or its name
  ---
  duration_ms: 0.306
  type: 'test'
  ...
# Subtest: sprite symbols are exactly the pinned Lucide files plus the CourtWork domain files, with recorded hashes
ok 563 - sprite symbols are exactly the pinned Lucide files plus the CourtWork domain files, with recorded hashes
  ---
  duration_ms: 5.816208
  type: 'test'
  ...
# Subtest: domain glyphs follow the admitted geometry contract
ok 564 - domain glyphs follow the admitted geometry contract
  ---
  duration_ms: 0.461792
  type: 'test'
  ...
# Subtest: Spark, Attention and Chat seats and the Settings groups carry their registered glyphs
ok 565 - Spark, Attention and Chat seats and the Settings groups carry their registered glyphs
  ---
  duration_ms: 0.98825
  type: 'test'
  ...
# Subtest: registry owners and generated browser projection agree
ok 566 - registry owners and generated browser projection agree
  ---
  duration_ms: 13.379375
  type: 'test'
  ...
# Subtest: single-purpose collisions fail while contextual shared geometry is admitted
ok 567 - single-purpose collisions fail while contextual shared geometry is admitted
  ---
  duration_ms: 0.930334
  type: 'test'
  ...
# Subtest: unknown geometry and unapproved identity state variants fail
ok 568 - unknown geometry and unapproved identity state variants fail
  ---
  duration_ms: 0.39425
  type: 'test'
  ...
# Subtest: contextual names are complete, no-icon and Pages representations are legal
ok 569 - contextual names are complete, no-icon and Pages representations are legal
  ---
  duration_ms: 0.289417
  type: 'test'
  ...
# Subtest: semantic action preserves existing control anatomy and handler
ok 570 - semantic action preserves existing control anatomy and handler
  ---
  duration_ms: 0.824959
  type: 'test'
  ...
# Subtest: migrated workspace close/add controls cannot return to raw glyph calls
ok 571 - migrated workspace close/add controls cannot return to raw glyph calls
  ---
  duration_ms: 1.227084
  type: 'test'
  ...
# Subtest: Pages text projection cannot leak its App glyph, malformed owner and representations fail
ok 572 - Pages text projection cannot leak its App glyph, malformed owner and representations fail
  ---
  duration_ms: 0.42525
  type: 'test'
  ...
# Subtest: actual workspace consumers preserve callbacks and contextual names
ok 573 - actual workspace consumers preserve callbacks and contextual names
  ---
  duration_ms: 3.1205
  type: 'test'
  ...
# Subtest: domain navigation preserves its handler with a visible label and glyph
ok 574 - domain navigation preserves its handler with a visible label and glyph
  ---
  duration_ms: 0.498125
  type: 'test'
  ...
# (node:11042) ExperimentalWarning: SQLite is an experimental feature and might change at any time
# (Use `node --trace-warnings ...` to show where the warning was created)
# Subtest: unassigned chats run with ordinary tools, isolated files/configuration, and restore by Session ID
ok 575 - unassigned chats run with ordinary tools, isolated files/configuration, and restore by Session ID
  ---
  duration_ms: 653.061458
  type: 'test'
  ...
# Subtest: unassigned coordination scope does not merge all null-project conversations
ok 576 - unassigned coordination scope does not merge all null-project conversations
  ---
  duration_ms: 45.640375
  type: 'test'
  ...
# Subtest: schema13 upgrades byte-backed identities and configuration without resetting declared capabilities or CAS
ok 577 - schema13 upgrades byte-backed identities and configuration without resetting declared capabilities or CAS
  ---
  duration_ms: 128.748667
  type: 'test'
  ...
# Subtest: summary labels use explicit Session scope, never null project as Attention authority
ok 578 - summary labels use explicit Session scope, never null project as Attention authority
  ---
  duration_ms: 0.463959
  type: 'test'
  ...
# (node:11500) ExperimentalWarning: SQLite is an experimental feature and might change at any time
# (Use `node --trace-warnings ...` to show where the warning was created)
# Subtest: PV-54: both consumers use one pure provider projection, preserving existing exports
ok 579 - PV-54: both consumers use one pure provider projection, preserving existing exports
  ---
  duration_ms: 4.87025
  type: 'test'
  ...
# Subtest: PV-54: the real host serves exactly the shared projection module
ok 580 - PV-54: the real host serves exactly the shared projection module
  ---
  duration_ms: 109.761958
  type: 'test'
  ...
# (node:11501) ExperimentalWarning: SQLite is an experimental feature and might change at any time
# (Use `node --trace-warnings ...` to show where the warning was created)
# Subtest: PV-32 · 旧 credentials.json 的 provider 键一次性迁到连接 id
ok 581 - PV-32 · 旧 credentials.json 的 provider 键一次性迁到连接 id
  ---
  duration_ms: 182.474709
  type: 'test'
  ...
# Subtest: PV-25 · 兼容连接：发现 → 保存 → 选中 → 真跑一次 run，run 记录读得出连接与凭据来源
ok 582 - PV-25 · 兼容连接：发现 → 保存 → 选中 → 真跑一次 run，run 记录读得出连接与凭据来源
  ---
  duration_ms: 418.083667
  type: 'test'
  ...
# Subtest: PV-26 · 两条连接各持自己的 key，互不覆盖
ok 583 - PV-26 · 两条连接各持自己的 key，互不覆盖
  ---
  duration_ms: 774.575958
  type: 'test'
  ...
# Subtest: PV-31 · 用户连接注册在独立 provider id 上，删除即注销
ok 584 - PV-31 · 用户连接注册在独立 provider id 上，删除即注销
  ---
  duration_ms: 102.851166
  type: 'test'
  ...
# Subtest: PV-30 · 未知 contextWindow 不猜值：关压缩并显式记录，用户填值后来源标为 user
ok 585 - PV-30 · 未知 contextWindow 不猜值：关压缩并显式记录，用户填值后来源标为 user
  ---
  duration_ms: 623.097834
  type: 'test'
  ...
# Subtest: PV-24 · 零成本的 Model 记录不会在 usage 面变成事实上的 $0
ok 586 - PV-24 · 零成本的 Model 记录不会在 usage 面变成事实上的 $0
  ---
  duration_ms: 273.882833
  type: 'test'
  ...
# Subtest: 重启后连接与凭据仍可用；列表落空的连接不阻止启动
ok 587 - 重启后连接与凭据仍可用；列表落空的连接不阻止启动
  ---
  duration_ms: 200.977292
  type: 'test'
  ...
# Subtest: PV-34 · 保存失败区分认证失败 / 目录不可达 / 模型不在该目录
ok 588 - PV-34 · 保存失败区分认证失败 / 目录不可达 / 模型不在该目录
  ---
  duration_ms: 68.050083
  type: 'test'
  ...
# Subtest: 连接的增删改查受同一条配置队列与 active_run 冻结约束
ok 589 - 连接的增删改查受同一条配置队列与 active_run 冻结约束
  ---
  duration_ms: 472.529833
  type: 'test'
  ...
# Subtest: T-CRED · 用户连接路径同样不读 HOME/.pi 与环境变量
ok 590 - T-CRED · 用户连接路径同样不读 HOME/.pi 与环境变量
  ---
  duration_ms: 256.159625
  type: 'test'
  ...
# (node:11518) ExperimentalWarning: SQLite is an experimental feature and might change at any time
# (Use `node --trace-warnings ...` to show where the warning was created)
# Subtest: PV-59 · 目录连接 PUT 只接受 models；api/baseUrl/apiKey 出现即 400
ok 591 - PV-59 · 目录连接 PUT 只接受 models；api/baseUrl/apiKey 出现即 400
  ---
  duration_ms: 111.678125
  type: 'test'
  ...
# Subtest: PV-59 · 追加的模型 id 不得与已装目录冲突
ok 592 - PV-59 · 追加的模型 id 不得与已装目录冲突
  ---
  duration_ms: 81.560417
  type: 'test'
  ...
# Subtest: PV-59 · 目录连接加一个不在已装目录的模型：可保存、可选为生效、run 发起门放行；删掉后 run 发起门 503；原生模型仍可解析
ok 593 - PV-59 · 目录连接加一个不在已装目录的模型：可保存、可选为生效、run 发起门放行；删掉后 run 发起门 503；原生模型仍可解析
  ---
  duration_ms: 685.720792
  type: 'test'
  ...
# Subtest: reasoning capability · legacy 三态保留但不生成伪档位，显式 effort list 才提供具体档位
ok 594 - reasoning capability · legacy 三态保留但不生成伪档位，显式 effort list 才提供具体档位
  ---
  duration_ms: 78.958625
  type: 'test'
  ...
# Subtest: PV-62/PV-84 · verify 四类 fixture 结果：成功 ok、401→authentication_failed、未知模型→http_error、不可达→unreachable，且不冒充精度
ok 595 - PV-62/PV-84 · verify 四类 fixture 结果：成功 ok、401→authentication_failed、未知模型→http_error、不可达→unreachable，且不冒充精度
  ---
  duration_ms: 130.165209
  type: 'test'
  ...
# Subtest: PV-62 · verify 的三道门：模型不可准入 400、连接无凭据 400、活动 run 期间 409
ok 596 - PV-62 · verify 的三道门：模型不可准入 400、连接无凭据 400、活动 run 期间 409
  ---
  duration_ms: 1770.682166
  type: 'test'
  ...
# Subtest: PV-42 · 回执绑定失配返回 null；重启后额外模型与回执可用
ok 597 - PV-42 · 回执绑定失配返回 null；重启后额外模型与回执可用
  ---
  duration_ms: 212.587459
  type: 'test'
  ...
# Subtest: T-CRED-VERIFY · fixture 除外：fake 连接的 verify 不要求预先配置凭据；兼容连接仍要求，且不读 HOME/.pi 与环境变量
ok 598 - T-CRED-VERIFY · fixture 除外：fake 连接的 verify 不要求预先配置凭据；兼容连接仍要求，且不读 HOME/.pi 与环境变量
  ---
  duration_ms: 81.168291
  type: 'test'
  ...
# (node:11634) ExperimentalWarning: SQLite is an experimental feature and might change at any time
# (Use `node --trace-warnings ...` to show where the warning was created)
# Subtest: provider preview HTTP contract, bounds, authentication and unchanged runtime
ok 599 - provider preview HTTP contract, bounds, authentication and unchanged runtime
  ---
  duration_ms: 10714.653125
  type: 'test'
  ...
# (node:12068) ExperimentalWarning: SQLite is an experimental feature and might change at any time
# (Use `node --trace-warnings ...` to show where the warning was created)
# Subtest: openai-completions: real SDK tool loop, stable consecutive prefix, cache usage and restart
ok 600 - openai-completions: real SDK tool loop, stable consecutive prefix, cache usage and restart
  ---
  duration_ms: 1152.777917
  type: 'test'
  ...
# Subtest: openai-responses: real SDK tool loop, stable consecutive prefix, cache usage and restart
ok 601 - openai-responses: real SDK tool loop, stable consecutive prefix, cache usage and restart
  ---
  duration_ms: 1283.880709
  type: 'test'
  ...
# Subtest: schema13 upgrade preserves every schema11 pending operation, including missing-record recovery
ok 602 - schema13 upgrade preserves every schema11 pending operation, including missing-record recovery
  ---
  duration_ms: 144.333625
  type: 'test'
  ...
# (node:12167) ExperimentalWarning: SQLite is an experimental feature and might change at any time
# (Use `node --trace-warnings ...` to show where the warning was created)
# Subtest: verify resolves active identity API/endpoint overrides without leaking them to another connection
ok 603 - verify resolves active identity API/endpoint overrides without leaking them to another connection
  ---
  duration_ms: 119.087208
  type: 'test'
  ...
# (node:12403) ExperimentalWarning: SQLite is an experimental feature and might change at any time
# (Use `node --trace-warnings ...` to show where the warning was created)
# Subtest: HYP-01: abort before openQuestion waiter is installed does not hang
ok 604 - HYP-01: abort before openQuestion waiter is installed does not hang
  ---
  duration_ms: 158.159541
  type: 'test'
  ...
# (node:12654) ExperimentalWarning: SQLite is an experimental feature and might change at any time
# (Use `node --trace-warnings ...` to show where the warning was created)
# Subtest: release capability lifecycle: advertise, effect, suspend, restore, and restart stay bound
ok 605 - release capability lifecycle: advertise, effect, suspend, restore, and restart stay bound
  ---
  duration_ms: 2430.131167
  type: 'test'
  ...
# (node:12893) ExperimentalWarning: SQLite is an experimental feature and might change at any time
# (Use `node --trace-warnings ...` to show where the warning was created)
# Subtest: release input binding: initial context and runtime_load keep source identity without granting tools
ok 606 - release input binding: initial context and runtime_load keep source identity without granting tools
  ---
  duration_ms: 335.122667
  type: 'test'
  ...
# Subtest: release input binding: compaction cannot expand a replacement binding or rewrite an old one
ok 607 - release input binding: compaction cannot expand a replacement binding or rewrite an old one
  ---
  duration_ms: 748.892583
  type: 'test'
  ...
# Subtest: release input binding: aggregate compiled context is rejected before Run identity exists
ok 608 - release input binding: aggregate compiled context is rejected before Run identity exists
  ---
  duration_ms: 71.246292
  type: 'test'
  ...
# (node:13211) ExperimentalWarning: SQLite is an experimental feature and might change at any time
# (Use `node --trace-warnings ...` to show where the warning was created)
# Subtest: DF06 MCP permission denial records no dispatch intent and reaches no remote effect
ok 609 - DF06 MCP permission denial records no dispatch intent and reaches no remote effect
  ---
  duration_ms: 604.487417
  type: 'test'
  ...
# Subtest: DF06 cancelling a pending MCP approval ends cancelled without dispatch or effect
ok 610 - DF06 cancelling a pending MCP approval ends cancelled without dispatch or effect
  ---
  duration_ms: 501.926291
  type: 'test'
  ...
# Subtest: DF06 failed MCP result-receipt persistence fences one remote effect and never replays after reopen
ok 611 - DF06 failed MCP result-receipt persistence fences one remote effect and never replays after reopen
  ---
  duration_ms: 649.779791
  type: 'test'
  ...
# (node:13212) ExperimentalWarning: SQLite is an experimental feature and might change at any time
# (Use `node --trace-warnings ...` to show where the warning was created)
# Subtest: NDA renderer is an exact declared path: missing is 404, present bytes are served, siblings stay private
ok 612 - NDA renderer is an exact declared path: missing is 404, present bytes are served, siblings stay private
  ---
  duration_ms: 817.034416
  type: 'test'
  ...
# (node:13256) ExperimentalWarning: SQLite is an experimental feature and might change at any time
# (Use `node --trace-warnings ...` to show where the warning was created)
# Subtest: host stream observation separates first output/text and preserves terminal identity without claiming TPS
ok 613 - host stream observation separates first output/text and preserves terminal identity without claiming TPS
  ---
  duration_ms: 2.340709
  type: 'test'
  ...
# Subtest: provider-default payload omits generated reasoning controls after the existing callback
ok 614 - provider-default payload omits generated reasoning controls after the existing callback
  ---
  duration_ms: 0.398042
  type: 'test'
  ...
# Subtest: explicit effort uses the declared adapter mapping and provider identity, not endpoint hostname
ok 615 - explicit effort uses the declared adapter mapping and provider identity, not endpoint hostname
  ---
  duration_ms: 0.106375
  type: 'test'
  ...
# Subtest: production compatible registration pins generic reasoning on heuristic-looking loopback paths
ok 616 - production compatible registration pins generic reasoning on heuristic-looking loopback paths
  ---
  duration_ms: 92.58875
  type: 'test'
  ...
# Subtest: capability projection admits only values the selected adapter can encode
ok 617 - capability projection admits only values the selected adapter can encode
  ---
  duration_ms: 0.16775
  type: 'test'
  ...
# Subtest: request telemetry keeps SDK setting provenance and a safe capability snapshot
ok 618 - request telemetry keeps SDK setting provenance and a safe capability snapshot
  ---
  duration_ms: 0.382541
  type: 'test'
  ...
# Subtest: interrupted stream and dispatch error do not report successful usage
ok 619 - interrupted stream and dispatch error do not report successful usage
  ---
  duration_ms: 0.253084
  type: 'test'
  ...
# Subtest: result-only SDK calls still emit a terminal request measurement exactly once
ok 620 - result-only SDK calls still emit a terminal request measurement exactly once
  ---
  duration_ms: 0.116916
  type: 'test'
  ...
# Subtest: provider response identifiers stay separate from runtime identity without forwarding extra metadata
ok 621 - provider response identifiers stay separate from runtime identity without forwarding extra metadata
  ---
  duration_ms: 0.394833
  type: 'test'
  ...
# Subtest: effort is capability checked and recorded by real local SDK requests
ok 622 - effort is capability checked and recorded by real local SDK requests
  ---
  duration_ms: 376.58075
  type: 'test'
  ...
# Subtest: malformed measurement records are omitted before rendering
ok 623 - malformed measurement records are omitted before rendering
  ---
  duration_ms: 0.120542
  type: 'test'
  ...
# Subtest: schema6 migration preserves both global and project sessions
ok 624 - schema6 migration preserves both global and project sessions
  ---
  duration_ms: 93.384125
  type: 'test'
  ...
# Subtest: no ready frame rejects within readyTimeoutMs and reaps the failed worker
ok 625 - no ready frame rejects within readyTimeoutMs and reaps the failed worker
  ---
  duration_ms: 90.838417
  type: 'test'
  ...
# Subtest: a request with no response times out, clears pending, and reaps the transport
ok 626 - a request with no response times out, clears pending, and reaps the transport
  ---
  duration_ms: 139.091208
  type: 'test'
  ...
# Subtest: close ignores a missing close acknowledgement, is bounded, and reaps the worker
ok 627 - close ignores a missing close acknowledgement, is bounded, and reaps the worker
  ---
  duration_ms: 32.984834
  type: 'test'
  ...
# Subtest: a partial response frame is bounded by the request deadline and the transport is reaped
ok 628 - a partial response frame is bounded by the request deadline and the transport is reaped
  ---
  duration_ms: 133.546541
  type: 'test'
  ...
# Subtest: invalid JSON invalidates and reaps the transport
ok 629 - invalid JSON invalidates and reaps the transport
  ---
  duration_ms: 33.6025
  type: 'test'
  ...
# Subtest: an oversized unterminated frame is rejected before unbounded buffering
ok 630 - an oversized unterminated frame is rejected before unbounded buffering
  ---
  duration_ms: 41.620875
  type: 'test'
  ...
# Subtest: stderr is capped while a failed request is cleaned up
ok 631 - stderr is capped while a failed request is cleaned up
  ---
  duration_ms: 136.465917
  type: 'test'
  ...
# Subtest: concurrent starts share one worker and one readiness result
ok 632 - concurrent starts share one worker and one readiness result
  ---
  duration_ms: 34.777375
  type: 'test'
  ...
# Subtest: close during startup rejects start and reaps the child
ok 633 - close during startup rejects start and reaps the child
  ---
  duration_ms: 3.008
  type: 'test'
  ...
# Subtest: maxPending rejects excess calls and failed transport cleanup leaves no pending entries
ok 634 - maxPending rejects excess calls and failed transport cleanup leaves no pending entries
  ---
  duration_ms: 133.938708
  type: 'test'
  ...
# Subtest: a failed transport can restart after its child has been reaped
ok 635 - a failed transport can restart after its child has been reaped
  ---
  duration_ms: 66.753
  type: 'test'
  ...
# Subtest: late events from an old generation cannot satisfy or damage the replacement
ok 636 - late events from an old generation cannot satisfy or damage the replacement
  ---
  duration_ms: 185.457708
  type: 'test'
  ...
# Subtest: close rejects in-flight admissions, then permits a reaped replacement generation
ok 637 - close rejects in-flight admissions, then permits a reaped replacement generation
  ---
  duration_ms: 62.914542
  type: 'test'
  ...
# Subtest: Runtime11 migrates a real schema10 byte sequence, preserves provider fields, and fences the old host
ok 638 - Runtime11 migrates a real schema10 byte sequence, preserves provider fields, and fences the old host
  ---
  duration_ms: 395.183209
  type: 'test'
  ...
# Subtest: a fixed schema10 host can read an exact schema10 backup in an independent directory
ok 639 - a fixed schema10 host can read an exact schema10 backup in an independent directory
  ---
  duration_ms: 329.061833
  type: 'test'
  ...
# Subtest: Runtime11 pending configuration markers survive reopen and finish durably
ok 640 - Runtime11 pending configuration markers survive reopen and finish durably
  ---
  duration_ms: 159.887792
  type: 'test'
  ...
# Subtest: Runtime11 refuses a malformed pending marker without changing the original bytes
ok 641 - Runtime11 refuses a malformed pending marker without changing the original bytes
  ---
  duration_ms: 115.598625
  type: 'test'
  ...
# (node:13543) ExperimentalWarning: SQLite is an experimental feature and might change at any time
# (Use `node --trace-warnings ...` to show where the warning was created)
# Subtest: Q02 · HTTP/store field boundaries preserve valid Unicode and reject controls without changing files
ok 642 - Q02 · HTTP/store field boundaries preserve valid Unicode and reject controls without changing files
  ---
  duration_ms: 308.215
  type: 'test'
  ...
# Subtest: Q02 · a 240-character model and 2048-character endpoint survive reopen and keep the execution descriptor
ok 643 - Q02 · a 240-character model and 2048-character endpoint survive reopen and keep the execution descriptor
  ---
  duration_ms: 788.574125
  type: 'test'
  ...
# Subtest: Q02 · registration failure leaves a recoverable record without a ghost provider
ok 644 - Q02 · registration failure leaves a recoverable record without a ghost provider
  ---
  duration_ms: 85.908459
  type: 'test'
  ...
# Subtest: Q02 · a provider store failure can be retried with PUT and does not publish a ghost registration
ok 645 - Q02 · a provider store failure can be retried with PUT and does not publish a ghost registration
  ---
  duration_ms: 80.337875
  type: 'test'
  ...
# Subtest: Q02 · replacing a connection fences the route when the new store write fails, then recovers after restart
ok 646 - Q02 · replacing a connection fences the route when the new store write fails, then recovers after restart
  ---
  duration_ms: 149.105583
  type: 'test'
  ...
# Subtest: Q02 · credential file, runtime key, and generation failures remain inspectable and retryable
    # Subtest: runtime-key
    ok 1 - runtime-key
      ---
      duration_ms: 87.585916
      type: 'test'
      ...
    # Subtest: credential-path
    ok 2 - credential-path
      ---
      duration_ms: 104.693458
      type: 'test'
      ...
    # Subtest: generation
    ok 3 - generation
      ---
      duration_ms: 90.453667
      type: 'test'
      ...
    1..3
ok 647 - Q02 · credential file, runtime key, and generation failures remain inspectable and retryable
  ---
  duration_ms: 283.226916
  type: 'test'
  ...
# Subtest: Q02 · credential_delete explicitly abandons a pending credential_set and clears its key
ok 648 - Q02 · credential_delete explicitly abandons a pending credential_set and clears its key
  ---
  duration_ms: 77.404291
  type: 'test'
  ...
# Subtest: Q02 · a final pending-marker persist failure fences an already-applied credential until the same retry
ok 649 - Q02 · a final pending-marker persist failure fences an already-applied credential until the same retry
  ---
  duration_ms: 78.863208
  type: 'test'
  ...
# Subtest: Q02 · startup skips pending registration/key load, preserves receipt replay, and only same-operation retry clears it
ok 650 - Q02 · startup skips pending registration/key load, preserves receipt replay, and only same-operation retry clears it
  ---
  duration_ms: 318.044334
  type: 'test'
  ...
# Subtest: Q02 · a pending delete with a missing record can be retried to clean credentials
ok 651 - Q02 · a pending delete with a missing record can be retried to clean credentials
  ---
  duration_ms: 162.163333
  type: 'test'
  ...
# Subtest: activity stops on wait, disconnect and terminal state without inventing cancellation acceptance
ok 652 - activity stops on wait, disconnect and terminal state without inventing cancellation acceptance
  ---
  duration_ms: 0.561917
  type: 'test'
  ...
# Subtest: word clock survives polling, announces facts once, and stale callbacks cannot revive old work
ok 653 - word clock survives polling, announces facts once, and stale callbacks cannot revive old work
  ---
  duration_ms: 1.1915
  type: 'test'
  ...
# Subtest: Attention can subtract measurement actions without removing the status fact
ok 654 - Attention can subtract measurement actions without removing the status fact
  ---
  duration_ms: 0.815917
  type: 'test'
  ...
# Subtest: process phrases follow exact tool/notice lifecycles and never turn prose into a progress claim
ok 655 - process phrases follow exact tool/notice lifecycles and never turn prose into a progress claim
  ---
  duration_ms: 0.226792
  type: 'test'
  ...
# Subtest: Context reads the selected Run only, preserves missing and zero, and never computes capacity usage
ok 656 - Context reads the selected Run only, preserves missing and zero, and never computes capacity usage
  ---
  duration_ms: 12.594708
  type: 'test'
  ...
# (node:13612) ExperimentalWarning: SQLite is an experimental feature and might change at any time
# (Use `node --trace-warnings ...` to show where the warning was created)
# Subtest: BG02-T1: a cancelled, a failed and a restart-unknown Run can each be continued, and the continued Run is unchanged
ok 657 - BG02-T1: a cancelled, a failed and a restart-unknown Run can each be continued, and the continued Run is unchanged
  ---
  duration_ms: 15121.688875
  type: 'test'
  ...
# Subtest: BG02-T1/T7: a Run left in flight by SIGKILL becomes unknown, keeps its lineage and can itself be continued
ok 658 - BG02-T1/T7: a Run left in flight by SIGKILL becomes unknown, keeps its lineage and can itself be continued
  ---
  duration_ms: 15018.803459
  type: 'test'
  ...
# Subtest: BG02-T2: lineage is a chain — a Run that already has a continuation refuses a second one
ok 659 - BG02-T2: lineage is a chain — a Run that already has a continuation refuses a second one
  ---
  duration_ms: 43381.528417
  type: 'test'
  ...
# Subtest: BG02-T3: completed, still-running, foreign/absent and effect-unreconciled targets are each refused
ok 660 - BG02-T3: completed, still-running, foreign/absent and effect-unreconciled targets are each refused
  ---
  duration_ms: 29502.502542
  type: 'test'
  ...
# Subtest: BG02-T4: command identity includes the lineage claim
ok 661 - BG02-T4: command identity includes the lineage claim
  ---
  duration_ms: 29146.796375
  type: 'test'
  ...
# Subtest: BG02-T5: a continuation carries its own input; the earlier prompt is not copied or replayed
ok 662 - BG02-T5: a continuation carries its own input; the earlier prompt is not copied or replayed
  ---
  duration_ms: 14833.445375
  type: 'test'
  ...
# Subtest: BG02-T6: schema 8 upgrades once with an exact backup, and an occupied backup path stops the upgrade
ok 663 - BG02-T6: schema 8 upgrades once with an exact backup, and an occupied backup path stops the upgrade
  ---
  duration_ms: 187.637833
  type: 'test'
  ...
# Subtest: BG02-T6: a schema 11 state with an impossible lineage fails closed, and the schema10 host refuses schema 11 entirely
ok 664 - BG02-T6: a schema 11 state with an impossible lineage fails closed, and the schema10 host refuses schema 11 entirely
  ---
  duration_ms: 408.872417
  type: 'test'
  ...
# Subtest: integration: main schema 9 lineage survives schema 11 provider-connection migration
ok 665 - integration: main schema 9 lineage survives schema 11 provider-connection migration
  ---
  duration_ms: 132.541542
  type: 'test'
  ...
# (node:14136) ExperimentalWarning: SQLite is an experimental feature and might change at any time
# (Use `node --trace-warnings ...` to show where the warning was created)
# Subtest: current host context reaches the model without changing user input; capabilities use the installed catalog
ok 666 - current host context reaches the model without changing user input; capabilities use the installed catalog
  ---
  duration_ms: 586.977875
  type: 'test'
  ...
# Subtest: a Run waits for its final event to persist before publishing completion
ok 667 - a Run waits for its final event to persist before publishing completion
  ---
  duration_ms: 500.373958
  type: 'test'
  ...
# Subtest: event persistence failure is reported as runtime failure instead of completion
ok 668 - event persistence failure is reported as runtime failure instead of completion
  ---
  duration_ms: 146.196083
  type: 'test'
  ...
# Subtest: CLI SIGTERM settles a waiting Run and the same data directory reopens
ok 669 - CLI SIGTERM settles a waiting Run and the same data directory reopens
  ---
  duration_ms: 1104.108083
  type: 'test'
  ...
# Subtest: runtime projection: parent/profile gates are explanations, not removable overrides
ok 670 - runtime projection: parent/profile gates are explanations, not removable overrides
  ---
  duration_ms: 0.512583
  type: 'test'
  ...
# Subtest: runtime projection: historical counts stay partial; new catalogs count admitted text only
ok 671 - runtime projection: historical counts stay partial; new catalogs count admitted text only
  ---
  duration_ms: 0.076542
  type: 'test'
  ...
# (node:14155) ExperimentalWarning: SQLite is an experimental feature and might change at any time
# (Use `node --trace-warnings ...` to show where the warning was created)
# Subtest: BE-5: POST /runtime-sources/resolve returns exact UTF-8 identity for all six inline kinds; provenance stays unverified and nothing is imported
ok 672 - BE-5: POST /runtime-sources/resolve returns exact UTF-8 identity for all six inline kinds; provenance stays unverified and nothing is imported
  ---
  duration_ms: 135.943291
  type: 'test'
  ...
# Subtest: BE-5: token, origin, content-type and body-size guards plus malformed/extra-field input follow the existing host boundaries
ok 673 - BE-5: token, origin, content-type and body-size guards plus malformed/extra-field input follow the existing host boundaries
  ---
  duration_ms: 477.512167
  type: 'test'
  ...
# Subtest: BE-5: every locator kind stays explicitly unsupported over real HTTP with an exact echo, and no content identity is invented
ok 674 - BE-5: every locator kind stays explicitly unsupported over real HTTP with an exact echo, and no content identity is invented
  ---
  duration_ms: 68.669458
  type: 'test'
  ...
# Subtest: BE-5: an isolated child probe proves locator and inline MCP resolution performs no file read, socket connect, HTTP request, fetch or child process
ok 675 - BE-5: an isolated child probe proves locator and inline MCP resolution performs no file read, socket connect, HTTP request, fetch or child process
  ---
  duration_ms: 813.155417
  type: 'test'
  ...
# Subtest: BE-5: pure resolution stays available during an active Run while config, disk, revision and the Run binding remain unchanged and nothing imports
ok 676 - BE-5: pure resolution stays available during an active Run while config, disk, revision and the Run binding remain unchanged and nothing imports
  ---
  duration_ms: 185.332042
  type: 'test'
  ...
# Subtest: BE-5: the service seam mirrors the pure resolver and adapts its 400s to the host error shape
ok 677 - BE-5: the service seam mirrors the pure resolver and adapts its 400s to the host error shape
  ---
  duration_ms: 74.431792
  type: 'test'
  ...
# Subtest: attention: a healthy snapshot produces an empty list, not a hidden one
ok 678 - attention: a healthy snapshot produces an empty list, not a hidden one
  ---
  duration_ms: 0.707917
  type: 'test'
  ...
# Subtest: attention: health, diagnostics, ask permissions, trust and missing ids each raise one entry
ok 679 - attention: health, diagnostics, ask permissions, trust and missing ids each raise one entry
  ---
  duration_ms: 0.286708
  type: 'test'
  ...
# Subtest: contrast: the ratio is WCAG 2.x and the extremes are exact
ok 680 - contrast: the ratio is WCAG 2.x and the extremes are exact
  ---
  duration_ms: 0.130167
  type: 'test'
  ...
# Subtest: contrast: the browser warning checks exactly the build report pairs
ok 681 - contrast: the browser warning checks exactly the build report pairs
  ---
  duration_ms: 1.070416
  type: 'test'
  ...
# Subtest: RuntimeStore persists schemaVersion 13 session/run fields and the canonical user event
ok 682 - RuntimeStore persists schemaVersion 13 session/run fields and the canonical user event
  ---
  duration_ms: 121.850125
  type: 'test'
  ...
# Subtest: RuntimeStore createRun is idempotent by commandId and rejects a conflicting replay
ok 683 - RuntimeStore createRun is idempotent by commandId and rejects a conflicting replay
  ---
  duration_ms: 59.023917
  type: 'test'
  ...
# Subtest: RuntimeStore rejects an older schemaVersion file with no migration and does not rewrite it
ok 684 - RuntimeStore rejects an older schemaVersion file with no migration and does not rewrite it
  ---
  duration_ms: 98.578083
  type: 'test'
  ...
# Subtest: T-CRED-6: credentialGeneration is persisted and keeps increasing across a reopen
ok 685 - T-CRED-6: credentialGeneration is persisted and keeps increasing across a reopen
  ---
  duration_ms: 103.889083
  type: 'test'
  ...
# Subtest: copy guard rejects default record nouns and allows verbs, user values and disclosed diagnostics
ok 686 - copy guard rejects default record nouns and allows verbs, user values and disclosed diagnostics
  ---
  duration_ms: 19.093791
  type: 'test'
  ...
# Subtest: raw consumer guard rejects new, duplicated and stale literal consumers
ok 687 - raw consumer guard rejects new, duplicated and stale literal consumers
  ---
  duration_ms: 0.698584
  type: 'test'
  ...
# Subtest: actual raw consumers and Pages cross-map remain registered
ok 688 - actual raw consumers and Pages cross-map remain registered
  ---
  duration_ms: 35.222291
  type: 'test'
  ...
# Subtest: CC-S · settings-active 时侧栏不渲染，而不是只被藏起来
ok 689 - CC-S · settings-active 时侧栏不渲染，而不是只被藏起来
  ---
  duration_ms: 0.728125
  type: 'test'
  ...
# Subtest: CC-S · Back to app 是唯一的离开动作，落在页标题行左端
ok 690 - CC-S · Back to app 是唯一的离开动作，落在页标题行左端
  ---
  duration_ms: 0.243958
  type: 'test'
  ...
# Subtest: CC-S · 设置的两列有自己的几何 token，不借 --nav 的列轨
ok 691 - CC-S · 设置的两列有自己的几何 token，不借 --nav 的列轨
  ---
  duration_ms: 0.382375
  type: 'test'
  ...
# Subtest: WK-115 ① · 第六个状态词是 Unknown，Interrupted 只在明确的终态上出现
ok 692 - WK-115 ① · 第六个状态词是 Unknown，Interrupted 只在明确的终态上出现
  ---
  duration_ms: 0.74275
  type: 'test'
  ...
# Subtest: WK-115 ② · Home / End 是纯导航键，且只在焦点已在列表里时接管
ok 693 - WK-115 ② · Home / End 是纯导航键，且只在焦点已在列表里时接管
  ---
  duration_ms: 0.301375
  type: 'test'
  ...
# Subtest: WK-115 ② · 两条列表各自 role=list，不合并
ok 694 - WK-115 ② · 两条列表各自 role=list，不合并
  ---
  duration_ms: 0.206416
  type: 'test'
  ...
# Subtest: WK-116 · 改约已落在文档里，不是一次 CSS 修复
ok 695 - WK-116 · 改约已落在文档里，不是一次 CSS 修复
  ---
  duration_ms: 0.113917
  type: 'test'
  ...
# Subtest: 一组完整的 Tier S token 通过，并被规范成可以直接落进样式表的声明
ok 696 - 一组完整的 Tier S token 通过，并被规范成可以直接落进样式表的声明
  ---
  duration_ms: 1.182291
  type: 'test'
  ...
# Subtest: 旧 gray-steel 全量块仍可读取，但新外观格式不接受其固定语义键
ok 697 - 旧 gray-steel 全量块仍可读取，但新外观格式不接受其固定语义键
  ---
  duration_ms: 0.709666
  type: 'test'
  ...
# Subtest: 产品内的 gray-steel 与 skins/gray-steel.css 逐字相同：两处不许漂移
ok 698 - 产品内的 gray-steel 与 skins/gray-steel.css 逐字相同：两处不许漂移
  ---
  duration_ms: 0.692209
  type: 'test'
  ...
# Subtest: 不是既有 token 名的声明被逐行拒绝，整组不落地
ok 699 - 不是既有 token 名的声明被逐行拒绝，整组不落地
  ---
  duration_ms: 0.107792
  type: 'test'
  ...
# Subtest: 颜色 token 只接受 hex：命名色、函数与变量都不行
ok 700 - 颜色 token 只接受 hex：命名色、函数与变量都不行
  ---
  duration_ms: 0.272416
  type: 'test'
  ...
# Subtest: url( · expression · @import · 转义 · 标记这些形状先于逐行解析被拒绝
ok 701 - url( · expression · @import · 转义 · 标记这些形状先于逐行解析被拒绝
  ---
  duration_ms: 0.079458
  type: 'test'
  ...
# Subtest: 半套色阶被拒绝，并把缺的名字说出来
ok 702 - 半套色阶被拒绝，并把缺的名字说出来
  ---
  duration_ms: 0.062084
  type: 'test'
  ...
# Subtest: 行号指回原文，一次报完所有问题
ok 703 - 行号指回原文，一次报完所有问题
  ---
  duration_ms: 0.066292
  type: 'test'
  ...
# Subtest: legacy 数值可读，但新外观许可域拒绝材质参数
ok 704 - legacy 数值可读，但新外观许可域拒绝材质参数
  ---
  duration_ms: 0.424167
  type: 'test'
  ...
# Subtest: 一次只收一个块：粘贴整份 skin 文件被拒绝而不是只应用第一段
ok 705 - 一次只收一个块：粘贴整份 skin 文件被拒绝而不是只应用第一段
  ---
  duration_ms: 0.313875
  type: 'test'
  ...
# Subtest: 空输入与超长输入各有自己的话，不是同一句错误
ok 706 - 空输入与超长输入各有自己的话，不是同一句错误
  ---
  duration_ms: 0.111959
  type: 'test'
  ...
# Subtest: 代码字体只收字体族名，收不下分号与括号
ok 707 - 代码字体只收字体族名，收不下分号与括号
  ---
  duration_ms: 0.079083
  type: 'test'
  ...
# Subtest: 读偏好只认闭集里的值：坏掉的存储读成默认，不是读成垃圾
ok 708 - 读偏好只认闭集里的值：坏掉的存储读成默认，不是读成垃圾
  ---
  duration_ms: 0.09275
  type: 'test'
  ...
# Subtest: Home 版面偏好是闭集：默认 Modules，坏值读回 Modules 而不是读成第三种版面
ok 709 - Home 版面偏好是闭集：默认 Modules，坏值读回 Modules 而不是读成第三种版面
  ---
  duration_ms: 0.084667
  type: 'test'
  ...
# Subtest: Home 模块只安装有既定读取接缝的 Activity 与 Attention
ok 710 - Home 模块只安装有既定读取接缝的 Activity 与 Attention
  ---
  duration_ms: 0.13775
  type: 'test'
  ...
# Subtest: Models 模块不复述 composer chip 的事实：它没有自己的读取
ok 711 - Models 模块不复述 composer chip 的事实：它没有自己的读取
  ---
  duration_ms: 0.039875
  type: 'test'
  ...
# Subtest: 页面的九个组是闭集，未知的节名落回 General
ok 712 - 页面的九个组是闭集，未知的节名落回 General
  ---
  duration_ms: 0.047584
  type: 'test'
  ...
# Subtest: CC-I · provenance 的词表今日是闭集的两个词，判定是与 owner 默认值的字面比较
ok 713 - CC-I · provenance 的词表今日是闭集的两个词，判定是与 owner 默认值的字面比较
  ---
  duration_ms: 0.057291
  type: 'test'
  ...
# Subtest: CC-I · 默认态：provenance 是 Default，复位不呈现
ok 714 - CC-I · 默认态：provenance 是 Default，复位不呈现
  ---
  duration_ms: 0.524125
  type: 'test'
  ...
# Subtest: CC-I · 改一项之后翻为 Changed on this device，复位可用且可达名字带属性名
ok 715 - CC-I · 改一项之后翻为 Changed on this device，复位可用且可达名字带属性名
  ---
  duration_ms: 0.16725
  type: 'test'
  ...
# Subtest: CC-I · 复位：值回默认、provenance 回 Default、焦点落在本行控件上、有一条可播报的回执
ok 716 - CC-I · 复位：值回默认、provenance 回 Default、焦点落在本行控件上、有一条可播报的回执
  ---
  duration_ms: 0.248167
  type: 'test'
  ...
# Subtest: CC-I · 复位之后的下一次改值作废那条回执，回执不是一条会留在页面上的旧话
ok 717 - CC-I · 复位之后的下一次改值作废那条回执，回执不是一条会留在页面上的旧话
  ---
  duration_ms: 0.451042
  type: 'test'
  ...
# Subtest: CC-I · 没有 owner 默认值的行一个字都不多：同一个函数，不长出这三样
ok 718 - CC-I · 没有 owner 默认值的行一个字都不多：同一个函数，不长出这三样
  ---
  duration_ms: 0.14625
  type: 'test'
  ...
# Subtest: CC-I · provenance 挂在控件上，读屏听得到它而不是一段孤立的文字
ok 719 - CC-I · provenance 挂在控件上，读屏听得到它而不是一段孤立的文字
  ---
  duration_ms: 0.079
  type: 'test'
  ...
# Subtest: CC-I · Code font：未提交的编辑不是 modified，提交后才是，校验失败不改 provenance
ok 720 - CC-I · Code font：未提交的编辑不是 modified，提交后才是，校验失败不改 provenance
  ---
  duration_ms: 0.378458
  type: 'test'
  ...
# Subtest: CC-I · Palette 选了 Custom tokens 但没 Apply 不算 changed：provenance 读生效值不读草稿
ok 721 - CC-I · Palette 选了 Custom tokens 但没 Apply 不算 changed：provenance 读生效值不读草稿
  ---
  duration_ms: 0.309875
  type: 'test'
  ...
# Subtest: CC-I · appearance keeps no value controls; only the provider context window is numeric
ok 722 - CC-I · appearance keeps no value controls; only the provider context window is numeric
  ---
  duration_ms: 1.300125
  type: 'test'
  ...
# Subtest: failed browser storage keeps the active projection but exposes session-only persistence
ok 723 - failed browser storage keeps the active projection but exposes session-only persistence
  ---
  duration_ms: 0.117542
  type: 'test'
  ...
# lint-shapes: 1 处违反 WK-128
# lint-shapes: 1 处违反 WK-128
# lint-shapes: 1 处违反 WK-128
# Subtest: 产品样式表通过形状 lint
ok 724 - 产品样式表通过形状 lint
  ---
  duration_ms: 43.162708
  type: 'test'
  ...
# Subtest: 满弧写成 50% 会被拒绝，并指回 --radius-pill
ok 725 - 满弧写成 50% 会被拒绝，并指回 --radius-pill
  ---
  duration_ms: 28.349792
  type: 'test'
  ...
# Subtest: 组件私有的游离圆角会被拒绝
ok 726 - 组件私有的游离圆角会被拒绝
  ---
  duration_ms: 31.940542
  type: 'test'
  ...
# Subtest: 不建立在形状角色上的表达式会被拒绝，派生式与多角声明通过
ok 727 - 不建立在形状角色上的表达式会被拒绝，派生式与多角声明通过
  ---
  duration_ms: 62.797875
  type: 'test'
  ...
# Subtest: 登记表内的形状按登记放行
ok 728 - 登记表内的形状按登记放行
  ---
  duration_ms: 33.305375
  type: 'test'
  ...
# Subtest: native chrome accepts bounded geometry and rejects arbitrary or invalid injection
ok 729 - native chrome accepts bounded geometry and rejects arbitrary or invalid injection
  ---
  duration_ms: 0.7205
  type: 'test'
  ...
# Subtest: host geometry updates and fullscreen/native nonoverlay remove reservations without adding a strip
ok 730 - host geometry updates and fullscreen/native nonoverlay remove reservations without adding a strip
  ---
  duration_ms: 0.218708
  type: 'test'
  ...
# Subtest: legacy values remain readable while projection ignores semantic and material keys
ok 731 - legacy values remain readable while projection ignores semantic and material keys
  ---
  duration_ms: 3.421833
  type: 'test'
  ...
# Subtest: unknown, semantic, and material declarations cannot enter the modern skin
ok 732 - unknown, semantic, and material declarations cannot enter the modern skin
  ---
  duration_ms: 1.519541
  type: 'test'
  ...
# Subtest: first paint retains raw storage but writes only canonical projected CSS
ok 733 - first paint retains raw storage but writes only canonical projected CSS
  ---
  duration_ms: 1.378458
  type: 'test'
  ...
# Subtest: a legal input over 4000 bytes and under 8000 bytes projects identically at first paint
ok 734 - a legal input over 4000 bytes and under 8000 bytes projects identically at first paint
  ---
  duration_ms: 1.2425
  type: 'test'
  ...
# Subtest: the policy is a synchronous classic script before the first-frame bootstrap
ok 735 - the policy is a synchronous classic script before the first-frame bootstrap
  ---
  duration_ms: 0.211042
  type: 'test'
  ...
# Subtest: Dystopia uses one closed preference registry and unknown choices fall back
ok 736 - Dystopia uses one closed preference registry and unknown choices fall back
  ---
  duration_ms: 0.918334
  type: 'test'
  ...
# Subtest: Dystopia is exactly the permitted opaque appearance scale in both modes
ok 737 - Dystopia is exactly the permitted opaque appearance scale in both modes
  ---
  duration_ms: 0.804541
  type: 'test'
  ...
# Subtest: MR-A1a: meta contract — version, units and byte limit are explicit
ok 738 - MR-A1a: meta contract — version, units and byte limit are explicit
  ---
  duration_ms: 0.810958
  type: 'test'
  ...
# Subtest: MR-A1a: plain ASCII — counts, hash and identity conversions
ok 739 - MR-A1a: plain ASCII — counts, hash and identity conversions
  ---
  duration_ms: 1.374416
  type: 'test'
  ...
# Subtest: MR-A1a: empty content is allowed and every offset except 0 is rejected
ok 740 - MR-A1a: empty content is allowed and every offset except 0 is rejected
  ---
  duration_ms: 0.338666
  type: 'test'
  ...
# Subtest: MR-A1a: BOM is preserved, counted as one code point, never stripped
ok 741 - MR-A1a: BOM is preserved, counted as one code point, never stripped
  ---
  duration_ms: 0.381709
  type: 'test'
  ...
# Subtest: MR-A1a: CRLF and trailing newline are literal code points, not normalized
ok 742 - MR-A1a: CRLF and trailing newline are literal code points, not normalized
  ---
  duration_ms: 0.093083
  type: 'test'
  ...
# Subtest: MR-A1a: combining characters are preserved; no Unicode normalization happens
ok 743 - MR-A1a: combining characters are preserved; no Unicode normalization happens
  ---
  duration_ms: 0.696625
  type: 'test'
  ...
# Subtest: MR-A1a: emoji/astral — surrogate-pair interiors are rejected, never snapped
ok 744 - MR-A1a: emoji/astral — surrogate-pair interiors are rejected, never snapped
  ---
  duration_ms: 0.311667
  type: 'test'
  ...
# Subtest: MR-A1a: strict UTF-8 — malformed and truncated input is rejected with invalid_utf8
ok 745 - MR-A1a: strict UTF-8 — malformed and truncated input is rejected with invalid_utf8
  ---
  duration_ms: 0.314292
  type: 'test'
  ...
# Subtest: MR-A1a: size boundaries — 65536 bytes accepted, 65537 rejected as source_too_large
ok 746 - MR-A1a: size boundaries — 65536 bytes accepted, 65537 rejected as source_too_large
  ---
  duration_ms: 6.548583
  type: 'test'
  ...
# Subtest: MR-A1a: offset validation — unsafe integers, wrong ranges and bad units
ok 747 - MR-A1a: offset validation — unsafe integers, wrong ranges and bad units
  ---
  duration_ms: 0.530166
  type: 'test'
  ...
# Subtest: MR-A1a: input is copied — later mutation never reaches the built coordinates
ok 748 - MR-A1a: input is copied — later mutation never reaches the built coordinates
  ---
  duration_ms: 0.154
  type: 'test'
  ...
# Subtest: MR-A1a: Buffer and offset views are accepted and measured by their own bytes
ok 749 - MR-A1a: Buffer and offset views are accepted and measured by their own bytes
  ---
  duration_ms: 0.1085
  type: 'test'
  ...
# Subtest: MR-A1a: wrong input types are a caller contract violation (TypeError)
ok 750 - MR-A1a: wrong input types are a caller contract violation (TypeError)
  ---
  duration_ms: 0.157458
  type: 'test'
  ...
# Subtest: MR-A1a: returned object is frozen; output metadata edits cannot pollute conversions
ok 751 - MR-A1a: returned object is frozen; output metadata edits cannot pollute conversions
  ---
  duration_ms: 0.142875
  type: 'test'
  ...
# Subtest: MR-A1a: repeated builds are deterministic and independent of each other
ok 752 - MR-A1a: repeated builds are deterministic and independent of each other
  ---
  duration_ms: 0.058
  type: 'test'
  ...
# Subtest: MR-A1a: fixture corpus parity — module equals the independent oracle and the static expectations
ok 753 - MR-A1a: fixture corpus parity — module equals the independent oracle and the static expectations
  ---
  duration_ms: 9.740584
  type: 'test'
  ...
# Subtest: MR-A1a: NUL and control characters are ordinary code points, never trimmed
ok 754 - MR-A1a: NUL and control characters are ordinary code points, never trimmed
  ---
  duration_ms: 0.088417
  type: 'test'
  ...
# Subtest: MR-A1a integration: spoofed non-byte views are rejected by internal type
ok 755 - MR-A1a integration: spoofed non-byte views are rejected by internal type
  ---
  duration_ms: 0.069084
  type: 'test'
  ...
# Subtest: MR-A1a integration: invalid unit errors never coerce caller objects
ok 756 - MR-A1a integration: invalid unit errors never coerce caller objects
  ---
  duration_ms: 0.10475
  type: 'test'
  ...
# Subtest: R2: six inline kinds resolve without changing config, then explicit imports preserve exact bytes
ok 757 - R2: six inline kinds resolve without changing config, then explicit imports preserve exact bytes
  ---
  duration_ms: 33.358625
  type: 'test'
  ...
# Subtest: R2: hashes bind bytes and interpretation; origin is only a caller assertion and outputs own their data
ok 758 - R2: hashes bind bytes and interpretation; origin is only a caller assertion and outputs own their data
  ---
  duration_ms: 0.434084
  type: 'test'
  ...
# Subtest: R2: skill/profile declarations remain unverified requirements without new capabilities
ok 759 - R2: skill/profile declarations remain unverified requirements without new capabilities
  ---
  duration_ms: 0.517917
  type: 'test'
  ...
# Subtest: R2: MCP and locators never fetch, connect or read their declared target
ok 760 - R2: MCP and locators never fetch, connect or read their declared target
  ---
  duration_ms: 0.25875
  type: 'test'
  ...
# Subtest: R2: malformed, executable and ambiguous sources cannot be silently reinterpreted
ok 761 - R2: malformed, executable and ambiguous sources cannot be silently reinterpreted
  ---
  duration_ms: 1.13675
  type: 'test'
  ...
# Subtest: R2: invalid YAML and cyclic projected metadata fail before config persistence
ok 762 - R2: invalid YAML and cyclic projected metadata fail before config persistence
  ---
  duration_ms: 6.906417
  type: 'test'
  ...
# (node:14743) ExperimentalWarning: SQLite is an experimental feature and might change at any time
# (Use `node --trace-warnings ...` to show where the warning was created)
# Subtest: BE41-B accepts source FILE zero and replacement rollback without accepting identical or negative versions
ok 763 - BE41-B accepts source FILE zero and replacement rollback without accepting identical or negative versions
  ---
  duration_ms: 1.115417
  type: 'test'
  ...
# Subtest: BE41-B binds live empty pages to the top token and rejects contradictory or malformed top tokens
ok 764 - BE41-B binds live empty pages to the top token and rejects contradictory or malformed top tokens
  ---
  duration_ms: 0.561083
  type: 'test'
  ...
# Subtest: BE41-B paginator sends exact snapshot; changed snapshot refresh starts at page zero without old token
ok 765 - BE41-B paginator sends exact snapshot; changed snapshot refresh starts at page zero without old token
  ---
  duration_ms: 7.612083
  type: 'test'
  ...
# Subtest: BE41-B late pagination cannot replace a closed and reopened read
ok 766 - BE41-B late pagination cannot replace a closed and reopened read
  ---
  duration_ms: 1.645041
  type: 'test'
  ...
# Subtest: BE41-B actual authenticated empty endpoint projects with its live top token
ok 767 - BE41-B actual authenticated empty endpoint projects with its live top token
  ---
  duration_ms: 275.630708
  type: 'test'
  ...
# Subtest: BE41-B a live snapshot rejection discards explicit sample and exposes Refresh
ok 768 - BE41-B a live snapshot rejection discards explicit sample and exposes Refresh
  ---
  duration_ms: 4.33775
  type: 'test'
  ...
# Subtest: SP1-FE · stale.json validates: one Matter behind, one fully current, sharing a snapshot
ok 769 - SP1-FE · stale.json validates: one Matter behind, one fully current, sharing a snapshot
  ---
  duration_ms: 2.01675
  type: 'test'
  ...
# Subtest: SP1-FE · quiet.json validates: every Matter current, no prompt-worthy bucket
ok 770 - SP1-FE · quiet.json validates: every Matter current, no prompt-worthy bucket
  ---
  duration_ms: 0.71025
  type: 'test'
  ...
# Subtest: SP1-FE · empty.json validates: no Matters, page.total 0
ok 771 - SP1-FE · empty.json validates: no Matters, page.total 0
  ---
  duration_ms: 0.423375
  type: 'test'
  ...
# Subtest: SP1-FE · partial.json validates: unavailable Matter keeps null counts, not zero
ok 772 - SP1-FE · partial.json validates: unavailable Matter keeps null counts, not zero
  ---
  duration_ms: 0.398375
  type: 'test'
  ...
# Subtest: SP1-FE · truncated.json validates: 20 refs loaded, true count stated separately
ok 773 - SP1-FE · truncated.json validates: 20 refs loaded, true count stated separately
  ---
  duration_ms: 0.560542
  type: 'test'
  ...
# Subtest: SP1-FE · a 0 where a non-observed Matter must publish null is rejected, not read as zero
ok 774 - SP1-FE · a 0 where a non-observed Matter must publish null is rejected, not read as zero
  ---
  duration_ms: 0.270542
  type: 'test'
  ...
# Subtest: SP1-FE · an observed Matter reporting stale:null instead of a real zero is rejected
ok 775 - SP1-FE · an observed Matter reporting stale:null instead of a real zero is rejected
  ---
  duration_ms: 0.260875
  type: 'test'
  ...
# Subtest: SP1-FE · a genuine zero-stale Matter is accepted and stays a real, distinct zero
ok 776 - SP1-FE · a genuine zero-stale Matter is accepted and stays a real, distinct zero
  ---
  duration_ms: 0.456
  type: 'test'
  ...
# Subtest: SP1-FE · staleRefsTruncated true with fewer than 20 loaded refs is rejected
ok 777 - SP1-FE · staleRefsTruncated true with fewer than 20 loaded refs is rejected
  ---
  duration_ms: 0.629791
  type: 'test'
  ...
# Subtest: SP1-FE · staleRefsTruncated false while refs fall short of the stated stale count is rejected
ok 778 - SP1-FE · staleRefsTruncated false while refs fall short of the stated stale count is rejected
  ---
  duration_ms: 0.392083
  type: 'test'
  ...
# Subtest: SP1-FE · more than the 20-ref page ceiling is rejected outright
ok 779 - SP1-FE · more than the 20-ref page ceiling is rejected outright
  ---
  duration_ms: 0.801958
  type: 'test'
  ...
# Subtest: SP1-FE · two Matters in one page reporting different snapshotRefs is rejected
ok 780 - SP1-FE · two Matters in one page reporting different snapshotRefs is rejected
  ---
  duration_ms: 0.116708
  type: 'test'
  ...
# Subtest: SP1-FE · sameSnapshot refuses to confirm consistency across a null snapshot
ok 781 - SP1-FE · sameSnapshot refuses to confirm consistency across a null snapshot
  ---
  duration_ms: 0.207458
  type: 'test'
  ...
# Subtest: SP1-FE · wrong schemaVersion is rejected
ok 782 - SP1-FE · wrong schemaVersion is rejected
  ---
  duration_ms: 0.139209
  type: 'test'
  ...
# Subtest: SP1-FE · a stale ref not actually behind the Matter's source revision is rejected
ok 783 - SP1-FE · a stale ref not actually behind the Matter's source revision is rejected
  ---
  duration_ms: 0.098459
  type: 'test'
  ...
# Subtest: SP1-FE · byStatus counts that don't sum to derivations.current/stale are rejected
ok 784 - SP1-FE · byStatus counts that don't sum to derivations.current/stale are rejected
  ---
  duration_ms: 0.074917
  type: 'test'
  ...
# Subtest: SP1-FE · an observed Matter must not carry a reason
ok 785 - SP1-FE · an observed Matter must not carry a reason
  ---
  duration_ms: 0.062292
  type: 'test'
  ...
# Subtest: SP1-FE · a partial Matter must carry a reason
ok 786 - SP1-FE · a partial Matter must carry a reason
  ---
  duration_ms: 0.101208
  type: 'test'
  ...
# Subtest: SP1-FE · sourceSetChange with a non-increasing revision pair is rejected
ok 787 - SP1-FE · sourceSetChange with a non-increasing revision pair is rejected
  ---
  duration_ms: 0.071542
  type: 'test'
  ...
# Subtest: SP1-FE · a missing sourceSetChange key (vs. an explicit null) is rejected
ok 788 - SP1-FE · a missing sourceSetChange key (vs. an explicit null) is rejected
  ---
  duration_ms: 0.078791
  type: 'test'
  ...
# Subtest: SP1-FE · duplicate matterId within one page is rejected
ok 789 - SP1-FE · duplicate matterId within one page is rejected
  ---
  duration_ms: 0.071166
  type: 'test'
  ...
# Subtest: SP1-FE · page bounds exceeding the reported total are rejected
ok 790 - SP1-FE · page bounds exceeding the reported total are rejected
  ---
  duration_ms: 0.063125
  type: 'test'
  ...
# Subtest: SP1-FE · coverage.matters partial without a machine-readable reason is rejected
ok 791 - SP1-FE · coverage.matters partial without a machine-readable reason is rejected
  ---
  duration_ms: 0.0945
  type: 'test'
  ...
# Subtest: SP1-FE · a non-object payload, and a missing top-level field, are both rejected
ok 792 - SP1-FE · a non-object payload, and a missing top-level field, are both rejected
  ---
  duration_ms: 0.088917
  type: 'test'
  ...
# Subtest: SP1-FE · activityRows narrows to one candidate status without reordering
ok 793 - SP1-FE · activityRows narrows to one candidate status without reordering
  ---
  duration_ms: 0.61475
  type: 'test'
  ...
# Subtest: SP1-FE · truncationNote is null once every stale ref for a Matter is loaded
ok 794 - SP1-FE · truncationNote is null once every stale ref for a Matter is loaded
  ---
  duration_ms: 0.158583
  type: 'test'
  ...
# Subtest: Spark route selects a stable bound owner and opens the existing Work preview
ok 795 - Spark route selects a stable bound owner and opens the existing Work preview
  ---
  duration_ms: 11.332333
  type: 'test'
  ...
# Subtest: Spark route cannot manufacture a Work session for an unbound Matter
ok 796 - Spark route cannot manufacture a Work session for an unbound Matter
  ---
  duration_ms: 0.445875
  type: 'test'
  ...
# Subtest: a newer navigation cancels a pending Spark owner lookup
ok 797 - a newer navigation cancels a pending Spark owner lookup
  ---
  duration_ms: 0.379875
  type: 'test'
  ...
# Subtest: a newer navigation cancels Spark Work activation after session selection
ok 798 - a newer navigation cancels Spark Work activation after session selection
  ---
  duration_ms: 0.345167
  type: 'test'
  ...
# Subtest: Spark revalidates the loaded session binding before activating Work
ok 799 - Spark revalidates the loaded session binding before activating Work
  ---
  duration_ms: 0.430792
  type: 'test'
  ...
# Subtest: Spark does not activate Work when the selected session failed to load
ok 800 - Spark does not activate Work when the selected session failed to load
  ---
  duration_ms: 0.285166
  type: 'test'
  ...
# (node:14746) ExperimentalWarning: SQLite is an experimental feature and might change at any time
# (Use `node --trace-warnings ...` to show where the warning was created)
# Subtest: WO-SD-01 · GET /web/samples/spark-derivations/<name>.json 200s for all five scenarios, each a valid, unaltered BE-41 payload
ok 801 - WO-SD-01 · GET /web/samples/spark-derivations/<name>.json 200s for all five scenarios, each a valid, unaltered BE-41 payload
  ---
  duration_ms: 163.396
  type: 'test'
  ...
# Subtest: WO-SD-01 · the sample route is a literal allowlist: an unregistered scenario name 404s, no directory listing, no traversal
ok 802 - WO-SD-01 · the sample route is a literal allowlist: an unregistered scenario name 404s, no directory listing, no traversal
  ---
  duration_ms: 107.417458
  type: 'test'
  ...
# Subtest: WO-SD-01 · the fixture directory no longer exists under app/tests — SD-18's git mv landed for real, not just in spark-projection.test.mjs's path
ok 803 - WO-SD-01 · the fixture directory no longer exists under app/tests — SD-18's git mv landed for real, not just in spark-projection.test.mjs's path
  ---
  duration_ms: 0.443583
  type: 'test'
  ...
# Subtest: SP1-FE · createSparkView keeps the frozen constructor signature
ok 804 - SP1-FE · createSparkView keeps the frozen constructor signature
  ---
  duration_ms: 1.516583
  type: 'test'
  ...
# Subtest: SP1-FE · a projection module fetches nothing, writes nothing, reads no clock
ok 805 - SP1-FE · a projection module fetches nothing, writes nothing, reads no clock
  ---
  duration_ms: 0.300208
  type: 'test'
  ...
# Subtest: SP1-FE · Spark makes no request path containing 'attention' — it resolves, creates or edits no Attention item
ok 806 - SP1-FE · Spark makes no request path containing 'attention' — it resolves, creates or edits no Attention item
  ---
  duration_ms: 0.136166
  type: 'test'
  ...
# Subtest: SP1-FE · Spark writes nothing: no POST/PUT/PATCH/DELETE method anywhere in the view
ok 807 - SP1-FE · Spark writes nothing: no POST/PUT/PATCH/DELETE method anywhere in the view
  ---
  duration_ms: 0.097083
  type: 'test'
  ...
# Subtest: SP1-FE · no Spark-private persistence: no localStorage, sessionStorage or IndexedDB
ok 808 - SP1-FE · no Spark-private persistence: no localStorage, sessionStorage or IndexedDB
  ---
  duration_ms: 0.181583
  type: 'test'
  ...
# Subtest: SP1-FE · Spark introduces no new dependency: only relative app/web imports
ok 809 - SP1-FE · Spark introduces no new dependency: only relative app/web imports
  ---
  duration_ms: 0.16625
  type: 'test'
  ...
# Subtest: SP1-FE · a 404 is read as unimplemented, never rendered as zero maintenance items
ok 810 - SP1-FE · a 404 is read as unimplemented, never rendered as zero maintenance items
  ---
  duration_ms: 0.140125
  type: 'test'
  ...
# Subtest: SP1-FE · Unavailable is stated in words, not shown as a bare number
ok 811 - SP1-FE · Unavailable is stated in words, not shown as a bare number
  ---
  duration_ms: 0.056375
  type: 'test'
  ...
# Subtest: SP1-FE · pagination carries the prior snapshotRef and can be rejected
ok 812 - SP1-FE · pagination carries the prior snapshotRef and can be rejected
  ---
  duration_ms: 0.280875
  type: 'test'
  ...
# Subtest: SP1-FE · row navigation calls the host's onOpenMatter and opens no dialog/session of its own
ok 813 - SP1-FE · row navigation calls the host's onOpenMatter and opens no dialog/session of its own
  ---
  duration_ms: 0.348333
  type: 'test'
  ...
# Subtest: SP1-FE · static allowlist: spark-view.mjs / spark-projection.mjs are registered
ok 814 - SP1-FE · static allowlist: spark-view.mjs / spark-projection.mjs are registered
  ---
  duration_ms: 0.46375
  type: 'test'
  ...
# Subtest: SP1-FE · app.mjs wires the sidebar entry without touching the static allowlist array itself
ok 815 - SP1-FE · app.mjs wires the sidebar entry without touching the static allowlist array itself
  ---
  duration_ms: 0.145667
  type: 'test'
  ...
# Subtest: SD-01 · createSparkView keeps the frozen constructor signature — sample introduces no new dependency, no new parameter
ok 816 - SD-01 · createSparkView keeps the frozen constructor signature — sample introduces no new dependency, no new parameter
  ---
  duration_ms: 0.063875
  type: 'test'
  ...
# Subtest: SD-01 · the sample fetch reads the static sample route, never /work-derivations
ok 817 - SD-01 · the sample fetch reads the static sample route, never /work-derivations
  ---
  duration_ms: 0.03175
  type: 'test'
  ...
# Subtest: SD-01 · 'Show sample data' appears exactly once as code (comments stripped), inside the unimplemented branch, and nowhere else
ok 818 - SD-01 · 'Show sample data' appears exactly once as code (comments stripped), inside the unimplemented branch, and nowhere else
  ---
  duration_ms: 0.10225
  type: 'test'
  ...
# Subtest: SD-01 · the sample header label 'Sample data' appears exactly once in the source (one row, no per-card label, no colour class, no icon() call)
ok 819 - SD-01 · the sample header label 'Sample data' appears exactly once in the source (one row, no per-card label, no colour class, no icon() call)
  ---
  duration_ms: 0.079458
  type: 'test'
  ...
# Subtest: SD-01 · the scenario select is a single control offering exactly the five frozen fixtures, defaulting to stale
ok 820 - SD-01 · the scenario select is a single control offering exactly the five frozen fixtures, defaulting to stale
  ---
  duration_ms: 0.054334
  type: 'test'
  ...
# Subtest: SD-01 · exit and re-probe copy match SD-17 exactly: 'Hide sample data', 'Check for a source again'
ok 821 - SD-01 · exit and re-probe copy match SD-17 exactly: 'Hide sample data', 'Check for a source again'
  ---
  duration_ms: 0.049792
  type: 'test'
  ...
# Subtest: SD-01 · sample rows are read-only: matterRow and the Activity section heading both branch on readOnly before ever calling onOpenMatter
ok 822 - SD-01 · sample rows are read-only: matterRow and the Activity section heading both branch on readOnly before ever calling onOpenMatter
  ---
  duration_ms: 0.126416
  type: 'test'
  ...
# Subtest: SD-01 · sample state is discarded on any valid live payload (including empty) and on any non-404 error, but survives a 404
ok 823 - SD-01 · sample state is discarded on any valid live payload (including empty) and on any non-404 error, but survives a 404
  ---
  duration_ms: 0.048375
  type: 'test'
  ...
# Subtest: SD-01 · sample never issues its own /work-derivations request: only load() (via request()) reaches that endpoint
ok 824 - SD-01 · sample never issues its own /work-derivations request: only load() (via request()) reaches that endpoint
  ---
  duration_ms: 0.044959
  type: 'test'
  ...
# Subtest: SD-01 · switching projects clears sample state before the live probe fires
ok 825 - SD-01 · switching projects clears sample state before the live probe fires
  ---
  duration_ms: 0.041167
  type: 'test'
  ...
# Subtest: SD-01 · sample state is checked before every other render branch and returns before the pager can run
ok 826 - SD-01 · sample state is checked before every other render branch and returns before the pager can run
  ---
  duration_ms: 0.046417
  type: 'test'
  ...
# Subtest: SD-01 · sample rendering reuses renderOverview/renderActivity — no second renderer for sample data
ok 827 - SD-01 · sample rendering reuses renderOverview/renderActivity — no second renderer for sample data
  ---
  duration_ms: 0.046333
  type: 'test'
  ...
# Subtest: SD-01 · styles.css gained only additions for the sample row: one new class, --muted-strong, no new colour token
ok 828 - SD-01 · styles.css gained only additions for the sample row: one new class, --muted-strong, no new colour token
  ---
  duration_ms: 0.516833
  type: 'test'
  ...
# Subtest: SD-01 · the static allowlist registers the five sample JSON files as one loop, with the JSON content type
ok 829 - SD-01 · the static allowlist registers the five sample JSON files as one loop, with the JSON content type
  ---
  duration_ms: 0.038042
  type: 'test'
  ...
# (node:14748) ExperimentalWarning: SQLite is an experimental feature and might change at any time
# (Use `node --trace-warnings ...` to show where the warning was created)
# Subtest: SE_TEST_CRASH_POINT alone is inert, and the server says so at startup
ok 830 - SE_TEST_CRASH_POINT alone is inert, and the server says so at startup
  ---
  duration_ms: 1356.985833
  type: 'test'
  ...
# Subtest: T-SELF-2: with no python3 on PATH the server refuses to start and names the reason
ok 831 - T-SELF-2: with no python3 on PATH the server refuses to start and names the reason
  ---
  duration_ms: 624.826333
  type: 'test'
  ...
# (node:14813) ExperimentalWarning: SQLite is an experimental feature and might change at any time
# (Use `node --trace-warnings ...` to show where the warning was created)
# Subtest: 每个 app/web 模块都在静态白名单里，且每条白名单路由都指向磁盘上存在的文件
ok 832 - 每个 app/web 模块都在静态白名单里，且每条白名单路由都指向磁盘上存在的文件
  ---
  duration_ms: 18.751125
  type: 'test'
  ...
# Subtest: ui-controls 白名单、icons.svg 的 symbol id、manifest 的 lucide.files 三者一致
ok 833 - ui-controls 白名单、icons.svg 的 symbol id、manifest 的 lucide.files 三者一致
  ---
  duration_ms: 2.960708
  type: 'test'
  ...
# Subtest: manifest.lucide 与 tools/ui-vendor/lucide/sources.json 逐字相同（生成源=已记录来源）
ok 834 - manifest.lucide 与 tools/ui-vendor/lucide/sources.json 逐字相同（生成源=已记录来源）
  ---
  duration_ms: 1.213292
  type: 'test'
  ...
# Subtest: manifest.outputs 里记的每个文件哈希都等于该文件此刻在磁盘上的真实 sha256
ok 835 - manifest.outputs 里记的每个文件哈希都等于该文件此刻在磁盘上的真实 sha256
  ---
  duration_ms: 2.182125
  type: 'test'
  ...
# Subtest: 白名单决定 /web 的可取性：模块 200，未列入的仓内材料 404
ok 836 - 白名单决定 /web 的可取性：模块 200，未列入的仓内材料 404
  ---
  duration_ms: 195.340625
  type: 'test'
  ...
# Subtest: skin-policy.js is an exact synchronous static route
ok 837 - skin-policy.js is an exact synchronous static route
  ---
  duration_ms: 77.528166
  type: 'test'
  ...
# Subtest: Run projection keeps the selected Session/Run identity and recorded file locator
ok 838 - Run projection keeps the selected Session/Run identity and recorded file locator
  ---
  duration_ms: 1.063916
  type: 'test'
  ...
# Subtest: Run projection fails closed for missing or cross-Session identity
ok 839 - Run projection fails closed for missing or cross-Session identity
  ---
  duration_ms: 0.153542
  type: 'test'
  ...
# Subtest: unknown status is distinct from an explicit empty recorded-file set
ok 840 - unknown status is distinct from an explicit empty recorded-file set
  ---
  duration_ms: 0.191667
  type: 'test'
  ...
# Subtest: loading, error, unavailable, and incompatible phases do not expose stale files
ok 841 - loading, error, unavailable, and incompatible phases do not expose stale files
  ---
  duration_ms: 0.294042
  type: 'test'
  ...
# Subtest: invalid artifact entries are filtered without turning unknown data into empty
ok 842 - invalid artifact entries are filtered without turning unknown data into empty
  ---
  duration_ms: 0.1715
  type: 'test'
  ...
# Subtest: readerUnavailable keeps file provenance but revokes every open capability
ok 843 - readerUnavailable keeps file provenance but revokes every open capability
  ---
  duration_ms: 0.053417
  type: 'test'
  ...
# Subtest: Run card starts collapsed with Files and Run information disclosures
ok 844 - Run card starts collapsed with Files and Run information disclosures
  ---
  duration_ms: 2.626625
  type: 'test'
  ...
# Subtest: Run card does not turn unknown or unavailable files into a zero count
ok 845 - Run card does not turn unknown or unavailable files into a zero count
  ---
  duration_ms: 0.309625
  type: 'test'
  ...
# Subtest: Run card rejects stale Open intents after identity or generation changes
ok 846 - Run card rejects stale Open intents after identity or generation changes
  ---
  duration_ms: 0.92725
  type: 'test'
  ...
# Subtest: Run card prevents duplicate async Open actions and preserves both disclosures and focus
ok 847 - Run card prevents duplicate async Open actions and preserves both disclosures and focus
  ---
  duration_ms: 4.436125
  type: 'test'
  ...
# Subtest: a late rejected action cannot block or annotate a replacement identity
ok 848 - a late rejected action cannot block or annotate a replacement identity
  ---
  duration_ms: 1.323709
  type: 'test'
  ...
# Subtest: Run card only offers Retry for an error and exposes callback failures
ok 849 - Run card only offers Retry for an error and exposes callback failures
  ---
  duration_ms: 0.923417
  type: 'test'
  ...
# Subtest: removing a focused Retry action returns focus to Run information and preserves both disclosures
ok 850 - removing a focused Retry action returns focus to Run information and preserves both disclosures
  ---
  duration_ms: 0.831583
  type: 'test'
  ...
# Subtest: Run card hides incompatible projection schemas instead of rendering stale details
ok 851 - Run card hides incompatible projection schemas instead of rendering stale details
  ---
  duration_ms: 0.325375
  type: 'test'
  ...
# Subtest: Summary run preserves the clicked opener when disabling it clears browser focus
ok 852 - Summary run preserves the clicked opener when disabling it clears browser focus
  ---
  duration_ms: 1.206291
  type: 'test'
  ...
# Subtest: Summary file preserves the clicked opener when disabling it clears browser focus
ok 853 - Summary file preserves the clicked opener when disabling it clears browser focus
  ---
  duration_ms: 0.619417
  type: 'test'
  ...
# Subtest: Summary file focus identity follows the recorded version when files reorder
ok 854 - Summary file focus identity follows the recorded version when files reorder
  ---
  duration_ms: 0.9775
  type: 'test'
  ...
# (node:14815) ExperimentalWarning: SQLite is an experimental feature and might change at any time
# (Use `node --trace-warnings ...` to show where the warning was created)
# Subtest: T-SYNC-1: afterSeq past the server's last seq is 400 cursor_ahead and reports nextSeq
ok 855 - T-SYNC-1: afterSeq past the server's last seq is 400 cursor_ahead and reports nextSeq
  ---
  duration_ms: 373.212416
  type: 'test'
  ...
# Subtest: T-SYNC-2: repeating a request for the same seq is idempotent and the sequence has no gaps
ok 856 - T-SYNC-2: repeating a request for the same seq is idempotent and the sequence has no gaps
  ---
  duration_ms: 773.385833
  type: 'test'
  ...
# Subtest: T-SYNC-3: snapshot lastSeq joins the event stream with no gap and no overlap, 50x under concurrent writes
ok 857 - T-SYNC-3: snapshot lastSeq joins the event stream with no gap and no overlap, 50x under concurrent writes
  ---
  duration_ms: 2050.526417
  type: 'test'
  ...
# Subtest: T-SYNC-4: polling and re-cancelling after a terminal state changes nothing
ok 858 - T-SYNC-4: polling and re-cancelling after a terminal state changes nothing
  ---
  duration_ms: 172.778709
  type: 'test'
  ...
# Subtest: host timing has independent request origins and preserves missing versus measured zero
ok 859 - host timing has independent request origins and preserves missing versus measured zero
  ---
  duration_ms: 1.76175
  type: 'test'
  ...
# Subtest: out-of-interval observations stay in detail and do not become clamped chart marks
ok 860 - out-of-interval observations stay in detail and do not become clamped chart marks
  ---
  duration_ms: 0.088667
  type: 'test'
  ...
# Subtest: request view uses one on-demand disclosure, preserves semantic gaps and restores its open state
ok 861 - request view uses one on-demand disclosure, preserves semantic gaps and restores its open state
  ---
  duration_ms: 1.728166
  type: 'test'
  ...
# Subtest: missing usage stays unknown and a reported request estimate keeps its method
ok 862 - missing usage stays unknown and a reported request estimate keeps its method
  ---
  duration_ms: 16.054334
  type: 'test'
  ...
# Subtest: all historical requests share the same outer disclosure while compact views select only the latest
ok 863 - all historical requests share the same outer disclosure while compact views select only the latest
  ---
  duration_ms: 0.7625
  type: 'test'
  ...
# Subtest: malformed v1 metadata is rejected while out-of-interval timing remains inspectable
ok 864 - malformed v1 metadata is rejected while out-of-interval timing remains inspectable
  ---
  duration_ms: 0.154167
  type: 'test'
  ...
# Subtest: request detail distinguishes runtime and provider aliases while retaining historical records
ok 865 - request detail distinguishes runtime and provider aliases while retaining historical records
  ---
  duration_ms: 1.176291
  type: 'test'
  ...
# Subtest: effort detail separates requested intent, SDK settings and unobserved provider behavior
ok 866 - effort detail separates requested intent, SDK settings and unobserved provider behavior
  ---
  duration_ms: 0.571416
  type: 'test'
  ...
# Subtest: thread projection scopes runs and resolves exact permission request
ok 867 - thread projection scopes runs and resolves exact permission request
  ---
  duration_ms: 0.964
  type: 'test'
  ...
# Subtest: tool calls with identical IDs in different runs remain separate and require live admission
ok 868 - tool calls with identical IDs in different runs remain separate and require live admission
  ---
  duration_ms: 0.5695
  type: 'test'
  ...
# Subtest: permission display distinguishes remote actions from writes using only the recorded binding
ok 869 - permission display distinguishes remote actions from writes using only the recorded binding
  ---
  duration_ms: 0.165541
  type: 'test'
  ...
# Subtest: one tool state vocabulary serves both chat presentations
ok 870 - one tool state vocabulary serves both chat presentations
  ---
  duration_ms: 0.080459
  type: 'test'
  ...
# Subtest: the long-message preview reads as words and never replaces the original
ok 871 - the long-message preview reads as words and never replaces the original
  ---
  duration_ms: 0.589
  type: 'test'
  ...
# (node:14891) ExperimentalWarning: SQLite is an experimental feature and might change at any time
# (Use `node --trace-warnings ...` to show where the warning was created)
# Subtest: Usage keeps UTC start-day, route identity, partial/zero/unknown and global scope
ok 872 - Usage keeps UTC start-day, route identity, partial/zero/unknown and global scope
  ---
  duration_ms: 3.021791
  type: 'test'
  ...
# Subtest: model route keys include exact endpoint without leaking endpoint in overview
ok 873 - model route keys include exact endpoint without leaking endpoint in overview
  ---
  duration_ms: 0.292708
  type: 'test'
  ...
# Subtest: chart series and Other membership sum exactly and ties never split heatmap levels
ok 874 - chart series and Other membership sum exactly and ties never split heatmap levels
  ---
  duration_ms: 0.848041
  type: 'test'
  ...
# Subtest: matching runs require same snapshot and preserve model/date filter through pagination
ok 875 - matching runs require same snapshot and preserve model/date filter through pagination
  ---
  duration_ms: 0.197625
  type: 'test'
  ...
# Subtest: combined token overflow fails closed and malformed frontend DTOs are rejected
ok 876 - combined token overflow fails closed and malformed frontend DTOs are rejected
  ---
  duration_ms: 0.287625
  type: 'test'
  ...
# Subtest: HTTP Usage scope, strict input and changed-snapshot rejection use actual retained Runs
ok 877 - HTTP Usage scope, strict input and changed-snapshot rejection use actual retained Runs
  ---
  duration_ms: 462.126125
  type: 'test'
  ...
# Subtest: Usage calendar shares Home Monday-first orientation with bounded keyboard movement
ok 878 - Usage calendar shares Home Monday-first orientation with bounded keyboard movement
  ---
  duration_ms: 0.413458
  type: 'test'
  ...
# Subtest: overview rejects malformed dates, scope, counts and incoherent model totals
ok 879 - overview rejects malformed dates, scope, counts and incoherent model totals
  ---
  duration_ms: 0.649584
  type: 'test'
  ...
# Subtest: drilldown rejects malformed rows, wrong observation echo and unsafe pagination
ok 880 - drilldown rejects malformed rows, wrong observation echo and unsafe pagination
  ---
  duration_ms: 0.644917
  type: 'test'
  ...
# Subtest: drilldown accepts a persisted stopping run without turning it into stopped
ok 881 - drilldown accepts a persisted stopping run without turning it into stopped
  ---
  duration_ms: 0.428625
  type: 'test'
  ...
# Subtest: Usage local return restores its origin and rejects late drill responses
ok 882 - Usage local return restores its origin and rejects late drill responses
  ---
  duration_ms: 40.257208
  type: 'test'
  ...
# (node:15687) ExperimentalWarning: SQLite is an experimental feature and might change at any time
# (Use `node --trace-warnings ...` to show where the warning was created)
# Subtest: versioned revision action executes after acceptance, preserves history, and rejects stale or forged actions
ok 883 - versioned revision action executes after acceptance, preserves history, and rejects stale or forged actions
  ---
  duration_ms: 632.962958
  type: 'test'
  ...
# Subtest: unresolved and source-stale parents can be revised only with currently verified NDA input
ok 884 - unresolved and source-stale parents can be revised only with currently verified NDA input
  ---
  duration_ms: 480.116541
  type: 'test'
  ...
# Subtest: host active Run, producer unload, incompatible packet, and stale generation offer no usable mutation
ok 885 - host active Run, producer unload, incompatible packet, and stale generation offer no usable mutation
  ---
  duration_ms: 537.389416
  type: 'test'
  ...
# Subtest: artifact read is paged by code point and bound to an open trusted Matter/Run
ok 886 - artifact read is paged by code point and bound to an open trusted Matter/Run
  ---
  duration_ms: 83.9065
  type: 'test'
  ...
# (node:17461) ExperimentalWarning: SQLite is an experimental feature and might change at any time
# (Use `node --trace-warnings ...` to show where the warning was created)
# Subtest: model and human projections preserve source/contract/base applicability without granting authority
ok 887 - model and human projections preserve source/contract/base applicability without granting authority
  ---
  duration_ms: 1.384417
  type: 'test'
  ...
# Subtest: HTTP accepted short/25k/100k text resumes in new Session with scoped artifact pages; URLs are content
ok 888 - HTTP accepted short/25k/100k text resumes in new Session with scoped artifact pages; URLs are content
  ---
  duration_ms: 2280.922416
  type: 'test'
  ...
# (node:17462) ExperimentalWarning: SQLite is an experimental feature and might change at any time
# (Use `node --trace-warnings ...` to show where the warning was created)
# Subtest: same Matter in new Session, project isolation, detach to chat, producer absent restart history
ok 889 - same Matter in new Session, project isolation, detach to chat, producer absent restart history
  ---
  duration_ms: 1095.858417
  type: 'test'
  ...
# Subtest: provider provenance is host-derived and preserves prior simulation records (real-route protocol uses loopback fixture)
ok 890 - provider provenance is host-derived and preserves prior simulation records (real-route protocol uses loopback fixture)
  ---
  duration_ms: 865.408958
  type: 'test'
  ...
# Subtest: concurrent Session admission is serialized before either execution starts
ok 891 - concurrent Session admission is serialized before either execution starts
  ---
  duration_ms: 997.021084
  type: 'test'
  ...
# Subtest: Core independent lifecycle: receipt/CAS/authority, revisions and immutable historical membership
ok 892 - Core independent lifecycle: receipt/CAS/authority, revisions and immutable historical membership
  ---
  duration_ms: 148.626334
  type: 'test'
  ...
# Subtest: Core worker is single writer; terminal and unknown runs cannot admit fresh model proposals
ok 893 - Core worker is single writer; terminal and unknown runs cannot admit fresh model proposals
  ---
  duration_ms: 134.7075
  type: 'test'
  ...
# Subtest: real transaction SIGKILL before commit and after commit before acknowledgement yields unique recoverable effect
ok 894 - real transaction SIGKILL before commit and after commit before acknowledgement yields unique recoverable effect
  ---
  duration_ms: 740.960833
  type: 'test'
  ...
# Subtest: v1 migration backs up original, retains current source membership; failed schema migration rolls back
ok 895 - v1 migration backs up original, retains current source membership; failed schema migration rolls back
  ---
  duration_ms: 492.344042
  type: 'test'
  ...
# Subtest: missing application metadata fails closed; terminal Run cannot change or claim another candidate
ok 896 - missing application metadata fails closed; terminal Run cannot change or claim another candidate
  ---
  duration_ms: 278.898666
  type: 'test'
  ...
# (node:17848) ExperimentalWarning: SQLite is an experimental feature and might change at any time
# (Use `node --trace-warnings ...` to show where the warning was created)
# Subtest: BE41-A HTTP snapshot binds project identity and rejects off-page changes
ok 897 - BE41-A HTTP snapshot binds project identity and rejects off-page changes
  ---
  duration_ms: 193.485542
  type: 'test'
  ...
# Subtest: BE41-A HTTP keeps a top-level snapshot token on an empty beyond-total page
ok 898 - BE41-A HTTP keeps a top-level snapshot token on an empty beyond-total page
  ---
  duration_ms: 155.15925
  type: 'test'
  ...
# Subtest: BE41-A preserves FILE/Matter version zero and reports source revision zero as partial
ok 899 - BE41-A preserves FILE/Matter version zero and reports source revision zero as partial
  ---
  duration_ms: 191.304583
  type: 'test'
  ...
# Subtest: BE41-A staleRefs thresholds 19/20/21 retain exact refs and truncation
ok 900 - BE41-A staleRefs thresholds 19/20/21 retain exact refs and truncation
  ---
  duration_ms: 121.208125
  type: 'test'
  ...
# (node:18138) ExperimentalWarning: SQLite is an experimental feature and might change at any time
# (Use `node --trace-warnings ...` to show where the warning was created)
# Subtest: BE41 empty/zero, project scope, stable pages and stale snapshot rejection without writes
ok 901 - BE41 empty/zero, project scope, stable pages and stale snapshot rejection without writes
  ---
  duration_ms: 157.910792
  type: 'test'
  ...
# Subtest: BE41 exact status counts, immutable lineage, 20-ref truncation and source membership diff
ok 902 - BE41 exact status counts, immutable lineage, 20-ref truncation and source membership diff
  ---
  duration_ms: 105.961167
  type: 'test'
  ...
# Subtest: BE41 migrated missing source history gives null counts and project-wide partial coverage
ok 903 - BE41 migrated missing source history gives null counts and project-wide partial coverage
  ---
  duration_ms: 179.300792
  type: 'test'
  ...
# Subtest: BE41 authenticated HTTP validates queries; no Session or producer required
ok 904 - BE41 authenticated HTTP validates queries; no Session or producer required
  ---
  duration_ms: 189.725333
  type: 'test'
  ...
# Subtest: BE41 source rollback is real, large diffs are partial, and policy/off-page membership invalidates tokens
ok 905 - BE41 source rollback is real, large diffs are partial, and policy/off-page membership invalidates tokens
  ---
  duration_ms: 210.755292
  type: 'test'
  ...
# Subtest: BE41 oversized identity metadata refuses explicitly rather than breaking the worker frame
ok 906 - BE41 oversized identity metadata refuses explicitly rather than breaking the worker frame
  ---
  duration_ms: 104.402917
  type: 'test'
  ...
# (node:18219) ExperimentalWarning: SQLite is an experimental feature and might change at any time
# (Use `node --trace-warnings ...` to show where the warning was created)
# Subtest: Core SIGKILL before commit / after commit before ACK, followed by HTTP receipt reconciliation and continuation
ok 907 - Core SIGKILL before commit / after commit before ACK, followed by HTTP receipt reconciliation and continuation
  ---
  duration_ms: 1345.434125
  type: 'test'
  ...
# {"stage":"before_commit","signal":"SIGKILL","receiptBeforeRetry":null,"artifactBeforeRetry":null,"afterRetry":{"candidate_hash":"ab7141f47f06041b1606a02d835acb4368ffe1446cb19ee16b8dfcc7b64ce62e","candidate_id":"candidate-fe3b8378436ad8f38b0d61235d420eda5d449526c28a93b7bc755ea06b4e0d14","content":"Synthetic artifact","content_digest":"39e1e275ef10883426ac72410d1124562e9810a8938310b9db3608b7385515ca","id":"artifact-candidate-fe3b8378436ad8f38b0d61235d420eda5d449526c28a93b7bc755ea06b4e0d14-1"},"durable":{"work":{"id":"matter-fef0c7e5-d360-486e-b1d9-6b21d2a0a2f2","version":1,"contract_version":"se-contract-v5.0","source_version":1,"active_artifact":"artifact-candidate-fe3b8378436ad8f38b0d61235d420eda5d449526c28a93b7bc755ea06b4e0d14-1","obligations_json":"[{\\"blocking\\":false,\\"evidence_refs\\":[],\\"id\\":\\"follow-up\\",\\"status\\":\\"open\\",\\"text\\":\\"Confirm the owner\\"}]"},"artifact":{"id":"artifact-candidate-fe3b8378436ad8f38b0d61235d420eda5d449526c28a93b7bc755ea06b4e0d14-1","candidate_id":"candidate-fe3b8378436ad8f38b0d61235d420eda5d449526c28a93b7bc755ea06b4e0d14","candidate_hash":"ab7141f47f06041b1606a02d835acb4368ffe1446cb19ee16b8dfcc7b64ce62e","content":"Synthetic artifact","content_digest":"39e1e275ef10883426ac72410d1124562e9810a8938310b9db3608b7385515ca"},"decisions":[{"request_id":"crash-request","matter_id":"matter-fef0c7e5-d360-486e-b1d9-6b21d2a0a2f2","candidate_id":"candidate-fe3b8378436ad8f38b0d61235d420eda5d449526c28a93b7bc755ea06b4e0d14","action":"accept","reason":"Synthetic review","actor_json":"{\\"id\\":\\"reviewer-1\\",\\"kind\\":\\"local_reviewer\\"}","scope_json":"{\\"base_version\\":0,\\"candidate_id\\":\\"candidate-fe3b8378436ad8f38b0d61235d420eda5d449526c28a93b7bc755ea06b4e0d14\\",\\"matter_id\\":\\"matter-fef0c7e5-d360-486e-b1d9-6b21d2a0a2f2\\",\\"run_id\\":\\"edde3666-6386-41c0-bfb1-6fb2f41f9ae7\\"}","result_json":"{\\"action\\":\\"accept\\",\\"active_artifact\\":\\"artifact-candidate-fe3b8378436ad8f38b0d61235d420eda5d449526c28a93b7bc755ea06b4e0d14-1\\",\\"candidate_id\\":\\"candidate-fe3b8378436ad8f38b0d61235d420eda5d449526c28a93b7bc755ea06b4e0d14\\",\\"matter_id\\":\\"matter-fef0c7e5-d360-486e-b1d9-6b21d2a0a2f2\\",\\"request_id\\":\\"crash-request\\",\\"version\\":1}"}],"audits":[{"id":1,"request_id":"crash-request","matter_id":"matter-fef0c7e5-d360-486e-b1d9-6b21d2a0a2f2","candidate_id":"candidate-fe3b8378436ad8f38b0d61235d420eda5d449526c28a93b7bc755ea06b4e0d14","action":"accept","actor_json":"{\\"id\\":\\"reviewer-1\\",\\"kind\\":\\"local_reviewer\\"}","scope_json":"{\\"base_version\\":0,\\"candidate_id\\":\\"candidate-fe3b8378436ad8f38b0d61235d420eda5d449526c28a93b7bc755ea06b4e0d14\\",\\"matter_id\\":\\"matter-fef0c7e5-d360-486e-b1d9-6b21d2a0a2f2\\",\\"run_id\\":\\"edde3666-6386-41c0-bfb1-6fb2f41f9ae7\\"}","result_json":"{\\"action\\":\\"accept\\",\\"active_artifact\\":\\"artifact-candidate-fe3b8378436ad8f38b0d61235d420eda5d449526c28a93b7bc755ea06b4e0d14-1\\",\\"candidate_id\\":\\"candidate-fe3b8378436ad8f38b0d61235d420eda5d449526c28a93b7bc755ea06b4e0d14\\",\\"matter_id\\":\\"matter-fef0c7e5-d360-486e-b1d9-6b21d2a0a2f2\\",\\"request_id\\":\\"crash-request\\",\\"version\\":1}"}],"receipts":[{"request_id":"crash-request","request_hash":"226e2a23577efafb25769ccc2c39091d2bdf96e4c6a786fe89d2ef88879c76f7","result_json":"{\\"action\\":\\"accept\\",\\"active_artifact\\":\\"artifact-candidate-fe3b8378436ad8f38b0d61235d420eda5d449526c28a93b7bc755ea06b4e0d14-1\\",\\"candidate_id\\":\\"candidate-fe3b8378436ad8f38b0d61235d420eda5d449526c28a93b7bc755ea06b4e0d14\\",\\"matter_id\\":\\"matter-fef0c7e5-d360-486e-b1d9-6b21d2a0a2f2\\",\\"request_id\\":\\"crash-request\\",\\"version\\":1}"}]},"obligations":[{"blocking":false,"evidence_refs":[],"id":"follow-up","status":"open","text":"Confirm the owner"}],"continued":{"candidate_hash":"e81cd353964a06c0be7fb6c2ae51123a00cf7aa842df777dc0bb7160ea820269","candidate_id":"continued","content":"Continued after recovery","content_digest":"424b1590fcf0bdf9e2bf2b4b6617e165c9f4e12885c7839198500fefaf5faeae","id":"artifact-continued-2"}}
# {"stage":"after_commit_before_ack","signal":"SIGKILL","receiptBeforeRetry":{"action":"accept","active_artifact":"artifact-candidate-b24181c2e01c3ca948a1a2a41835c6c7c4a342494f294b29be7ec655eff07f57-1","candidate_id":"candidate-b24181c2e01c3ca948a1a2a41835c6c7c4a342494f294b29be7ec655eff07f57","matter_id":"matter-900a99c7-f9c8-4c0e-bbcd-11c41274990f","request_id":"crash-request","version":1},"artifactBeforeRetry":{"candidate_hash":"ad5bcda55fa3b33d1c0d3e425a4d09397e5ea491b38c1a26ccbcc0cc4505927d","candidate_id":"candidate-b24181c2e01c3ca948a1a2a41835c6c7c4a342494f294b29be7ec655eff07f57","content":"Synthetic artifact","content_digest":"39e1e275ef10883426ac72410d1124562e9810a8938310b9db3608b7385515ca","id":"artifact-candidate-b24181c2e01c3ca948a1a2a41835c6c7c4a342494f294b29be7ec655eff07f57-1"},"afterRetry":{"candidate_hash":"ad5bcda55fa3b33d1c0d3e425a4d09397e5ea491b38c1a26ccbcc0cc4505927d","candidate_id":"candidate-b24181c2e01c3ca948a1a2a41835c6c7c4a342494f294b29be7ec655eff07f57","content":"Synthetic artifact","content_digest":"39e1e275ef10883426ac72410d1124562e9810a8938310b9db3608b7385515ca","id":"artifact-candidate-b24181c2e01c3ca948a1a2a41835c6c7c4a342494f294b29be7ec655eff07f57-1"},"durable":{"work":{"id":"matter-900a99c7-f9c8-4c0e-bbcd-11c41274990f","version":1,"contract_version":"se-contract-v5.0","source_version":1,"active_artifact":"artifact-candidate-b24181c2e01c3ca948a1a2a41835c6c7c4a342494f294b29be7ec655eff07f57-1","obligations_json":"[{\\"blocking\\":false,\\"evidence_refs\\":[],\\"id\\":\\"follow-up\\",\\"status\\":\\"open\\",\\"text\\":\\"Confirm the owner\\"}]"},"artifact":{"id":"artifact-candidate-b24181c2e01c3ca948a1a2a41835c6c7c4a342494f294b29be7ec655eff07f57-1","candidate_id":"candidate-b24181c2e01c3ca948a1a2a41835c6c7c4a342494f294b29be7ec655eff07f57","candidate_hash":"ad5bcda55fa3b33d1c0d3e425a4d09397e5ea491b38c1a26ccbcc0cc4505927d","content":"Synthetic artifact","content_digest":"39e1e275ef10883426ac72410d1124562e9810a8938310b9db3608b7385515ca"},"decisions":[{"request_id":"crash-request","matter_id":"matter-900a99c7-f9c8-4c0e-bbcd-11c41274990f","candidate_id":"candidate-b24181c2e01c3ca948a1a2a41835c6c7c4a342494f294b29be7ec655eff07f57","action":"accept","reason":"Synthetic review","actor_json":"{\\"id\\":\\"reviewer-1\\",\\"kind\\":\\"local_reviewer\\"}","scope_json":"{\\"base_version\\":0,\\"candidate_id\\":\\"candidate-b24181c2e01c3ca948a1a2a41835c6c7c4a342494f294b29be7ec655eff07f57\\",\\"matter_id\\":\\"matter-900a99c7-f9c8-4c0e-bbcd-11c41274990f\\",\\"run_id\\":\\"7137e573-0836-48e5-8ff4-c6636a270f77\\"}","result_json":"{\\"action\\":\\"accept\\",\\"active_artifact\\":\\"artifact-candidate-b24181c2e01c3ca948a1a2a41835c6c7c4a342494f294b29be7ec655eff07f57-1\\",\\"candidate_id\\":\\"candidate-b24181c2e01c3ca948a1a2a41835c6c7c4a342494f294b29be7ec655eff07f57\\",\\"matter_id\\":\\"matter-900a99c7-f9c8-4c0e-bbcd-11c41274990f\\",\\"request_id\\":\\"crash-request\\",\\"version\\":1}"}],"audits":[{"id":1,"request_id":"crash-request","matter_id":"matter-900a99c7-f9c8-4c0e-bbcd-11c41274990f","candidate_id":"candidate-b24181c2e01c3ca948a1a2a41835c6c7c4a342494f294b29be7ec655eff07f57","action":"accept","actor_json":"{\\"id\\":\\"reviewer-1\\",\\"kind\\":\\"local_reviewer\\"}","scope_json":"{\\"base_version\\":0,\\"candidate_id\\":\\"candidate-b24181c2e01c3ca948a1a2a41835c6c7c4a342494f294b29be7ec655eff07f57\\",\\"matter_id\\":\\"matter-900a99c7-f9c8-4c0e-bbcd-11c41274990f\\",\\"run_id\\":\\"7137e573-0836-48e5-8ff4-c6636a270f77\\"}","result_json":"{\\"action\\":\\"accept\\",\\"active_artifact\\":\\"artifact-candidate-b24181c2e01c3ca948a1a2a41835c6c7c4a342494f294b29be7ec655eff07f57-1\\",\\"candidate_id\\":\\"candidate-b24181c2e01c3ca948a1a2a41835c6c7c4a342494f294b29be7ec655eff07f57\\",\\"matter_id\\":\\"matter-900a99c7-f9c8-4c0e-bbcd-11c41274990f\\",\\"request_id\\":\\"crash-request\\",\\"version\\":1}"}],"receipts":[{"request_id":"crash-request","request_hash":"65829ab4d50d14bb88a6249511e4cf317fa8c2a5fdf2866c989f6f6feae01f77","result_json":"{\\"action\\":\\"accept\\",\\"active_artifact\\":\\"artifact-candidate-b24181c2e01c3ca948a1a2a41835c6c7c4a342494f294b29be7ec655eff07f57-1\\",\\"candidate_id\\":\\"candidate-b24181c2e01c3ca948a1a2a41835c6c7c4a342494f294b29be7ec655eff07f57\\",\\"matter_id\\":\\"matter-900a99c7-f9c8-4c0e-bbcd-11c41274990f\\",\\"request_id\\":\\"crash-request\\",\\"version\\":1}"}]},"obligations":[{"blocking":false,"evidence_refs":[],"id":"follow-up","status":"open","text":"Confirm the owner"}],"continued":{"candidate_hash":"9d0762658f1850567999faac8169522ebb15430a9a9b3c72ea7ac65a82b94b1f","candidate_id":"continued","content":"Continued after recovery","content_digest":"424b1590fcf0bdf9e2bf2b4b6617e165c9f4e12885c7839198500fefaf5faeae","id":"artifact-continued-2"}}
# Subtest: HTTP stale source refusal, producer unload/read-only/reload and legal revised completion
ok 908 - HTTP stale source refusal, producer unload/read-only/reload and legal revised completion
  ---
  duration_ms: 258.2
  type: 'test'
  ...
# (node:18445) ExperimentalWarning: SQLite is an experimental feature and might change at any time
# (Use `node --trace-warnings ...` to show where the warning was created)
# Subtest: UTC bins count unique retained run IDs, every status, and start time rather than end time
ok 909 - UTC bins count unique retained run IDs, every status, and start time rather than end time
  ---
  duration_ms: 1.576042
  type: 'test'
  ...
# Subtest: empty differs from reported zero and aggregate overflow fails instead of rounding
ok 910 - empty differs from reported zero and aggregate overflow fails instead of rounding
  ---
  duration_ms: 0.458792
  type: 'test'
  ...
# Subtest: summary UTC filter uses each collection timestamp before pagination
ok 911 - summary UTC filter uses each collection timestamp before pagination
  ---
  duration_ms: 0.366958
  type: 'test'
  ...
# Subtest: authenticated HTTP metrics are read-only, survive restart, and honestly shrink after deletion
ok 912 - authenticated HTTP metrics are read-only, survive restart, and honestly shrink after deletion
  ---
  duration_ms: 233.690458
  type: 'test'
  ...
# Subtest: read during an unpublished mutation sees the whole previous snapshot
ok 913 - read during an unpublished mutation sees the whole previous snapshot
  ---
  duration_ms: 368.179417
  type: 'test'
  ...
# Subtest: available summary stays visible at zero and opens the existing Work review
ok 914 - available summary stays visible at zero and opens the existing Work review
  ---
  duration_ms: 3.425583
  type: 'test'
  ...
# Subtest: candidate, stale and read-only facts remain separate without an impossible ready count
ok 915 - candidate, stale and read-only facts remain separate without an impossible ready count
  ---
  duration_ms: 0.631583
  type: 'test'
  ...
# Subtest: pending count stays a single compact fact when all or only some candidates are reviewable
ok 916 - pending count stays a single compact fact when all or only some candidates are reviewable
  ---
  duration_ms: 0.451458
  type: 'test'
  ...
# Subtest: refresh clears old facts while loading and on failure
ok 917 - refresh clears old facts while loading and on failure
  ---
  duration_ms: 0.847833
  type: 'test'
  ...
# Subtest: late and mismatched responses cannot replace the current scope
ok 918 - late and mismatched responses cannot replace the current scope
  ---
  duration_ms: 0.724333
  type: 'test'
  ...
# Subtest: a view outside the current scope does not start a request
ok 919 - a view outside the current scope does not start a request
  ---
  duration_ms: 0.269125
  type: 'test'
  ...
# Subtest: summary reread returns detached keyboard focus without stealing a later user focus
ok 920 - summary reread returns detached keyboard focus without stealing a later user focus
  ---
  duration_ms: 0.721334
  type: 'test'
  ...
# (node:18710) ExperimentalWarning: SQLite is an experimental feature and might change at any time
# (Use `node --trace-warnings ...` to show where the warning was created)
# Subtest: Core review summary follows pending, decision, new Session and lifecycle without returning bodies
ok 921 - Core review summary follows pending, decision, new Session and lifecycle without returning bodies
  ---
  duration_ms: 634.568875
  type: 'test'
  ...
# Subtest: Core review summary keeps stale pending and domain review separate from authority to accept
ok 922 - Core review summary keeps stale pending and domain review separate from authority to accept
  ---
  duration_ms: 190.198458
  type: 'test'
  ...
# Subtest: Core review summary does not turn missing Core projections or failures into zero pending
ok 923 - Core review summary does not turn missing Core projections or failures into zero pending
  ---
  duration_ms: 149.634375
  type: 'test'
  ...
# (node:18711) ExperimentalWarning: SQLite is an experimental feature and might change at any time
# (Use `node --trace-warnings ...` to show where the warning was created)
# Subtest: Pro R-01: before-write never reports completed or discards settlement error
ok 924 - Pro R-01: before-write never reports completed or discards settlement error
  ---
  duration_ms: 628.037667
  type: 'test'
  ...
# Subtest: Pro R-01: after-write-ack-loss never reports completed or discards settlement error
ok 925 - Pro R-01: after-write-ack-loss never reports completed or discards settlement error
  ---
  duration_ms: 960.313666
  type: 'test'
  ...
# Subtest: Pro R-01: cancel-and-finish-failure never reports completed or discards settlement error
ok 926 - Pro R-01: cancel-and-finish-failure never reports completed or discards settlement error
  ---
  duration_ms: 1004.028791
  type: 'test'
  ...
# Subtest: Pro R-02: ordinary first instruction discovers scoped source refs only from host context
ok 927 - Pro R-02: ordinary first instruction discovers scoped source refs only from host context
  ---
  duration_ms: 504.836958
  type: 'test'
  ...
# Subtest: Pro R-04: intermediate tool updates stay nonterminal until end
ok 928 - Pro R-04: intermediate tool updates stay nonterminal until end
  ---
  duration_ms: 3.774792
  type: 'test'
  ...
# Subtest: summary sees one published view across paused resolve persistence
ok 929 - summary sees one published view across paused resolve persistence
  ---
  duration_ms: 51.934208
  type: 'test'
  ...
# Subtest: summary sees one published view across paused cancel persistence
ok 930 - summary sees one published view across paused cancel persistence
  ---
  duration_ms: 47.265042
  type: 'test'
  ...
# (node:18908) ExperimentalWarning: SQLite is an experimental feature and might change at any time
# (Use `node --trace-warnings ...` to show where the warning was created)
# Subtest: work summary distinguishes empty, no-run, completed, failed and unknown
ok 931 - work summary distinguishes empty, no-run, completed, failed and unknown
  ---
  duration_ms: 2065.573833
  type: 'test'
  ...
# Subtest: live ask_user and permission entries disappear after answer or cancel, and stale posts remain 409
ok 932 - live ask_user and permission entries disappear after answer or cancel, and stale posts remain 409
  ---
  duration_ms: 1043.825292
  type: 'test'
  ...
# Subtest: summary excludes stale question states and paginates pending/inspection by project with a union of lastSeq
ok 933 - summary excludes stale question states and paginates pending/inspection by project with a union of lastSeq
  ---
  duration_ms: 104.46925
  type: 'test'
  ...
# Subtest: restart hides the old live question, exposes its unknown Run, and a new Run gets a new ID
ok 934 - restart hides the old live question, exposes its unknown Run, and a new Run gets a new ID
  ---
  duration_ms: 1505.650208
  type: 'test'
  ...
# Subtest: summary keeps project sources separate and has deterministic tie ordering, offsets and bounds
ok 935 - summary keeps project sources separate and has deterministic tie ordering, offsets and bounds
  ---
  duration_ms: 90.789959
  type: 'test'
  ...
# Subtest: summary is allowlisted and read-only; unauthorized and failed reads are errors rather than empty results
ok 936 - summary is allowlisted and read-only; unauthorized and failed reads are errors rather than empty results
  ---
  duration_ms: 204.274333
  type: 'test'
  ...
# Subtest: CC-W 第 0 项 · 工作面定性按视口分档，旧的 not-a-third-column 已不在文档里
ok 937 - CC-W 第 0 项 · 工作面定性按视口分档，旧的 not-a-third-column 已不在文档里
  ---
  duration_ms: 0.561791
  type: 'test'
  ...
# Subtest: CC-W 第 0 项 · 尺寸 token 表登记了 ≥1680 断点、--doc-min 与正文行宽上限
ok 938 - CC-W 第 0 项 · 尺寸 token 表登记了 ≥1680 断点、--doc-min 与正文行宽上限
  ---
  duration_ms: 0.150875
  type: 'test'
  ...
# Subtest: CC-W 第 0 项 · M-9 在途换词不换宽度，按钮元素本身不被替换
ok 939 - CC-W 第 0 项 · M-9 在途换词不换宽度，按钮元素本身不被替换
  ---
  duration_ms: 0.201667
  type: 'test'
  ...
# Subtest: CC-W 第 0 项 · M-10 tooltip 共享延迟：首个 400，窗口内相邻即时
ok 940 - CC-W 第 0 项 · M-10 tooltip 共享延迟：首个 400，窗口内相邻即时
  ---
  duration_ms: 0.127333
  type: 'test'
  ...
# Subtest: CC-W 1 · 文档 tab 只有一个，身份由既有字段拼出，不新增 scope 字段
ok 941 - CC-W 1 · 文档 tab 只有一个，身份由既有字段拼出，不新增 scope 字段
  ---
  duration_ms: 0.792666
  type: 'test'
  ...
# Subtest: CC-W 1 · 选中区与关闭区分开；类型 tab 没有关闭区；关闭是明确动作
ok 942 - CC-W 1 · 选中区与关闭区分开；类型 tab 没有关闭区；关闭是明确动作
  ---
  duration_ms: 0.338041
  type: 'test'
  ...
# Subtest: CC-W 2 · B 态是视图切换：聊天列 hidden + inert，没有遮罩，没有浮层材质
ok 943 - CC-W 2 · B 态是视图切换：聊天列 hidden + inert，没有遮罩，没有浮层材质
  ---
  duration_ms: 0.299333
  type: 'test'
  ...
# Subtest: CC-W 3 · C 态是三条真的列轨，各自滚动，chrome 同一基线
ok 944 - CC-W 3 · C 态是三条真的列轨，各自滚动，chrome 同一基线
  ---
  duration_ms: 0.333875
  type: 'test'
  ...
# Subtest: CC-W 2 / 3 · 返回控件不在 tablist 里，也不占顶带那个槽位
ok 945 - CC-W 2 / 3 · 返回控件不在 tablist 里，也不占顶带那个槽位
  ---
  duration_ms: 0.469959
  type: 'test'
  ...
# Subtest: CC-W 4 / 5 · 面板宽 ≠ 正文行宽；滚动位置在没有布局盒时不被抹成 0
ok 946 - CC-W 4 / 5 · 面板宽 ≠ 正文行宽；滚动位置在没有布局盒时不被抹成 0
  ---
  duration_ms: 0.492958
  type: 'test'
  ...
# Subtest: CC-W 1 · agent activity 是 tab 上的一个记号，不是 banner，不只靠颜色
ok 947 - CC-W 1 · agent activity 是 tab 上的一个记号，不是 banner，不只靠颜色
  ---
  duration_ms: 0.285333
  type: 'test'
  ...
# (node:18990) ExperimentalWarning: SQLite is an experimental feature and might change at any time
# (Use `node --trace-warnings ...` to show where the warning was created)
# Subtest: T-WS-1: '..' path segments are rejected
ok 948 - T-WS-1: '..' path segments are rejected
  ---
  duration_ms: 3.15075
  type: 'test'
  ...
# Subtest: T-WS-2: absolute paths are rejected
ok 949 - T-WS-2: absolute paths are rejected
  ---
  duration_ms: 0.384417
  type: 'test'
  ...
# Subtest: T-WS-3: symlink escape is rejected
ok 950 - T-WS-3: symlink escape is rejected
  ---
  duration_ms: 0.979
  type: 'test'
  ...
# Subtest: T-WS-4: an over-limit file is rejected by ws_read (throws; pi-agent-core turns a thrown tool error into isError:true)
ok 951 - T-WS-4: an over-limit file is rejected by ws_read (throws; pi-agent-core turns a thrown tool error into isError:true)
  ---
  duration_ms: 1.24575
  type: 'test'
  ...
# Subtest: T-WS-5: ws_read then ws_write round-trips through the workspace endpoints
ok 952 - T-WS-5: ws_read then ws_write round-trips through the workspace endpoints
  ---
  duration_ms: 604.462542
  type: 'test'
  ...
# Subtest: materials endpoint rejects path separators in the name
ok 953 - materials endpoint rejects path separators in the name
  ---
  duration_ms: 77.149292
  type: 'test'
  ...
# Subtest: addMaterial rejects content over the 1 MiB limit (service-level, below the HTTP body cap)
ok 954 - addMaterial rejects content over the 1 MiB limit (service-level, below the HTTP body cap)
  ---
  duration_ms: 69.663375
  type: 'test'
  ...
# Subtest: T-WS-6: repeated writes yield two content versions and one current file
ok 955 - T-WS-6: repeated writes yield two content versions and one current file
  ---
  duration_ms: 861.521541
  type: 'test'
  ...
# Subtest: addMaterial routes through the shared path guard, which rejects a '..' name
ok 956 - addMaterial routes through the shared path guard, which rejects a '..' name
  ---
  duration_ms: 64.412791
  type: 'test'
  ...
# Subtest: T-ART-1: a completed run with no write has no artifacts and no acceptance field
ok 957 - T-ART-1: a completed run with no write has no artifacts and no acceptance field
  ---
  duration_ms: 183.386416
  type: 'test'
  ...
# Subtest: T-ART-2: two writes to one path keep both content versions and one current file
ok 958 - T-ART-2: two writes to one path keep both content versions and one current file
  ---
  duration_ms: 748.808667
  type: 'test'
  ...
# Subtest: ws_grep rejects nested quantifiers and over-long patterns before compiling them
ok 959 - ws_grep rejects nested quantifiers and over-long patterns before compiling them
  ---
  duration_ms: 41.712542
  type: 'test'
  ...
# Subtest: getWorkspaceFile truncates on a UTF-8 boundary and keeps the whole-file digest
ok 960 - getWorkspaceFile truncates on a UTF-8 boundary and keeps the whole-file digest
  ---
  duration_ms: 79.174709
  type: 'test'
  ...
# Subtest: a second run in a continued session revises the first run's file
ok 961 - a second run in a continued session revises the first run's file
  ---
  duration_ms: 890.078875
  type: 'test'
  ...
1..961
# tests 964
# suites 0
# pass 964
# fail 0
# cancelled 0
# skipped 0
# todo 0
# duration_ms 222742.168125

==> local deterministic runtime smoke

> se-agent-v5-runtime@0.1.0 smoke
> node scripts/runtime-smoke.mjs

(node:21228) ExperimentalWarning: SQLite is an experimental feature and might change at any time
(Use `node --trace-warnings ...` to show where the warning was created)
{
  "status": "passed",
  "provider": "local-fake",
  "transport": "public runtime service",
  "checks": [
    "material read",
    "tool write",
    "persisted artifact",
    "runtime close/reopen",
    "session continuation",
    "revision",
    "historical bytes"
  ],
  "realProvider": "not_run"
}

==> repository documentation links
{
  "pass": true,
  "documents": 1212,
  "checked": 6649,
  "problems": []
}
