path	scope	product_mode	product_blob	final_mode	final_blob	comparison
.github/workflows/pages.yml	other	100644	517bba36675d36fa5989e192782c807b597c75d4	100644	517bba36675d36fa5989e192782c807b597c75d4	product_exact
.gitignore	other	100644	5888c25b2905d484460b158e3a5c1e93dc93d3fc	100644	5888c25b2905d484460b158e3a5c1e93dc93d3fc	product_exact
AGENTS.md	other	100644	2b6ab1895af89bf72565ed7034b023373034b8a9	100644	2b6ab1895af89bf72565ed7034b023373034b8a9	product_exact
LICENSE	other	100644	17c7dfad2e83fe7d3fbde5b0039706f99ae078a6	100644	17c7dfad2e83fe7d3fbde5b0039706f99ae078a6	product_exact
PAPER.md	other	100644	5b13e0d875879e597e9e15d0fa09402b04aa76b0	100644	5b13e0d875879e597e9e15d0fa09402b04aa76b0	product_exact
README.md	other	100644	642787b6d4860e9e8af20bdfdffd38e8b5f187a0	100644	642787b6d4860e9e8af20bdfdffd38e8b5f187a0	product_exact
app/README.md	app	100644	5fb6f5084c29a1d6f20804f02e4842279c714b00	100644	5fb6f5084c29a1d6f20804f02e4842279c714b00	product_exact
app/core/attention.py	app	100644	4d98f2ae6d7b300f56915303915ffab160fdacff	100644	4d98f2ae6d7b300f56915303915ffab160fdacff	product_exact
app/core/bridge.py	app	100644	fc54a981c48ea375dee76e61ed612394b51dc981	100644	fc54a981c48ea375dee76e61ed612394b51dc981	product_exact
app/core/client.mjs	app	100644	46575f9adbd05ffcfa0167e206fe52d32261b8f0	100644	46575f9adbd05ffcfa0167e206fe52d32261b8f0	product_exact
app/core/core.py	app	100644	1e1a666e9ede9f22411ff18fcced1e68c1f60e90	100644	1e1a666e9ede9f22411ff18fcced1e68c1f60e90	product_exact
app/core/file_candidates.py	app	100644	58de3474dac08fe4149f6a8b2559058d82d56a66	100644	58de3474dac08fe4149f6a8b2559058d82d56a66	product_exact
app/core/governance.py	app	100644	dcf1c58bc5cb9d1f1366ed5694bd40315e32a9fc	100644	dcf1c58bc5cb9d1f1366ed5694bd40315e32a9fc	product_exact
app/core/owner.mjs	app	100644	613bada992ccb3637638df28af7360a90eb46307	100644	613bada992ccb3637638df28af7360a90eb46307	product_exact
app/docs/README.md	app	100644	01b6fc0432ca68f399368b8a438db579dd0bee0a	100644	01b6fc0432ca68f399368b8a438db579dd0bee0a	product_exact
app/docs/api-runtime-mx-r1.md	app	100644	15698c4d27e6eaefaaec271c1b93c770eeef4f65	100644	15698c4d27e6eaefaaec271c1b93c770eeef4f65	product_exact
app/docs/api-v6.md	app	100644	4915a72d78e0ebd4ad50162ad901a29e85c22f43	100644	4915a72d78e0ebd4ad50162ad901a29e85c22f43	product_exact
app/docs/async-tasks.md	app	100644	a21f62bcf3f104b7032392f1cbafe7d44b718925	100644	a21f62bcf3f104b7032392f1cbafe7d44b718925	product_exact
app/docs/attention-agent.md	app	100644	62ee466d01a328b6c284a31127067c1e9bf8f0fb	100644	62ee466d01a328b6c284a31127067c1e9bf8f0fb	product_exact
app/docs/coordination.md	app	100644	195067e9eaf0ddd62f814dc0db9b912c5540926e	100644	195067e9eaf0ddd62f814dc0db9b912c5540926e	product_exact
app/docs/dependency-ledger.json	app	100644	6d30d401475af086a5ceaa959a7d1acfca000f4f	100644	6d30d401475af086a5ceaa959a7d1acfca000f4f	product_exact
app/docs/permission-cas.md	app	100644	d5f9d9a2280e7c220f369b307220b938af8bcd3e	100644	d5f9d9a2280e7c220f369b307220b938af8bcd3e	product_exact
app/docs/request-telemetry.md	app	100644	19334bc92b2fce052e979a24c9307143c76a2444	100644	19334bc92b2fce052e979a24c9307143c76a2444	product_exact
app/docs/run-attempts.md	app	100644	91f3aefde0a84d19979808f88a9b98a375acfcad	100644	91f3aefde0a84d19979808f88a9b98a375acfcad	product_exact
app/docs/runtime-api-proposal.md	app	100644	be0fead7517d68dacef13770a6c7734c3f920771	100644	be0fead7517d68dacef13770a6c7734c3f920771	product_exact
app/docs/runtime-foundation.md	app	100644	14a8adc02175b7143df8f4208b954b845bcb6d8a	100644	14a8adc02175b7143df8f4208b954b845bcb6d8a	product_exact
app/docs/turn-ownership-review.md	app	100644	f781630cf5b523a0204c5bc5cbd45b368f3e42e2	100644	f781630cf5b523a0204c5bc5cbd45b368f3e42e2	product_exact
app/docs/upstream-integration.md	app	100644	4c9a0c4c9954289903ee8bacd235023957c0ca51	100644	4c9a0c4c9954289903ee8bacd235023957c0ca51	product_exact
app/docs/usage-details.md	app	100644	a032503ab88da726f827664f6dbc02bd86a6aad3	100644	a032503ab88da726f827664f6dbc02bd86a6aad3	product_exact
app/docs/work-metrics.md	app	100644	c504c0c746b576aa2a58c93ce3ac631c40b43358	100644	c504c0c746b576aa2a58c93ce3ac631c40b43358	product_exact
app/docs/work-summary-api.md	app	100644	d9973b18d536796b13a23454497cae3bfde18f7b	100644	d9973b18d536796b13a23454497cae3bfde18f7b	product_exact
app/domains/inbound-nda/constants.mjs	app;app/domains	100644	1366d6112bb7363629282f5ea4d9a4854a74b553	100644	1366d6112bb7363629282f5ea4d9a4854a74b553	product_exact
app/domains/inbound-nda/fixtures.mjs	app;app/domains	100644	16eac717892b20d806495a7309e7418f506d7664	100644	16eac717892b20d806495a7309e7418f506d7664	product_exact
app/domains/inbound-nda/index.mjs	app;app/domains	100644	01b226c2506477b1e8471942bffda62d3c39bc96	100644	01b226c2506477b1e8471942bffda62d3c39bc96	product_exact
app/domains/inbound-nda/rules.mjs	app;app/domains	100644	15b26b7f6d74385a6401f24c3fa1596b89acf140	100644	15b26b7f6d74385a6401f24c3fa1596b89acf140	product_exact
app/domains/inbound-nda/serialization.mjs	app;app/domains	100644	9f36eeb10961ab7a1462005d94b6536a66785d7c	100644	9f36eeb10961ab7a1462005d94b6536a66785d7c	product_exact
app/extensions/attention-adapter.mjs	app	100644	b3027331c4eb7c7970ae291bc22cde955e43b2a0	100644	b3027331c4eb7c7970ae291bc22cde955e43b2a0	product_exact
app/extensions/catalog.mjs	app	100644	ae9c0702e8c3f7b37edf0ba7114707f808332f30	100644	ae9c0702e8c3f7b37edf0ba7114707f808332f30	product_exact
app/extensions/evidence-memo/index.mjs	app	100644	9a536adf4801cbaf8f4c6ef171d54af00086ac8b	100644	9a536adf4801cbaf8f4c6ef171d54af00086ac8b	product_exact
app/extensions/evidence-memo/manifest.mjs	app	100644	c99539e12f5282f4893982c2e5e16f1df5200440	100644	c99539e12f5282f4893982c2e5e16f1df5200440	product_exact
app/extensions/evidence-memo/renderer.mjs	app	100644	b4e644c79e6b51a9ca4f7fe7d290cf42eca79bb6	100644	b4e644c79e6b51a9ca4f7fe7d290cf42eca79bb6	product_exact
app/extensions/evidence-memo/server/core-client.mjs	app	100644	3839c01a560fe1f30f58420f13fde55ec4056257	100644	3839c01a560fe1f30f58420f13fde55ec4056257	product_exact
app/extensions/file-memo-policy.mjs	app	100644	f1eaca14468c5d20b7b6fe593bc62550281f3537	100644	f1eaca14468c5d20b7b6fe593bc62550281f3537	product_exact
app/extensions/governance-adapter.mjs	app	100644	dc0363d1ebc81ce80b46cba02bd0058b3030ea55	100644	dc0363d1ebc81ce80b46cba02bd0058b3030ea55	product_exact
app/extensions/inbound-nda/index.mjs	app	100644	aceb43f3642ef3580b264b8c60aa30177ebf36af	100644	aceb43f3642ef3580b264b8c60aa30177ebf36af	product_exact
app/extensions/inbound-nda/renderer.mjs	app	100644	7f5d63c2b494fabb0cf44fac49abe10f7962943f	100644	7f5d63c2b494fabb0cf44fac49abe10f7962943f	product_exact
app/extensions/probe/index.mjs	app	100644	6f70066a14e16e6b817a357540ab95216294a777	100644	6f70066a14e16e6b817a357540ab95216294a777	product_exact
app/extensions/work-adapter.mjs	app	100644	5eb7b1291b732ddc73295c62f273c65b82a02e91	100644	5eb7b1291b732ddc73295c62f273c65b82a02e91	product_exact
app/harness/child-execution.mjs	app	100644	d536dac47bc7d038be91f6da008d3a65fe929dcd	100644	d536dac47bc7d038be91f6da008d3a65fe929dcd	product_exact
app/harness/coordination-state.mjs	app	100644	72bc95b89bab13e80431de0f828f919c11cb5d65	100644	72bc95b89bab13e80431de0f828f919c11cb5d65	product_exact
app/harness/coordination.mjs	app	100644	854df13bfd468236280f80bfb6750133e03713bb	100644	854df13bfd468236280f80bfb6750133e03713bb	product_exact
app/harness/tools.mjs	app	100644	6b76e207bd96688c55a37a04e62a9ce50c17d5ec	100644	6b76e207bd96688c55a37a04e62a9ce50c17d5ec	product_exact
app/package-lock.json	app	100644	daca1fb53a6bdb7b040a639bc6d9e87813368f8f	100644	daca1fb53a6bdb7b040a639bc6d9e87813368f8f	product_exact
app/package.json	app	100644	ffa0c70404f43f67870965d42e9b8f79027909f9	100644	ffa0c70404f43f67870965d42e9b8f79027909f9	product_exact
app/runtime/artifact-history.mjs	app	100644	e536e1b2801c454d0eb615dda6a261c5d31696fe	100644	e536e1b2801c454d0eb615dda6a261c5d31696fe	product_exact
app/runtime/attention-tools.mjs	app	100644	e3973c675e59f6dab00e9f436e3b26edfca868f7	100644	e3973c675e59f6dab00e9f436e3b26edfca868f7	product_exact
app/runtime/control-contract.d.ts	app	100644	ac1cd877bf66bde1af589361e7ed2c58d2f1b583	100644	ac1cd877bf66bde1af589361e7ed2c58d2f1b583	product_exact
app/runtime/control-plane.mjs	app	100644	da0c30bcca777b8dc1d76a7e56ad54abc0bcad4c	100644	da0c30bcca777b8dc1d76a7e56ad54abc0bcad4c	product_exact
app/runtime/control-tools.mjs	app	100644	f764e8ca6ec70ea08eda2024e22d09dc44da7290	100644	f764e8ca6ec70ea08eda2024e22d09dc44da7290	product_exact
app/runtime/extension-registry.mjs	app	100644	cf607e0343efcf032e9af672aa85817b2168c051	100644	cf607e0343efcf032e9af672aa85817b2168c051	product_exact
app/runtime/fake-provider.mjs	app	100644	9694bf5609563d2262a26a62e27028866803ac22	100644	9694bf5609563d2262a26a62e27028866803ac22	product_exact
app/runtime/governance-tools.mjs	app	100644	3a0dddf98fea586214473e188b80e34ae59533b5	100644	3a0dddf98fea586214473e188b80e34ae59533b5	product_exact
app/runtime/grep-worker.mjs	app	100644	0c811e25912bc319d6113e70d5c313bd2f8b78d5	100644	0c811e25912bc319d6113e70d5c313bd2f8b78d5	product_exact
app/runtime/mcp-manager.mjs	app	100644	055e66223a91eec4a4aade665f8d96af488e9573	100644	055e66223a91eec4a4aade665f8d96af488e9573	product_exact
app/runtime/pi-session-runtime.mjs	app	100644	9697c913ecdc50d98b79fb272cea623a306e163a	100644	9697c913ecdc50d98b79fb272cea623a306e163a	product_exact
app/runtime/request-telemetry.mjs	app	100644	6262afe295cfee1ec53e963adc9ac6216d78b1ca	100644	6262afe295cfee1ec53e963adc9ac6216d78b1ca	product_exact
app/runtime/source-coordinates.mjs	app	100644	c0a47814742fddfff61a7a4195b855c35ae3ce17	100644	c0a47814742fddfff61a7a4195b855c35ae3ce17	product_exact
app/runtime/source-resolver.d.ts	app	100644	86a87818bf5447d39ee4d6feaef83035270dd152	100644	86a87818bf5447d39ee4d6feaef83035270dd152	product_exact
app/runtime/source-resolver.mjs	app	100644	7b70c10fed281020f26cea755d3d4cad88401bff	100644	7b70c10fed281020f26cea755d3d4cad88401bff	product_exact
app/runtime/test-hooks.mjs	app	100644	be5b625f88e1eab94d15d65c8241f888024679de	100644	be5b625f88e1eab94d15d65c8241f888024679de	product_exact
app/runtime/workspace-tools.mjs	app	100644	30db8330f58bd0e12e083565a593789f56cc2272	100644	30db8330f58bd0e12e083565a593789f56cc2272	product_exact
app/scripts/attention-fixture.mjs	app	100644	348af40bbbbc49073de31f395abc8e179cc2b68c	100644	348af40bbbbc49073de31f395abc8e179cc2b68c	product_exact
app/scripts/file-candidate-fixture.mjs	app	100644	e73bc9384b6da3083fd8ac0bc5d9f311a3afb553	100644	e73bc9384b6da3083fd8ac0bc5d9f311a3afb553	product_exact
app/scripts/runtime-smoke.mjs	app	100644	d02855bfb69d4b42fa6ee69492955ff80993b5ba	100644	d02855bfb69d4b42fa6ee69492955ff80993b5ba	product_exact
app/scripts/work-core-fixture.mjs	app	100644	1ed6be6992be106ec943837a9733c68f8af55741	100644	1ed6be6992be106ec943837a9733c68f8af55741	product_exact
app/server/async-task-state.mjs	app	100644	8ba70ed9e0bfde2bda7f751c5d72b60a75212f9d	100644	8ba70ed9e0bfde2bda7f751c5d72b60a75212f9d	product_exact
app/server/async-task-view.mjs	app	100644	be2247c69c4b800944d6ebb1c938cc59fe503e29	100644	be2247c69c4b800944d6ebb1c938cc59fe503e29	product_exact
app/server/async-tasks.mjs	app	100644	a4376beb6e428dbc1333f0ef030c4536dcf7f255	100644	a4376beb6e428dbc1333f0ef030c4536dcf7f255	product_exact
app/server/cli.mjs	app	100644	07b9ffca9911394143514da09de32f87eb68e090	100644	07b9ffca9911394143514da09de32f87eb68e090	product_exact
app/server/credential-file.mjs	app	100644	06a060f13a4d4ddcb82030819ce489f9ac5d9bb3	100644	06a060f13a4d4ddcb82030819ce489f9ac5d9bb3	product_exact
app/server/index.mjs	app	100644	60669723b1f5e26f2a1a00d8ee904cbf03c85250	100644	60669723b1f5e26f2a1a00d8ee904cbf03c85250	product_exact
app/server/provider-connections.mjs	app	100644	7527cff9d151d9dae67f768f386bf2ab18cdfe1a	100644	7527cff9d151d9dae67f768f386bf2ab18cdfe1a	product_exact
app/server/provider-fields.mjs	app	100644	de931d5ef2b154926461806aa84ba44994650121	100644	de931d5ef2b154926461806aa84ba44994650121	product_exact
app/server/provider-preview.mjs	app	100644	a5a65c13aca0f9a7f15c18e2beeef9ba713807ef	100644	a5a65c13aca0f9a7f15c18e2beeef9ba713807ef	product_exact
app/server/runtime-lock.mjs	app	100644	0ae023e0a9c8ae483eff77c9b4b4ba854c8e1b0e	100644	0ae023e0a9c8ae483eff77c9b4b4ba854c8e1b0e	product_exact
app/server/runtime-lock.py	app	100644	6448ac9ea22b8a9791d95a65e6757beac9ddbd37	100644	6448ac9ea22b8a9791d95a65e6757beac9ddbd37	product_exact
app/server/runtime.mjs	app	100644	814a308d391b591dd3c6aac33b29358b8abf8c6a	100644	814a308d391b591dd3c6aac33b29358b8abf8c6a	product_exact
app/server/service.mjs	app	100644	605dbd5179f7c03591dad6b6f0a2a4f0ada64044	100644	605dbd5179f7c03591dad6b6f0a2a4f0ada64044	product_exact
app/server/store.mjs	app	100644	b9cc4cb0c3bc7171ccb4392ab3645473fe97fc57	100644	b9cc4cb0c3bc7171ccb4392ab3645473fe97fc57	product_exact
app/server/usage-details.mjs	app	100644	df8953a0b556257212a0e694a895d60376a7dd16	100644	df8953a0b556257212a0e694a895d60376a7dd16	product_exact
app/server/work-metrics.mjs	app	100644	59ea65c1fdc2b37ceb0b110da181e19c5688fd25	100644	59ea65c1fdc2b37ceb0b110da181e19c5688fd25	product_exact
app/server/work-summary.mjs	app	100644	ff94d8ddd79c337c53abad300dc63e0b4ad5a96b	100644	ff94d8ddd79c337c53abad300dc63e0b4ad5a96b	product_exact
app/tests/answer-admission-race.test.mjs	app;full-test-glob	100644	c1a9594f3a6e09b378095aaedae23ec00554c839	100644	c1a9594f3a6e09b378095aaedae23ec00554c839	product_exact
app/tests/architecture-boundaries.test.mjs	app;full-test-glob	100644	88c14793340aff0a0924bad4af2fdb47de1a2668	100644	88c14793340aff0a0924bad4af2fdb47de1a2668	product_exact
app/tests/architecture-maintenance.test.mjs	app;full-test-glob	100644	d555ce0abdb33e3c835fdaf551f73d0fac40ccd6	100644	d555ce0abdb33e3c835fdaf551f73d0fac40ccd6	product_exact
app/tests/artifact-history-storage.test.mjs	app;full-test-glob	100644	9ae2e36418447b4a2b8f34f903528146b5cdfb5f	100644	9ae2e36418447b4a2b8f34f903528146b5cdfb5f	product_exact
app/tests/artifact-history.test.mjs	app;full-test-glob	100644	83a181601e38e4fa9261d258380aa9237759b617	100644	83a181601e38e4fa9261d258380aa9237759b617	product_exact
app/tests/async-boundaries-independent.test.mjs	app;full-test-glob	100644	26921d4c0299798f310ff65269e256af30a8f056	100644	26921d4c0299798f310ff65269e256af30a8f056	product_exact
app/tests/async-fixture.test.mjs	app;full-test-glob	100644	d1478913aa0ea523abf45d3f6694f2f661428531	100644	d1478913aa0ea523abf45d3f6694f2f661428531	product_exact
app/tests/async-protocol.test.mjs	app;full-test-glob	100644	af1ab5899d37dd10ccb97abb92817eb31c286d53	100644	af1ab5899d37dd10ccb97abb92817eb31c286d53	product_exact
app/tests/async-recovery-independent.test.mjs	app;full-test-glob	100644	80f23815f25923248a70c2fe538973ea7f84e5d1	100644	80f23815f25923248a70c2fe538973ea7f84e5d1	product_exact
app/tests/async-task-view.test.mjs	app;full-test-glob	100644	635ccdbcd3ae979e445e5f62ecd60a32fcc64dda	100644	635ccdbcd3ae979e445e5f62ecd60a32fcc64dda	product_exact
app/tests/async-tasks.test.mjs	app;full-test-glob	100644	d56e6ac0cf44687b7292d220e883b695cdc5ba35	100644	d56e6ac0cf44687b7292d220e883b695cdc5ba35	product_exact
app/tests/attention-actions.test.mjs	app;full-test-glob	100644	4a6180a6cc06de269518bacd2916cdfff72b5137	100644	4a6180a6cc06de269518bacd2916cdfff72b5137	product_exact
app/tests/attention-agent.test.mjs	app;full-test-glob	100644	eeb3cb898c1b9ac7aa2e8d168538b390eec0cba5	100644	eeb3cb898c1b9ac7aa2e8d168538b390eec0cba5	product_exact
app/tests/attention-core.test.mjs	app;full-test-glob	100644	d83ce80c918a29550635161eddebfbb339e8eae8	100644	d83ce80c918a29550635161eddebfbb339e8eae8	product_exact
app/tests/attention-fixtures.mjs	app;full-test-glob	100644	875064c7ce9b88f1bdb1b9bf13da1efc03a5f943	100644	875064c7ce9b88f1bdb1b9bf13da1efc03a5f943	product_exact
app/tests/attention-github-fixture.test.mjs	app;full-test-glob	100644	07dc8f1a011fac1080b1f75714f01bebb851318a	100644	07dc8f1a011fac1080b1f75714f01bebb851318a	product_exact
app/tests/attention-gmail-fixture.test.mjs	app;full-test-glob	100644	613eb25dbf9781e131e0634a1e954692dafa89ea	100644	613eb25dbf9781e131e0634a1e954692dafa89ea	product_exact
app/tests/attention-http.test.mjs	app;full-test-glob	100644	5709d24ce331f439da621dc70077217ec5bf4e72	100644	5709d24ce331f439da621dc70077217ec5bf4e72	product_exact
app/tests/attention-recovery.test.mjs	app;full-test-glob	100644	51701395e1889e9dab69076597d96355ca3cc694	100644	51701395e1889e9dab69076597d96355ca3cc694	product_exact
app/tests/attention-trace-fixture.test.mjs	app;full-test-glob	100644	6425b155dbf9b468400f0031bbb33fe8d003f550	100644	6425b155dbf9b468400f0031bbb33fe8d003f550	product_exact
app/tests/attention-triage-recovery.test.mjs	app;full-test-glob	100644	179782f4f4bd490659e8f5a985ced0e605e1837b	100644	179782f4f4bd490659e8f5a985ced0e605e1837b	product_exact
app/tests/attention-triage.test.mjs	app;full-test-glob	100644	d10c25af0fc9f8a337c7c39c7f32c4eca724d587	100644	d10c25af0fc9f8a337c7c39c7f32c4eca724d587	product_exact
app/tests/cancel.test.mjs	app;full-test-glob	100644	69cba57c79c25052225117ec7294787127ef4747	100644	69cba57c79c25052225117ec7294787127ef4747	product_exact
app/tests/chat-work-shell.test.mjs	app;full-test-glob	100644	b9a320ce6e31ee86825e97f2d4e7b955d5505ba0	100644	b9a320ce6e31ee86825e97f2d4e7b955d5505ba0	product_exact
app/tests/compaction-lifecycle.test.mjs	app;full-test-glob	100644	3ee4465a714144b91466a09557e196ff04ed8247	100644	3ee4465a714144b91466a09557e196ff04ed8247	product_exact
app/tests/compaction-runtime.test.mjs	app;full-test-glob	100644	a95fdd778cb16b6aacfd91e8a1ed4926bd3066ad	100644	a95fdd778cb16b6aacfd91e8a1ed4926bd3066ad	product_exact
app/tests/control-plane.test.mjs	app;full-test-glob	100644	010bdd8296539d301a0a1cb905cf90af4575b94b	100644	010bdd8296539d301a0a1cb905cf90af4575b94b	product_exact
app/tests/coordination-view.test.mjs	app;full-test-glob	100644	c56e219554de2352c59b125b083ead1757e923a0	100644	c56e219554de2352c59b125b083ead1757e923a0	product_exact
app/tests/coordination.test.mjs	app;full-test-glob	100644	a84ba572cd9d9b437c73128791423f3cee4139a6	100644	a84ba572cd9d9b437c73128791423f3cee4139a6	product_exact
app/tests/credentials.test.mjs	app;full-test-glob	100644	48e0d4fc1c1e51ea5571672f3c63e96061975161	100644	48e0d4fc1c1e51ea5571672f3c63e96061975161	product_exact
app/tests/durability.test.mjs	app;full-test-glob	100644	dbc8f7c7122176359557adc4041e6a50c7b0b5b4	100644	dbc8f7c7122176359557adc4041e6a50c7b0b5b4	product_exact
app/tests/execution-file-candidates.test.mjs	app;full-test-glob	100644	d6243c3fcaa5af7afec76693d6d8f7593d0bbcb4	100644	d6243c3fcaa5af7afec76693d6d8f7593d0bbcb4	product_exact
app/tests/execution-file-continuity.test.mjs	app;full-test-glob	100644	5dbfac7ac8086378c15cd15b67af7da2c427f9f5	100644	5dbfac7ac8086378c15cd15b67af7da2c427f9f5	product_exact
app/tests/extension-restart.test.mjs	app;full-test-glob	100644	05b947fb05a1ed29664ce3a85beeaba4945ad6ab	100644	05b947fb05a1ed29664ce3a85beeaba4945ad6ab	product_exact
app/tests/extension-run.test.mjs	app;full-test-glob	100644	337e57cbe9859de0f4317c0db82f41dadb5ed21b	100644	337e57cbe9859de0f4317c0db82f41dadb5ed21b	product_exact
app/tests/fixtures/architecture-maintenance/request-baseline.json	app;full-test-glob	100644	7eeac8d955a3eb9cf5fea400d67bd5b3b6b7b061	100644	7eeac8d955a3eb9cf5fea400d67bd5b3b6b7b061	product_exact
app/tests/fixtures/async-loop/contract.mjs	app;full-test-glob	100644	084df6864540341157fc71f6ea76c419c995867e	100644	084df6864540341157fc71f6ea76c419c995867e	product_exact
app/tests/fixtures/async-loop/fixture-child.mjs	app;full-test-glob	100644	8b7d512abae57567a373876bce6ff1c1bf0ea55f	100644	8b7d512abae57567a373876bce6ff1c1bf0ea55f	product_exact
app/tests/fixtures/async-loop/fixture-provider.mjs	app;full-test-glob	100644	3e655e0a22bce392c600fedd04731bc0ff21f492	100644	3e655e0a22bce392c600fedd04731bc0ff21f492	product_exact
app/tests/fixtures/async-loop/host-adapter.mjs	app;full-test-glob	100644	b8529f16074826266873662bfcdb66e4b54bbc68	100644	b8529f16074826266873662bfcdb66e4b54bbc68	product_exact
app/tests/fixtures/async-loop/host-child.mjs	app;full-test-glob	100644	2166afffdc211e0ac52c15011e73d97ca30afe7c	100644	2166afffdc211e0ac52c15011e73d97ca30afe7c	product_exact
app/tests/fixtures/async-loop/index.mjs	app;full-test-glob	100644	e767e0231a1d36b23aa19be5d4de88c3835bb956	100644	e767e0231a1d36b23aa19be5d4de88c3835bb956	product_exact
app/tests/fixtures/async-protocol/cancel-receipt.json	app;full-test-glob	100644	74bc2e3861226c6ba584819123c0a7eafdb4d53b	100644	74bc2e3861226c6ba584819123c0a7eafdb4d53b	product_exact
app/tests/fixtures/async-protocol/legacy-task-created.json	app;full-test-glob	100644	0bed69e25fad8f203d5329943492dbea3758e102	100644	0bed69e25fad8f203d5329943492dbea3758e102	product_exact
app/tests/fixtures/async-protocol/malformed-async-fields.json	app;full-test-glob	100644	c5ec71d658c0aba16e774abc16fd2d52fbb762a9	100644	c5ec71d658c0aba16e774abc16fd2d52fbb762a9	product_exact
app/tests/fixtures/async-protocol/modern-task-accepted.json	app;full-test-glob	100644	628dc2903cfd904277d0c688ea87c5e24e2d88b0	100644	628dc2903cfd904277d0c688ea87c5e24e2d88b0	product_exact
app/tests/fixtures/async-protocol/partial-arguments.json	app;full-test-glob	100644	dbddc3d1e5f69a4d7f4c7df0b78cbe555b5b86c7	100644	dbddc3d1e5f69a4d7f4c7df0b78cbe555b5b86c7	product_exact
app/tests/fixtures/async-protocol/sync-call-result.json	app;full-test-glob	100644	9eb669d7988cd548781d9dfe1e07d54fa005903e	100644	9eb669d7988cd548781d9dfe1e07d54fa005903e	product_exact
app/tests/fixtures/async-task-view/scenario.mjs	app;full-test-glob	100644	ca9e59a8cd23deda7b65d6033f4a0a204cf8d200	100644	ca9e59a8cd23deda7b65d6033f4a0a204cf8d200	product_exact
app/tests/fixtures/async-task-view/synthetic.mjs	app;full-test-glob	100644	c3b1fb98d5b0dd0c9c868f344038b3da82eab352	100644	c3b1fb98d5b0dd0c9c868f344038b3da82eab352	product_exact
app/tests/fixtures/attention-actions.json	app;full-test-glob	100644	db488449b6b35e4ad2e80e66de7f91d6a9aca5bf	100644	db488449b6b35e4ad2e80e66de7f91d6a9aca5bf	product_exact
app/tests/fixtures/attention-ingest/github/scripted-notifications.mjs	app;full-test-glob	100644	89e14f75c452befe5beac9d65917f0d3fb38bb28	100644	89e14f75c452befe5beac9d65917f0d3fb38bb28	product_exact
app/tests/fixtures/attention-ingest/gmail/scripted-gmail.mjs	app;full-test-glob	100644	bfb53b1ed1deb7a36ac0c58296d62ac7c00c51f3	100644	bfb53b1ed1deb7a36ac0c58296d62ac7c00c51f3	product_exact
app/tests/fixtures/attention-trace/run-validation.mjs	app;full-test-glob	100644	1fe0e91e5abdce29782ffda4c1f21496df259861	100644	1fe0e91e5abdce29782ffda4c1f21496df259861	product_exact
app/tests/fixtures/attention-trace/validate.mjs	app;full-test-glob	100644	211e9e15673b9af24594773cc753471075fb028d	100644	211e9e15673b9af24594773cc753471075fb028d	product_exact
app/tests/fixtures/attention-trace/vectors.mjs	app;full-test-glob	100644	42acd59a7e56c468d539a418474fa8337c85cd4c	100644	42acd59a7e56c468d539a418474fa8337c85cd4c	product_exact
app/tests/fixtures/governance/packets.json	app;full-test-glob	100644	406529037b07d6f3f35c0bf6c4e34327a64eab2e	100644	406529037b07d6f3f35c0bf6c4e34327a64eab2e	product_exact
app/tests/fixtures/review-core-client/worker.py	app;full-test-glob	100755	7386de4e1d45e96983e2e0227789f0ec102b14ca	100755	7386de4e1d45e96983e2e0227789f0ec102b14ca	product_exact
app/tests/fixtures/review-provider/loopback.mjs	app;full-test-glob	100644	16faff88a5017a60f3bb139a547f8b98a18f0dff	100644	16faff88a5017a60f3bb139a547f8b98a18f0dff	product_exact
app/tests/fixtures/source-coordinates/corpus.json	app;full-test-glob	100644	513473190d370feaf9fe9aae5cc8cd4b280c5e48	100644	513473190d370feaf9fe9aae5cc8cd4b280c5e48	product_exact
app/tests/fixtures/spark-derivations/empty.json	app;full-test-glob	100644	81dbbfb2a04818c47e149bd46538a2695e455726	100644	81dbbfb2a04818c47e149bd46538a2695e455726	product_exact
app/tests/fixtures/spark-derivations/partial.json	app;full-test-glob	100644	dcb6a192ea9e6bbea3a46d6f0c37241446fe56ef	100644	dcb6a192ea9e6bbea3a46d6f0c37241446fe56ef	product_exact
app/tests/fixtures/spark-derivations/quiet.json	app;full-test-glob	100644	f88354d82ac798179b061cdc6b976fffefcc21df	100644	f88354d82ac798179b061cdc6b976fffefcc21df	product_exact
app/tests/fixtures/spark-derivations/stale.json	app;full-test-glob	100644	c503c5ab66e9bff5fc9564339be949be88e441ae	100644	c503c5ab66e9bff5fc9564339be949be88e441ae	product_exact
app/tests/fixtures/spark-derivations/truncated.json	app;full-test-glob	100644	26bd43c5235d58c8af6fac0f8e285e8ff2e010e6	100644	26bd43c5235d58c8af6fac0f8e285e8ff2e010e6	product_exact
app/tests/fixtures/work-core/attention-crash.py	app;full-test-glob	100644	01b21beac864574e912d4cabb673d4703dce76e5	100644	01b21beac864574e912d4cabb673d4703dce76e5	product_exact
app/tests/fixtures/work-core/attention-packets.json	app;full-test-glob	100644	e9ab7822f8bed596db51193e1ec0869145224a3b	100644	e9ab7822f8bed596db51193e1ec0869145224a3b	product_exact
app/tests/fixtures/work-core/crash.py	app;full-test-glob	100644	2e6ab9fd0d8229e80de654edf5bc2e45794dad83	100644	2e6ab9fd0d8229e80de654edf5bc2e45794dad83	product_exact
app/tests/fixtures/work-core/decision-crash.py	app;full-test-glob	100644	2641dc24a35848137e47695dcfd7f8c10358a986	100644	2641dc24a35848137e47695dcfd7f8c10358a986	product_exact
app/tests/fixtures/work-core/file-candidate-crash.py	app;full-test-glob	100644	01ae11cff7e0a4ac2a3d65989ae80b14912b098c	100644	01ae11cff7e0a4ac2a3d65989ae80b14912b098c	product_exact
app/tests/fixtures/work-core/file-candidate-packets.json	app;full-test-glob	100644	78da465fffcfd4f77abf22350644b9e4bb7acd1e	100644	78da465fffcfd4f77abf22350644b9e4bb7acd1e	product_exact
app/tests/fixtures/work-core/governance-crash.py	app;full-test-glob	100644	d7b0a626b091fc72a4fba61208648175967697cb	100644	d7b0a626b091fc72a4fba61208648175967697cb	product_exact
app/tests/fixtures/work-core/nda-packets.json	app;full-test-glob	100644	d5024640c4c31d405e9f44f8d654ac64023da85b	100644	d5024640c4c31d405e9f44f8d654ac64023da85b	product_exact
app/tests/fixtures/work-core/observe-recovery.py	app;full-test-glob	100644	12129182b7866c9cf6bb2d25d3b4ab3080ff7f46	100644	12129182b7866c9cf6bb2d25d3b4ab3080ff7f46	product_exact
app/tests/governance-core.test.mjs	app;full-test-glob	100644	063fc7aa53bf6ca1c8704b635c14295af64dc7b4	100644	063fc7aa53bf6ca1c8704b635c14295af64dc7b4	product_exact
app/tests/governance-http.test.mjs	app;full-test-glob	100644	8d43de3723e9f09f52ec7d3db06f6b2be03c62f4	100644	8d43de3723e9f09f52ec7d3db06f6b2be03c62f4	product_exact
app/tests/governance-recovery.test.mjs	app;full-test-glob	100644	2b08fd915299a437384d740ac71fda5fb74bde1c	100644	2b08fd915299a437384d740ac71fda5fb74bde1c	product_exact
app/tests/grep-isolation.test.mjs	app;full-test-glob	100644	8ff33c44db8b43a7900f1ec44761ebe9d77f8a07	100644	8ff33c44db8b43a7900f1ec44761ebe9d77f8a07	product_exact
app/tests/helpers.mjs	app;full-test-glob	100644	1d2f2e0852a334c5b86f1e24cdcc1d767dcc0f3b	100644	1d2f2e0852a334c5b86f1e24cdcc1d767dcc0f3b	product_exact
app/tests/home-presentation.test.mjs	app;full-test-glob	100644	e0b95bb3f69fe59bfa2ee55256c61d3c750f1d4f	100644	e0b95bb3f69fe59bfa2ee55256c61d3c750f1d4f	product_exact
app/tests/idempotency.test.mjs	app;full-test-glob	100644	a6ea31bfe38b9878446f507e4fa34aa0680a7426	100644	a6ea31bfe38b9878446f507e4fa34aa0680a7426	product_exact
app/tests/lifecycle.test.mjs	app;full-test-glob	100644	7bfaf2980b80feacc35e87b394a663c9e451d107	100644	7bfaf2980b80feacc35e87b394a663c9e451d107	product_exact
app/tests/markdown-core-read.test.mjs	app;full-test-glob	100644	971fa4433b1d24d53a92190f02f6dc7a24fa5068	100644	971fa4433b1d24d53a92190f02f6dc7a24fa5068	product_exact
app/tests/markdown-source-independent.test.mjs	app;full-test-glob	100644	bb1c4d0ba69012210ac6b5d94165906a88251c53	100644	bb1c4d0ba69012210ac6b5d94165906a88251c53	product_exact
app/tests/material-governance.test.mjs	app;full-test-glob	100644	2949c21d144f731a497d815ba15a505ed27cfd1b	100644	2949c21d144f731a497d815ba15a505ed27cfd1b	product_exact
app/tests/models-connections.test.mjs	app;full-test-glob	100644	c8a3540e7beecb40e75df98ca8fb11f23294418b	100644	c8a3540e7beecb40e75df98ca8fb11f23294418b	product_exact
app/tests/nda-domain.test.mjs	app;full-test-glob	100644	abd3db2869630ba3474969377ae07090761b87ee	100644	abd3db2869630ba3474969377ae07090761b87ee	product_exact
app/tests/nda-renderer.test.mjs	app;full-test-glob	100644	b8540373fc6026067f81c66587ea05c2c0f70e71	100644	b8540373fc6026067f81c66587ea05c2c0f70e71	product_exact
app/tests/nda-runtime.test.mjs	app;full-test-glob	100644	3c53a4d69ed2fe5ca0e32206f132ac4a2446b19c	100644	3c53a4d69ed2fe5ca0e32206f132ac4a2446b19c	product_exact
app/tests/output-message-boundary.test.mjs	app;full-test-glob	100644	5baea6d0ee114ffb5d55da5c55c1be8e0a2ea71b	100644	5baea6d0ee114ffb5d55da5c55c1be8e0a2ea71b	product_exact
app/tests/permission-cas.test.mjs	app;full-test-glob	100644	7c4018d38492029a518a7bd59def50b8fa9407c5	100644	7c4018d38492029a518a7bd59def50b8fa9407c5	product_exact
app/tests/permission.test.mjs	app;full-test-glob	100644	bc0d4c2ae8d6a89d206e6ade23983ee39f1e03fd	100644	bc0d4c2ae8d6a89d206e6ade23983ee39f1e03fd	product_exact
app/tests/presentation-adapters.test.mjs	app;full-test-glob	100644	29b7c65cafc348887ed74664e61632ddf6ea960d	100644	29b7c65cafc348887ed74664e61632ddf6ea960d	product_exact
app/tests/primitive-reconciliation.test.mjs	app;full-test-glob	100644	f18b7f70bb26a954fa4f1578b8f40ead642aee34	100644	f18b7f70bb26a954fa4f1578b8f40ead642aee34	product_exact
app/tests/provider-connections.test.mjs	app;full-test-glob	100644	61c791984f6092dd4c718a6464c6d5ecd2127ff2	100644	61c791984f6092dd4c718a6464c6d5ecd2127ff2	product_exact
app/tests/provider-preview.test.mjs	app;full-test-glob	100644	48f2150becbb215a09fa5f2d2e190c99aece2c05	100644	48f2150becbb215a09fa5f2d2e190c99aece2c05	product_exact
app/tests/provider-protocol.test.mjs	app;full-test-glob	100644	e17530436ae4047ae0e0f593091b23e1ef4b85f0	100644	e17530436ae4047ae0e0f593091b23e1ef4b85f0	product_exact
app/tests/question-abort-race.test.mjs	app;full-test-glob	100644	e0ee137dfd9c4840f004ef69deb1d66de35cda38	100644	e0ee137dfd9c4840f004ef69deb1d66de35cda38	product_exact
app/tests/renderer-admission.test.mjs	app;full-test-glob	100644	9d9a56d88c49a876c9a4c1c46836b8857dbc9f88	100644	9d9a56d88c49a876c9a4c1c46836b8857dbc9f88	product_exact
app/tests/request-telemetry.test.mjs	app;full-test-glob	100644	732ef3dd74cac27632d8b8f2d7cd05c08ab247e0	100644	732ef3dd74cac27632d8b8f2d7cd05c08ab247e0	product_exact
app/tests/review-core-client-lifecycle.test.mjs	app;full-test-glob	100644	aecd8d40b943cf521f44c356f8f929927d7dd442	100644	aecd8d40b943cf521f44c356f8f929927d7dd442	product_exact
app/tests/review-provider-publication-migration.test.mjs	app;full-test-glob	100644	64f6527f9ebdbeae269acd99d06e2b0386930b71	100644	64f6527f9ebdbeae269acd99d06e2b0386930b71	product_exact
app/tests/review-provider-roundtrip.test.mjs	app;full-test-glob	100644	12ce475582687541b4425f71e98a72b6a243c9a6	100644	12ce475582687541b4425f71e98a72b6a243c9a6	product_exact
app/tests/run-lineage.test.mjs	app;full-test-glob	100644	3e57f12a98582afb868ae51038490deff9868c3b	100644	3e57f12a98582afb868ae51038490deff9868c3b	product_exact
app/tests/runtime-foundation.test.mjs	app;full-test-glob	100644	65c28c91976775493eb2097bd161ddb7eab1c973	100644	65c28c91976775493eb2097bd161ddb7eab1c973	product_exact
app/tests/runtime-projection.test.mjs	app;full-test-glob	100644	abc2f3b57fbd94778ad38742d4f8ecd365a1f374	100644	abc2f3b57fbd94778ad38742d4f8ecd365a1f374	product_exact
app/tests/runtime-source-service.test.mjs	app;full-test-glob	100644	4c21b5ddc422b8bb39ffa1a0502928a449f2c257	100644	4c21b5ddc422b8bb39ffa1a0502928a449f2c257	product_exact
app/tests/runtime-workbench.test.mjs	app;full-test-glob	100644	f1bbf11957b1e6dcd2f009088ed5b04ba24fbdcf	100644	f1bbf11957b1e6dcd2f009088ed5b04ba24fbdcf	product_exact
app/tests/runtime.test.mjs	app;full-test-glob	100644	7b9e6838594b40949e0aaeff8678423b4c9eb282	100644	7b9e6838594b40949e0aaeff8678423b4c9eb282	product_exact
app/tests/settings-navigation.test.mjs	app;full-test-glob	100644	003e8f84ccadfc402cab58b12e2bce600c06bdaa	100644	003e8f84ccadfc402cab58b12e2bce600c06bdaa	product_exact
app/tests/settings-preferences.test.mjs	app;full-test-glob	100644	6e636a06cc65088c770887152908cf4cd9ec2b3f	100644	6e636a06cc65088c770887152908cf4cd9ec2b3f	product_exact
app/tests/shape-governance.test.mjs	app;full-test-glob	100644	7f7b882027b7fc6d3a35ad5ae081400c94d9617e	100644	7f7b882027b7fc6d3a35ad5ae081400c94d9617e	product_exact
app/tests/shell-layout.test.mjs	app;full-test-glob	100644	66ce71f14a23db03034a05c8219d061cf1c09e2f	100644	66ce71f14a23db03034a05c8219d061cf1c09e2f	product_exact
app/tests/skin-policy.test.mjs	app;full-test-glob	100644	8a196ea33443dcc68f1eb9b57dfadaf3a76a469f	100644	8a196ea33443dcc68f1eb9b57dfadaf3a76a469f	product_exact
app/tests/skin-presets.test.mjs	app;full-test-glob	100644	64f548440ee5f7eed19ebf64b5aae298eb3de844	100644	64f548440ee5f7eed19ebf64b5aae298eb3de844	product_exact
app/tests/source-coordinates.test.mjs	app;full-test-glob	100644	634857aeae263f7946b3ed2d665613bcddd2ea02	100644	634857aeae263f7946b3ed2d665613bcddd2ea02	product_exact
app/tests/source-resolver.test.mjs	app;full-test-glob	100644	ad2ee1ab283dd4bb57f70b9217dbe9a840a6ef0a	100644	ad2ee1ab283dd4bb57f70b9217dbe9a840a6ef0a	product_exact
app/tests/spark-projection.test.mjs	app;full-test-glob	100644	4466d6518f4e8f6889abc8830ba3d33465a7fb0e	100644	4466d6518f4e8f6889abc8830ba3d33465a7fb0e	product_exact
app/tests/spark-routing.test.mjs	app;full-test-glob	100644	d57276e68382f32e4c464d98cc5f6b6b9c8685b4	100644	d57276e68382f32e4c464d98cc5f6b6b9c8685b4	product_exact
app/tests/spark-view.test.mjs	app;full-test-glob	100644	69be5c3723e0aaa9bf449964745a87de6827c12b	100644	69be5c3723e0aaa9bf449964745a87de6827c12b	product_exact
app/tests/startup.test.mjs	app;full-test-glob	100644	c1be56297a732c8b38db2b53eb617b0461e93f52	100644	c1be56297a732c8b38db2b53eb617b0461e93f52	product_exact
app/tests/static-web-manifest.test.mjs	app;full-test-glob	100644	eebfe052536fd8a20e17ef076f7b607e948419ed	100644	eebfe052536fd8a20e17ef076f7b607e948419ed	product_exact
app/tests/sync.test.mjs	app;full-test-glob	100644	fa1036cc97a8fcf1f7c00ed841b1d9bef06bccf1	100644	fa1036cc97a8fcf1f7c00ed841b1d9bef06bccf1	product_exact
app/tests/tiny-dom.mjs	app;full-test-glob	100644	51fdf6ae8ed40f74813f42055a5104a0c9f0c6bb	100644	51fdf6ae8ed40f74813f42055a5104a0c9f0c6bb	product_exact
app/tests/ui-event-mapping.test.mjs	app;full-test-glob	100644	205033bd3a7bee5db129c41cea5221f3eb323f2c	100644	205033bd3a7bee5db129c41cea5221f3eb323f2c	product_exact
app/tests/usage-details.test.mjs	app;full-test-glob	100644	b778d00b1c6f309df0810f16435ddc060ca9aa9c	100644	b778d00b1c6f309df0810f16435ddc060ca9aa9c	product_exact
app/tests/work-actions.test.mjs	app;full-test-glob	100644	5f30b17244c7368ea9cfacedce438c54e87c2dc3	100644	5f30b17244c7368ea9cfacedce438c54e87c2dc3	product_exact
app/tests/work-artifact-read.test.mjs	app;full-test-glob	100644	6e9ad5ea3f6ffed16ebf4b02817df92077b4115a	100644	6e9ad5ea3f6ffed16ebf4b02817df92077b4115a	product_exact
app/tests/work-context-continuity.test.mjs	app;full-test-glob	100644	5b10ae534c1ed6b1e9803948c0c342cf05572dd9	100644	5b10ae534c1ed6b1e9803948c0c342cf05572dd9	product_exact
app/tests/work-continuity.test.mjs	app;full-test-glob	100644	f9e170fad32d7111fc3a79beac4b22ade72048bb	100644	f9e170fad32d7111fc3a79beac4b22ade72048bb	product_exact
app/tests/work-core.test.mjs	app;full-test-glob	100644	731be5aa16bc520e7b005f9007a89da642abbcdc	100644	731be5aa16bc520e7b005f9007a89da642abbcdc	product_exact
app/tests/work-http-recovery.test.mjs	app;full-test-glob	100644	0d2ecb4e62317ac7cd9d200e10a9e2676033341e	100644	0d2ecb4e62317ac7cd9d200e10a9e2676033341e	product_exact
app/tests/work-metrics.test.mjs	app;full-test-glob	100644	bd0bf2f3763e19638032b92f6b45271841d6fd6f	100644	bd0bf2f3763e19638032b92f6b45271841d6fd6f	product_exact
app/tests/work-settlement.test.mjs	app;full-test-glob	100644	53b4d800adeaaa251ba175e828751a863e478e14	100644	53b4d800adeaaa251ba175e828751a863e478e14	product_exact
app/tests/work-summary-consistency.test.mjs	app;full-test-glob	100644	6da5ca781515393188dc06736409e752793a36b1	100644	6da5ca781515393188dc06736409e752793a36b1	product_exact
app/tests/work-summary.test.mjs	app;full-test-glob	100644	4b6783e0512fe5f61fd633030638ce3696a1fd59	100644	4b6783e0512fe5f61fd633030638ce3696a1fd59	product_exact
app/tests/work-surface-tabs.test.mjs	app;full-test-glob	100644	4d066957265d58e8126fa436c6d1f6c7f07f3513	100644	4d066957265d58e8126fa436c6d1f6c7f07f3513	product_exact
app/tests/workspace.test.mjs	app;full-test-glob	100644	0320b579d52be9160914b44322e6f0e767996e00	100644	0320b579d52be9160914b44322e6f0e767996e00	product_exact
app/web/README.md	app	100644	d810ba98c3db570276bc58f1b475bdc23a606f64	100644	d810ba98c3db570276bc58f1b475bdc23a606f64	product_exact
app/web/app.mjs	app	100644	728ab2dc8cc6f47f5a2e5f076e523b967aad7db3	100644	728ab2dc8cc6f47f5a2e5f076e523b967aad7db3	product_exact
app/web/attention-agent-view.mjs	app	100644	ad53d0dbe352b600b1318f8cbfd1a0a780f286b1	100644	ad53d0dbe352b600b1318f8cbfd1a0a780f286b1	product_exact
app/web/attention-conversation.mjs	app	100644	c9ba23ba743bc4e89b0f712816f5c3c84f9aebfa	100644	c9ba23ba743bc4e89b0f712816f5c3c84f9aebfa	product_exact
app/web/attention-view.mjs	app	100644	051c814a46653507c73ecd95b801bac76c4af1e9	100644	051c814a46653507c73ecd95b801bac76c4af1e9	product_exact
app/web/coordination-projection.mjs	app	100644	4abe35c8b4fc2fa75d509a978ba62d98477da99c	100644	4abe35c8b4fc2fa75d509a978ba62d98477da99c	product_exact
app/web/coordination-view.mjs	app	100644	f4356bf9e2c42a95b0c03ebee6d55cb9ea6c00ba	100644	f4356bf9e2c42a95b0c03ebee6d55cb9ea6c00ba	product_exact
app/web/home-view.mjs	app	100644	ffe8ebfb561c81c2ecbc0cecda98c041e62c003a	100644	ffe8ebfb561c81c2ecbc0cecda98c041e62c003a	product_exact
app/web/index.html	app	100644	3c33872bc294a6f7f12e3edeff702a3e8cea4aa8	100644	3c33872bc294a6f7f12e3edeff702a3e8cea4aa8	product_exact
app/web/inspector.mjs	app	100644	7d42f0918bd124aa4188edf1f014f3e9b4389896	100644	7d42f0918bd124aa4188edf1f014f3e9b4389896	product_exact
app/web/markdown-reader.css	app	100644	7ef65a7f3e49b768f1efcec0bccc2940648fc379	100644	7ef65a7f3e49b768f1efcec0bccc2940648fc379	product_exact
app/web/markdown-reader.mjs	app	100644	e4a1d783d545c3c012114cf03e8031d5acaab3f5	100644	e4a1d783d545c3c012114cf03e8031d5acaab3f5	product_exact
app/web/markdown-source.mjs	app	100644	2556eec88cef6527eaee9a218cb8b0f3cc67affc	100644	2556eec88cef6527eaee9a218cb8b0f3cc67affc	product_exact
app/web/materials-view.mjs	app	100644	09114d175ea9112200533b45e2b0f6e3afa489ee	100644	09114d175ea9112200533b45e2b0f6e3afa489ee	product_exact
app/web/model-picker.mjs	app	100644	ba7f74f44efd350f0a844e8e157b7937f274b7c5	100644	ba7f74f44efd350f0a844e8e157b7937f274b7c5	product_exact
app/web/presentation-adapters.mjs	app	100644	d68723c54dcb283555af1edb69e61b0910380629	100644	d68723c54dcb283555af1edb69e61b0910380629	product_exact
app/web/runtime-view.mjs	app	100644	c803572b93e5a7c85ff4ce194e3e60681737551d	100644	c803572b93e5a7c85ff4ce194e3e60681737551d	product_exact
app/web/settings-view.mjs	app	100644	7b45b285885716c22f80f643f8bb57149933cb2b	100644	7b45b285885716c22f80f643f8bb57149933cb2b	product_exact
app/web/shell-layout.mjs	app	100644	92d952b8c3f180ae4200b4c776262893100dfaa5	100644	92d952b8c3f180ae4200b4c776262893100dfaa5	product_exact
app/web/skin-policy.js	app	100644	7623c1168ce7b75fa5246408221f34481b40a969	100644	7623c1168ce7b75fa5246408221f34481b40a969	product_exact
app/web/skins/gray-steel.css	app	100644	8ab1d2012edf43466eea522416bf520ae046c351	100644	8ab1d2012edf43466eea522416bf520ae046c351	product_exact
app/web/spark-projection.mjs	app	100644	afdf8657e95956e6c5e3c935c4884783ea7602cd	100644	afdf8657e95956e6c5e3c935c4884783ea7602cd	product_exact
app/web/spark-view.mjs	app	100644	ec5bc14e6b742cc8bb9dbd9121b1e8edb33454ca	100644	ec5bc14e6b742cc8bb9dbd9121b1e8edb33454ca	product_exact
app/web/styles.css	app	100644	e710b56594eefa41d925cb617679e0c5caa7c146	100644	e710b56594eefa41d925cb617679e0c5caa7c146	product_exact
app/web/surface-modules.mjs	app	100644	819cd5e480f964e527946190a49eb73a160dd569	100644	819cd5e480f964e527946190a49eb73a160dd569	product_exact
app/web/telemetry-view.mjs	app	100644	c3565e47d511a87a40f46261c9b6287381a7b810	100644	c3565e47d511a87a40f46261c9b6287381a7b810	product_exact
app/web/thread-projection.mjs	app	100644	b093f73181e4b6fd6bc83843d742c7b0fdc170bd	100644	b093f73181e4b6fd6bc83843d742c7b0fdc170bd	product_exact
app/web/ui-controls.mjs	app	100644	080d377003e98e6bc1ef92dd49a1ab4375596d2d	100644	080d377003e98e6bc1ef92dd49a1ab4375596d2d	product_exact
app/web/usage-projection.mjs	app	100644	566babb663c807de10db1a011e5310c3fed3f750	100644	566babb663c807de10db1a011e5310c3fed3f750	product_exact
app/web/usage-view.mjs	app	100644	1981953923eae8b85d76b3f4c40143dc12ae80c7	100644	1981953923eae8b85d76b3f4c40143dc12ae80c7	product_exact
app/web/user-message.mjs	app	100644	324a95b8df2da1872297f916aad9f8be8c1d95bd	100644	324a95b8df2da1872297f916aad9f8be8c1d95bd	product_exact
app/web/vendor/LICENSES.txt	app	100644	45dfe2ce94a0c972b34b24b37d6b5226c655fb16	100644	45dfe2ce94a0c972b34b24b37d6b5226c655fb16	product_exact
app/web/vendor/floating.mjs	app	100644	3fa3a6a896bc5800ee6f2b1c6587e7dd6864b06c	100644	3fa3a6a896bc5800ee6f2b1c6587e7dd6864b06c	product_exact
app/web/vendor/icons.svg	app	100644	33f899a1068446106f5fbf0205ad56228b531b2e	100644	33f899a1068446106f5fbf0205ad56228b531b2e	product_exact
app/web/vendor/manifest.json	app	100644	240fe252c00cd5409589fb68d43ac41e99e54725	100644	240fe252c00cd5409589fb68d43ac41e99e54725	product_exact
app/web/vendor/markdown-parser-LICENSES.txt	app	100644	27992d82f404a4ac64a8c41662647779e46237e8	100644	27992d82f404a4ac64a8c41662647779e46237e8	product_exact
app/web/vendor/markdown-parser-manifest.json	app	100644	352aaebf0935c9bf4e0027d6c03f5ae9801d6115	100644	352aaebf0935c9bf4e0027d6c03f5ae9801d6115	product_exact
app/web/vendor/markdown-parser.mjs	app	100644	fa16d490f45f817ab0405aa9400367b0bf43a24b	100644	fa16d490f45f817ab0405aa9400367b0bf43a24b	product_exact
app/web/vendor/marked.mjs	app	100644	166104ec00c2b64af0fcbdc78c3dd34ea109968a	100644	166104ec00c2b64af0fcbdc78c3dd34ea109968a	product_exact
app/web/vendor/purify.mjs	app	100644	a27d7769c17a23f940ba00c235b3e23dae835ed9	100644	a27d7769c17a23f940ba00c235b3e23dae835ed9	product_exact
app/web/workspace-view.mjs	app	100644	f1603d09b9dccfc7eed01c49168724e4034a4bad	100644	f1603d09b9dccfc7eed01c49168724e4034a4bad	product_exact
benchmarks/README.md	other	100644	8326c5a435fa0d54f0dcc1ed6b1546fcc76dd4b3	100644	8326c5a435fa0d54f0dcc1ed6b1546fcc76dd4b3	product_exact
benchmarks/continuity/README.md	other	100644	804e52c08f8ad9aea63756964475c0da54069605	100644	804e52c08f8ad9aea63756964475c0da54069605	product_exact
benchmarks/continuity/cases.json	other	100644	73e9143dcb27394901b5bd1592af61b43e2da3e0	100644	73e9143dcb27394901b5bd1592af61b43e2da3e0	product_exact
benchmarks/continuity/courtwork.mjs	other	100644	9963838992c1d13b45373bcd9175145fdb433e96	100644	9963838992c1d13b45373bcd9175145fdb433e96	product_exact
benchmarks/continuity/fixture-identities.mjs	other	100644	02375dcde50edf5e6dbc988782cbc5582365887d	100644	02375dcde50edf5e6dbc988782cbc5582365887d	product_exact
benchmarks/continuity/grade.mjs	other	100644	b18aea4113592d9bb5f7c7f3e38aac58ad60af6b	100644	b18aea4113592d9bb5f7c7f3e38aac58ad60af6b	product_exact
benchmarks/continuity/grade.test.mjs	other	100644	0139ee323a0860c6b2e109bcbd97e04656a68bc4	100644	0139ee323a0860c6b2e109bcbd97e04656a68bc4	product_exact
benchmarks/continuity/observation-contract.md	other	100644	c293d30749e2f6a8a6e3402b8216520df9945ff4	100644	c293d30749e2f6a8a6e3402b8216520df9945ff4	product_exact
benchmarks/continuity/observe.mjs	other	100644	9126cb998def1f74528b5a817ed1f41e94e77899	100644	9126cb998def1f74528b5a817ed1f41e94e77899	product_exact
benchmarks/continuity/run.mjs	other	100644	8da57547c93b3f305be12869259d61ec5ee9d507	100644	8da57547c93b3f305be12869259d61ec5ee9d507	product_exact
benchmarks/continuity/standard.mjs	other	100644	d0965bad3ccf1c1746f04e1a1c8e9aaf0d3194b8	100644	d0965bad3ccf1c1746f04e1a1c8e9aaf0d3194b8	product_exact
benchmarks/continuity/standard.py	other	100644	6fb929d77c1e681054f7274fcc185a371d82eb29	100644	6fb929d77c1e681054f7274fcc185a371d82eb29	product_exact
benchmarks/continuity/trace.mjs	other	100644	eff37baffa8cfeab6cc7d33d062c72f3b327860c	100644	eff37baffa8cfeab6cc7d33d062c72f3b327860c	product_exact
brand/.gitattributes	brand	100644	8936158bf244762c08c2650554b5da73967641a9	100644	8936158bf244762c08c2650554b5da73967641a9	product_exact
brand/CONTRACT.md	brand	100644	3e591d024aa23464b612f66facf8641bdd4ae61e	100644	3e591d024aa23464b612f66facf8641bdd4ae61e	product_exact
brand/HANDOFF.md	brand	100644	f660803fa4474273ff0156c6792ebcb0cdec3a5e	100644	f660803fa4474273ff0156c6792ebcb0cdec3a5e	product_exact
brand/README.md	brand	100644	5d5ed594f3e59316efdda92170e385c730bb5d23	100644	5d5ed594f3e59316efdda92170e385c730bb5d23	product_exact
brand/catalog.json	brand	100644	e94422c82bc2c5428786cb383d06fd4c965e9a41	100644	e94422c82bc2c5428786cb383d06fd4c965e9a41	product_exact
brand/evidence/ACCEPTANCE.md	brand	100644	188a833fc6baefe67d041cb33d427d65db3cf1fd	100644	188a833fc6baefe67d041cb33d427d65db3cf1fd	product_exact
brand/evidence/BR-1-review.md	brand	100644	9e7a94edd47e9ac0c0f195c0e3afc0ac1918b504	100644	9e7a94edd47e9ac0c0f195c0e3afc0ac1918b504	product_exact
brand/evidence/BR-1.md	brand	100644	b5899de4916fa544ab7d3c8b37efe810351c1e62	100644	b5899de4916fa544ab7d3c8b37efe810351c1e62	product_exact
brand/evidence/browser-results-first.json	brand	100644	65dabdbc0afdf529764cc8d1a8688015c1da2651	100644	65dabdbc0afdf529764cc8d1a8688015c1da2651	product_exact
brand/evidence/browser-results.json	brand	100644	67cf82fbd7a6480d7426088bdcf4b32aef19537d	100644	67cf82fbd7a6480d7426088bdcf4b32aef19537d	product_exact
brand/evidence/dark-1440.png	brand	100644	3a7c732b4ff6e0a9a5187e84c6b3687572da172d	100644	3a7c732b4ff6e0a9a5187e84c6b3687572da172d	product_exact
brand/evidence/dark-390.png	brand	100644	abddb7b2529b3e1990fe1d942f5761c9a60e632e	100644	abddb7b2529b3e1990fe1d942f5761c9a60e632e	product_exact
brand/evidence/independent/court-symbol.acceptance.md	brand	100644	0efbfcd342d4b7c6ba68ef7c1ce86d05cd1aa55b	100644	0efbfcd342d4b7c6ba68ef7c1ce86d05cd1aa55b	product_exact
brand/evidence/independent/court-symbol.acceptance.test.mjs	brand	100644	528cecdfcce04f9b357e5816912941f6ef810bbd	100644	528cecdfcce04f9b357e5816912941f6ef810bbd	product_exact
brand/evidence/light-1440.png	brand	100644	897409c46cd4a6fb52120e4bae7753bba05eee44	100644	897409c46cd4a6fb52120e4bae7753bba05eee44	product_exact
brand/evidence/light-390.png	brand	100644	266ff69ed797e5022e70e91d6471d78debd2c7d3	100644	266ff69ed797e5022e70e91d6471d78debd2c7d3	product_exact
brand/evidence/preview.png	brand	100644	8e9252e10af49c73c7ba66965cbabb95d83ccb8f	100644	8e9252e10af49c73c7ba66965cbabb95d83ccb8f	product_exact
brand/exploration-2026-09-09/00-brief.md	brand	100644	3396b868e92b73daacb768fbaddb630349269e73	100644	3396b868e92b73daacb768fbaddb630349269e73	product_exact
brand/exploration-2026-09-09/01-semantic-field.md	brand	100644	4cefbfb235422296b1e3762d71f2c0922b65de94	100644	4cefbfb235422296b1e3762d71f2c0922b65de94	product_exact
brand/exploration-2026-09-09/02-reference-deconstruction.md	brand	100644	1380be3c834a928ed545e68c8581bc970ebea372	100644	1380be3c834a928ed545e68c8581bc970ebea372	product_exact
brand/exploration-2026-09-09/EX-BR1-reference-deconstruction.md	brand	100644	69e58144b36a6356265f3bbcb9a1a98f6b8cbc62	100644	69e58144b36a6356265f3bbcb9a1a98f6b8cbc62	product_exact
brand/exploration-2026-09-09/WO-BR-01-brand-primitive.md	brand	100644	b35f8115bb39524f902cc1978a111987c0326832	100644	b35f8115bb39524f902cc1978a111987c0326832	product_exact
brand/exploration-2026-09-09/input-brand-primitive-2026-09-09.md	brand	100644	f21bc3eedbce1617d1f3dec983f916faa0806efb	100644	f21bc3eedbce1617d1f3dec983f916faa0806efb	product_exact
brand/exports/commit-depth.svg	brand	100644	d3bd445d586f9ad7fc22c3e4d06d4f5b4fd27698	100644	d3bd445d586f9ad7fc22c3e4d06d4f5b4fd27698	product_exact
brand/exports/commit-glass.svg	brand	100644	47c51ffe11752e5c61ea2871c1f08968f633ca88	100644	47c51ffe11752e5c61ea2871c1f08968f633ca88	product_exact
brand/exports/commit-hierarchical.svg	brand	100644	769319b39af5355119037a6b137ff48556af9c06	100644	769319b39af5355119037a6b137ff48556af9c06	product_exact
brand/exports/commit-luminous.svg	brand	100644	19fc421d4054163c354631af97a3a2158ca59a6a	100644	19fc421d4054163c354631af97a3a2158ca59a6a	product_exact
brand/exports/commit-mono.svg	brand	100644	ad95120be64c509d275360ef41270557f83f5dab	100644	ad95120be64c509d275360ef41270557f83f5dab	product_exact
brand/exports/manifest.json	brand	100644	5d1747bdb502c1628f942dd85270fd56c7ebbf02	100644	5d1747bdb502c1628f942dd85270fd56c7ebbf02	product_exact
brand/exports/retrieve-depth.svg	brand	100644	1b67a5ee152c360b629584dba7c348702820c090	100644	1b67a5ee152c360b629584dba7c348702820c090	product_exact
brand/exports/retrieve-glass.svg	brand	100644	29b3f899503ad293fe1f2027f93bfa8a566a9e73	100644	29b3f899503ad293fe1f2027f93bfa8a566a9e73	product_exact
brand/exports/retrieve-hierarchical.svg	brand	100644	0299d37e044591dd692d68ad29f92cef38470368	100644	0299d37e044591dd692d68ad29f92cef38470368	product_exact
brand/exports/retrieve-luminous.svg	brand	100644	6f0752fa5c1b7ad34edbf81488a0ce57afb2fed2	100644	6f0752fa5c1b7ad34edbf81488a0ce57afb2fed2	product_exact
brand/exports/retrieve-mono.svg	brand	100644	62969bddca8ce7df1ca20f517dfe4b705dc03d2e	100644	62969bddca8ce7df1ca20f517dfe4b705dc03d2e	product_exact
brand/exports/review-depth.svg	brand	100644	c4bc08c7ebe1df9636dbdf3d75df10b4ba7da34e	100644	c4bc08c7ebe1df9636dbdf3d75df10b4ba7da34e	product_exact
brand/exports/review-glass.svg	brand	100644	52917d61ddc2d93d7a54d9cb7d6a1767442a3bf4	100644	52917d61ddc2d93d7a54d9cb7d6a1767442a3bf4	product_exact
brand/exports/review-hierarchical.svg	brand	100644	3d9cc3a9bfda0fbcefde1208637e08c7e579b531	100644	3d9cc3a9bfda0fbcefde1208637e08c7e579b531	product_exact
brand/exports/review-luminous.svg	brand	100644	39208e8675a225928c0caf09666db4792ac991ff	100644	39208e8675a225928c0caf09666db4792ac991ff	product_exact
brand/exports/review-mono.svg	brand	100644	72444e4d08d8b59d1f03a9eb006d4744c880ab61	100644	72444e4d08d8b59d1f03a9eb006d4744c880ab61	product_exact
brand/exports/scope-depth.svg	brand	100644	6de03e8d977e15e714e04a16dad3b88fb8d9a2ad	100644	6de03e8d977e15e714e04a16dad3b88fb8d9a2ad	product_exact
brand/exports/scope-glass.svg	brand	100644	4704301861f359758cc9b34c37ddde63fd876e73	100644	4704301861f359758cc9b34c37ddde63fd876e73	product_exact
brand/exports/scope-hierarchical.svg	brand	100644	a5b8e14a66e04cad7b94c4cd15d2864dcf892123	100644	a5b8e14a66e04cad7b94c4cd15d2864dcf892123	product_exact
brand/exports/scope-luminous.svg	brand	100644	9a6c1404297c123d9430306d71ee792ac3943d65	100644	9a6c1404297c123d9430306d71ee792ac3943d65	product_exact
brand/exports/scope-mono.svg	brand	100644	37e78af72d1f78a673ab8f1e5de49aae6bca00b1	100644	37e78af72d1f78a673ab8f1e5de49aae6bca00b1	product_exact
brand/exports/summon-depth.svg	brand	100644	d1a614c6a8c81ebe2432a0eee8625d30cfd950cd	100644	d1a614c6a8c81ebe2432a0eee8625d30cfd950cd	product_exact
brand/exports/summon-glass.svg	brand	100644	4c9928e1dbe22a3ca22a8160deff3f37741b9f2a	100644	4c9928e1dbe22a3ca22a8160deff3f37741b9f2a	product_exact
brand/exports/summon-hierarchical.svg	brand	100644	278872edad0f8f2113d1f1fabc425838216675e3	100644	278872edad0f8f2113d1f1fabc425838216675e3	product_exact
brand/exports/summon-luminous.svg	brand	100644	fe68bbf7d3afc9d499b20d345812863ff8d8b5ca	100644	fe68bbf7d3afc9d499b20d345812863ff8d8b5ca	product_exact
brand/exports/summon-mono.svg	brand	100644	fe61f2d981966e1cddf7955aee1c7fa4d2fb0445	100644	fe61f2d981966e1cddf7955aee1c7fa4d2fb0445	product_exact
brand/exports/take-floor-depth.svg	brand	100644	1c562fb0ca5a2cf5a3d32b947ab4a18c968ba6f8	100644	1c562fb0ca5a2cf5a3d32b947ab4a18c968ba6f8	product_exact
brand/exports/take-floor-glass.svg	brand	100644	93b2d4bd921552964650296ccd8ccc87a4fb0f61	100644	93b2d4bd921552964650296ccd8ccc87a4fb0f61	product_exact
brand/exports/take-floor-hierarchical.svg	brand	100644	658fe3cdf8227c4aa584e0e0838a37bf9b0f55d0	100644	658fe3cdf8227c4aa584e0e0838a37bf9b0f55d0	product_exact
brand/exports/take-floor-luminous.svg	brand	100644	780099d5789fdb4260f26731647c881b40ff7c48	100644	780099d5789fdb4260f26731647c881b40ff7c48	product_exact
brand/exports/take-floor-mono.svg	brand	100644	11f1134d193ac46c40f6a7ce5c301342ce1406b6	100644	11f1134d193ac46c40f6a7ce5c301342ce1406b6	product_exact
brand/exports/withdraw-depth.svg	brand	100644	effdebcf72809c262cce191da257d9beb07128a3	100644	effdebcf72809c262cce191da257d9beb07128a3	product_exact
brand/exports/withdraw-glass.svg	brand	100644	dd9daf43942bd9f5c5f12af5679444adba5d3445	100644	dd9daf43942bd9f5c5f12af5679444adba5d3445	product_exact
brand/exports/withdraw-hierarchical.svg	brand	100644	31e93914dd792d822edeff12c6c93bc756dc2e37	100644	31e93914dd792d822edeff12c6c93bc756dc2e37	product_exact
brand/exports/withdraw-luminous.svg	brand	100644	7ab0f336028f8e73723c598e535b1e2acc5afbdd	100644	7ab0f336028f8e73723c598e535b1e2acc5afbdd	product_exact
brand/exports/withdraw-mono.svg	brand	100644	ff973824484f2683aca4d3605d7137c5fdc34871	100644	ff973824484f2683aca4d3605d7137c5fdc34871	product_exact
brand/exports/write-depth.svg	brand	100644	46e5537f8d75b4eec60fa2da65d7d93c8923b235	100644	46e5537f8d75b4eec60fa2da65d7d93c8923b235	product_exact
brand/exports/write-glass.svg	brand	100644	1278bac025202490358f40ce90bc57f11bb2c3d7	100644	1278bac025202490358f40ce90bc57f11bb2c3d7	product_exact
brand/exports/write-hierarchical.svg	brand	100644	12689ab65aeb468f52e1aad08c10f600ccb33aba	100644	12689ab65aeb468f52e1aad08c10f600ccb33aba	product_exact
brand/exports/write-luminous.svg	brand	100644	d7f30c9dbf787b22147edac44aaa71085e69e965	100644	d7f30c9dbf787b22147edac44aaa71085e69e965	product_exact
brand/exports/write-mono.svg	brand	100644	28fa115d6bbe5e2d9422d10c3c6f5d9855c44f53	100644	28fa115d6bbe5e2d9422d10c3c6f5d9855c44f53	product_exact
brand/geometry/mark.svg	brand	100644	0772a0eab8cc246b558df7d30f38828715191805	100644	0772a0eab8cc246b558df7d30f38828715191805	product_exact
brand/index.html	brand	100644	e7bbc8a6b553d7f85fc3606ca96d1cd300c32c0b	100644	e7bbc8a6b553d7f85fc3606ca96d1cd300c32c0b	product_exact
brand/lab.css	brand	100644	716196e359b1049b574482f7c44c69c88315f12d	100644	716196e359b1049b574482f7c44c69c88315f12d	product_exact
brand/lab.mjs	brand	100644	203908905bc424734ea766b553c122997e93af5a	100644	203908905bc424734ea766b553c122997e93af5a	product_exact
brand/references/README.md	brand	100644	f80830f16578f7ee1b093aafbfdb3550c51ed4bd	100644	f80830f16578f7ee1b093aafbfdb3550c51ed4bd	product_exact
brand/references/material-board.png	brand	100644	2692b2282a92cb6c0fd5f4e240f48bb72e5d17e5	100644	2692b2282a92cb6c0fd5f4e240f48bb72e5d17e5	product_exact
brand/scripts/build.mjs	brand	100644	1ccebc2e58b981947efb579b8448d3871d23ee5e	100644	1ccebc2e58b981947efb579b8448d3871d23ee5e	product_exact
brand/scripts/query-index.mjs	brand	100644	07ad6fc069fd42fa1209b46db1a3363c2f8e7787	100644	07ad6fc069fd42fa1209b46db1a3363c2f8e7787	product_exact
brand/sources/legacy-provenance.json	brand	100644	7bba497a1019d709f33e7af78f2653fe944a4075	100644	7bba497a1019d709f33e7af78f2653fe944a4075	product_exact
brand/sources/legacy/128x128.png	brand	100644	d166aa6735eb6a379e33dbdf7c4b27aa126b40f5	100644	d166aa6735eb6a379e33dbdf7c4b27aa126b40f5	product_exact
brand/sources/legacy/BrandThinking.tsx	brand	100644	0836679acf151321a68dd739ff760ad559c1ead4	100644	0836679acf151321a68dd739ff760ad559c1ead4	product_exact
brand/sources/legacy/brand-mark.svg	brand	100644	cbb97249820be7126c50c43dc473b9855a16b033	100644	cbb97249820be7126c50c43dc473b9855a16b033	product_exact
brand/sources/legacy/icon-dark.svg	brand	100644	7448dbea419407896cfc3e7e41bec56a197d7617	100644	7448dbea419407896cfc3e7e41bec56a197d7617	product_exact
brand/sources/legacy/icon-light.svg	brand	100644	deb639224b37b5bc4a80ba83ceb5d130621890f0	100644	deb639224b37b5bc4a80ba83ceb5d130621890f0	product_exact
brand/sources/legacy/icon.md	brand	100644	82e048097d4e1ddd289366252f9502464e899272	100644	82e048097d4e1ddd289366252f9502464e899272	product_exact
brand/sources/visual-runtime-index.json	brand	100644	3c2b59f88729e71ea8cd4344d7b232fc036bfaca	100644	3c2b59f88729e71ea8cd4344d7b232fc036bfaca	product_exact
brand/src/court-symbol.mjs	brand	100644	86fa9ba7d5e946069b69d476e94188d17d3eef73	100644	86fa9ba7d5e946069b69d476e94188d17d3eef73	product_exact
brand/src/geometry.generated.mjs	brand	100644	8b7ab96b124f74e0427527974ee216fd56b80e92	100644	8b7ab96b124f74e0427527974ee216fd56b80e92	product_exact
brand/src/symbol.mjs	brand	100644	75f7a4ebae73b2d6870338c872c26265d5bf820b	100644	75f7a4ebae73b2d6870338c872c26265d5bf820b	product_exact
brand/tests/browser.html	brand	100644	a8684873b84e34863d4fcf620593b3639c791eda	100644	a8684873b84e34863d4fcf620593b3639c791eda	product_exact
brand/tests/browser.mjs	brand	100644	4966a3336f78435a6e1621bedd60260069d9af13	100644	4966a3336f78435a6e1621bedd60260069d9af13	product_exact
brand/tests/host-colors.html	brand	100644	cb18098db3dbf6b23b2795bdd1d9e2aafa845c4b	100644	cb18098db3dbf6b23b2795bdd1d9e2aafa845c4b	product_exact
brand/tests/host-colors.mjs	brand	100644	94a7ba116a377edbcad615a540ee474b31ecff61	100644	94a7ba116a377edbcad615a540ee474b31ecff61	product_exact
docs/CLAUDE-POLISH-HANDOFF.md	other	100644	7aac37def7f5335e415e40de96ce8a29564f5104	100644	7aac37def7f5335e415e40de96ce8a29564f5104	product_exact
docs/README.md	other	100644	9da86b7c36fa115ffcb42035a4026fa250986114	100644	9da86b7c36fa115ffcb42035a4026fa250986114	product_exact
docs/command-assignment.md	other	100644	957921400b22765b6554d011e3802f1765702975	100644	957921400b22765b6554d011e3802f1765702975	product_exact
docs/interface-components.md	other	100644	99bba69ebb357b5e88d1448f519ca72b9ca663b5	100644	99bba69ebb357b5e88d1448f519ca72b9ca663b5	product_exact
docs/markdown-reader.md	other	100644	3ad0b5cc7f9b8d544bea3167d66ee738634febb5	100644	3ad0b5cc7f9b8d544bea3167d66ee738634febb5	product_exact
docs/output-review.md	other	100644	30db35b8855bd793673a92cadc784c86bb8a51d8	100644	30db35b8855bd793673a92cadc784c86bb8a51d8	product_exact
docs/reading-marks.md	other	100644	950af81594c9816ded231abea74c9ce75bb9910b	100644	950af81594c9816ded231abea74c9ce75bb9910b	product_exact
docs/reference-entrypoint-audit.md	other	100644	c0a562cad0cc94440834d1a43266c8bc00a00fe8	100644	c0a562cad0cc94440834d1a43266c8bc00a00fe8	product_exact
docs/repository-layout.md	other	100644	b01ce1b807e946f5bb4ae311bee83c65e2185c0d	100644	b01ce1b807e946f5bb4ae311bee83c65e2185c0d	product_exact
docs/restore-v6.md	other	100644	7b2c589715e1e091a6e03212bb279e94c5f91139	100644	7b2c589715e1e091a6e03212bb279e94c5f91139	product_exact
docs/restore.md	other	100644	420287284f629f9d2d6dff65702acb0059353024	100644	420287284f629f9d2d6dff65702acb0059353024	product_exact
docs/runtime-control/INDEX.md	docs/runtime-control	100644	589638a4c0ec4f086c99f0e289921ec795c22a6a	100644	589638a4c0ec4f086c99f0e289921ec795c22a6a	product_exact
docs/runtime-control/acceptance.md	docs/runtime-control	100644	b4adbf0c2eaa8824d9e6770192a032b600530bfb	100644	b4adbf0c2eaa8824d9e6770192a032b600530bfb	product_exact
docs/runtime-control/api.md	docs/runtime-control	100644	a4d8acd181b130bc13a65ad8e2aa25be6a3646e4	100644	a4d8acd181b130bc13a65ad8e2aa25be6a3646e4	product_exact
docs/runtime-control/architecture.md	docs/runtime-control	100644	3fdb5e7aa1b6993839c5ce7d4a3cae40985daedd	100644	3fdb5e7aa1b6993839c5ce7d4a3cae40985daedd	product_exact
docs/runtime-control/backend-review.md	docs/runtime-control	100644	83a2681e45501f23ae3b6cf0a9a1ffcf067ced58	100644	83a2681e45501f23ae3b6cf0a9a1ffcf067ced58	product_exact
docs/runtime-control/search-reference.md	docs/runtime-control	100644	fa7e3180447a4c60b31360867925195e94e7b80d	100644	fa7e3180447a4c60b31360867925195e94e7b80d	product_exact
docs/runtime-control/source-resolver.md	docs/runtime-control	100644	e077ecb02d695d82064dea35a1780ddc01331f9f	100644	e077ecb02d695d82064dea35a1780ddc01331f9f	product_exact
docs/runtime-control/sources.md	docs/runtime-control	100644	0630cc754888e2b08905cb3326c86f6eccdfc8ab	100644	0630cc754888e2b08905cb3326c86f6eccdfc8ab	product_exact
docs/scope-correction-v6.md	other	100644	6aa0835432a46d5fbeb321699ed0d3abd8c790ac	100644	6aa0835432a46d5fbeb321699ed0d3abd8c790ac	product_exact
docs/surface-assignment.md	other	100644	05aca03b9f3ff20ed92f5acb6a82fea6b40cc1f4	100644	05aca03b9f3ff20ed92f5acb6a82fea6b40cc1f4	product_exact
docs/typography-refinement.md	other	100644	917c4996c48e66f9863f30b5d89039b34870a192	100644	917c4996c48e66f9863f30b5d89039b34870a192	product_exact
docs/ui-composition.md	other	100644	54b320633f7ef387fedd820801d6c127fcbce5cf	100644	54b320633f7ef387fedd820801d6c127fcbce5cf	product_exact
docs/ui-orchestration-contract.md	other	100644	eabb536ccc4f353d62fe7fc3774b908617bf5222	100644	eabb536ccc4f353d62fe7fc3774b908617bf5222	product_exact
docs/work-core/README.md	docs/work-core	100644	ba8546a83e47f23f334d1b41e7d461bcc8b9ec3f	100644	ba8546a83e47f23f334d1b41e7d461bcc8b9ec3f	product_exact
docs/work-core/attention.md	docs/work-core	100644	bb8ca7745a891fe128b75de3706a369efbdb3f96	100644	bb8ca7745a891fe128b75de3706a369efbdb3f96	product_exact
docs/work-core/contract.md	docs/work-core	100644	9ccbc479be11ecb8c3f29eb04b00f212ee02aa15	100644	9ccbc479be11ecb8c3f29eb04b00f212ee02aa15	product_exact
docs/work-core/governance.md	docs/work-core	100644	3f20db88e054378a33486cd1277bf190ff55148f	100644	3f20db88e054378a33486cd1277bf190ff55148f	product_exact
docs/work-core/nda.md	docs/work-core	100644	c2dedd24c559584e5109c3b73102a96853266dee	100644	c2dedd24c559584e5109c3b73102a96853266dee	product_exact
engineering/README.md	other	100644	4923a938a5571d75a85a7a7ca9d46365e3e943e7	100644	4923a938a5571d75a85a7a7ca9d46365e3e943e7	product_exact
engineering/architecture.md	other	100644	d9fbefaba196f769ba7de9665149313033aa1754	100644	d9fbefaba196f769ba7de9665149313033aa1754	product_exact
engineering/core-contracts.md	other	100644	ccc4bd73c4bc5726780d429113fb11465db478b7	100644	ccc4bd73c4bc5726780d429113fb11465db478b7	product_exact
engineering/current.md	other	100644	433dce416cecff7129f9ba030f9be1783ecca5bb	100644	433dce416cecff7129f9ba030f9be1783ecca5bb	product_exact
engineering/decisions.md	other	100644	f62d3be3fdb59bd870550f9e3867a3359a4feb7c	100644	f62d3be3fdb59bd870550f9e3867a3359a4feb7c	product_exact
engineering/design/README.md	other	100644	1f27338f2652cb4a24239017ffaf05303b468d48	100644	1f27338f2652cb4a24239017ffaf05303b468d48	product_exact
engineering/design/agent-interface-2026-09-10/README.md	other	100644	c67d9cc6d061954d3b82a1ca1811c8424113fdf1	100644	c67d9cc6d061954d3b82a1ca1811c8424113fdf1	product_exact
engineering/design/agent-interface-2026-09-10/change-template.md	other	100644	caf690f3ce3b3646d02b04c386fe0f944f1a54eb	100644	caf690f3ce3b3646d02b04c386fe0f944f1a54eb	product_exact
engineering/design/agent-interface-2026-09-10/continuity-checklist.md	other	100644	c4a7f740ede8709c7aba0cade90e70bce695346f	100644	c4a7f740ede8709c7aba0cade90e70bce695346f	product_exact
engineering/design/agent-interface-2026-09-10/frontend-contract.md	other	100644	bcd4a450658559f2b8f5257b9a6b30b59718021a	100644	bcd4a450658559f2b8f5257b9a6b30b59718021a	product_exact
engineering/design/agent-interface-2026-09-10/input-conversation.md	other	100644	b51e4101196bc2910da489fac9401ac926188395	100644	b51e4101196bc2910da489fac9401ac926188395	product_exact
engineering/design/agent-interface-2026-09-10/precedent-map.md	other	100644	183f2072e2939faacc33cc6c8f09f5943cd487a0	100644	183f2072e2939faacc33cc6c8f09f5943cd487a0	product_exact
engineering/design/agent-interface-2026-09-10/precedents.md	other	100644	b9d6c5a64111cc80554040ba180303634f74fc9d	100644	b9d6c5a64111cc80554040ba180303634f74fc9d	product_exact
engineering/design/agent-interface-2026-09-10/sources-review.md	other	100644	7f246aac501d1932b992e84eaa83b4dc5ae802eb	100644	7f246aac501d1932b992e84eaa83b4dc5ae802eb	product_exact
engineering/design/atlas/README.md	other	100644	9e39963827eb41443b27761abd1cc718e160bb9a	100644	9e39963827eb41443b27761abd1cc718e160bb9a	product_exact
engineering/design/attention-agent-2026-09-10/README.md	other	100644	b9f211615f0bd0d36311528fc9ae4920ff12f7bb	100644	b9f211615f0bd0d36311528fc9ae4920ff12f7bb	product_exact
engineering/design/attention-agent-2026-09-10/opus-closure.md	other	100644	13d1e88b3beccfa52c5d1e5814bd5b9d216216e1	100644	13d1e88b3beccfa52c5d1e5814bd5b9d216216e1	product_exact
engineering/design/attention-agent-2026-09-10/opus-handoff.md	other	100644	1dde86d6c0da0da27bc04605541091db814e1402	100644	1dde86d6c0da0da27bc04605541091db814e1402	product_exact
engineering/design/attention-surface-2026-09-09/README.md	other	100644	2b566f0ac0220ebcfd99b00e84805b2b19b830a6	100644	2b566f0ac0220ebcfd99b00e84805b2b19b830a6	product_exact
engineering/design/attention-surface-2026-09-09/sources.json	other	100644	07acdc2ce333849690072301d306bf7cc1f95ecb	100644	07acdc2ce333849690072301d306bf7cc1f95ecb	product_exact
engineering/design/attention-triage-2026-09-10/README.md	other	100644	bc612748eadf60b31029851048855ed2ad3f81e7	100644	bc612748eadf60b31029851048855ed2ad3f81e7	product_exact
engineering/design/chat-flow-2026-09-10/README.md	other	100644	88d16f7fcdc0d3c316b54e8c01e921bbdda930fb	100644	88d16f7fcdc0d3c316b54e8c01e921bbdda930fb	product_exact
engineering/design/clean-cool-2026-09-09/README.md	other	100644	d2a1ba81bf191c09673e4bd8b3cdfff33c2d09df	100644	d2a1ba81bf191c09673e4bd8b3cdfff33c2d09df	product_exact
engineering/design/clean-cool-2026-09-09/boards/HomeBand.html	other	100644	d3bae90b6153213c15f0610e4d7d8b3a20ae978f	100644	d3bae90b6153213c15f0610e4d7d8b3a20ae978f	product_exact
engineering/design/clean-cool-2026-09-09/boards/HomeCurrent.html	other	100644	0e5e1b7ed5d8991ae8b00f48706d2951629981f8	100644	0e5e1b7ed5d8991ae8b00f48706d2951629981f8	product_exact
engineering/design/clean-cool-2026-09-09/boards/HomeRail.html	other	100644	bd43b8e16f7b2f1432d7d0bb2f863005e808658e	100644	bd43b8e16f7b2f1432d7d0bb2f863005e808658e	product_exact
engineering/design/clean-cool-2026-09-09/boards/README.md	other	100644	0ef179b675593cbc85c1922159deef1dcf129201	100644	0ef179b675593cbc85c1922159deef1dcf129201	product_exact
engineering/design/clean-cool-2026-09-09/boards/WorkA.html	other	100644	437e7d6e52cc0d13495e79f06841c32829dd041b	100644	437e7d6e52cc0d13495e79f06841c32829dd041b	product_exact
engineering/design/clean-cool-2026-09-09/boards/WorkB.html	other	100644	063172501b13e3a6c5fa2b9aa1e0584e53a0c894	100644	063172501b13e3a6c5fa2b9aa1e0584e53a0c894	product_exact
engineering/design/clean-cool-2026-09-09/boards/WorkC.html	other	100644	a83918c207381e59622bd8a375d40015b85772c2	100644	a83918c207381e59622bd8a375d40015b85772c2	product_exact
engineering/design/clean-cool-2026-09-09/boards/WorkCurrent.html	other	100644	dca348fe6ce501f7df1248f2852744b0bfe62282	100644	dca348fe6ce501f7df1248f2852744b0bfe62282	product_exact
engineering/design/clean-cool-2026-09-09/captures/home.jpg	other	100644	d17541a24b1ea78496067e01b75f00fea52fbfc9	100644	d17541a24b1ea78496067e01b75f00fea52fbfc9	product_exact
engineering/design/clean-cool-2026-09-09/captures/models-add.jpg	other	100644	8b1f962fea3a9d50ab6cbf2e2314ec6905679e99	100644	8b1f962fea3a9d50ab6cbf2e2314ec6905679e99	product_exact
engineering/design/clean-cool-2026-09-09/captures/models-mobile.jpg	other	100644	280b7cab7d57cf6265f9f7fb51ecc2e253fff4e6	100644	280b7cab7d57cf6265f9f7fb51ecc2e253fff4e6	product_exact
engineering/design/clean-cool-2026-09-09/captures/models.jpg	other	100644	9ec41cf507f2b45ffe99beaac552a86227c21cef	100644	9ec41cf507f2b45ffe99beaac552a86227c21cef	product_exact
engineering/design/clean-cool-2026-09-09/captures/review-source.jpg	other	100644	a40fc21177ec3fa291fd9aaf75de7e231426e66a	100644	a40fc21177ec3fa291fd9aaf75de7e231426e66a	product_exact
engineering/design/clean-cool-2026-09-09/captures/review.jpg	other	100644	1be343a3844ce8c0195660a123046c0b48c130fc	100644	1be343a3844ce8c0195660a123046c0b48c130fc	product_exact
engineering/design/clean-cool-2026-09-09/captures/work-review.jpg	other	100644	79c8dfc64220cab3b863f5856a56c92b72e87eba	100644	79c8dfc64220cab3b863f5856a56c92b72e87eba	product_exact
engineering/design/clean-cool-2026-09-09/claude-handoff.md	other	100644	3b5325467fc150879a3b6fa013d27b3ac28091c1	100644	3b5325467fc150879a3b6fa013d27b3ac28091c1	product_exact
engineering/design/clean-cool-2026-09-09/images/home-editorial.png	other	100644	27570cab3c8d38f71f381940d11fd15bb36d2303	100644	27570cab3c8d38f71f381940d11fd15bb36d2303	product_exact
engineering/design/clean-cool-2026-09-09/images/home-modular.png	other	100644	c27c193d6c5f4aacc38d09c0bebd9c013aa62c6d	100644	c27c193d6c5f4aacc38d09c0bebd9c013aa62c6d	product_exact
engineering/design/clean-cool-2026-09-09/images/models-preview.png	other	100644	eda7bd5eb8d5489a61af1e656c8cfb018d1248ac	100644	eda7bd5eb8d5489a61af1e656c8cfb018d1248ac	product_exact
engineering/design/clean-cool-2026-09-09/images/review-reading.png	other	100644	bbcf121583a70e37ae712221467af1fcb8feff02	100644	bbcf121583a70e37ae712221467af1fcb8feff02	product_exact
engineering/design/clean-cool-2026-09-09/images/settings-dedicated.png	other	100644	e824805223dab6186d44bc701eecc0d09e1e714f	100644	e824805223dab6186d44bc701eecc0d09e1e714f	product_exact
engineering/design/clean-cool-2026-09-09/images/work-tabs.png	other	100644	6ca2a45053bdbbc010b612800a45dd3db02eded0	100644	6ca2a45053bdbbc010b612800a45dd3db02eded0	product_exact
engineering/design/clean-cool-2026-09-09/manifest.json	other	100644	848fdb6f39c7d5013a44ac5d8d1363b54ff23ced	100644	848fdb6f39c7d5013a44ac5d8d1363b54ff23ced	product_exact
engineering/design/clean-cool-2026-09-09/prompts.json	other	100644	0be9a578a4fd435a5cadea2ed64f69ad40bcfcf2	100644	0be9a578a4fd435a5cadea2ed64f69ad40bcfcf2	product_exact
engineering/design/clean-cool-2026-09-09/r4d-review.md	other	100644	26146abdba47f7ffe1f7b8ce161c422c96f58673	100644	26146abdba47f7ffe1f7b8ce161c422c96f58673	product_exact
engineering/design/clean-cool-2026-09-09/refinement-prompts.json	other	100644	2afaafa2c93426de34ea822ab4dfb2534d763b37	100644	2afaafa2c93426de34ea822ab4dfb2534d763b37	product_exact
engineering/design/clean-cool-2026-09-09/refinement-verification.json	other	100644	0f66c7cd16b19ce1a4e18ce420c63334006a2d42	100644	0f66c7cd16b19ce1a4e18ce420c63334006a2d42	product_exact
engineering/design/clean-cool-2026-09-09/review.md	other	100644	bfcc78c27476ed15719603957867b381bd5d4524	100644	bfcc78c27476ed15719603957867b381bd5d4524	product_exact
engineering/design/clean-cool-2026-09-09/shell-refinement.md	other	100644	cc41616fd5ee3a14680c02f29b3e6680f10142e9	100644	cc41616fd5ee3a14680c02f29b3e6680f10142e9	product_exact
engineering/design/clean-cool-2026-09-09/verification.json	other	100644	720f783d058464517f318cd433bbfa1894e71c34	100644	720f783d058464517f318cd433bbfa1894e71c34	product_exact
engineering/design/completion-surface.md	other	100644	4d4a19fbf3f351eb43e8426756ff1b303d8c13e3	100644	4d4a19fbf3f351eb43e8426756ff1b303d8c13e3	product_exact
engineering/design/copy-convention.md	other	100644	8ed7ca505fa266b887f758e1294ac19c2a5542c9	100644	8ed7ca505fa266b887f758e1294ac19c2a5542c9	product_exact
engineering/design/decisions.md	other	100644	df1e6c5ba4509ccc17db077d72f73caadc3a578e	100644	df1e6c5ba4509ccc17db077d72f73caadc3a578e	product_exact
engineering/design/directions.md	other	100644	a9d8aadf225512487ae9452efdb5eca541aa97c3	100644	a9d8aadf225512487ae9452efdb5eca541aa97c3	product_exact
engineering/design/frontend-layering-spec.md	other	100644	72b416bcac0f1d08001f387b84fc1fc2fd24dc9e	100644	72b416bcac0f1d08001f387b84fc1fc2fd24dc9e	product_exact
engineering/design/home-backlog-2026-09-10/README.md	other	100644	b760a96e8a79efc7e06954eee5552ce649fd1449	100644	b760a96e8a79efc7e06954eee5552ce649fd1449	product_exact
engineering/design/home-composition-2026-09-10/README.md	other	100644	c5d29c981ec4e5875564280dabf50df54a5bd50d	100644	c5d29c981ec4e5875564280dabf50df54a5bd50d	product_exact
engineering/design/home-composition-2026-09-10/construction-handoff.md	other	100644	fc2853d9383acc8657c5fa0c4723befd4ae07bbf	100644	fc2853d9383acc8657c5fa0c4723befd4ae07bbf	product_exact
engineering/design/home-composition-2026-09-10/data-visualization.md	other	100644	efd41c14bd8469335824e1cf6c30e11d1525f089	100644	efd41c14bd8469335824e1cf6c30e11d1525f089	product_exact
engineering/design/home-composition-2026-09-10/disclosure-overlay.md	other	100644	f70f704df7862a901811c978db3ca2ad90790829	100644	f70f704df7862a901811c978db3ca2ad90790829	product_exact
engineering/design/home-composition-2026-09-10/interaction-vocabulary.md	other	100644	219c8358357cd2b6349d4a1ec242a28fc8a606e4	100644	219c8358357cd2b6349d4a1ec242a28fc8a606e4	product_exact
engineering/design/home-composition-2026-09-10/material-grammar.md	other	100644	38bae90f3cc42f9a43d8f533400183efdfe7cc86	100644	38bae90f3cc42f9a43d8f533400183efdfe7cc86	product_exact
engineering/design/home-composition-2026-09-10/runtime-telemetry.md	other	100644	6d1e61ee943c5af0670b400315fe504cdf64ee54	100644	6d1e61ee943c5af0670b400315fe504cdf64ee54	product_exact
engineering/design/home-composition-2026-09-10/tab-view-grammar.md	other	100644	0a3bc617bb0f2fd4bae00db2b7b3338663d3b78a	100644	0a3bc617bb0f2fd4bae00db2b7b3338663d3b78a	product_exact
engineering/design/icon-controls.md	other	100644	de97d4a9817e7575e18a640970d87f89f2d6cf42	100644	de97d4a9817e7575e18a640970d87f89f2d6cf42	product_exact
engineering/design/icon-specimen/README.md	other	100644	1f6f5ed4bd9107f45df92d7aa4453e56fd22de7f	100644	1f6f5ed4bd9107f45df92d7aa4453e56fd22de7f	product_exact
engineering/design/icon-specimen/assets/lucide/LICENSE	other	100644	718bb3f0e44153809972abed31839375804bf652	100644	718bb3f0e44153809972abed31839375804bf652	product_exact
engineering/design/icon-specimen/assets/lucide/activity.svg	other	100644	629b81c9fd020f3afec659daa5c9c7e5a1d07445	100644	629b81c9fd020f3afec659daa5c9c7e5a1d07445	product_exact
engineering/design/icon-specimen/assets/lucide/arrow-down.svg	other	100644	3244b63e3147e5e8b359f20458106bc74572d331	100644	3244b63e3147e5e8b359f20458106bc74572d331	product_exact
engineering/design/icon-specimen/assets/lucide/arrow-up.svg	other	100644	50a81cb370d77bccdab4e91c1aeff36b763cdfbf	100644	50a81cb370d77bccdab4e91c1aeff36b763cdfbf	product_exact
engineering/design/icon-specimen/assets/lucide/chevron-down.svg	other	100644	e70d30b88399a721cd5d20d0d26756608cf8c42b	100644	e70d30b88399a721cd5d20d0d26756608cf8c42b	product_exact
engineering/design/icon-specimen/assets/lucide/chevron-right.svg	other	100644	db62a0c20181edd6173722b2a483e0b85e30f240	100644	db62a0c20181edd6173722b2a483e0b85e30f240	product_exact
engineering/design/icon-specimen/assets/lucide/copy.svg	other	100644	f62ce99c1f34989a5f70cd15192f8adf9140f4ed	100644	f62ce99c1f34989a5f70cd15192f8adf9140f4ed	product_exact
engineering/design/icon-specimen/assets/lucide/external-link.svg	other	100644	a73a9ba286ebaac4c7fc65bf9303a2fb9624ae76	100644	a73a9ba286ebaac4c7fc65bf9303a2fb9624ae76	product_exact
engineering/design/icon-specimen/assets/lucide/file-text.svg	other	100644	67dc5b9d1a07a1b501ba87d62563b914c059096e	100644	67dc5b9d1a07a1b501ba87d62563b914c059096e	product_exact
engineering/design/icon-specimen/assets/lucide/folder.svg	other	100644	ef69b345f200f1542ad9a2dfca7d41d036910f4b	100644	ef69b345f200f1542ad9a2dfca7d41d036910f4b	product_exact
engineering/design/icon-specimen/assets/lucide/house.svg	other	100644	10e4097e290fdb2f1f919b264bf4e3095348de7c	100644	10e4097e290fdb2f1f919b264bf4e3095348de7c	product_exact
engineering/design/icon-specimen/assets/lucide/maximize-2.svg	other	100644	790d25383b0f59620553f01c06c472be343257f7	100644	790d25383b0f59620553f01c06c472be343257f7	product_exact
engineering/design/icon-specimen/assets/lucide/message-square.svg	other	100644	5044bc7eff0567b1a3aee3242b8f628f88559ff1	100644	5044bc7eff0567b1a3aee3242b8f628f88559ff1	product_exact
engineering/design/icon-specimen/assets/lucide/minimize-2.svg	other	100644	f15d72cd4a08a6f6baa62687c0fac7e647d8b55a	100644	f15d72cd4a08a6f6baa62687c0fac7e647d8b55a	product_exact
engineering/design/icon-specimen/assets/lucide/panel-left.svg	other	100644	60642c396f98cf4ed79689d86b1dc0377e190aa5	100644	60642c396f98cf4ed79689d86b1dc0377e190aa5	product_exact
engineering/design/icon-specimen/assets/lucide/panel-right.svg	other	100644	53ba1e6120eb638530de38ca5b696741dfcaa6ad	100644	53ba1e6120eb638530de38ca5b696741dfcaa6ad	product_exact
engineering/design/icon-specimen/assets/lucide/paperclip.svg	other	100644	74bf51832569c9605e29107d50f192986770a367	100644	74bf51832569c9605e29107d50f192986770a367	product_exact
engineering/design/icon-specimen/assets/lucide/plug.svg	other	100644	f28b6f0abef77a6e843dfa99f81731332c72db64	100644	f28b6f0abef77a6e843dfa99f81731332c72db64	product_exact
engineering/design/icon-specimen/assets/lucide/plus.svg	other	100644	41f92bb93eb6626368d71c9884127bbcf7d3ccdf	100644	41f92bb93eb6626368d71c9884127bbcf7d3ccdf	product_exact
engineering/design/icon-specimen/assets/lucide/refresh-cw.svg	other	100644	c27b3a9677e35fb2353167b01553d3d4cc4e3091	100644	c27b3a9677e35fb2353167b01553d3d4cc4e3091	product_exact
engineering/design/icon-specimen/assets/lucide/search.svg	other	100644	03e442a5440cff92c219fe3a3c1f2b0788d30701	100644	03e442a5440cff92c219fe3a3c1f2b0788d30701	product_exact
engineering/design/icon-specimen/assets/lucide/settings-2.svg	other	100644	0a9d29d77781e7d2f7f6db6a8fe4371ae6ff4f84	100644	0a9d29d77781e7d2f7f6db6a8fe4371ae6ff4f84	product_exact
engineering/design/icon-specimen/assets/lucide/square-pen.svg	other	100644	20855d75b93db713da7d5708a7ff1ba1bab944ae	100644	20855d75b93db713da7d5708a7ff1ba1bab944ae	product_exact
engineering/design/icon-specimen/assets/lucide/square.svg	other	100644	7862733557b3a069a22721196e0bd6c5c92b9339	100644	7862733557b3a069a22721196e0bd6c5c92b9339	product_exact
engineering/design/icon-specimen/assets/lucide/x.svg	other	100644	e31794349d3eecea1b3ae8e974b68bb8f4becda7	100644	e31794349d3eecea1b3ae8e974b68bb8f4becda7	product_exact
engineering/design/icon-specimen/assets/mingcute-regular/LICENSE	other	100644	d645695673349e3947e8e5ae42332d0ac3164cd7	100644	d645695673349e3947e8e5ae42332d0ac3164cd7	product_exact
engineering/design/icon-specimen/assets/mingcute-regular/add.svg	other	100644	cc15aabf01aca540e9231cc35bac11d7275fbad5	100644	cc15aabf01aca540e9231cc35bac11d7275fbad5	product_exact
engineering/design/icon-specimen/assets/mingcute-regular/arrow-down.svg	other	100644	c92ebed1a2481c54f712c097aa0b6c2a0f19fb1c	100644	c92ebed1a2481c54f712c097aa0b6c2a0f19fb1c	product_exact
engineering/design/icon-specimen/assets/mingcute-regular/arrow-up.svg	other	100644	2b15f93943634b6c0621acce8ecdf6fca7743da6	100644	2b15f93943634b6c0621acce8ecdf6fca7743da6	product_exact
engineering/design/icon-specimen/assets/mingcute-regular/attachment.svg	other	100644	4297ce3378f6c9cc4520b075158ed006d05f22c3	100644	4297ce3378f6c9cc4520b075158ed006d05f22c3	product_exact
engineering/design/icon-specimen/assets/mingcute-regular/close.svg	other	100644	7f3d851df68a0cea02c61cc2b313607c0b085829	100644	7f3d851df68a0cea02c61cc2b313607c0b085829	product_exact
engineering/design/icon-specimen/assets/mingcute-regular/copy.svg	other	100644	966c968f5e6036ca27fcd0b95d569ae7dddc2a11	100644	966c968f5e6036ca27fcd0b95d569ae7dddc2a11	product_exact
engineering/design/icon-specimen/assets/mingcute-regular/document-2.svg	other	100644	c2fe12d6b2b5f7d04513f67b62786820fe30d4c5	100644	c2fe12d6b2b5f7d04513f67b62786820fe30d4c5	product_exact
engineering/design/icon-specimen/assets/mingcute-regular/down.svg	other	100644	fe25abf16a7527e700edcc79999e6430617fd648	100644	fe25abf16a7527e700edcc79999e6430617fd648	product_exact
engineering/design/icon-specimen/assets/mingcute-regular/edit.svg	other	100644	31078ec7b4dd2640ff35d3d959ee8cb911c38082	100644	31078ec7b4dd2640ff35d3d959ee8cb911c38082	product_exact
engineering/design/icon-specimen/assets/mingcute-regular/external-link.svg	other	100644	8635c30a1c42b9210d9c7ec580ed5cef9ea7f091	100644	8635c30a1c42b9210d9c7ec580ed5cef9ea7f091	product_exact
engineering/design/icon-specimen/assets/mingcute-regular/folder.svg	other	100644	ed7d6049d66264183f201bfb5d52161d1e1c4abb	100644	ed7d6049d66264183f201bfb5d52161d1e1c4abb	product_exact
engineering/design/icon-specimen/assets/mingcute-regular/fullscreen-2.svg	other	100644	eb32973a69a1e7904eb6b66ec90b66a80f3ef5db	100644	eb32973a69a1e7904eb6b66ec90b66a80f3ef5db	product_exact
engineering/design/icon-specimen/assets/mingcute-regular/fullscreen-exit-2.svg	other	100644	5eaaa53108513e2ec21114f439c1d1ca1cb1e4bb	100644	5eaaa53108513e2ec21114f439c1d1ca1cb1e4bb	product_exact
engineering/design/icon-specimen/assets/mingcute-regular/heartbeat.svg	other	100644	bd10fe6c2915996be990aad277b63f35dda68f54	100644	bd10fe6c2915996be990aad277b63f35dda68f54	product_exact
engineering/design/icon-specimen/assets/mingcute-regular/home-3.svg	other	100644	cf7e27e1ae0a66e8b174b863dace80750a6d7d69	100644	cf7e27e1ae0a66e8b174b863dace80750a6d7d69	product_exact
engineering/design/icon-specimen/assets/mingcute-regular/layout-left.svg	other	100644	61fe1e203f96526a18c38df8acd43990bc02f2e4	100644	61fe1e203f96526a18c38df8acd43990bc02f2e4	product_exact
engineering/design/icon-specimen/assets/mingcute-regular/layout-right.svg	other	100644	b33233f9b19f59c779e8d9274bfc651982f88e75	100644	b33233f9b19f59c779e8d9274bfc651982f88e75	product_exact
engineering/design/icon-specimen/assets/mingcute-regular/message-2.svg	other	100644	89361c228d6ca388e34e38455dcb60d2a2a5195f	100644	89361c228d6ca388e34e38455dcb60d2a2a5195f	product_exact
engineering/design/icon-specimen/assets/mingcute-regular/plugin.svg	other	100644	75a87210c238d3f1bd12022adc86cfb776811ca4	100644	75a87210c238d3f1bd12022adc86cfb776811ca4	product_exact
engineering/design/icon-specimen/assets/mingcute-regular/refresh-3.svg	other	100644	568a365d84cf46c0c5ea0f785bea132c51524a05	100644	568a365d84cf46c0c5ea0f785bea132c51524a05	product_exact
engineering/design/icon-specimen/assets/mingcute-regular/right.svg	other	100644	f84826cdec3e2e1ff8c8ac870f335a9f97a410d3	100644	f84826cdec3e2e1ff8c8ac870f335a9f97a410d3	product_exact
engineering/design/icon-specimen/assets/mingcute-regular/search.svg	other	100644	a6ab8e4027035f6007e5483426b30c7c1526f234	100644	a6ab8e4027035f6007e5483426b30c7c1526f234	product_exact
engineering/design/icon-specimen/assets/mingcute-regular/settings-2.svg	other	100644	516b2ff2cccc4b52fb42d1ce134f82fd854869fc	100644	516b2ff2cccc4b52fb42d1ce134f82fd854869fc	product_exact
engineering/design/icon-specimen/assets/mingcute-regular/square.svg	other	100644	6392de566a7cd61713aeb6c05b36222af0257df5	100644	6392de566a7cd61713aeb6c05b36222af0257df5	product_exact
engineering/design/icon-specimen/assets/phosphor-regular/LICENSE	other	100644	78c9810819776e135d314adc0ff26eda7bec8b38	100644	78c9810819776e135d314adc0ff26eda7bec8b38	product_exact
engineering/design/icon-specimen/assets/phosphor-regular/arrow-down.svg	other	100644	0e7629b6de2322580e8a3712e217b2160aaf9029	100644	0e7629b6de2322580e8a3712e217b2160aaf9029	product_exact
engineering/design/icon-specimen/assets/phosphor-regular/arrow-square-out.svg	other	100644	e46b338027cfc1846f49c8684c9e18ddaa782967	100644	e46b338027cfc1846f49c8684c9e18ddaa782967	product_exact
engineering/design/icon-specimen/assets/phosphor-regular/arrow-up.svg	other	100644	a8ba45ec7d0a4cd540e226b02d56e3991db23edb	100644	a8ba45ec7d0a4cd540e226b02d56e3991db23edb	product_exact
engineering/design/icon-specimen/assets/phosphor-regular/arrows-clockwise.svg	other	100644	1561ad604087917150459c01189218597ac0e72f	100644	1561ad604087917150459c01189218597ac0e72f	product_exact
engineering/design/icon-specimen/assets/phosphor-regular/arrows-in-simple.svg	other	100644	d18668e7d990d64c3bd235e02abdffd14db252ba	100644	d18668e7d990d64c3bd235e02abdffd14db252ba	product_exact
engineering/design/icon-specimen/assets/phosphor-regular/arrows-out-simple.svg	other	100644	359b13fb451ee16945fb58e8a4a3690d172e9fb9	100644	359b13fb451ee16945fb58e8a4a3690d172e9fb9	product_exact
engineering/design/icon-specimen/assets/phosphor-regular/caret-down.svg	other	100644	c6e84e840434f8d913527e9bf72aeeffc1261d7f	100644	c6e84e840434f8d913527e9bf72aeeffc1261d7f	product_exact
engineering/design/icon-specimen/assets/phosphor-regular/caret-right.svg	other	100644	d73dd5d9de441ed68d05ce97f3a714e9f3f69323	100644	d73dd5d9de441ed68d05ce97f3a714e9f3f69323	product_exact
engineering/design/icon-specimen/assets/phosphor-regular/chat.svg	other	100644	91245979c4e5b00092f5a41cfed252921b2c4c7a	100644	91245979c4e5b00092f5a41cfed252921b2c4c7a	product_exact
engineering/design/icon-specimen/assets/phosphor-regular/copy.svg	other	100644	8f3dd2ec9f2716aa4049da502f410d2c46f93789	100644	8f3dd2ec9f2716aa4049da502f410d2c46f93789	product_exact
engineering/design/icon-specimen/assets/phosphor-regular/file-text.svg	other	100644	984fbb5c60105d3efab3ae4a30532d9f7e70e1db	100644	984fbb5c60105d3efab3ae4a30532d9f7e70e1db	product_exact
engineering/design/icon-specimen/assets/phosphor-regular/folder.svg	other	100644	df74375256f3c6e8a3057d861d380ee6f12a1983	100644	df74375256f3c6e8a3057d861d380ee6f12a1983	product_exact
engineering/design/icon-specimen/assets/phosphor-regular/house.svg	other	100644	3c6d2db65d4ac8e6cd4252f72a3fc90c3c7217a2	100644	3c6d2db65d4ac8e6cd4252f72a3fc90c3c7217a2	product_exact
engineering/design/icon-specimen/assets/phosphor-regular/magnifying-glass.svg	other	100644	2bdda58966a780a706bc622d719172899e822307	100644	2bdda58966a780a706bc622d719172899e822307	product_exact
engineering/design/icon-specimen/assets/phosphor-regular/note-pencil.svg	other	100644	97cad50c9f15cfbfc97eb65500a802bf490147c1	100644	97cad50c9f15cfbfc97eb65500a802bf490147c1	product_exact
engineering/design/icon-specimen/assets/phosphor-regular/paperclip.svg	other	100644	a4f76685b77233d8268ecd5461c00d5a112798c3	100644	a4f76685b77233d8268ecd5461c00d5a112798c3	product_exact
engineering/design/icon-specimen/assets/phosphor-regular/plug.svg	other	100644	4c8c03e783fd970fba6764f5aad3b9311f877ada	100644	4c8c03e783fd970fba6764f5aad3b9311f877ada	product_exact
engineering/design/icon-specimen/assets/phosphor-regular/plus.svg	other	100644	25ad5e32286bc1e69fcd7b462a5dff378d25a509	100644	25ad5e32286bc1e69fcd7b462a5dff378d25a509	product_exact
engineering/design/icon-specimen/assets/phosphor-regular/pulse.svg	other	100644	f78d5f42f5a8891c27a9a00478d086a871c743a2	100644	f78d5f42f5a8891c27a9a00478d086a871c743a2	product_exact
engineering/design/icon-specimen/assets/phosphor-regular/sidebar-simple.svg	other	100644	0abec37f4ab5ee020648599b120525935ba601e8	100644	0abec37f4ab5ee020648599b120525935ba601e8	product_exact
engineering/design/icon-specimen/assets/phosphor-regular/sliders-horizontal.svg	other	100644	4aa2aa34343e436010a1791329f709c3271e6a4c	100644	4aa2aa34343e436010a1791329f709c3271e6a4c	product_exact
engineering/design/icon-specimen/assets/phosphor-regular/square.svg	other	100644	043710bb32767ce451e0cf97dd43034a1ceccf90	100644	043710bb32767ce451e0cf97dd43034a1ceccf90	product_exact
engineering/design/icon-specimen/assets/phosphor-regular/x.svg	other	100644	2ee41d11cce14289f3b444174694acee017a4f9a	100644	2ee41d11cce14289f3b444174694acee017a4f9a	product_exact
engineering/design/icon-specimen/build.py	other	100644	a9a1d44e86e411e427e2434088a923fa6d8af1d6	100644	a9a1d44e86e411e427e2434088a923fa6d8af1d6	product_exact
engineering/design/icon-specimen/captures/D-1440-D.png	other	100644	5b81d07160fe464e317c25abfd3a7d748ad4cd19	100644	5b81d07160fe464e317c25abfd3a7d748ad4cd19	product_exact
engineering/design/icon-specimen/captures/D-1440-L.png	other	100644	81db9bd08fedfc317166d571755c1309c82673fa	100644	81db9bd08fedfc317166d571755c1309c82673fa	product_exact
engineering/design/icon-specimen/captures/M-390-D.png	other	100644	60c5a9e128c7a81fc3b51c37f7176b7881782e1d	100644	60c5a9e128c7a81fc3b51c37f7176b7881782e1d	product_exact
engineering/design/icon-specimen/captures/M-390-L.png	other	100644	e90640d9bd1c5ec5e78056996232305921382856	100644	e90640d9bd1c5ec5e78056996232305921382856	product_exact
engineering/design/icon-specimen/captures/Z-200-L.png	other	100644	b9fc7405bdcecfdec52cbce4cfe98d1663f05538	100644	b9fc7405bdcecfdec52cbce4cfe98d1663f05538	product_exact
engineering/design/icon-specimen/captures/zoom200-focus-check.json	other	100644	7461491e1801b6ca5066a6ed3933ba916f059ec2	100644	7461491e1801b6ca5066a6ed3933ba916f059ec2	product_exact
engineering/design/icon-specimen/index.html	other	100644	8d96285062d94d1003cdfe5b4b2a687d5e609c88	100644	8d96285062d94d1003cdfe5b4b2a687d5e609c88	product_exact
engineering/design/icon-specimen/mapping.json	other	100644	5f8c0e89757d7c2439643d857c35810c92248022	100644	5f8c0e89757d7c2439643d857c35810c92248022	product_exact
engineering/design/icon-specimen/measurements.json	other	100644	25cb107e0c2ad6fb3f94a7fd57809fba37fb415e	100644	25cb107e0c2ad6fb3f94a7fd57809fba37fb415e	product_exact
engineering/design/icon-specimen/observations.md	other	100644	091128dbca662d8016d85203d97c9b03babd9452	100644	091128dbca662d8016d85203d97c9b03babd9452	product_exact
engineering/design/icon-specimen/sources.json	other	100644	dc8c865dcccdd5c579a7ee4e2b4e9a2c4f7a98c5	100644	dc8c865dcccdd5c579a7ee4e2b4e9a2c4f7a98c5	product_exact
engineering/design/icon-specimen/specimen.css	other	100644	3162db7146a3372f9f39398d59f0055a219aef52	100644	3162db7146a3372f9f39398d59f0055a219aef52	product_exact
engineering/design/icon-specimen/template.html	other	100644	748d01b4c87a7d67f39459785e9ce7983c6cf917	100644	748d01b4c87a7d67f39459785e9ce7983c6cf917	product_exact
engineering/design/identity-specimen/README.md	other	100644	ac631846b007599c82a0fe5819e9cd599e3c32de	100644	ac631846b007599c82a0fe5819e9cd599e3c32de	product_exact
engineering/design/identity-specimen/direction-a.svg	other	100644	92da476eca95bfa641a6eb3d00a553b2b0991fac	100644	92da476eca95bfa641a6eb3d00a553b2b0991fac	product_exact
engineering/design/identity-specimen/direction-b.svg	other	100644	848af1082c114a2fcf7cdb7e5f4e710b777032b6	100644	848af1082c114a2fcf7cdb7e5f4e710b777032b6	product_exact
engineering/design/identity-specimen/direction-c.svg	other	100644	f1d7e31d786b9831455c05104a1386c507e209e5	100644	f1d7e31d786b9831455c05104a1386c507e209e5	product_exact
engineering/design/identity-specimen/index.html	other	100644	e32d5b2977b56f76a5375a3a87cd7a1a56e35e24	100644	e32d5b2977b56f76a5375a3a87cd7a1a56e35e24	product_exact
engineering/design/principles.md	other	100644	a277db1673fa92c8b85067d9e6203955e542fae7	100644	a277db1673fa92c8b85067d9e6203955e542fae7	product_exact
engineering/design/prototype-plan.md	other	100644	bc91d76570f8c3fc9c0fce434180d81914a4b947	100644	bc91d76570f8c3fc9c0fce434180d81914a4b947	product_exact
engineering/design/reference-consumption.md	other	100644	64d77ddf96ae8fe33438a437acae2a9bc1fa8cdc	100644	64d77ddf96ae8fe33438a437acae2a9bc1fa8cdc	product_exact
engineering/design/scout/README.md	other	100644	ac780fec1738ac8c87a73a332d86e911886de34e	100644	ac780fec1738ac8c87a73a332d86e911886de34e	product_exact
engineering/design/skin-injection-2026-09-10/README.md	other	100644	dde9a87b73b0e6ec38b690748348f1702840d2ba	100644	dde9a87b73b0e6ec38b690748348f1702840d2ba	product_exact
engineering/design/skin-injection-2026-09-10/autonomous-loop.md	other	100644	0171d04c1d22a1a4965f1d97e4118d8659bbb42f	100644	0171d04c1d22a1a4965f1d97e4118d8659bbb42f	product_exact
engineering/design/skin-injection-2026-09-10/external-index.md	other	100644	2a8504ed00481976db90435da9f7a753d90b8c01	100644	2a8504ed00481976db90435da9f7a753d90b8c01	product_exact
engineering/design/skin-injection-2026-09-10/input-conversation.md	other	100644	a9a175e1eb0234a54867be47b50c1e07b3df773b	100644	a9a175e1eb0234a54867be47b50c1e07b3df773b	product_exact
engineering/design/skin-injection-2026-09-10/migration-notes.md	other	100644	d1037491ccdfff676a827a745ea1360883f41344	100644	d1037491ccdfff676a827a745ea1360883f41344	product_exact
engineering/design/skin-injection-2026-09-10/repo-inventory.md	other	100644	6ed271712cf762c706b83e9e312e0d2d1cfd5a9c	100644	6ed271712cf762c706b83e9e312e0d2d1cfd5a9c	product_exact
engineering/design/skin-injection-2026-09-10/skin-constitution.md	other	100644	e9e0645103671b9a1c91aed8399951e6cfd187e9	100644	e9e0645103671b9a1c91aed8399951e6cfd187e9	product_exact
engineering/design/skin-injection-2026-09-10/specimen-proposals.md	other	100644	1dc49c2564ffa7ca5ad7c95f48e371480212e035	100644	1dc49c2564ffa7ca5ad7c95f48e371480212e035	product_exact
engineering/design/skin-injection-2026-09-10/verification.md	other	100644	24a1e01279da7e3c110331e7749976b4c712bc61	100644	24a1e01279da7e3c110331e7749976b4c712bc61	product_exact
engineering/design/sources.md	other	100644	87a736d183dd0040b91ab84be186d32b6f77185f	100644	87a736d183dd0040b91ab84be186d32b6f77185f	product_exact
engineering/design/spark-surface-2026-09-10/be41-dto.md	other	100644	cc40debbad62a42c25d3b1e0ad692d7d9460f8b6	100644	cc40debbad62a42c25d3b1e0ad692d7d9460f8b6	product_exact
engineering/design/spark-surface-2026-09-10/delivery-sp1-fe.md	other	100644	f1403dfba89be73dc812f15e0f6b12d183fd1e1a	100644	f1403dfba89be73dc812f15e0f6b12d183fd1e1a	product_exact
engineering/design/spark-surface-2026-09-10/integration-ruling.md	other	100644	d28ca4a4c5bd8c3cbc2bf5400bb09ae6538d0ab3	100644	d28ca4a4c5bd8c3cbc2bf5400bb09ae6538d0ab3	product_exact
engineering/design/spark-surface-2026-09-10/wo-sp1-fe.md	other	100644	44271f8b5c870abd1b4bd9e934335df30c158fae	100644	44271f8b5c870abd1b4bd9e934335df30c158fae	product_exact
engineering/design/surface-hierarchy.md	other	100644	ea470847b7ebdf522efd41709e6513ac388d0ba0	100644	ea470847b7ebdf522efd41709e6513ac388d0ba0	product_exact
engineering/design/type-density-ablation/README.md	other	100644	1f18aa9742c914f094b8a85dafd0951471ac6e66	100644	1f18aa9742c914f094b8a85dafd0951471ac6e66	product_exact
engineering/design/type-density-ablation/index.html	other	100644	14b7b4572aa8c200b1206e714d4e01846f0d2bcb	100644	14b7b4572aa8c200b1206e714d4e01846f0d2bcb	product_exact
engineering/design/type-density-ablation/measurements.json	other	100644	3411528d8dd598af80dcf1ed0469ebb5ee6aa877	100644	3411528d8dd598af80dcf1ed0469ebb5ee6aa877	product_exact
engineering/design/type-density-ablation/settings-general.html	other	100644	a66ae59dfa573579f8aa285ebe163af1d93655c3	100644	a66ae59dfa573579f8aa285ebe163af1d93655c3	product_exact
engineering/design/type-density-ablation/v1/README.md	other	100644	dba69d3a0d6091c3bfaa311067e0f11fe964a7d3	100644	dba69d3a0d6091c3bfaa311067e0f11fe964a7d3	product_exact
engineering/design/type-density-ablation/v1/measurements-v1.json	other	100644	22f407bd211319959436959d546e3bc960470202	100644	22f407bd211319959436959d546e3bc960470202	product_exact
engineering/design/type-density-ablation/v1/screenshots/settings-general-1440-dark.png	other	100644	0810b05843128704f30be84569ae17619225aaec	100644	0810b05843128704f30be84569ae17619225aaec	product_exact
engineering/design/type-density-ablation/v1/screenshots/settings-general-1440-light.png	other	100644	a6acf27de0cf88928459ff9c53ec9d59d0d3c519	100644	a6acf27de0cf88928459ff9c53ec9d59d0d3c519	product_exact
engineering/design/type-density-ablation/v1/screenshots/settings-general-390-dark.png	other	100644	0eb1a501cdba6d218f49bb19becd647577039bda	100644	0eb1a501cdba6d218f49bb19becd647577039bda	product_exact
engineering/design/type-density-ablation/v1/screenshots/settings-general-390-light.png	other	100644	cc4de430dff0091abe544b7494f66464614a605b	100644	cc4de430dff0091abe544b7494f66464614a605b	product_exact
engineering/design/type-density-ablation/v1/screenshots/work-header-1440-dark.png	other	100644	ccd3bc415149c8975d5fc2bd9d37507428dc0764	100644	ccd3bc415149c8975d5fc2bd9d37507428dc0764	product_exact
engineering/design/type-density-ablation/v1/screenshots/work-header-1440-light.png	other	100644	148f02c15f17538015b1bb5e35a9e0a6f688fd7a	100644	148f02c15f17538015b1bb5e35a9e0a6f688fd7a	product_exact
engineering/design/type-density-ablation/v1/screenshots/work-header-390-dark.png	other	100644	91a728807f6229602b0fa364252b87a1cbb4a641	100644	91a728807f6229602b0fa364252b87a1cbb4a641	product_exact
engineering/design/type-density-ablation/v1/screenshots/work-header-390-light.png	other	100644	c8d839d4f3d8b40bc5050a9e56dd8edf621784b4	100644	c8d839d4f3d8b40bc5050a9e56dd8edf621784b4	product_exact
engineering/design/type-density-ablation/v1/settings-general-1440.html	other	100644	e369f8230ca725e62dabe975f106bcebe96af360	100644	e369f8230ca725e62dabe975f106bcebe96af360	product_exact
engineering/design/type-density-ablation/v1/settings-general-390.html	other	100644	24a5cf9acfa33a3637e2d2bc0d6f63566da2bf5a	100644	24a5cf9acfa33a3637e2d2bc0d6f63566da2bf5a	product_exact
engineering/design/type-density-ablation/v1/work-header-1440.html	other	100644	ca121a2b831d5a7835792bdcd79a5091ef031dcb	100644	ca121a2b831d5a7835792bdcd79a5091ef031dcb	product_exact
engineering/design/type-density-ablation/v1/work-header-390.html	other	100644	c9aea64c683e395f07c35d7352336cd0c5c44f64	100644	c9aea64c683e395f07c35d7352336cd0c5c44f64	product_exact
engineering/design/type-density-ablation/work-header.html	other	100644	c2f307fc2b770404178ee4e95b82f5d21625f212	100644	c2f307fc2b770404178ee4e95b82f5d21625f212	product_exact
engineering/design/type-density-constraints.md	other	100644	2e58938eef0d34aadd93fa1b1022066487d38811	100644	2e58938eef0d34aadd93fa1b1022066487d38811	product_exact
engineering/design/ui-composition-standard.md	other	100644	1b9335482e67a794f483784879063ff2d500cfbf	100644	1b9335482e67a794f483784879063ff2d500cfbf	product_exact
engineering/design/ux-conventions.md	other	100644	98408936252377bd157bcec2d3f68d66948e891e	100644	98408936252377bd157bcec2d3f68d66948e891e	product_exact
engineering/design/web-gpt-design-handoff-20260910.md	other	100644	164d45b483fbf33d9e027b2e7995a6131a10c765	100644	164d45b483fbf33d9e027b2e7995a6131a10c765	product_exact
engineering/design/work-surface-boundaries.md	other	100644	768b55def2923b33a23a2d721ec6d1582cebf6f6	100644	768b55def2923b33a23a2d721ec6d1582cebf6f6	product_exact
engineering/ecosystem/2026-09-05.md	other	100644	ee676d2e16692f55cb55bce69717f2078d3cf837	100644	ee676d2e16692f55cb55bce69717f2078d3cf837	product_exact
engineering/ecosystem/README.md	other	100644	da65faa92f95746311efc0ad9020b22336de5255	100644	da65faa92f95746311efc0ad9020b22336de5255	product_exact
engineering/ecosystem/legacy-recall-index.md	other	100644	37911ecd94e031e28e17897cb29da1cbb605d530	100644	37911ecd94e031e28e17897cb29da1cbb605d530	product_exact
engineering/ecosystem/local-sources.md	other	100644	20e9ec0b5113caf42dd36f3edaebe43f5277cc80	100644	20e9ec0b5113caf42dd36f3edaebe43f5277cc80	product_exact
engineering/execution/2026-09-08-luna-two-orders/README.md	other	100644	10fbf52a52c1799b229f69fe7ec7e7370279a086	100644	10fbf52a52c1799b229f69fe7ec7e7370279a086	product_exact
engineering/execution/2026-09-08-luna-two-orders/WO-CB01-clarity-pilot.md	other	100644	0b5ff4fcfb67e568b0d05dafec0d4dd0ddccdb8e	100644	0b5ff4fcfb67e568b0d05dafec0d4dd0ddccdb8e	product_exact
engineering/execution/2026-09-08-luna-two-orders/WO-HC01-core-capabilities.md	other	100644	b8ee087c464b06e381e5cc555dc2d572e65bffb4	100644	b8ee087c464b06e381e5cc555dc2d572e65bffb4	product_exact
engineering/execution/2026-09-08-main-round/README.md	other	100644	06db15b140ed17905d49d9dadd74c692e476c41f	100644	06db15b140ed17905d49d9dadd74c692e476c41f	product_exact
engineering/execution/2026-09-08-main-round/WO-BE5-resolver-service.md	other	100644	73a2ffe352e5c0bb6e894bede049ea1418073066	100644	73a2ffe352e5c0bb6e894bede049ea1418073066	product_exact
engineering/execution/2026-09-08-main-round/fresh-astra-core-handoff.md	other	100644	4be536709240bfdd66c07ea2fa542f665edf3a12	100644	4be536709240bfdd66c07ea2fa542f665edf3a12	product_exact
engineering/execution/2026-09-08-main-round/public-readiness.md	other	100644	9a46c62622638b68002036bc90647b444f22a604	100644	9a46c62622638b68002036bc90647b444f22a604	product_exact
engineering/execution/2026-09-08-two-lines/README.md	other	100644	405e4cc8a173a4ae89b2d1e8f156b37828d0a866	100644	405e4cc8a173a4ae89b2d1e8f156b37828d0a866	product_exact
engineering/execution/2026-09-08-two-lines/evidence/npm-ci.txt	other	100644	a250801536198e9bb79eee5fa55024af44d7c0bc	100644	a250801536198e9bb79eee5fa55024af44d7c0bc	product_exact
engineering/execution/2026-09-08-two-lines/evidence/npm-test.txt	other	100644	7304ec53d84adac3d4006cf5ac413a96b6544e6b	100644	7304ec53d84adac3d4006cf5ac413a96b6544e6b	product_exact
engineering/execution/2026-09-08-two-lines/evidence/server-8871.txt	other	100644	84ac8c58f73a0dc1d8b6793d7cead597531ff4b5	100644	84ac8c58f73a0dc1d8b6793d7cead597531ff4b5	product_exact
engineering/execution/2026-09-08-two-lines/explore/ex-a-upstream-surface.md	other	100644	9ab98dd9a087f0c8912447ab274a15ca74cde839	100644	9ab98dd9a087f0c8912447ab274a15ca74cde839	product_exact
engineering/execution/2026-09-08-two-lines/explore/ex-b-frontend-entries-diff.md	other	100644	e7e61d68848afb67adaddcddaf3923f18fa43456	100644	e7e61d68848afb67adaddcddaf3923f18fa43456	product_exact
engineering/execution/2026-09-08-two-lines/frontend-entries.md	other	100644	ffcbbe97480437bc872da0804f68e296987ec5d3	100644	ffcbbe97480437bc872da0804f68e296987ec5d3	product_exact
engineering/execution/2026-09-08-two-lines/harness-core.md	other	100644	576297199f9c55ed28ac1d69584beed24f5caa45	100644	576297199f9c55ed28ac1d69584beed24f5caa45	product_exact
engineering/execution/2026-09-08-two-lines/merge-recheck.md	other	100644	1bb17bdc4f7aa796a620350515f6c6e75d7b4a9c	100644	1bb17bdc4f7aa796a620350515f6c6e75d7b4a9c	product_exact
engineering/execution/2026-09-09-async-loop/README.md	other	100644	2442c4a80d6bd7dcdd92d75a9dcce24241ecba24	100644	2442c4a80d6bd7dcdd92d75a9dcce24241ecba24	product_exact
engineering/execution/2026-09-09-attention/README.md	other	100644	8fe2c49bc1269f439eade7aa187eb69a097aa59a	100644	8fe2c49bc1269f439eade7aa187eb69a097aa59a	product_exact
engineering/execution/2026-09-09-backend-bounded/README.md	other	100644	cf103c6b1075ae0c62b40994600647d0e5a639b2	100644	cf103c6b1075ae0c62b40994600647d0e5a639b2	product_exact
engineering/execution/2026-09-09-backend-dispatch/README.md	other	100644	c5da61de29bc75730fddbf3310da70a0c602e198	100644	c5da61de29bc75730fddbf3310da70a0c602e198	product_exact
engineering/execution/2026-09-09-backend-dispatch/WO-BE-PREVIEW.md	other	100644	dabde0e296c50a885a5aacd287d7c837e59440dc	100644	dabde0e296c50a885a5aacd287d7c837e59440dc	product_exact
engineering/execution/2026-09-09-execution-state/PR-BE-exact-file-candidates.md	other	100644	ed51c301304ba106cd36c176f600d31800f5dc36	100644	ed51c301304ba106cd36c176f600d31800f5dc36	product_exact
engineering/execution/2026-09-09-execution-state/PR-FE-file-candidate-review.md	other	100644	87ed6b2fbfc7f975814926418c56c6545bb648bd	100644	87ed6b2fbfc7f975814926418c56c6545bb648bd	product_exact
engineering/execution/2026-09-09-execution-state/README.md	other	100644	e14271a2c3f37c57a30cb78ed9458177be10712e	100644	e14271a2c3f37c57a30cb78ed9458177be10712e	product_exact
engineering/execution/2026-09-09-execution-state/backend-contract-draft.md	other	100644	339ca5ab942eea31e692e5f4c77c485d9cafab77	100644	339ca5ab942eea31e692e5f4c77c485d9cafab77	product_exact
engineering/execution/2026-09-09-harness-next/README.md	other	100644	34127350d3bf62f7653c2542d6f59b37dfb37fb2	100644	34127350d3bf62f7653c2542d6f59b37dfb37fb2	product_exact
engineering/execution/2026-09-09-harness-next/attention-fresh-astra.md	other	100644	d48409270a51ab1df5c1a934d33e6a1c594e94b7	100644	d48409270a51ab1df5c1a934d33e6a1c594e94b7	product_exact
engineering/execution/2026-09-10-backend-governance/README.md	other	100644	ee86431bb66cd75f22175ee7e1f242be5a6dea53	100644	ee86431bb66cd75f22175ee7e1f242be5a6dea53	product_exact
engineering/execution/2026-09-10-backend-governance/acceptance-20260910.md	other	100644	4bf8f3da1ea1fc7661ee17bda0340f8dcd8b1cf9	100644	4bf8f3da1ea1fc7661ee17bda0340f8dcd8b1cf9	product_exact
engineering/execution/2026-09-10-backend-governance/acceptance-bg02.md	other	100644	0cb32bc1cfa5208e440ce60ae11f4811aa4678e0	100644	0cb32bc1cfa5208e440ce60ae11f4811aa4678e0	product_exact
engineering/execution/2026-09-10-backend-governance/bg02-rulings.md	other	100644	0bed63098885fb887d83f22310302353b63293fa	100644	0bed63098885fb887d83f22310302353b63293fa	product_exact
engineering/execution/2026-09-10-backend-governance/delivery-bg02.md	other	100644	8560b734eb012a090ff7ff83aab7d860f6c9b568	100644	8560b734eb012a090ff7ff83aab7d860f6c9b568	product_exact
engineering/execution/2026-09-10-backend-governance/ex-bg1-sonnet-probe.md	other	100644	39fe61b17c4edf6ab2afd5a003c80621805f0879	100644	39fe61b17c4edf6ab2afd5a003c80621805f0879	product_exact
engineering/execution/2026-09-10-backend-governance/input.txt	other	100644	215523b5729321f588b40d7d283feac3a03fe537	100644	215523b5729321f588b40d7d283feac3a03fe537	product_exact
engineering/execution/2026-09-10-backend-governance/luna-explore.md	other	100644	708df7bc530473e975eaae53e66b4132675146da	100644	708df7bc530473e975eaae53e66b4132675146da	product_exact
engineering/execution/2026-09-10-backend-governance/source-manifest.json	other	100644	b7e29bcc23574b9952d75a52d8ed7463d04e2a51	100644	b7e29bcc23574b9952d75a52d8ed7463d04e2a51	product_exact
engineering/execution/2026-09-10-backend-governance/work-orders/WO-BG-02-run-lineage.md	other	100644	186f41547d5cbe5858cecdc960f77a39cbae0355	100644	186f41547d5cbe5858cecdc960f77a39cbae0355	product_exact
engineering/execution/README.md	other	100644	87cb965dd001e987d135ce49c2501ecb628e5e7d	100644	87cb965dd001e987d135ce49c2501ecb628e5e7d	product_exact
engineering/governance.md	other	100644	4c34d164155f6a1ac5dcea6389c7abd0f8a4784f	100644	4c34d164155f6a1ac5dcea6389c7abd0f8a4784f	product_exact
engineering/migration/2026-09-08/README.md	other	100644	fa03cf363827dced9898d785bc1adb05c1db78f0	100644	fa03cf363827dced9898d785bc1adb05c1db78f0	product_exact
engineering/migration/2026-09-08/claude-design-context.md	other	100644	c50dce3691bbde3065d53c6dc00b5e84a6239174	100644	c50dce3691bbde3065d53c6dc00b5e84a6239174	product_exact
engineering/migration/2026-09-08/evidence-index.md	other	100644	ddc565c885e43f1ec32c87598f1bbfe9ef3cfefb	100644	ddc565c885e43f1ec32c87598f1bbfe9ef3cfefb	product_exact
engineering/migration/2026-09-08/runtime-control-frontend-explore.md	other	100644	5cc311b6d02cc279fa4c9a240aa9d244a7c35dc6	100644	5cc311b6d02cc279fa4c9a240aa9d244a7c35dc6	product_exact
engineering/migration/2026-09-08/runtime-control-frontend-intake.md	other	100644	6897f44f1d361382c9aaaf6c1ecbae31cd8c3898	100644	6897f44f1d361382c9aaaf6c1ecbae31cd8c3898	product_exact
engineering/migration/2026-09-08/se-courtwork-migration-adjudication.md	other	100644	518b39b3132fb859083ce273200e6ee7cac0c843	100644	518b39b3132fb859083ce273200e6ee7cac0c843	product_exact
engineering/migration/2026-09-08/ui-design-polish-delivery.md	other	100644	11c57a1b8d0f73f510dccaa474816e1ae528fc60	100644	11c57a1b8d0f73f510dccaa474816e1ae528fc60	product_exact
engineering/migration/2026-09-08/work-surface-kit-source.json	other	100644	3286cb66e87c7032d82b31e1af1096349f668f44	100644	3286cb66e87c7032d82b31e1af1096349f668f44	product_exact
engineering/migration/README.md	other	100644	cf62e3e8f7d6937199c3d6e3febd85e56def328a	100644	cf62e3e8f7d6937199c3d6e3febd85e56def328a	product_exact
engineering/mvp/01-preparation.md	other	100644	d405876e50a3ebe4fe92426c33038148dbfa3f2d	100644	d405876e50a3ebe4fe92426c33038148dbfa3f2d	product_exact
engineering/mvp/02-validation.md	other	100644	203fc6f0dd9a118715876aeb08a1a9d0b741db24	100644	203fc6f0dd9a118715876aeb08a1a9d0b741db24	product_exact
engineering/mvp/03-construction.md	other	100644	aeaf0646b579697f508eed7a347e55ff833982e7	100644	aeaf0646b579697f508eed7a347e55ff833982e7	product_exact
engineering/mvp/04-acceptance.md	other	100644	d768a8dfd9bc1e388fa11b08eb990bfb04589fe0	100644	d768a8dfd9bc1e388fa11b08eb990bfb04589fe0	product_exact
engineering/mvp/README.md	other	100644	e92edeb0b3f17cca740f7d1a020697a483af576a	100644	e92edeb0b3f17cca740f7d1a020697a483af576a	product_exact
engineering/mvp/astra-handoff.md	other	100644	367caedfe3b28a2e93c14ce8ebb737925662d5a2	100644	367caedfe3b28a2e93c14ce8ebb737925662d5a2	product_exact
engineering/mvp/execution/README.md	other	100644	adc2b1a319da099642b1f5869ca58da16994a441	100644	adc2b1a319da099642b1f5869ca58da16994a441	product_exact
engineering/mvp/execution/gui-maturity-visual-diff/report.md	other	100644	79342df020d84af57b32a2e0b5b261e962669f73	100644	79342df020d84af57b32a2e0b5b261e962669f73	product_exact
engineering/mvp/execution/gui-maturity-visual-diff/screenshots/se-empty-1440x900.png	other	100644	2bd979b20f63e41a591edf5152967d40ebcd10b3	100644	2bd979b20f63e41a591edf5152967d40ebcd10b3	product_exact
engineering/mvp/execution/gui-maturity-visual-diff/screenshots/se-empty-390x844.png	other	100644	4d2b8245f44227ad5176a379b1f810376f37a73c	100644	4d2b8245f44227ad5176a379b1f810376f37a73c	product_exact
engineering/mvp/execution/gui-maturity-visual-diff/screenshots/se-empty-430x932.png	other	100644	6832e0055caf1a80e76252a63dca69cee7ed23d4	100644	6832e0055caf1a80e76252a63dca69cee7ed23d4	product_exact
engineering/mvp/execution/provider-surface/README.md	other	100644	30bbef7703b48c902a5f9e56d7d694d1445a4e52	100644	30bbef7703b48c902a5f9e56d7d694d1445a4e52	product_exact
engineering/mvp/execution/provider-surface/delivery-pv-be02.md	other	100644	a291d2afc4e437bc545058da7b009fb710406ec6	100644	a291d2afc4e437bc545058da7b009fb710406ec6	product_exact
engineering/mvp/execution/provider-surface/delivery-pv-fe01.md	other	100644	324280015cbc75831fed212c436ab1414d8dad7a	100644	324280015cbc75831fed212c436ab1414d8dad7a	product_exact
engineering/mvp/execution/provider-surface/explore/ex-pv1-current-state.md	other	100644	17ab76e2064cedcebc0d761ff0068b1809015e72	100644	17ab76e2064cedcebc0d761ff0068b1809015e72	product_exact
engineering/mvp/execution/provider-surface/explore/ex-pv2-reference-anatomy.md	other	100644	eb64684bd9ae459bd170a1f0d4527fcfe5561edd	100644	eb64684bd9ae459bd170a1f0d4527fcfe5561edd	product_exact
engineering/mvp/execution/provider-surface/explore/ex-pv3-precedent.md	other	100644	e030f86e68623d02c40f61eeb95d422f7db1d6cb	100644	e030f86e68623d02c40f61eeb95d422f7db1d6cb	product_exact
engineering/mvp/execution/provider-surface/explore/ex-pv4-runtime-registration.md	other	100644	39bf8cbe5bdbc742fbec1f7c07141e532aedb989	100644	39bf8cbe5bdbc742fbec1f7c07141e532aedb989	product_exact
engineering/mvp/execution/provider-surface/inputs/provider-research-2026-09-10.md	other	100644	5ae006ef31f413a4b182971bb456c040cdf785f0	100644	5ae006ef31f413a4b182971bb456c040cdf785f0	product_exact
engineering/mvp/execution/provider-surface/intake.md	other	100644	36ad112a64ba2dfa01068f78051362883056674b	100644	36ad112a64ba2dfa01068f78051362883056674b	product_exact
engineering/mvp/execution/provider-surface/work-orders/WO-PV-BE01-google-admission.md	other	100644	df407efb70638155eb7cbc72690b803a256c70e4	100644	df407efb70638155eb7cbc72690b803a256c70e4	product_exact
engineering/mvp/execution/provider-surface/work-orders/WO-PV-BE02-connection-slice.md	other	100644	9b12348c33168e7806f44393d7c0993dc39bbcde	100644	9b12348c33168e7806f44393d7c0993dc39bbcde	product_exact
engineering/mvp/execution/provider-surface/work-orders/WO-PV-FE01-connection-consumption.md	other	100644	a38e46ff466ea9cebd0e31bfe7b445a21b7523c0	100644	a38e46ff466ea9cebd0e31bfe7b445a21b7523c0	product_exact
engineering/mvp/execution/work-surface-kit/README.md	other	100644	9f6bf49a6fc67cb148c2ce34f2ccb25400f704dd	100644	9f6bf49a6fc67cb148c2ce34f2ccb25400f704dd	product_exact
engineering/mvp/execution/work-surface-kit/ablation-wk10a.md	other	100644	b53fcffc432fd0f8cf250487244fa786b0b99c1b	100644	b53fcffc432fd0f8cf250487244fa786b0b99c1b	product_exact
engineering/mvp/execution/work-surface-kit/backend-requests.md	other	100644	40057c4f92bfb1ee67f2022aa933dd57db3e67b1	100644	40057c4f92bfb1ee67f2022aa933dd57db3e67b1	product_exact
engineering/mvp/execution/work-surface-kit/brand-requests.md	other	100644	7a701101baae964c4ace0ec3c6167952f5491a03	100644	7a701101baae964c4ace0ec3c6167952f5491a03	product_exact
engineering/mvp/execution/work-surface-kit/consumption-ledger.md	other	100644	624e391a18e8d96c49ecedec8d74f25cba1bff5e	100644	624e391a18e8d96c49ecedec8d74f25cba1bff5e	product_exact
engineering/mvp/execution/work-surface-kit/contracts/color-governance.md	other	100644	0085cc0bf15d913539f9a80be232bc4e0aab837a	100644	0085cc0bf15d913539f9a80be232bc4e0aab837a	product_exact
engineering/mvp/execution/work-surface-kit/contracts/glyph-semantics.md	other	100644	7ff90298f04110a379566134289f7f1942159b25	100644	7ff90298f04110a379566134289f7f1942159b25	product_exact
engineering/mvp/execution/work-surface-kit/contracts/home-modules.md	other	100644	8dc0d71fc3e0df551a0a747d7ed60a92674c0550	100644	8dc0d71fc3e0df551a0a747d7ed60a92674c0550	product_exact
engineering/mvp/execution/work-surface-kit/contracts/presentation-primitives.d.ts	other	100644	5df0c45fe5e3672468334ad5490d72e04e7b7a38	100644	5df0c45fe5e3672468334ad5490d72e04e7b7a38	product_exact
engineering/mvp/execution/work-surface-kit/contracts/primitive-canon.md	other	100644	2de73ac95b9c89e93424150c3d46171b3b0002e6	100644	2de73ac95b9c89e93424150c3d46171b3b0002e6	product_exact
engineering/mvp/execution/work-surface-kit/contracts/review-projection.d.ts	other	100644	583a1c5dc1ce0d7f65322314d3c7eaf3c645cdf9	100644	583a1c5dc1ce0d7f65322314d3c7eaf3c645cdf9	product_exact
engineering/mvp/execution/work-surface-kit/contracts/review-projection.md	other	100644	d81d17304ac471eb36b2dcf84ce23615e4fc70b9	100644	d81d17304ac471eb36b2dcf84ce23615e4fc70b9	product_exact
engineering/mvp/execution/work-surface-kit/contracts/ui-state-vocabulary.md	other	100644	e82c2f4bda187682a5b57a98d26199d0fbb4a8e0	100644	e82c2f4bda187682a5b57a98d26199d0fbb4a8e0	product_exact
engineering/mvp/execution/work-surface-kit/delivery-astra-node2.md	other	100644	a4ab8ff358b06559bf9cd46b3aa8cbe4d2f8298d	100644	a4ab8ff358b06559bf9cd46b3aa8cbe4d2f8298d	product_exact
engineering/mvp/execution/work-surface-kit/delivery-att-fe01.md	other	100644	d9947db5d19492fd7d06f9765f35d21ed9bbfbd1	100644	d9947db5d19492fd7d06f9765f35d21ed9bbfbd1	product_exact
engineering/mvp/execution/work-surface-kit/delivery-cc-d0a.md	other	100644	1acc8b8e3b975ddf295739d32782c791c173ebee	100644	1acc8b8e3b975ddf295739d32782c791c173ebee	product_exact
engineering/mvp/execution/work-surface-kit/delivery-cc-s.md	other	100644	6b7f1c002f88e32dc440b1b9059ba9c5866df626	100644	6b7f1c002f88e32dc440b1b9059ba9c5866df626	product_exact
engineering/mvp/execution/work-surface-kit/delivery-cc-w.md	other	100644	4b00eba88fbd668d779809a416007644992556a5	100644	4b00eba88fbd668d779809a416007644992556a5	product_exact
engineering/mvp/execution/work-surface-kit/delivery-cci-01.md	other	100644	f5e82ca9ced271fa471e04e433a3c3ebd8815d9e	100644	f5e82ca9ced271fa471e04e433a3c3ebd8815d9e	product_exact
engineering/mvp/execution/work-surface-kit/delivery-fe01.md	other	100644	c7d64a6402c8e215f4306a1421a49f9c886db7cb	100644	c7d64a6402c8e215f4306a1421a49f9c886db7cb	product_exact
engineering/mvp/execution/work-surface-kit/delivery-fe02.md	other	100644	296c5d43683a53eec296c1869f378510686326a6	100644	296c5d43683a53eec296c1869f378510686326a6	product_exact
engineering/mvp/execution/work-surface-kit/delivery-fe03.md	other	100644	e2283a93fa0178b17ca13843f8b3baab68eb71ca	100644	e2283a93fa0178b17ca13843f8b3baab68eb71ca	product_exact
engineering/mvp/execution/work-surface-kit/delivery-fe04.md	other	100644	7885d7831af55a58ff1b3bc8e648d1483a508498	100644	7885d7831af55a58ff1b3bc8e648d1483a508498	product_exact
engineering/mvp/execution/work-surface-kit/delivery-fe05a.md	other	100644	8cd1eacfef94c3dd61b3b2ef9e5929594253db53	100644	8cd1eacfef94c3dd61b3b2ef9e5929594253db53	product_exact
engineering/mvp/execution/work-surface-kit/delivery-integration.md	other	100644	ee3560a7ac24694eab6f2f32e0c0fd277aebef44	100644	ee3560a7ac24694eab6f2f32e0c0fd277aebef44	product_exact
engineering/mvp/execution/work-surface-kit/delivery-pg-01.md	other	100644	d60d273025caeed5fad4a1cbb57e7264dfe85661	100644	d60d273025caeed5fad4a1cbb57e7264dfe85661	product_exact
engineering/mvp/execution/work-surface-kit/delivery-rc.md	other	100644	81498bf3c01d69888d0a94073ddc736013d3076c	100644	81498bf3c01d69888d0a94073ddc736013d3076c	product_exact
engineering/mvp/execution/work-surface-kit/delivery-wk10a-r2.md	other	100644	ee903d75535a8c5f25a2d54822b45a42f06086e3	100644	ee903d75535a8c5f25a2d54822b45a42f06086e3	product_exact
engineering/mvp/execution/work-surface-kit/delivery-wk10a.md	other	100644	d78b6174b8d2ef57f19147ff5601fad74b24a65a	100644	d78b6174b8d2ef57f19147ff5601fad74b24a65a	product_exact
engineering/mvp/execution/work-surface-kit/delivery-wk10b-1.md	other	100644	88397161c17ea951162b8eeae291fc55ac173b95	100644	88397161c17ea951162b8eeae291fc55ac173b95	product_exact
engineering/mvp/execution/work-surface-kit/delivery-wk10b-2.md	other	100644	385f62cbd8c1ce7e179bcd24686a028fe57760f0	100644	385f62cbd8c1ce7e179bcd24686a028fe57760f0	product_exact
engineering/mvp/execution/work-surface-kit/delivery-wk10c.md	other	100644	2afcb6d4160da932c4a0a5d86ba0d776025f7065	100644	2afcb6d4160da932c4a0a5d86ba0d776025f7065	product_exact
engineering/mvp/execution/work-surface-kit/delivery-wk11.md	other	100644	563296b43ed10104e794dbd9e5accbb908da59fb	100644	563296b43ed10104e794dbd9e5accbb908da59fb	product_exact
engineering/mvp/execution/work-surface-kit/delivery-wk12.md	other	100644	a550cb844607d6fe62ecf2da0e1dcbb1619060c5	100644	a550cb844607d6fe62ecf2da0e1dcbb1619060c5	product_exact
engineering/mvp/execution/work-surface-kit/delivery-wk13.md	other	100644	4db995dde074bef805e350d7b284cf64e2b82ca0	100644	4db995dde074bef805e350d7b284cf64e2b82ca0	product_exact
engineering/mvp/execution/work-surface-kit/delivery-wk6.md	other	100644	56d4984aa57ea712418d7db0f32f85224b900c7d	100644	56d4984aa57ea712418d7db0f32f85224b900c7d	product_exact
engineering/mvp/execution/work-surface-kit/delivery-wk7.md	other	100644	c07d587f716d17f6062b262f836a4bcd3974ad3a	100644	c07d587f716d17f6062b262f836a4bcd3974ad3a	product_exact
engineering/mvp/execution/work-surface-kit/delivery-wk8.md	other	100644	4615e3ad1ba6a4e766d932ff107709d9534eb859	100644	4615e3ad1ba6a4e766d932ff107709d9534eb859	product_exact
engineering/mvp/execution/work-surface-kit/design/wk9/alignment-1440.html	other	100644	596676d24c9a39065616d14f8245a65a975e4f82	100644	596676d24c9a39065616d14f8245a65a975e4f82	product_exact
engineering/mvp/execution/work-surface-kit/design/wk9/board.css	other	100644	7069cfb057c627d8629e11c048bd9cb9d0df853c	100644	7069cfb057c627d8629e11c048bd9cb9d0df853c	product_exact
engineering/mvp/execution/work-surface-kit/design/wk9/board.js	other	100644	4fcbcc41c0be696a0f8d8c30a413040fe5e898ab	100644	4fcbcc41c0be696a0f8d8c30a413040fe5e898ab	product_exact
engineering/mvp/execution/work-surface-kit/design/wk9/clean-evaluation.md	other	100644	9598976e39b7a4a2beb56315b7d8fb384645ce96	100644	9598976e39b7a4a2beb56315b7d8fb384645ce96	product_exact
engineering/mvp/execution/work-surface-kit/design/wk9/gaps-wk9.md	other	100644	1ff72f3e3c98ed4b5d777d5f816f7b35bace1f9d	100644	1ff72f3e3c98ed4b5d777d5f816f7b35bace1f9d	product_exact
engineering/mvp/execution/work-surface-kit/design/wk9/home-a-1440.html	other	100644	b877d2cac832df46c0f6c9f70971c7d23d7d5534	100644	b877d2cac832df46c0f6c9f70971c7d23d7d5534	product_exact
engineering/mvp/execution/work-surface-kit/design/wk9/home-a-390.html	other	100644	087df648cbf3cd0b6d710d589b8d1960104cd9c9	100644	087df648cbf3cd0b6d710d589b8d1960104cd9c9	product_exact
engineering/mvp/execution/work-surface-kit/design/wk9/home-b-1440.html	other	100644	5e6f122b80a26d3d7ef37393fce5eaeb35a0b346	100644	5e6f122b80a26d3d7ef37393fce5eaeb35a0b346	product_exact
engineering/mvp/execution/work-surface-kit/design/wk9/home-shell-1440.html	other	100644	8d2cbbe6af5d5d94dd1c1c434605af78e0a6dfad	100644	8d2cbbe6af5d5d94dd1c1c434605af78e0a6dfad	product_exact
engineering/mvp/execution/work-surface-kit/design/wk9/index.html	other	100644	1b18b31ed2481174c3f4688b37936297119cc19c	100644	1b18b31ed2481174c3f4688b37936297119cc19c	product_exact
engineering/mvp/execution/work-surface-kit/design/wk9/tokens.css	other	100644	e55c301ba06b089024372c1a5fd7f0b1ed132445	100644	e55c301ba06b089024372c1a5fd7f0b1ed132445	product_exact
engineering/mvp/execution/work-surface-kit/design/wk9/work-390.html	other	100644	0ff7fe3dd56ad73090a7641e26ef640fec442ce9	100644	0ff7fe3dd56ad73090a7641e26ef640fec442ce9	product_exact
engineering/mvp/execution/work-surface-kit/design/wk9/work-collapsed-1440.html	other	100644	676c508e458575c8e8db8879a176d3becb48d36b	100644	676c508e458575c8e8db8879a176d3becb48d36b	product_exact
engineering/mvp/execution/work-surface-kit/design/wk9/work-expanded-1440.html	other	100644	75d4c83d399f5d61beb9496f508602f09ee81d08	100644	75d4c83d399f5d61beb9496f508602f09ee81d08	product_exact
engineering/mvp/execution/work-surface-kit/dispatch-round-3.md	other	100644	cd3d980ce8cff3215d32a156a74d716b62709ed7	100644	cd3d980ce8cff3215d32a156a74d716b62709ed7	product_exact
engineering/mvp/execution/work-surface-kit/dispatch-round-4.md	other	100644	0a92dbe3fc569a78becb3b22303a3f80b0ce3cb4	100644	0a92dbe3fc569a78becb3b22303a3f80b0ce3cb4	product_exact
engineering/mvp/execution/work-surface-kit/evidence/fe01/README.md	other	100644	6a945ab38d1165601779cbf1aa722f41c70a33b5	100644	6a945ab38d1165601779cbf1aa722f41c70a33b5	product_exact
engineering/mvp/execution/work-surface-kit/evidence/fe01/browser.mjs	other	100644	9ebe23ff17cd30cbe35f29c78d88f0304bd64b0b	100644	9ebe23ff17cd30cbe35f29c78d88f0304bd64b0b	product_exact
engineering/mvp/execution/work-surface-kit/evidence/fe01/composition-checks.json	other	100644	8712d72da0398d1d71c361b5a48ad54743476fa6	100644	8712d72da0398d1d71c361b5a48ad54743476fa6	product_exact
engineering/mvp/execution/work-surface-kit/evidence/fe01/composition-checks.log	other	100644	54a830a7b0bbe3bc6f2f88f8718cb06889c09294	100644	54a830a7b0bbe3bc6f2f88f8718cb06889c09294	product_exact
engineering/mvp/execution/work-surface-kit/evidence/fe01/composition-checks.mjs	other	100644	ed9761c40d3b0b654ccdcb990001e5fdee934261	100644	ed9761c40d3b0b654ccdcb990001e5fdee934261	product_exact
engineering/mvp/execution/work-surface-kit/evidence/fe01/contrast.log	other	100644	cd28f0ff304ee507bb905ac8229a2d176cdb715e	100644	cd28f0ff304ee507bb905ac8229a2d176cdb715e	product_exact
engineering/mvp/execution/work-surface-kit/evidence/fe01/counterexamples.json	other	100644	71b54db13b160c4bb8262817ff2bcb8d426f658e	100644	71b54db13b160c4bb8262817ff2bcb8d426f658e	product_exact
engineering/mvp/execution/work-surface-kit/evidence/fe01/counterexamples.log	other	100644	a493d56f0b037a6022dcda81981442972ec81f89	100644	a493d56f0b037a6022dcda81981442972ec81f89	product_exact
engineering/mvp/execution/work-surface-kit/evidence/fe01/counterexamples.mjs	other	100644	5da5d38982ca5c63c47404473b88ef9c4c9b9d97	100644	5da5d38982ca5c63c47404473b88ef9c4c9b9d97	product_exact
engineering/mvp/execution/work-surface-kit/evidence/fe01/home-1440-light.png	other	100644	4bdbc989a686094221b09acdbf267f6596ccbe9b	100644	4bdbc989a686094221b09acdbf267f6596ccbe9b	product_exact
engineering/mvp/execution/work-surface-kit/evidence/fe01/home-390-light.png	other	100644	389bea7a0c06f94ee8ed2e85cb2176ef289f3723	100644	389bea7a0c06f94ee8ed2e85cb2176ef289f3723	product_exact
engineering/mvp/execution/work-surface-kit/evidence/fe01/home-desktop-shell-1440-light.png	other	100644	f2a46de49285dcd620cfe486046576585f216389	100644	f2a46de49285dcd620cfe486046576585f216389	product_exact
engineering/mvp/execution/work-surface-kit/evidence/fe01/install.log	other	100644	bedda7b46a9041e64ea74182891b9bb296292861	100644	bedda7b46a9041e64ea74182891b9bb296292861	product_exact
engineering/mvp/execution/work-surface-kit/evidence/fe01/lint-colors.log	other	100644	526be9bc786fa00f2a7e7bfe6a5ed50a34d37416	100644	526be9bc786fa00f2a7e7bfe6a5ed50a34d37416	product_exact
engineering/mvp/execution/work-surface-kit/evidence/fe01/lint-materials.log	other	100644	ace20a3dcd931474b05892e162cbc4847ca70f10	100644	ace20a3dcd931474b05892e162cbc4847ca70f10	product_exact
engineering/mvp/execution/work-surface-kit/evidence/fe01/rc/mcp-fixture.mjs	other	100644	6176b27950bbff42a372f7e05c22559e69e4d2c7	100644	6176b27950bbff42a372f7e05c22559e69e4d2c7	product_exact
engineering/mvp/execution/work-surface-kit/evidence/fe01/rc/reset-fixture.mjs	other	100644	d4a62bedbb6b97a54d5bd440f6582f2eb989a461	100644	d4a62bedbb6b97a54d5bd440f6582f2eb989a461	product_exact
engineering/mvp/execution/work-surface-kit/evidence/fe01/rc/runtime-ui-checks.json	other	100644	cc0e0f62917bb34d094657ca3a1e20e3e79fa5bc	100644	cc0e0f62917bb34d094657ca3a1e20e3e79fa5bc	product_exact
engineering/mvp/execution/work-surface-kit/evidence/fe01/rc/runtime-ui-checks.mjs	other	100644	701c5e3da4a8e4925b8dfa12153b0bab819446c3	100644	701c5e3da4a8e4925b8dfa12153b0bab819446c3	product_exact
engineering/mvp/execution/work-surface-kit/evidence/fe01/rc/runtime-ui-counterexamples.json	other	100644	8cb90754f223816bd32d0198ddc4912d47887c9e	100644	8cb90754f223816bd32d0198ddc4912d47887c9e	product_exact
engineering/mvp/execution/work-surface-kit/evidence/fe01/rc/runtime-ui-counterexamples.mjs	other	100644	466c230e2ca3344c5685bae04c7a13414ead6239	100644	466c230e2ca3344c5685bae04c7a13414ead6239	product_exact
engineering/mvp/execution/work-surface-kit/evidence/fe01/rc/runtime-ui-viewport.json	other	100644	2257fc787176948f4a93426196b2716b6d361c7e	100644	2257fc787176948f4a93426196b2716b6d361c7e	product_exact
engineering/mvp/execution/work-surface-kit/evidence/fe01/rc/runtime-ui-viewport.mjs	other	100644	d139ba2fadfa863995e46ed1f741ecbfd7d1f1df	100644	d139ba2fadfa863995e46ed1f741ecbfd7d1f1df	product_exact
engineering/mvp/execution/work-surface-kit/evidence/fe01/rc/seed-fixture.mjs	other	100644	4526c7c88e830c038a38b9c160b34061998f2fa0	100644	4526c7c88e830c038a38b9c160b34061998f2fa0	product_exact
engineering/mvp/execution/work-surface-kit/evidence/fe01/rc/seed.json	other	100644	7715a0f52cdf875fb4d309a8a31fa3dbf1a07f2d	100644	7715a0f52cdf875fb4d309a8a31fa3dbf1a07f2d	product_exact
engineering/mvp/execution/work-surface-kit/evidence/fe01/rc/server.log	other	100644	84462abca4461041c9a7f5d5d22ccec4ae0e6a3d	100644	84462abca4461041c9a7f5d5d22ccec4ae0e6a3d	product_exact
engineering/mvp/execution/work-surface-kit/evidence/fe01/rc/verify.log	other	100644	41f2a855db80d60b90554c633492da4fb95f00f0	100644	41f2a855db80d60b90554c633492da4fb95f00f0	product_exact
engineering/mvp/execution/work-surface-kit/evidence/fe01/rc/verify.mjs	other	100644	ea39d15351057736ab9ea68c413355a62f38c77e	100644	ea39d15351057736ab9ea68c413355a62f38c77e	product_exact
engineering/mvp/execution/work-surface-kit/evidence/fe01/seed.log	other	100644	6999336f160ec345d8a2d125a350b85b1856d3fb	100644	6999336f160ec345d8a2d125a350b85b1856d3fb	product_exact
engineering/mvp/execution/work-surface-kit/evidence/fe01/seed.mjs	other	100644	8bd2b7419c86ffa0971ed7e3dda256b8ad3bd11e	100644	8bd2b7419c86ffa0971ed7e3dda256b8ad3bd11e	product_exact
engineering/mvp/execution/work-surface-kit/evidence/fe01/server.log	other	100644	84462abca4461041c9a7f5d5d22ccec4ae0e6a3d	100644	84462abca4461041c9a7f5d5d22ccec4ae0e6a3d	product_exact
engineering/mvp/execution/work-surface-kit/evidence/fe01/shots.mjs	other	100644	e217d8617c5b7ba9e78217bc082f50d881e33c14	100644	e217d8617c5b7ba9e78217bc082f50d881e33c14	product_exact
engineering/mvp/execution/work-surface-kit/evidence/fe01/shots/settings-appearance.png	other	100644	0a19af44bd08f63a80449b3a2a273b87c7635571	100644	0a19af44bd08f63a80449b3a2a273b87c7635571	product_exact
engineering/mvp/execution/work-surface-kit/evidence/fe01/shots/settings-developer.png	other	100644	e714db2bda2380fbd10c175c98f4a8449e434e95	100644	e714db2bda2380fbd10c175c98f4a8449e434e95	product_exact
engineering/mvp/execution/work-surface-kit/evidence/fe01/shots/settings-general.png	other	100644	25dbb8a4cfa2c35aad54c2e81306364c9178a52a	100644	25dbb8a4cfa2c35aad54c2e81306364c9178a52a	product_exact
engineering/mvp/execution/work-surface-kit/evidence/fe01/shots/settings-keyboard.png	other	100644	904b78a066f675c5d008682981e0b7d3c70c594d	100644	904b78a066f675c5d008682981e0b7d3c70c594d	product_exact
engineering/mvp/execution/work-surface-kit/evidence/fe01/shots/settings-memory.png	other	100644	ef5c563bd745db78eb6137ddea523b93d09d2035	100644	ef5c563bd745db78eb6137ddea523b93d09d2035	product_exact
engineering/mvp/execution/work-surface-kit/evidence/fe01/shots/settings-models.png	other	100644	5eed7ad58d5ce9faa24867010cdb89c04aef724f	100644	5eed7ad58d5ce9faa24867010cdb89c04aef724f	product_exact
engineering/mvp/execution/work-surface-kit/evidence/fe01/shots/settings-permissions.png	other	100644	dc5091237c29ecaef34e6aa5b9a17e08000350ab	100644	dc5091237c29ecaef34e6aa5b9a17e08000350ab	product_exact
engineering/mvp/execution/work-surface-kit/evidence/fe01/shots/settings-skills.png	other	100644	4ad8f8b5223a3694dc58145c818a1f4beca559ca	100644	4ad8f8b5223a3694dc58145c818a1f4beca559ca	product_exact
engineering/mvp/execution/work-surface-kit/evidence/fe01/shots/settings-tools.png	other	100644	12fc946740eac93363af1d7c741e6fad305092b6	100644	12fc946740eac93363af1d7c741e6fad305092b6	product_exact
engineering/mvp/execution/work-surface-kit/evidence/fe01/smoke.log	other	100644	94693eb2daccc61842c4c1351d2287f484615702	100644	94693eb2daccc61842c4c1351d2287f484615702	product_exact
engineering/mvp/execution/work-surface-kit/evidence/fe01/tests.log	other	100644	8d28bd39b2ee1bec7d46df035c8142f397631128	100644	8d28bd39b2ee1bec7d46df035c8142f397631128	product_exact
engineering/mvp/execution/work-surface-kit/evidence/fe01/work-1440-light.png	other	100644	15e35f60571b4864e9428c3ac269b9ed258d927d	100644	15e35f60571b4864e9428c3ac269b9ed258d927d	product_exact
engineering/mvp/execution/work-surface-kit/evidence/fe01/work-surface-1440-light.png	other	100644	7b98ed169fabdcb834aaa4200fc85a2cbdb197c0	100644	7b98ed169fabdcb834aaa4200fc85a2cbdb197c0	product_exact
engineering/mvp/execution/work-surface-kit/evidence/fe02/README.md	other	100644	e68078c042a4e4688183fd5c5e41487272dee431	100644	e68078c042a4e4688183fd5c5e41487272dee431	product_exact
engineering/mvp/execution/work-surface-kit/evidence/fe02/browser.mjs	other	100644	25b588ed9954c07fd56ca97c994fb3c59a10bca8	100644	25b588ed9954c07fd56ca97c994fb3c59a10bca8	product_exact
engineering/mvp/execution/work-surface-kit/evidence/fe02/composition-checks.json	other	100644	329737dcdc9677b9235781e89fc90114c37901a4	100644	329737dcdc9677b9235781e89fc90114c37901a4	product_exact
engineering/mvp/execution/work-surface-kit/evidence/fe02/composition-checks.log	other	100644	f7759b4c6a97836779aee49a8e494c893aacb834	100644	f7759b4c6a97836779aee49a8e494c893aacb834	product_exact
engineering/mvp/execution/work-surface-kit/evidence/fe02/composition-checks.mjs	other	100644	ed9761c40d3b0b654ccdcb990001e5fdee934261	100644	ed9761c40d3b0b654ccdcb990001e5fdee934261	product_exact
engineering/mvp/execution/work-surface-kit/evidence/fe02/contrast.log	other	100644	cd28f0ff304ee507bb905ac8229a2d176cdb715e	100644	cd28f0ff304ee507bb905ac8229a2d176cdb715e	product_exact
engineering/mvp/execution/work-surface-kit/evidence/fe02/counterexamples.json	other	100644	707644bed707482c8eb865bbbd37d1d4c49915cb	100644	707644bed707482c8eb865bbbd37d1d4c49915cb	product_exact
engineering/mvp/execution/work-surface-kit/evidence/fe02/counterexamples.log	other	100644	121c2a4e01a6f921ad22d55b1dd7ff56f9bd108c	100644	121c2a4e01a6f921ad22d55b1dd7ff56f9bd108c	product_exact
engineering/mvp/execution/work-surface-kit/evidence/fe02/counterexamples.mjs	other	100644	ee482caaf608e5bd8701e9ed343aefb7f822fc01	100644	ee482caaf608e5bd8701e9ed343aefb7f822fc01	product_exact
engineering/mvp/execution/work-surface-kit/evidence/fe02/home-1440-light.png	other	100644	a734340c2c849f1e97fe3013afc9d2c11bbdb6fe	100644	a734340c2c849f1e97fe3013afc9d2c11bbdb6fe	product_exact
engineering/mvp/execution/work-surface-kit/evidence/fe02/home-390-light.png	other	100644	0383f35a263f5a0c0ed54a30c591b7958a341074	100644	0383f35a263f5a0c0ed54a30c591b7958a341074	product_exact
engineering/mvp/execution/work-surface-kit/evidence/fe02/home-desktop-shell-1440-light.png	other	100644	dd66eee8eb2e6556a26340a5a9a1798748a1710d	100644	dd66eee8eb2e6556a26340a5a9a1798748a1710d	product_exact
engineering/mvp/execution/work-surface-kit/evidence/fe02/install.log	other	100644	bedda7b46a9041e64ea74182891b9bb296292861	100644	bedda7b46a9041e64ea74182891b9bb296292861	product_exact
engineering/mvp/execution/work-surface-kit/evidence/fe02/lint-colors.log	other	100644	526be9bc786fa00f2a7e7bfe6a5ed50a34d37416	100644	526be9bc786fa00f2a7e7bfe6a5ed50a34d37416	product_exact
engineering/mvp/execution/work-surface-kit/evidence/fe02/lint-materials.log	other	100644	ace20a3dcd931474b05892e162cbc4847ca70f10	100644	ace20a3dcd931474b05892e162cbc4847ca70f10	product_exact
engineering/mvp/execution/work-surface-kit/evidence/fe02/models-checks.json	other	100644	531b23408bd35e8806c4a70dfc61d941d8347a66	100644	531b23408bd35e8806c4a70dfc61d941d8347a66	product_exact
engineering/mvp/execution/work-surface-kit/evidence/fe02/models-checks.log	other	100644	344638820de9182918748c9807e7c33b4811f9fc	100644	344638820de9182918748c9807e7c33b4811f9fc	product_exact
engineering/mvp/execution/work-surface-kit/evidence/fe02/models-checks.mjs	other	100644	dd60c53f4c3873d42a55b8e195d8b8ee2f97b2aa	100644	dd60c53f4c3873d42a55b8e195d8b8ee2f97b2aa	product_exact
engineering/mvp/execution/work-surface-kit/evidence/fe02/rc/mcp-fixture.mjs	other	100644	6176b27950bbff42a372f7e05c22559e69e4d2c7	100644	6176b27950bbff42a372f7e05c22559e69e4d2c7	product_exact
engineering/mvp/execution/work-surface-kit/evidence/fe02/rc/reset-fixture.mjs	other	100644	d4a62bedbb6b97a54d5bd440f6582f2eb989a461	100644	d4a62bedbb6b97a54d5bd440f6582f2eb989a461	product_exact
engineering/mvp/execution/work-surface-kit/evidence/fe02/rc/runtime-ui-checks.json	other	100644	8c05ef1219f35cb9325833122b1fb8d1679c256f	100644	8c05ef1219f35cb9325833122b1fb8d1679c256f	product_exact
engineering/mvp/execution/work-surface-kit/evidence/fe02/rc/runtime-ui-checks.mjs	other	100644	701c5e3da4a8e4925b8dfa12153b0bab819446c3	100644	701c5e3da4a8e4925b8dfa12153b0bab819446c3	product_exact
engineering/mvp/execution/work-surface-kit/evidence/fe02/rc/runtime-ui-counterexamples.json	other	100644	0bdf418a660f0c0b22aad8b4e67998db175331c5	100644	0bdf418a660f0c0b22aad8b4e67998db175331c5	product_exact
engineering/mvp/execution/work-surface-kit/evidence/fe02/rc/runtime-ui-counterexamples.mjs	other	100644	466c230e2ca3344c5685bae04c7a13414ead6239	100644	466c230e2ca3344c5685bae04c7a13414ead6239	product_exact
engineering/mvp/execution/work-surface-kit/evidence/fe02/rc/runtime-ui-viewport.json	other	100644	d48a0a49b6b518373c9af1b43b78c32d84fcd624	100644	d48a0a49b6b518373c9af1b43b78c32d84fcd624	product_exact
engineering/mvp/execution/work-surface-kit/evidence/fe02/rc/runtime-ui-viewport.mjs	other	100644	b5b31fe042158db9a667e242f846ed2ec6ee99bd	100644	b5b31fe042158db9a667e242f846ed2ec6ee99bd	product_exact
engineering/mvp/execution/work-surface-kit/evidence/fe02/rc/seed-fixture.mjs	other	100644	4526c7c88e830c038a38b9c160b34061998f2fa0	100644	4526c7c88e830c038a38b9c160b34061998f2fa0	product_exact
engineering/mvp/execution/work-surface-kit/evidence/fe02/rc/seed.log	other	100644	ce03897d432b6b145ffdd8e5494d01f6f499855f	100644	ce03897d432b6b145ffdd8e5494d01f6f499855f	product_exact
engineering/mvp/execution/work-surface-kit/evidence/fe02/rc/server.log	other	100644	29ee50dee001fc7f155e2243a2a5e9f51ccf0ab6	100644	29ee50dee001fc7f155e2243a2a5e9f51ccf0ab6	product_exact
engineering/mvp/execution/work-surface-kit/evidence/fe02/rc/verify.log	other	100644	41f2a855db80d60b90554c633492da4fb95f00f0	100644	41f2a855db80d60b90554c633492da4fb95f00f0	product_exact
engineering/mvp/execution/work-surface-kit/evidence/fe02/rc/verify.mjs	other	100644	ea39d15351057736ab9ea68c413355a62f38c77e	100644	ea39d15351057736ab9ea68c413355a62f38c77e	product_exact
engineering/mvp/execution/work-surface-kit/evidence/fe02/seed-t03.log	other	100644	abf0b7ad6164d04e793f5d935038d41dff0d9936	100644	abf0b7ad6164d04e793f5d935038d41dff0d9936	product_exact
engineering/mvp/execution/work-surface-kit/evidence/fe02/seed.log	other	100644	6999336f160ec345d8a2d125a350b85b1856d3fb	100644	6999336f160ec345d8a2d125a350b85b1856d3fb	product_exact
engineering/mvp/execution/work-surface-kit/evidence/fe02/seed.mjs	other	100644	fa9f3da01d92ec8e19a3171065dcd85ad7d93a0f	100644	fa9f3da01d92ec8e19a3171065dcd85ad7d93a0f	product_exact
engineering/mvp/execution/work-surface-kit/evidence/fe02/server-t03.log	other	100644	01b2d46fb9453760d534fb1587b0e959ab79afc5	100644	01b2d46fb9453760d534fb1587b0e959ab79afc5	product_exact
engineering/mvp/execution/work-surface-kit/evidence/fe02/server.log	other	100644	6ab97b9e61f7b34b88d226d36ba46d2f51acd040	100644	6ab97b9e61f7b34b88d226d36ba46d2f51acd040	product_exact
engineering/mvp/execution/work-surface-kit/evidence/fe02/settings-models-1440-light.png	other	100644	d10eb993c6b1a2a0b67acc08d691088fe3267013	100644	d10eb993c6b1a2a0b67acc08d691088fe3267013	product_exact
engineering/mvp/execution/work-surface-kit/evidence/fe02/settings-models-390-light.png	other	100644	57e599e2506b7654f964d7169e856273e031922a	100644	57e599e2506b7654f964d7169e856273e031922a	product_exact
engineering/mvp/execution/work-surface-kit/evidence/fe02/settings-models-add-1440-light.png	other	100644	4c187be678679ce66d8da173198a1021cfbf3bb5	100644	4c187be678679ce66d8da173198a1021cfbf3bb5	product_exact
engineering/mvp/execution/work-surface-kit/evidence/fe02/settings-tools-1440-light.png	other	100644	05362594d768f4f95448a1d1b40b73dd4d83f41e	100644	05362594d768f4f95448a1d1b40b73dd4d83f41e	product_exact
engineering/mvp/execution/work-surface-kit/evidence/fe02/smoke.log	other	100644	94693eb2daccc61842c4c1351d2287f484615702	100644	94693eb2daccc61842c4c1351d2287f484615702	product_exact
engineering/mvp/execution/work-surface-kit/evidence/fe02/tests.log	other	100644	c8dc186ee89e2065aebb0400b838406258ea30bd	100644	c8dc186ee89e2065aebb0400b838406258ea30bd	product_exact
engineering/mvp/execution/work-surface-kit/evidence/fe02/work-1440-light.png	other	100644	68c34206afeda6dfb4c5287fe0a7c88c165cdabc	100644	68c34206afeda6dfb4c5287fe0a7c88c165cdabc	product_exact
engineering/mvp/execution/work-surface-kit/evidence/fe02/work-surface-1440-light.png	other	100644	bf8215ea34b9e17dc47f70e3d487e920547811cb	100644	bf8215ea34b9e17dc47f70e3d487e920547811cb	product_exact
engineering/mvp/execution/work-surface-kit/evidence/wk10b-1/README.md	other	100644	877b9276d2e24feba855541dfd7962395eede41e	100644	877b9276d2e24feba855541dfd7962395eede41e	product_exact
engineering/mvp/execution/work-surface-kit/evidence/wk10b-1/checks.json	other	100644	59a6b51ccbf4d50995dfadc845afdbdbd83c44b7	100644	59a6b51ccbf4d50995dfadc845afdbdbd83c44b7	product_exact
engineering/mvp/execution/work-surface-kit/evidence/wk10b-1/checks.mjs	other	100644	d5de6300ba5cd43e190a0142ee969214705ab37f	100644	d5de6300ba5cd43e190a0142ee969214705ab37f	product_exact
engineering/mvp/execution/work-surface-kit/evidence/wk10b-1/contrast.md	other	100644	cd28f0ff304ee507bb905ac8229a2d176cdb715e	100644	cd28f0ff304ee507bb905ac8229a2d176cdb715e	product_exact
engineering/mvp/execution/work-surface-kit/evidence/wk10b-1/flow-1440-dark-after.png	other	100644	fe5ea51de8d920b19a178fbc61b218dec3e48d3a	100644	fe5ea51de8d920b19a178fbc61b218dec3e48d3a	product_exact
engineering/mvp/execution/work-surface-kit/evidence/wk10b-1/flow-1440-dark-before.png	other	100644	58641fd76182447e1f098a3cf1a2c9758dec449d	100644	58641fd76182447e1f098a3cf1a2c9758dec449d	product_exact
engineering/mvp/execution/work-surface-kit/evidence/wk10b-1/flow-1440-light-after.png	other	100644	dc85de1b230d04742d55ad22b532c82e36faffe7	100644	dc85de1b230d04742d55ad22b532c82e36faffe7	product_exact
engineering/mvp/execution/work-surface-kit/evidence/wk10b-1/flow-1440-light-before.png	other	100644	cba86c3b89cfb8d6597b1e6d3d555e92fd8b04cd	100644	cba86c3b89cfb8d6597b1e6d3d555e92fd8b04cd	product_exact
engineering/mvp/execution/work-surface-kit/evidence/wk10b-1/flow-1440-reduced-motion-after.png	other	100644	c974f5a3758ea90fed5a282730ca6af580223ded	100644	c974f5a3758ea90fed5a282730ca6af580223ded	product_exact
engineering/mvp/execution/work-surface-kit/evidence/wk10b-1/flow-1440-reduced-motion-before.png	other	100644	9619f8dbd1f69e6ae82db6e0591bdff5ad4f5ee2	100644	9619f8dbd1f69e6ae82db6e0591bdff5ad4f5ee2	product_exact
engineering/mvp/execution/work-surface-kit/evidence/wk10b-1/flow-200pct-light-after.png	other	100644	a4e863a055ae1767c63227f24bed492f82f10a0c	100644	a4e863a055ae1767c63227f24bed492f82f10a0c	product_exact
engineering/mvp/execution/work-surface-kit/evidence/wk10b-1/flow-200pct-light-before.png	other	100644	95a32e45cb6013cfa6b7983f9a067854eb845d74	100644	95a32e45cb6013cfa6b7983f9a067854eb845d74	product_exact
engineering/mvp/execution/work-surface-kit/evidence/wk10b-1/flow-390-dark-after.png	other	100644	e187f0da0938e64d52e63c837d54d6cbfb209ba6	100644	e187f0da0938e64d52e63c837d54d6cbfb209ba6	product_exact
engineering/mvp/execution/work-surface-kit/evidence/wk10b-1/flow-390-dark-before.png	other	100644	1ab45e4aeb88076b4d6261124148ac237c8e7db3	100644	1ab45e4aeb88076b4d6261124148ac237c8e7db3	product_exact
engineering/mvp/execution/work-surface-kit/evidence/wk10b-1/flow-390-light-after.png	other	100644	3b2ea3c43eb84812dc4865a04cebd76259ac3a68	100644	3b2ea3c43eb84812dc4865a04cebd76259ac3a68	product_exact
engineering/mvp/execution/work-surface-kit/evidence/wk10b-1/flow-390-light-before.png	other	100644	71cc2dfce1632718db17a294a925d36eaecf1e73	100644	71cc2dfce1632718db17a294a925d36eaecf1e73	product_exact
engineering/mvp/execution/work-surface-kit/evidence/wk10b-1/flow-head-1440-dark-after.png	other	100644	0a5e5c863575b283a419d6a84cdddd0059b1edff	100644	0a5e5c863575b283a419d6a84cdddd0059b1edff	product_exact
engineering/mvp/execution/work-surface-kit/evidence/wk10b-1/flow-head-1440-dark-before.png	other	100644	d581ad5d799a04bf6239cd004669a3dcf90d09d2	100644	d581ad5d799a04bf6239cd004669a3dcf90d09d2	product_exact
engineering/mvp/execution/work-surface-kit/evidence/wk10b-1/flow-head-1440-light-after.png	other	100644	4d196067e2e94135a78b5102a84619cad3881881	100644	4d196067e2e94135a78b5102a84619cad3881881	product_exact
engineering/mvp/execution/work-surface-kit/evidence/wk10b-1/flow-head-1440-light-before.png	other	100644	138fb04e756061f6ce00cea09dccc5743858a963	100644	138fb04e756061f6ce00cea09dccc5743858a963	product_exact
engineering/mvp/execution/work-surface-kit/evidence/wk10b-1/flow-head-390-dark-after.png	other	100644	c894032979173f2b069ef7dde546eb34c685ff25	100644	c894032979173f2b069ef7dde546eb34c685ff25	product_exact
engineering/mvp/execution/work-surface-kit/evidence/wk10b-1/flow-head-390-dark-before.png	other	100644	19b1009e98ade4163dc48a69ea536f64460b5a41	100644	19b1009e98ade4163dc48a69ea536f64460b5a41	product_exact
engineering/mvp/execution/work-surface-kit/evidence/wk10b-1/flow-head-390-light-after.png	other	100644	db78d785ccdf808f07eed107ce348ccf0da33c77	100644	db78d785ccdf808f07eed107ce348ccf0da33c77	product_exact
engineering/mvp/execution/work-surface-kit/evidence/wk10b-1/flow-head-390-light-before.png	other	100644	1efe05eaa07465146baecd2419053ebbd6563c24	100644	1efe05eaa07465146baecd2419053ebbd6563c24	product_exact
engineering/mvp/execution/work-surface-kit/evidence/wk10b-1/harness.mjs	other	100644	fe1451f8b9754a2b6002346d5a8cfe05629f2385	100644	fe1451f8b9754a2b6002346d5a8cfe05629f2385	product_exact
engineering/mvp/execution/work-surface-kit/evidence/wk10b-1/question-live-1440-light-after.png	other	100644	aab60d91efe8acbfc1f705eb2e1c2e985224f0db	100644	aab60d91efe8acbfc1f705eb2e1c2e985224f0db	product_exact
engineering/mvp/execution/work-surface-kit/evidence/wk10b-1/question-live-1440-light-before.png	other	100644	c63629f7bdc1af80ba6ca7c74968f5145edbdaee	100644	c63629f7bdc1af80ba6ca7c74968f5145edbdaee	product_exact
engineering/mvp/execution/work-surface-kit/evidence/wk10b-1/question-live.mjs	other	100644	67653304ce812650fbfdee1cd91fb6a33ca4f216	100644	67653304ce812650fbfdee1cd91fb6a33ca4f216	product_exact
engineering/mvp/execution/work-surface-kit/evidence/wk10b-1/seed.json	other	100644	d46e2a79c6a4ef30a522411b39630231d838db6a	100644	d46e2a79c6a4ef30a522411b39630231d838db6a	product_exact
engineering/mvp/execution/work-surface-kit/evidence/wk10b-1/seed.mjs	other	100644	5cc2149e7884ad9896b4ea9b55f2e4356f334e9b	100644	5cc2149e7884ad9896b4ea9b55f2e4356f334e9b	product_exact
engineering/mvp/execution/work-surface-kit/evidence/wk10b-1/shoot.mjs	other	100644	1909b8f6372af58b0c3e06596256dbeb83c4b62b	100644	1909b8f6372af58b0c3e06596256dbeb83c4b62b	product_exact
engineering/mvp/execution/work-surface-kit/evidence/wk10b-1/slot-mounted-1440-light-after.png	other	100644	6fa13df2ba1f9195ba51d4efda37b086f0007378	100644	6fa13df2ba1f9195ba51d4efda37b086f0007378	product_exact
engineering/mvp/execution/work-surface-kit/evidence/wk10b-1/slot-mounted-1440-light-before.png	other	100644	6fa13df2ba1f9195ba51d4efda37b086f0007378	100644	6fa13df2ba1f9195ba51d4efda37b086f0007378	product_exact
engineering/mvp/execution/work-surface-kit/evidence/wk10b-1/slot-producer-unloaded-1440-light-after.png	other	100644	ab05610ff650612b846ca3c6a272c4e190cbbc20	100644	ab05610ff650612b846ca3c6a272c4e190cbbc20	product_exact
engineering/mvp/execution/work-surface-kit/evidence/wk10b-1/slot-producer-unloaded-1440-light-before.png	other	100644	718becd6474caea4692a55a49ae977929418d1ff	100644	718becd6474caea4692a55a49ae977929418d1ff	product_exact
engineering/mvp/execution/work-surface-kit/evidence/wk10b-1/slot-renderer-absent-1440-dark-after.png	other	100644	dffff75ca1d43e1d09ff94c2c6da6e8ce1160d02	100644	dffff75ca1d43e1d09ff94c2c6da6e8ce1160d02	product_exact
engineering/mvp/execution/work-surface-kit/evidence/wk10b-1/slot-renderer-absent-1440-dark-before.png	other	100644	cbb1fb13a58a0a5cbbc32fd5273b8a03ff18174d	100644	cbb1fb13a58a0a5cbbc32fd5273b8a03ff18174d	product_exact
engineering/mvp/execution/work-surface-kit/evidence/wk10b-1/slot-renderer-absent-1440-light-after.png	other	100644	9ee1dbcc8fe223c8018c975b6974bd4bbe38d22f	100644	9ee1dbcc8fe223c8018c975b6974bd4bbe38d22f	product_exact
engineering/mvp/execution/work-surface-kit/evidence/wk10b-1/slot-renderer-absent-1440-light-before.png	other	100644	14b463822dfe50d0315e4bad1250dcff0efd1cd5	100644	14b463822dfe50d0315e4bad1250dcff0efd1cd5	product_exact
engineering/mvp/execution/work-surface-kit/evidence/wk10b-1/slot-renderer-absent-390-dark-after.png	other	100644	0cb3d5bb2e6a87875d5728fb70a93d7678362f56	100644	0cb3d5bb2e6a87875d5728fb70a93d7678362f56	product_exact
engineering/mvp/execution/work-surface-kit/evidence/wk10b-1/slot-renderer-absent-390-dark-before.png	other	100644	2509b090255bff42a0e1a162cba7d56e942f4d35	100644	2509b090255bff42a0e1a162cba7d56e942f4d35	product_exact
engineering/mvp/execution/work-surface-kit/evidence/wk10b-1/slot-renderer-absent-390-light-after.png	other	100644	e8f5f029bbdb06d9d3f4b0a1a336b10a343cca21	100644	e8f5f029bbdb06d9d3f4b0a1a336b10a343cca21	product_exact
engineering/mvp/execution/work-surface-kit/evidence/wk10b-1/slot-renderer-absent-390-light-before.png	other	100644	18c0b5be862ce6a09cb65d10b8b15bed596b7b5c	100644	18c0b5be862ce6a09cb65d10b8b15bed596b7b5c	product_exact
engineering/mvp/execution/work-surface-kit/evidence/wk10b-1/viewport-after.json	other	100644	04a8d66b008108874d644df66d4b22d49b558dbc	100644	04a8d66b008108874d644df66d4b22d49b558dbc	product_exact
engineering/mvp/execution/work-surface-kit/evidence/wk10b-1/viewport-before.json	other	100644	c5329935d21de0d5a420f98cb5bd1880e20c0321	100644	c5329935d21de0d5a420f98cb5bd1880e20c0321	product_exact
engineering/mvp/execution/work-surface-kit/evidence/wk10b-2/README.md	other	100644	67759c42d4153b59e0b57281c8700fab2d7a5874	100644	67759c42d4153b59e0b57281c8700fab2d7a5874	product_exact
engineering/mvp/execution/work-surface-kit/evidence/wk10b-2/binding-1440-dark-after.png	other	100644	cf1ad0fb9b287c88388ebc9054d1a500c732009f	100644	cf1ad0fb9b287c88388ebc9054d1a500c732009f	product_exact
engineering/mvp/execution/work-surface-kit/evidence/wk10b-2/binding-1440-light-after.png	other	100644	ce69520f94fe3adee9634a3e992ab66c4b0b0aee	100644	ce69520f94fe3adee9634a3e992ab66c4b0b0aee	product_exact
engineering/mvp/execution/work-surface-kit/evidence/wk10b-2/binding-390-dark-after.png	other	100644	a4e0599db702b3264587771be94aabcfdcad1c4f	100644	a4e0599db702b3264587771be94aabcfdcad1c4f	product_exact
engineering/mvp/execution/work-surface-kit/evidence/wk10b-2/binding-390-light-after.png	other	100644	044a1a1171a0359ff0b9a28920e4b3cdc6dd64d0	100644	044a1a1171a0359ff0b9a28920e4b3cdc6dd64d0	product_exact
engineering/mvp/execution/work-surface-kit/evidence/wk10b-2/binding-continue-1440-dark-after.png	other	100644	c560b9dc6e0936fd7386c73693b37b5c123d158a	100644	c560b9dc6e0936fd7386c73693b37b5c123d158a	product_exact
engineering/mvp/execution/work-surface-kit/evidence/wk10b-2/binding-continue-1440-light-after.png	other	100644	07230d638de721cad2e478bd93df3ad8d2cdaea6	100644	07230d638de721cad2e478bd93df3ad8d2cdaea6	product_exact
engineering/mvp/execution/work-surface-kit/evidence/wk10b-2/binding-continue-390-dark-after.png	other	100644	96916d46187affa85b4af3ff67d028c2ce88e0b4	100644	96916d46187affa85b4af3ff67d028c2ce88e0b4	product_exact
engineering/mvp/execution/work-surface-kit/evidence/wk10b-2/binding-continue-390-light-after.png	other	100644	92f44defc6c10a93517fa7a18fda4a1f8c95d9df	100644	92f44defc6c10a93517fa7a18fda4a1f8c95d9df	product_exact
engineering/mvp/execution/work-surface-kit/evidence/wk10b-2/binding-empty-1440-dark-after.png	other	100644	9d1a848adb20b08cf0744ecdb32604957f547f78	100644	9d1a848adb20b08cf0744ecdb32604957f547f78	product_exact
engineering/mvp/execution/work-surface-kit/evidence/wk10b-2/binding-empty-1440-light-after.png	other	100644	3f446888f51ca9cc1f8619e0c7e8b83cb7e226f2	100644	3f446888f51ca9cc1f8619e0c7e8b83cb7e226f2	product_exact
engineering/mvp/execution/work-surface-kit/evidence/wk10b-2/binding-empty-390-dark-after.png	other	100644	b5d17f02dda9267b8767911198fbaa1f20056194	100644	b5d17f02dda9267b8767911198fbaa1f20056194	product_exact
engineering/mvp/execution/work-surface-kit/evidence/wk10b-2/binding-empty-390-light-after.png	other	100644	7ede3445cb19db55a9636fbfaf849d1eacfff59e	100644	7ede3445cb19db55a9636fbfaf849d1eacfff59e	product_exact
engineering/mvp/execution/work-surface-kit/evidence/wk10b-2/checks.json	other	100644	a20b6c5712e591fcab14f9ab95f969eb73687a97	100644	a20b6c5712e591fcab14f9ab95f969eb73687a97	product_exact
engineering/mvp/execution/work-surface-kit/evidence/wk10b-2/checks.log	other	100644	15901dba4b2d639bcfeda5af8b3d2faedf2609d9	100644	15901dba4b2d639bcfeda5af8b3d2faedf2609d9	product_exact
engineering/mvp/execution/work-surface-kit/evidence/wk10b-2/checks.mjs	other	100644	bc3ce10b3361e71faea5cdd51d17d599b3403d57	100644	bc3ce10b3361e71faea5cdd51d17d599b3403d57	product_exact
engineering/mvp/execution/work-surface-kit/evidence/wk10b-2/contrast.md	other	100644	cd28f0ff304ee507bb905ac8229a2d176cdb715e	100644	cd28f0ff304ee507bb905ac8229a2d176cdb715e	product_exact
engineering/mvp/execution/work-surface-kit/evidence/wk10b-2/fallbacks.json	other	100644	c31568a6f66d0c9181e09eaba79b350aae4e1491	100644	c31568a6f66d0c9181e09eaba79b350aae4e1491	product_exact
engineering/mvp/execution/work-surface-kit/evidence/wk10b-2/fallbacks.log	other	100644	14fae33b5c70310ac66cf0445b62058622979420	100644	14fae33b5c70310ac66cf0445b62058622979420	product_exact
engineering/mvp/execution/work-surface-kit/evidence/wk10b-2/fallbacks.mjs	other	100644	6fa405c41a746253dfec84d42da99cd1e994fdfe	100644	6fa405c41a746253dfec84d42da99cd1e994fdfe	product_exact
engineering/mvp/execution/work-surface-kit/evidence/wk10b-2/harness.mjs	other	100644	c02a840796d7a2590a5906146cb1fb704946df8c	100644	c02a840796d7a2590a5906146cb1fb704946df8c	product_exact
engineering/mvp/execution/work-surface-kit/evidence/wk10b-2/install.log	other	100644	eecbcfc6725e112584fe0a1c28de815f887dc1fc	100644	eecbcfc6725e112584fe0a1c28de815f887dc1fc	product_exact
engineering/mvp/execution/work-surface-kit/evidence/wk10b-2/lint.log	other	100644	c3382d339e70082d7e22e8462704a707019b0008	100644	c3382d339e70082d7e22e8462704a707019b0008	product_exact
engineering/mvp/execution/work-surface-kit/evidence/wk10b-2/readonly-1440-dark-after.png	other	100644	6b513ed7f1fde522d388f3efb6d261e58a3cc716	100644	6b513ed7f1fde522d388f3efb6d261e58a3cc716	product_exact
engineering/mvp/execution/work-surface-kit/evidence/wk10b-2/readonly-1440-dark-before.png	other	100644	5389d589dfbf41c8aa9e92ed1b7f33d61f571e0b	100644	5389d589dfbf41c8aa9e92ed1b7f33d61f571e0b	product_exact
engineering/mvp/execution/work-surface-kit/evidence/wk10b-2/readonly-1440-light-after.png	other	100644	799701b6a82c6ee08147b7d03524c0952860f73e	100644	799701b6a82c6ee08147b7d03524c0952860f73e	product_exact
engineering/mvp/execution/work-surface-kit/evidence/wk10b-2/readonly-1440-light-before.png	other	100644	9d237b3a6d2b9c4be6b43054e3ee3ac45352a5f9	100644	9d237b3a6d2b9c4be6b43054e3ee3ac45352a5f9	product_exact
engineering/mvp/execution/work-surface-kit/evidence/wk10b-2/readonly-390-dark-after.png	other	100644	d1c753b94bf87de832b96e8ef08c97d0c9b4bcf0	100644	d1c753b94bf87de832b96e8ef08c97d0c9b4bcf0	product_exact
engineering/mvp/execution/work-surface-kit/evidence/wk10b-2/readonly-390-dark-before.png	other	100644	84b5ba986a94d3cb253d99d78e94cd37edf7f198	100644	84b5ba986a94d3cb253d99d78e94cd37edf7f198	product_exact
engineering/mvp/execution/work-surface-kit/evidence/wk10b-2/readonly-390-light-after.png	other	100644	310a0919825499c7d64c3bede345c144d551a22b	100644	310a0919825499c7d64c3bede345c144d551a22b	product_exact
engineering/mvp/execution/work-surface-kit/evidence/wk10b-2/readonly-390-light-before.png	other	100644	80f83b61732dc3fc538bb2c5de4306dd3a7cb7d4	100644	80f83b61732dc3fc538bb2c5de4306dd3a7cb7d4	product_exact
engineering/mvp/execution/work-surface-kit/evidence/wk10b-2/receipt-1440-dark-after.png	other	100644	1720f9d8d870f32d854e5e04a5e7cebe54aec53e	100644	1720f9d8d870f32d854e5e04a5e7cebe54aec53e	product_exact
engineering/mvp/execution/work-surface-kit/evidence/wk10b-2/receipt-1440-light-after.png	other	100644	607f250db53a6327440f87ff5a5f504abbbfb9a7	100644	607f250db53a6327440f87ff5a5f504abbbfb9a7	product_exact
engineering/mvp/execution/work-surface-kit/evidence/wk10b-2/receipt-390-dark-after.png	other	100644	76863e7df76434ac58b5591127ead3230e1332a0	100644	76863e7df76434ac58b5591127ead3230e1332a0	product_exact
engineering/mvp/execution/work-surface-kit/evidence/wk10b-2/receipt-390-light-after.png	other	100644	f696684980bedd6632ef99558168dd0658b05bce	100644	f696684980bedd6632ef99558168dd0658b05bce	product_exact
engineering/mvp/execution/work-surface-kit/evidence/wk10b-2/review-1440-dark-after.png	other	100644	ed2ae7420858015947b2b6c1e9853638db19d423	100644	ed2ae7420858015947b2b6c1e9853638db19d423	product_exact
engineering/mvp/execution/work-surface-kit/evidence/wk10b-2/review-1440-light-after.png	other	100644	e84fa9b30451685bcf3a48211481d2f32858bebf	100644	e84fa9b30451685bcf3a48211481d2f32858bebf	product_exact
engineering/mvp/execution/work-surface-kit/evidence/wk10b-2/review-1440-reduced-motion-after.png	other	100644	e84fa9b30451685bcf3a48211481d2f32858bebf	100644	e84fa9b30451685bcf3a48211481d2f32858bebf	product_exact
engineering/mvp/execution/work-surface-kit/evidence/wk10b-2/review-1440-reduced-motion-before.png	other	100644	aadbc2ced955f56d58b7d8ad89eb3b7982ea1d19	100644	aadbc2ced955f56d58b7d8ad89eb3b7982ea1d19	product_exact
engineering/mvp/execution/work-surface-kit/evidence/wk10b-2/review-200pct-light-after.png	other	100644	46db224907a5b909772c1017f8246105d9fca53a	100644	46db224907a5b909772c1017f8246105d9fca53a	product_exact
engineering/mvp/execution/work-surface-kit/evidence/wk10b-2/review-200pct-light-before.png	other	100644	d9b586226da82aea3b513d2f7a9e46c7e48fecd5	100644	d9b586226da82aea3b513d2f7a9e46c7e48fecd5	product_exact
engineering/mvp/execution/work-surface-kit/evidence/wk10b-2/review-390-dark-after.png	other	100644	1c2416bd2fc06b277dbf43032be5b844332e0c2c	100644	1c2416bd2fc06b277dbf43032be5b844332e0c2c	product_exact
engineering/mvp/execution/work-surface-kit/evidence/wk10b-2/review-390-light-after.png	other	100644	c24e8aa02272b844e071b9c2b29cd62db033805b	100644	c24e8aa02272b844e071b9c2b29cd62db033805b	product_exact
engineering/mvp/execution/work-surface-kit/evidence/wk10b-2/review-rule-1440-dark-after.png	other	100644	e34fe7b63e4810ddd82d7aeb927aa034d4151498	100644	e34fe7b63e4810ddd82d7aeb927aa034d4151498	product_exact
engineering/mvp/execution/work-surface-kit/evidence/wk10b-2/review-rule-1440-light-after.png	other	100644	f6f6f1c82e206c25f349f01454e87f96de170876	100644	f6f6f1c82e206c25f349f01454e87f96de170876	product_exact
engineering/mvp/execution/work-surface-kit/evidence/wk10b-2/review-rule-390-dark-after.png	other	100644	e5f97508a78558842f9734640183fca7287c969e	100644	e5f97508a78558842f9734640183fca7287c969e	product_exact
engineering/mvp/execution/work-surface-kit/evidence/wk10b-2/review-rule-390-light-after.png	other	100644	63defb404a7f1c413e5c62bd2d203c9e3d10ed5d	100644	63defb404a7f1c413e5c62bd2d203c9e3d10ed5d	product_exact
engineering/mvp/execution/work-surface-kit/evidence/wk10b-2/revision-1440-dark-after.png	other	100644	eb684c12ac4eff5a0d9e664f350b49d664527584	100644	eb684c12ac4eff5a0d9e664f350b49d664527584	product_exact
engineering/mvp/execution/work-surface-kit/evidence/wk10b-2/revision-1440-light-after.png	other	100644	bc1c7be924ef0f4452c6885718a00058eb7a9f3c	100644	bc1c7be924ef0f4452c6885718a00058eb7a9f3c	product_exact
engineering/mvp/execution/work-surface-kit/evidence/wk10b-2/revision-390-dark-after.png	other	100644	ae6c1c3c3b36d2697da269dc66987aa2926f436c	100644	ae6c1c3c3b36d2697da269dc66987aa2926f436c	product_exact
engineering/mvp/execution/work-surface-kit/evidence/wk10b-2/revision-390-light-after.png	other	100644	25e8947b354f6783ec109b8de4c141030766f1bf	100644	25e8947b354f6783ec109b8de4c141030766f1bf	product_exact
engineering/mvp/execution/work-surface-kit/evidence/wk10b-2/seed.json	other	100644	fcb2083ecae43fed3754230a04764b9c77045c82	100644	fcb2083ecae43fed3754230a04764b9c77045c82	product_exact
engineering/mvp/execution/work-surface-kit/evidence/wk10b-2/seed.log	other	100644	a588be0258a03d98a1a6030a2754b2408704ac1b	100644	a588be0258a03d98a1a6030a2754b2408704ac1b	product_exact
engineering/mvp/execution/work-surface-kit/evidence/wk10b-2/seed.mjs	other	100644	bfaaa0c0855ee8c50d3b354f47570221e81f358d	100644	bfaaa0c0855ee8c50d3b354f47570221e81f358d	product_exact
engineering/mvp/execution/work-surface-kit/evidence/wk10b-2/shoot-before.log	other	100644	14121102c3dcfb1dd88c64e127436c4fead85087	100644	14121102c3dcfb1dd88c64e127436c4fead85087	product_exact
engineering/mvp/execution/work-surface-kit/evidence/wk10b-2/shoot.log	other	100644	9ff639a36db6baafbc127bc802285a751f3a2831	100644	9ff639a36db6baafbc127bc802285a751f3a2831	product_exact
engineering/mvp/execution/work-surface-kit/evidence/wk10b-2/shoot.mjs	other	100644	933593e1da2ae5bcf15e29bdc2350e8accb0babf	100644	933593e1da2ae5bcf15e29bdc2350e8accb0babf	product_exact
engineering/mvp/execution/work-surface-kit/evidence/wk10b-2/tests-baseline.log	other	100644	65a7362332c7f158a9aad58eb9e3dc6be61312e4	100644	65a7362332c7f158a9aad58eb9e3dc6be61312e4	product_exact
engineering/mvp/execution/work-surface-kit/evidence/wk10b-2/tests.log	other	100644	7eb8a4a3ae210dc6c325f26e07522aab7043aefb	100644	7eb8a4a3ae210dc6c325f26e07522aab7043aefb	product_exact
engineering/mvp/execution/work-surface-kit/evidence/wk10b-2/viewport-after.json	other	100644	556d8d513b8ae90413c969a222b3fd700ea8ba92	100644	556d8d513b8ae90413c969a222b3fd700ea8ba92	product_exact
engineering/mvp/execution/work-surface-kit/evidence/wk10b-2/viewport-before.json	other	100644	983443b0a424fe2e493e2aaafcd794bddda39754	100644	983443b0a424fe2e493e2aaafcd794bddda39754	product_exact
engineering/mvp/execution/work-surface-kit/evidence/wk11/rc/mcp-fixture.mjs	other	100644	6176b27950bbff42a372f7e05c22559e69e4d2c7	100644	6176b27950bbff42a372f7e05c22559e69e4d2c7	product_exact
engineering/mvp/execution/work-surface-kit/evidence/wk11/rc/reset-fixture.mjs	other	100644	7ac0d33dff6599c1f836e6846101b21ec55aaca7	100644	7ac0d33dff6599c1f836e6846101b21ec55aaca7	product_exact
engineering/mvp/execution/work-surface-kit/evidence/wk11/rc/runtime-ui-checks.json	other	100644	e764faec18189a656e0f5b070bf8efd88692a931	100644	e764faec18189a656e0f5b070bf8efd88692a931	product_exact
engineering/mvp/execution/work-surface-kit/evidence/wk11/rc/runtime-ui-checks.mjs	other	100644	fd7f62bbf105d295f936f310324032111ea903dd	100644	fd7f62bbf105d295f936f310324032111ea903dd	product_exact
engineering/mvp/execution/work-surface-kit/evidence/wk11/rc/runtime-ui-counterexamples.json	other	100644	901fb0202d8b0e3587e9ca10b3c91bfbe45c51e8	100644	901fb0202d8b0e3587e9ca10b3c91bfbe45c51e8	product_exact
engineering/mvp/execution/work-surface-kit/evidence/wk11/rc/runtime-ui-counterexamples.mjs	other	100644	e69a5b9082a11f7f0e91ddeacaa1e9ad12f7042c	100644	e69a5b9082a11f7f0e91ddeacaa1e9ad12f7042c	product_exact
engineering/mvp/execution/work-surface-kit/evidence/wk11/rc/runtime-ui-viewport.json	other	100644	97330b966fed9a2fcc8852206d20e4924678fcd6	100644	97330b966fed9a2fcc8852206d20e4924678fcd6	product_exact
engineering/mvp/execution/work-surface-kit/evidence/wk11/rc/runtime-ui-viewport.mjs	other	100644	5a0aba53e3b895148c2e9bf27f276c729f38b088	100644	5a0aba53e3b895148c2e9bf27f276c729f38b088	product_exact
engineering/mvp/execution/work-surface-kit/evidence/wk11/rc/seed-fixture.mjs	other	100644	4526c7c88e830c038a38b9c160b34061998f2fa0	100644	4526c7c88e830c038a38b9c160b34061998f2fa0	product_exact
engineering/mvp/execution/work-surface-kit/evidence/wk11/rc/verify.mjs	other	100644	ea39d15351057736ab9ea68c413355a62f38c77e	100644	ea39d15351057736ab9ea68c413355a62f38c77e	product_exact
engineering/mvp/execution/work-surface-kit/evidence/wk11/shots.mjs	other	100644	579425979e22d7b16fe58d0adb6125fac7267cf9	100644	579425979e22d7b16fe58d0adb6125fac7267cf9	product_exact
engineering/mvp/execution/work-surface-kit/evidence/wk11/shots/ablate-admission-tags.png	other	100644	85690bfa79501249646411489185838cd34ee399	100644	85690bfa79501249646411489185838cd34ee399	product_exact
engineering/mvp/execution/work-surface-kit/evidence/wk11/shots/ablate-attention.png	other	100644	e5e43249de7883822ae0d8db020a7fc894d2f48f	100644	e5e43249de7883822ae0d8db020a7fc894d2f48f	product_exact
engineering/mvp/execution/work-surface-kit/evidence/wk11/shots/ablate-bindings.png	other	100644	7920cdb4c7a6e5d1e812615edd98e877e0b88082	100644	7920cdb4c7a6e5d1e812615edd98e877e0b88082	product_exact
engineering/mvp/execution/work-surface-kit/evidence/wk11/shots/ablate-context-inspector.png	other	100644	a26793f7f35f8030b6bb5bfacad19cc7663ccde6	100644	a26793f7f35f8030b6bb5bfacad19cc7663ccde6	product_exact
engineering/mvp/execution/work-surface-kit/evidence/wk11/shots/ablate-dimensions.png	other	100644	ceedd8f22cff9dc8c9b18d1b15af4799537235f6	100644	ceedd8f22cff9dc8c9b18d1b15af4799537235f6	product_exact
engineering/mvp/execution/work-surface-kit/evidence/wk11/shots/ablate-inventory-tab.png	other	100644	7d679ec586957323b6a9fef84d1681cd0938fb70	100644	7d679ec586957323b6a9fef84d1681cd0938fb70	product_exact
engineering/mvp/execution/work-surface-kit/evidence/wk11/shots/ablate-kind-chips.png	other	100644	4fb98f009dcb917cb3647087e98838b886c0caf2	100644	4fb98f009dcb917cb3647087e98838b886c0caf2	product_exact
engineering/mvp/execution/work-surface-kit/evidence/wk11/shots/ablate-layers.png	other	100644	455c0c330249d1c683d8af9fd4260da13f9bb573	100644	455c0c330249d1c683d8af9fd4260da13f9bb573	product_exact
engineering/mvp/execution/work-surface-kit/evidence/wk11/shots/ablate-other-layers.png	other	100644	30a0d0cefdc86b7dd5f2199b2c4351522acf6fc1	100644	30a0d0cefdc86b7dd5f2199b2c4351522acf6fc1	product_exact
engineering/mvp/execution/work-surface-kit/evidence/wk11/shots/ablate-planned.png	other	100644	a26793f7f35f8030b6bb5bfacad19cc7663ccde6	100644	a26793f7f35f8030b6bb5bfacad19cc7663ccde6	product_exact
engineering/mvp/execution/work-surface-kit/evidence/wk11/shots/ablate-provenance.png	other	100644	c61b14e0cc0cb7d167a6fcb8f0a3d2a2a5a049b5	100644	c61b14e0cc0cb7d167a6fcb8f0a3d2a2a5a049b5	product_exact
engineering/mvp/execution/work-surface-kit/evidence/wk11/shots/capabilities-inventory.png	other	100644	7fd1fd2a8614cea5f2cd04ccdc486c30098095e0	100644	7fd1fd2a8614cea5f2cd04ccdc486c30098095e0	product_exact
engineering/mvp/execution/work-surface-kit/evidence/wk11/shots/group-capabilities-and-connections.png	other	100644	1f6341e4ed66f9cf10dab0d03434d9dd271ff2a5	100644	1f6341e4ed66f9cf10dab0d03434d9dd271ff2a5	product_exact
engineering/mvp/execution/work-surface-kit/evidence/wk11/shots/group-composition.png	other	100644	6800e46f8182099d04aeca82bcd627022adc027b	100644	6800e46f8182099d04aeca82bcd627022adc027b	product_exact
engineering/mvp/execution/work-surface-kit/evidence/wk11/shots/group-instructions-and-context.png	other	100644	a26793f7f35f8030b6bb5bfacad19cc7663ccde6	100644	a26793f7f35f8030b6bb5bfacad19cc7663ccde6	product_exact
engineering/mvp/execution/work-surface-kit/evidence/wk11/shots/group-overview-390.png	other	100644	9d867c8509bc2214261ed1d3c1a683fba4dba58e	100644	9d867c8509bc2214261ed1d3c1a683fba4dba58e	product_exact
engineering/mvp/execution/work-surface-kit/evidence/wk11/shots/group-overview-dark.png	other	100644	4d8f27a22f4336c1b9d08741003a518953585d9d	100644	4d8f27a22f4336c1b9d08741003a518953585d9d	product_exact
engineering/mvp/execution/work-surface-kit/evidence/wk11/shots/group-overview.png	other	100644	721835291ab1b97e8a50d3b1a03dd42c5b94c1b3	100644	721835291ab1b97e8a50d3b1a03dd42c5b94c1b3	product_exact
engineering/mvp/execution/work-surface-kit/evidence/wk11/shots/group-permissions-390.png	other	100644	3f695161b1870c25e3f64d491ae64d046d2e0848	100644	3f695161b1870c25e3f64d491ae64d046d2e0848	product_exact
engineering/mvp/execution/work-surface-kit/evidence/wk11/shots/group-permissions-and-environment.png	other	100644	cc6388695fed2cec24ad5f7658f6fb164de6b256	100644	cc6388695fed2cec24ad5f7658f6fb164de6b256	product_exact
engineering/mvp/execution/work-surface-kit/evidence/wk11/shots/layers-open.png	other	100644	606135152e754ecd3b48d0ba60df0cb21aef8dbd	100644	606135152e754ecd3b48d0ba60df0cb21aef8dbd	product_exact
engineering/mvp/execution/work-surface-kit/evidence/wk12/appearance-1440-dark.png	other	100644	1adb265fe129c80eec6c9e944eaa30cd3cb9b8d4	100644	1adb265fe129c80eec6c9e944eaa30cd3cb9b8d4	product_exact
engineering/mvp/execution/work-surface-kit/evidence/wk12/appearance-200pct-light.png	other	100644	d7d670979262a2fc230e9ed5f942342cea41cf22	100644	d7d670979262a2fc230e9ed5f942342cea41cf22	product_exact
engineering/mvp/execution/work-surface-kit/evidence/wk12/appearance-390-dark.png	other	100644	f16832aeb0812d7108369e86536ddfe853ea59b8	100644	f16832aeb0812d7108369e86536ddfe853ea59b8	product_exact
engineering/mvp/execution/work-surface-kit/evidence/wk12/appearance-390-light.png	other	100644	0b9506f4b2f07ef4cefd5feec900e7ab378344aa	100644	0b9506f4b2f07ef4cefd5feec900e7ab378344aa	product_exact
engineering/mvp/execution/work-surface-kit/evidence/wk12/appearance-reduced-motion-1440-light.png	other	100644	eabffef12069484cd0d8366466e35d3e51b1a3e3	100644	eabffef12069484cd0d8366466e35d3e51b1a3e3	product_exact
engineering/mvp/execution/work-surface-kit/evidence/wk12/appearance-text-large-1440-light.png	other	100644	1b94073dc1d48012dfe4493f448abe79a91363c7	100644	1b94073dc1d48012dfe4493f448abe79a91363c7	product_exact
engineering/mvp/execution/work-surface-kit/evidence/wk12/appearance-text-medium-1440-light.png	other	100644	2a1164e427414c57dddc999857ebf32f81246ff4	100644	2a1164e427414c57dddc999857ebf32f81246ff4	product_exact
engineering/mvp/execution/work-surface-kit/evidence/wk12/appearance-text-small-1440-light.png	other	100644	64ab5eaafa728d80b9f299d9aae9ad3f8028282f	100644	64ab5eaafa728d80b9f299d9aae9ad3f8028282f	product_exact
engineering/mvp/execution/work-surface-kit/evidence/wk12/checks-appearance.json	other	100644	b865ef0c725dbde3e4e75d7e6a7b1f48cae44e29	100644	b865ef0c725dbde3e4e75d7e6a7b1f48cae44e29	product_exact
engineering/mvp/execution/work-surface-kit/evidence/wk12/checks-appearance.mjs	other	100644	39509184263cd548fdbf57e078d3a412bab558b4	100644	39509184263cd548fdbf57e078d3a412bab558b4	product_exact
engineering/mvp/execution/work-surface-kit/evidence/wk12/checks-fe-t09.json	other	100644	f8457042ebdfc7d691a8f927a5313440080f7d4c	100644	f8457042ebdfc7d691a8f927a5313440080f7d4c	product_exact
engineering/mvp/execution/work-surface-kit/evidence/wk12/checks-fe-t09.mjs	other	100644	417d480513759143cb7f84f10d601222ab10290e	100644	417d480513759143cb7f84f10d601222ab10290e	product_exact
engineering/mvp/execution/work-surface-kit/evidence/wk12/checks-fe-t10.json	other	100644	905fa18d758b59378fa1f16369017b5b9d41a130	100644	905fa18d758b59378fa1f16369017b5b9d41a130	product_exact
engineering/mvp/execution/work-surface-kit/evidence/wk12/checks-fe-t10.mjs	other	100644	17cf51d7866f7f74f3da1cd751ccd00fe648f430	100644	17cf51d7866f7f74f3da1cd751ccd00fe648f430	product_exact
engineering/mvp/execution/work-surface-kit/evidence/wk12/checks-groups.json	other	100644	b051b6d698b0402db0adb2f5a6c99d5e02d094fa	100644	b051b6d698b0402db0adb2f5a6c99d5e02d094fa	product_exact
engineering/mvp/execution/work-surface-kit/evidence/wk12/checks-groups.mjs	other	100644	5d2c990a9fd7c84f38b527d574a86ccdd4c42034	100644	5d2c990a9fd7c84f38b527d574a86ccdd4c42034	product_exact
engineering/mvp/execution/work-surface-kit/evidence/wk12/checks-noflash.json	other	100644	dec6b72c8373225282d8725abf310f839fb36f66	100644	dec6b72c8373225282d8725abf310f839fb36f66	product_exact
engineering/mvp/execution/work-surface-kit/evidence/wk12/checks-noflash.mjs	other	100644	77bf8b6a4dd6a7f0f04526cdd73daa8dfb879339	100644	77bf8b6a4dd6a7f0f04526cdd73daa8dfb879339	product_exact
engineering/mvp/execution/work-surface-kit/evidence/wk12/checks-shell.json	other	100644	a5eadc4f10f75604610dda462b4f52a821814880	100644	a5eadc4f10f75604610dda462b4f52a821814880	product_exact
engineering/mvp/execution/work-surface-kit/evidence/wk12/checks-shell.mjs	other	100644	85ff8ad1183a5569f271f43491c5096a44520ca8	100644	85ff8ad1183a5569f271f43491c5096a44520ca8	product_exact
engineering/mvp/execution/work-surface-kit/evidence/wk12/group-appearance-1440-light.png	other	100644	eabffef12069484cd0d8366466e35d3e51b1a3e3	100644	eabffef12069484cd0d8366466e35d3e51b1a3e3	product_exact
engineering/mvp/execution/work-surface-kit/evidence/wk12/group-developer-1440-light.png	other	100644	21c5201dbd600f3362466bc18cd008465ed8c4a5	100644	21c5201dbd600f3362466bc18cd008465ed8c4a5	product_exact
engineering/mvp/execution/work-surface-kit/evidence/wk12/group-general-1440-light.png	other	100644	f33eaf3bd858efd483070575fd11fb47b96cb31f	100644	f33eaf3bd858efd483070575fd11fb47b96cb31f	product_exact
engineering/mvp/execution/work-surface-kit/evidence/wk12/group-general-390-light.png	other	100644	a536f1fe1bc855315497696a536ec0241bb56192	100644	a536f1fe1bc855315497696a536ec0241bb56192	product_exact
engineering/mvp/execution/work-surface-kit/evidence/wk12/group-keyboard-1440-light.png	other	100644	9d9d35c66124dfd801280f8519e01dffb0e0bc13	100644	9d9d35c66124dfd801280f8519e01dffb0e0bc13	product_exact
engineering/mvp/execution/work-surface-kit/evidence/wk12/group-runtime-1440-light.png	other	100644	6ce9081a607e2d1c60a49e0297770b60c7bb8e1b	100644	6ce9081a607e2d1c60a49e0297770b60c7bb8e1b	product_exact
engineering/mvp/execution/work-surface-kit/evidence/wk12/harness.mjs	other	100644	15e4188b6b3df5dd72d13911943830a88dec518b	100644	15e4188b6b3df5dd72d13911943830a88dec518b	product_exact
engineering/mvp/execution/work-surface-kit/evidence/wk12/preview-gray-steel-1440-light.png	other	100644	a7d9dbf17de1471524a7c5c55f419c91a9b409b9	100644	a7d9dbf17de1471524a7c5c55f419c91a9b409b9	product_exact
engineering/mvp/execution/work-surface-kit/evidence/wk12/preview-slate-1440-light.png	other	100644	cc3d16f79d6c17701497287e2b471108fd702772	100644	cc3d16f79d6c17701497287e2b471108fd702772	product_exact
engineering/mvp/execution/work-surface-kit/evidence/wk12/preview-user-tokens-1440-light.png	other	100644	50772a2758ba525e7bfdc7874076216f9c269f42	100644	50772a2758ba525e7bfdc7874076216f9c269f42	product_exact
engineering/mvp/execution/work-surface-kit/evidence/wk12/preview-user-tokens-rejected-1440-light.png	other	100644	dc53c32680ef62ee6fcd6a3b7aa8295d68e7c86e	100644	dc53c32680ef62ee6fcd6a3b7aa8295d68e7c86e	product_exact
engineering/mvp/execution/work-surface-kit/evidence/wk12/shots.json	other	100644	73f926a040d8a988067b514c577223e7b082c904	100644	73f926a040d8a988067b514c577223e7b082c904	product_exact
engineering/mvp/execution/work-surface-kit/evidence/wk12/shots.mjs	other	100644	4d59561f553a0002cc6b934ebebb1b3a086baf71	100644	4d59561f553a0002cc6b934ebebb1b3a086baf71	product_exact
engineering/mvp/execution/work-surface-kit/evidence/wk13/home-cards-1440-light-r2.png	other	100644	fe21b37ae37dec02c49a8bd8076e73ada576f8ad	100644	fe21b37ae37dec02c49a8bd8076e73ada576f8ad	product_exact
engineering/mvp/execution/work-surface-kit/evidence/wk13/home-cards-1440-light.png	other	100644	819b5a01cff44573e9f21dc373e56eb2c0bf14b8	100644	819b5a01cff44573e9f21dc373e56eb2c0bf14b8	product_exact
engineering/mvp/execution/work-surface-kit/evidence/wk13/home-checks-r2.json	other	100644	934345b66a979110fa362758fc6577bf526bc743	100644	934345b66a979110fa362758fc6577bf526bc743	product_exact
engineering/mvp/execution/work-surface-kit/evidence/wk13/home-checks.json	other	100644	5a0ffc7447161a07ee0d558003ea55dcab982ff2	100644	5a0ffc7447161a07ee0d558003ea55dcab982ff2	product_exact
engineering/mvp/execution/work-surface-kit/evidence/wk13/home-checks.mjs	other	100644	cca706a6c7213d61c7c143ffcac9977d613f91ca	100644	cca706a6c7213d61c7c143ffcac9977d613f91ca	product_exact
engineering/mvp/execution/work-surface-kit/evidence/wk13/home-empty-1440-light-r2.png	other	100644	6e3a4f9accf057a12fafdb2bb320f4f18555eaf4	100644	6e3a4f9accf057a12fafdb2bb320f4f18555eaf4	product_exact
engineering/mvp/execution/work-surface-kit/evidence/wk13/home-empty-1440-light.png	other	100644	6ceeedc1215455f6702a5b8ccbced5440e5e3ced	100644	6ceeedc1215455f6702a5b8ccbced5440e5e3ced	product_exact
engineering/mvp/execution/work-surface-kit/evidence/wk13/home-read-failure-1440-light-r2.png	other	100644	478f188f31a73d4ebb3cf5216b5e8dbb3d37afd5	100644	478f188f31a73d4ebb3cf5216b5e8dbb3d37afd5	product_exact
engineering/mvp/execution/work-surface-kit/evidence/wk13/home-read-failure-1440-light.png	other	100644	005b7330ff47282d9ccaee91ffc11474e0d4fd40	100644	005b7330ff47282d9ccaee91ffc11474e0d4fd40	product_exact
engineering/mvp/execution/work-surface-kit/evidence/wk13/home-rows-1440-dark.png	other	100644	e2598f3d7cff97b6fa42d07aee137125194dba6d	100644	e2598f3d7cff97b6fa42d07aee137125194dba6d	product_exact
engineering/mvp/execution/work-surface-kit/evidence/wk13/home-rows-1440-light-r2.png	other	100644	83d7d753ddc37d1c9034264011b542506c82bdfd	100644	83d7d753ddc37d1c9034264011b542506c82bdfd	product_exact
engineering/mvp/execution/work-surface-kit/evidence/wk13/home-rows-1440-light.png	other	100644	c6e985e2d4a17cb81cb00f107ec44168039953fa	100644	c6e985e2d4a17cb81cb00f107ec44168039953fa	product_exact
engineering/mvp/execution/work-surface-kit/evidence/wk13/home-rows-200pct-light.png	other	100644	26c9a75e71962bae4335d4aad6ef0150ff410d33	100644	26c9a75e71962bae4335d4aad6ef0150ff410d33	product_exact
engineering/mvp/execution/work-surface-kit/evidence/wk13/home-rows-390-dark.png	other	100644	a0b05ca9b49d8bab1b66a560d2d39f298059c430	100644	a0b05ca9b49d8bab1b66a560d2d39f298059c430	product_exact
engineering/mvp/execution/work-surface-kit/evidence/wk13/home-rows-390-light-r2.png	other	100644	fdb5faaef1fa0f0854f74a62e38a638dff8d908b	100644	fdb5faaef1fa0f0854f74a62e38a638dff8d908b	product_exact
engineering/mvp/execution/work-surface-kit/evidence/wk13/home-rows-390-light.png	other	100644	fdb5faaef1fa0f0854f74a62e38a638dff8d908b	100644	fdb5faaef1fa0f0854f74a62e38a638dff8d908b	product_exact
engineering/mvp/execution/work-surface-kit/evidence/wk13/home-states-empty.json	other	100644	3bd83aeb13bc3418067248dda404a847451e7047	100644	3bd83aeb13bc3418067248dda404a847451e7047	product_exact
engineering/mvp/execution/work-surface-kit/evidence/wk13/home-states-rows.json	other	100644	97b3a3dcb6de8fd612d6bc3bc1ea45753ca15051	100644	97b3a3dcb6de8fd612d6bc3bc1ea45753ca15051	product_exact
engineering/mvp/execution/work-surface-kit/evidence/wk13/home-states-truncate.json	other	100644	da73701505a643cee855635729e7b41cbfef6cc9	100644	da73701505a643cee855635729e7b41cbfef6cc9	product_exact
engineering/mvp/execution/work-surface-kit/evidence/wk13/home-states.mjs	other	100644	6ac877b2d89e010aabc4188f6b68d7752ffbd519	100644	6ac877b2d89e010aabc4188f6b68d7752ffbd519	product_exact
engineering/mvp/execution/work-surface-kit/evidence/wk13/home-truncated-1440-light.png	other	100644	d280578b4384db9af83314531d7b1e049501bf4a	100644	d280578b4384db9af83314531d7b1e049501bf4a	product_exact
engineering/mvp/execution/work-surface-kit/evidence/wk13/regression/home-empty-1440-dark.png	other	100644	489ba6c3e10ff7de190b9fee9ad143aa02edc770	100644	489ba6c3e10ff7de190b9fee9ad143aa02edc770	product_exact
engineering/mvp/execution/work-surface-kit/evidence/wk13/regression/home-empty-1440-light.png	other	100644	6ceeedc1215455f6702a5b8ccbced5440e5e3ced	100644	6ceeedc1215455f6702a5b8ccbced5440e5e3ced	product_exact
engineering/mvp/execution/work-surface-kit/evidence/wk13/regression/home-empty-390-dark.png	other	100644	fd6eda948eb30453da2a94ab80a0f5b4cc8dcc83	100644	fd6eda948eb30453da2a94ab80a0f5b4cc8dcc83	product_exact
engineering/mvp/execution/work-surface-kit/evidence/wk13/regression/home-empty-390-light.png	other	100644	07df31a0487a0a12f41b5d86cb159d7e68470a59	100644	07df31a0487a0a12f41b5d86cb159d7e68470a59	product_exact
engineering/mvp/execution/work-surface-kit/evidence/wk13/regression/home-empty-geometry-r2.json	other	100644	bc0cbd4f8ffc41155d14631c8d75ca8bac39cb4b	100644	bc0cbd4f8ffc41155d14631c8d75ca8bac39cb4b	product_exact
engineering/mvp/execution/work-surface-kit/evidence/wk13/regression/home-empty-geometry.json	other	100644	bc0cbd4f8ffc41155d14631c8d75ca8bac39cb4b	100644	bc0cbd4f8ffc41155d14631c8d75ca8bac39cb4b	product_exact
engineering/mvp/execution/work-surface-kit/evidence/wk13/regression/home-rows-1440-dark.png	other	100644	ae91ab014b9e7a6ffeb9a7d774c51287bd979e02	100644	ae91ab014b9e7a6ffeb9a7d774c51287bd979e02	product_exact
engineering/mvp/execution/work-surface-kit/evidence/wk13/regression/home-rows-1440-light.png	other	100644	0642081f3f537ac12d8aa980f03363839c30c689	100644	0642081f3f537ac12d8aa980f03363839c30c689	product_exact
engineering/mvp/execution/work-surface-kit/evidence/wk13/regression/home-rows-390-dark.png	other	100644	6f5d5e15c9477afa49458b286f214d8e33e1efcb	100644	6f5d5e15c9477afa49458b286f214d8e33e1efcb	product_exact
engineering/mvp/execution/work-surface-kit/evidence/wk13/regression/home-rows-390-light.png	other	100644	2955e1195034ef5c350b5626eeea513ac0ce4c47	100644	2955e1195034ef5c350b5626eeea513ac0ce4c47	product_exact
engineering/mvp/execution/work-surface-kit/evidence/wk13/regression/home-rows-geometry-r2.json	other	100644	3aadbda01160da6209aadc84bfdea4080c8700c2	100644	3aadbda01160da6209aadc84bfdea4080c8700c2	product_exact
engineering/mvp/execution/work-surface-kit/evidence/wk13/regression/home-rows-geometry.json	other	100644	7274fb16b4ab30c307f7736996ea9a8d41b9517a	100644	7274fb16b4ab30c307f7736996ea9a8d41b9517a	product_exact
engineering/mvp/execution/work-surface-kit/evidence/wk13/seed.mjs	other	100644	160a02da465cf9c5c1052124a0005a54fafc92bc	100644	160a02da465cf9c5c1052124a0005a54fafc92bc	product_exact
engineering/mvp/execution/work-surface-kit/evidence/wk13/session-unbound-1440-light.png	other	100644	12879558442fe9ca570f0b289a4f585d8d9fe318	100644	12879558442fe9ca570f0b289a4f585d8d9fe318	product_exact
engineering/mvp/execution/work-surface-kit/explore/ex-at1-attention-triage.md	other	100644	332f30e461da1a4331ce87ea96e4db41d3b9ad41	100644	332f30e461da1a4331ce87ea96e4db41d3b9ad41	product_exact
engineering/mvp/execution/work-surface-kit/explore/ex-cc1-three-pane-tabs.md	other	100644	ad456bd36de4d9b32791f2f28cfe409601190529	100644	ad456bd36de4d9b32791f2f28cfe409601190529	product_exact
engineering/mvp/execution/work-surface-kit/explore/ex-cc2-home-modules.md	other	100644	1dcec42f451c212023a5febf1dbcc44845901149	100644	1dcec42f451c212023a5febf1dbcc44845901149	product_exact
engineering/mvp/execution/work-surface-kit/explore/ex-cc3-popover-inspector.md	other	100644	002d500582432358825bdf85e2df7bd56ae94ed9	100644	002d500582432358825bdf85e2df7bd56ae94ed9	product_exact
engineering/mvp/execution/work-surface-kit/explore/ex-cc6-progressive-blur.md	other	100644	8e6cdc07afe97995acd83c23b52c24ee07482664	100644	8e6cdc07afe97995acd83c23b52c24ee07482664	product_exact
engineering/mvp/execution/work-surface-kit/explore/ex-cs1-shape-grammar.md	other	100644	9ef4b1c3a0cfdc561ec68ccc66e047e4f9b7b57d	100644	9ef4b1c3a0cfdc561ec68ccc66e047e4f9b7b57d	product_exact
engineering/mvp/execution/work-surface-kit/explore/ex-gi1-generative-identity.md	other	100644	3bf0f682191c90f31dc050db887c5332bf9ceb91	100644	3bf0f682191c90f31dc050db887c5332bf9ceb91	product_exact
engineering/mvp/execution/work-surface-kit/explore/ex-ic1-icon-specimen.md	other	100644	b122241ee2bebe07a744f5164731ea970cd17737	100644	b122241ee2bebe07a744f5164731ea970cd17737	product_exact
engineering/mvp/execution/work-surface-kit/explore/ex-pg1-projection-inventory.md	other	100644	34e3851a0719830a3506c908e33a8b446298f722	100644	34e3851a0719830a3506c908e33a8b446298f722	product_exact
engineering/mvp/execution/work-surface-kit/explore/ex-sc1-scout-pilot.md	other	100644	a32c5ee5bdb973be209ebab69dc93b430c8052a9	100644	a32c5ee5bdb973be209ebab69dc93b430c8052a9	product_exact
engineering/mvp/execution/work-surface-kit/explore/ex-wk1-canon-map.md	other	100644	e98225cf9c6622d9156e0d3d9ed37d6208e13843	100644	e98225cf9c6622d9156e0d3d9ed37d6208e13843	product_exact
engineering/mvp/execution/work-surface-kit/explore/ex-wk2-review-sources.md	other	100644	f51bd7d3abee1a1c2bfa0b3c87e17cfccdbce176	100644	f51bd7d3abee1a1c2bfa0b3c87e17cfccdbce176	product_exact
engineering/mvp/execution/work-surface-kit/explore/ex-wk3-color-spacing-sources.md	other	100644	6434adf3a46fc4066a09c6ece7aa6e2a11127877	100644	6434adf3a46fc4066a09c6ece7aa6e2a11127877	product_exact
engineering/mvp/execution/work-surface-kit/explore/ex-wk4-window-controls.md	other	100644	dea14b523d35b9d9f8ac5203820910064d3bc15a	100644	dea14b523d35b9d9f8ac5203820910064d3bc15a	product_exact
engineering/mvp/execution/work-surface-kit/explore/ex-wk5-home-work-data.md	other	100644	761010d0a1897468fc03ba03a29fe03232f60100	100644	761010d0a1897468fc03ba03a29fe03232f60100	product_exact
engineering/mvp/execution/work-surface-kit/explore/ex-wk6-dsh-plugins-webui.md	other	100644	24b1d8192c6f29a3e2daa3b77a729de8c8bf6b06	100644	24b1d8192c6f29a3e2daa3b77a729de8c8bf6b06	product_exact
engineering/mvp/execution/work-surface-kit/explore/ex-wk6-r2-dsh-official.md	other	100644	8bedceb5baf510dcd2a1082b4e23d36a3c261c2c	100644	8bedceb5baf510dcd2a1082b4e23d36a3c261c2c	product_exact
engineering/mvp/execution/work-surface-kit/explore/ex-wk7-frontend-consumption-diff.md	other	100644	6979db47fd0a56f7bac9d8f4896f9012b04f7452	100644	6979db47fd0a56f7bac9d8f4896f9012b04f7452	product_exact
engineering/mvp/execution/work-surface-kit/explore/ex-wk8-primitive-ledger.md	other	100644	1215e70e62d37b9ff06caa933b93d6f4dce10a2a	100644	1215e70e62d37b9ff06caa933b93d6f4dce10a2a	product_exact
engineering/mvp/execution/work-surface-kit/explore/ex-wk9-material-sources.md	other	100644	3c95b11398ba0770888c563e36451fb254fa241c	100644	3c95b11398ba0770888c563e36451fb254fa241c	product_exact
engineering/mvp/execution/work-surface-kit/handoff-convention.md	other	100644	41bf36dfb9aaa37931bf46212fb60207baea538c	100644	41bf36dfb9aaa37931bf46212fb60207baea538c	product_exact
engineering/mvp/execution/work-surface-kit/handoff-round4.md	other	100644	18551b10a41fceba02e560e75699c655b3f0ccde	100644	18551b10a41fceba02e560e75699c655b3f0ccde	product_exact
engineering/mvp/execution/work-surface-kit/inputs/.gitattributes	other	100644	b244f6417914d638a8b34c7c9bae61a52b339fda	100644	b244f6417914d638a8b34c7c9bae61a52b339fda	product_exact
engineering/mvp/execution/work-surface-kit/inputs/attention-triage-2026-09-10.md	other	100644	0dbb4d33e4541a9111b26cd266b722f9886eda9a	100644	0dbb4d33e4541a9111b26cd266b722f9886eda9a	product_exact
engineering/mvp/execution/work-surface-kit/inputs/composition-references-2026-09-09.md	other	100644	8afbfbdb42ba06945e3d66f7e285008a9a0b71f4	100644	8afbfbdb42ba06945e3d66f7e285008a9a0b71f4	product_exact
engineering/mvp/execution/work-surface-kit/inputs/control-grammar-2026-09-09.md	other	100644	11a90c99260cf6e08d2995dffa813cc3d0d9d8a1	100644	11a90c99260cf6e08d2995dffa813cc3d0d9d8a1	product_exact
engineering/mvp/execution/work-surface-kit/inputs/control-grammar-supplement-2026-09-10.md	other	100644	e9990d48fb7829d996a34ca98408148b98b06c18	100644	e9990d48fb7829d996a34ca98408148b98b06c18	product_exact
engineering/mvp/execution/work-surface-kit/inputs/courtwork_se_gui_review_runtime_index_2026-09-08.md	other	100644	392cb4298514120a1cc38b54a37f0b6cf68b3b4d	100644	392cb4298514120a1cc38b54a37f0b6cf68b3b4d	product_exact
engineering/mvp/execution/work-surface-kit/inputs/design-research-index-2026-09-09.md	other	100644	d9ae7a2cc1e2eac7179137e394bee77a0a8032e4	100644	d9ae7a2cc1e2eac7179137e394bee77a0a8032e4	product_exact
engineering/mvp/execution/work-surface-kit/inputs/design-scout-index-v2-2026-09-09.md	other	100644	939ff9fdde84b4a4ff1446d8b57036ce16144bfe	100644	939ff9fdde84b4a4ff1446d8b57036ce16144bfe	product_exact
engineering/mvp/execution/work-surface-kit/inputs/design-scout-layer-2026-09-09.md	other	100644	bb019f2394874f4d6056f2afc8abf522a9b415d4	100644	bb019f2394874f4d6056f2afc8abf522a9b415d4	product_exact
engineering/mvp/execution/work-surface-kit/inputs/icon-sourcing-mingcute-2026-09-09.md	other	100644	7f40ca51c5c63c38da38211f620f8be161ea0143	100644	7f40ca51c5c63c38da38211f620f8be161ea0143	product_exact
engineering/mvp/execution/work-surface-kit/inputs/interaction-grammar-2026-09-10.md	other	100644	ba858799edc7486d6f44fa8ef387a8b9ad7d6709	100644	ba858799edc7486d6f44fa8ef387a8b9ad7d6709	product_exact
engineering/mvp/execution/work-surface-kit/inputs/local-ui-atlas-2026-09-09.md	other	100644	79418e92a611c0c31fca27c0739b52b48519c45e	100644	79418e92a611c0c31fca27c0739b52b48519c45e	product_exact
engineering/mvp/execution/work-surface-kit/inputs/material-grammar-2-generative-identity-2026-09-09.md	other	100644	5e9e28aa7967794f6988ab06f2b661cfb5c2edb8	100644	5e9e28aa7967794f6988ab06f2b661cfb5c2edb8	product_exact
engineering/mvp/execution/work-surface-kit/inputs/material-grammar-2026-09-09.md	other	100644	a3f7238ac8b521a8c1943019ff2090af28333531	100644	a3f7238ac8b521a8c1943019ff2090af28333531	product_exact
engineering/mvp/execution/work-surface-kit/inputs/review-semantics-2026-09-09.md	other	100644	2dd65d494bfcba6501be17eb06facd00428df453	100644	2dd65d494bfcba6501be17eb06facd00428df453	product_exact
engineering/mvp/execution/work-surface-kit/inputs/review-visual-2026-09-09.md	other	100644	ae4d0d09a0b5768fbfd58ea6bf9725cd55f60f9b	100644	ae4d0d09a0b5768fbfd58ea6bf9725cd55f60f9b	product_exact
engineering/mvp/execution/work-surface-kit/inputs/runtime-workbench-discussion-2026-09-09.md	other	100644	0389840f6c65216e73c1085c1ed1aa2f868f77cc	100644	0389840f6c65216e73c1085c1ed1aa2f868f77cc	product_exact
engineering/mvp/execution/work-surface-kit/inputs/settings-references-2026-09-08.md	other	100644	07cda23b919cde52d43d1c9af3c33be09f3c97ab	100644	07cda23b919cde52d43d1c9af3c33be09f3c97ab	product_exact
engineering/mvp/execution/work-surface-kit/inputs/shape-grammar-generative-identity-2026-09-09.md	other	100644	f4ace69e4b79310287ba1367a709a32015679273	100644	f4ace69e4b79310287ba1367a709a32015679273	product_exact
engineering/mvp/execution/work-surface-kit/inputs/ui-source-tiers-2026-09-09.md	other	100644	1b721e8ecd50ade964f5b64aa6d9210be64b22fb	100644	1b721e8ecd50ade964f5b64aa6d9210be64b22fb	product_exact
engineering/mvp/execution/work-surface-kit/intake-round-2.md	other	100644	741467a109fd52cba1b8b0179a95b6fb3174ccc9	100644	741467a109fd52cba1b8b0179a95b6fb3174ccc9	product_exact
engineering/mvp/execution/work-surface-kit/intake-round-3.md	other	100644	11d8f2d13746734afc0945260b7c4093be71c5b9	100644	11d8f2d13746734afc0945260b7c4093be71c5b9	product_exact
engineering/mvp/execution/work-surface-kit/intake.md	other	100644	dfc32e454b4466ea510a3265e435b3181fd00286	100644	dfc32e454b4466ea510a3265e435b3181fd00286	product_exact
engineering/mvp/execution/work-surface-kit/misfit-ledger.md	other	100644	9bc1c81381b11aa6904a583c85d37ea89454a043	100644	9bc1c81381b11aa6904a583c85d37ea89454a043	product_exact
engineering/mvp/execution/work-surface-kit/roadmap-frontend.md	other	100644	3f637417445ff8d5e6a75cc7bf84eddf7f4b1c21	100644	3f637417445ff8d5e6a75cc7bf84eddf7f4b1c21	product_exact
engineering/mvp/execution/work-surface-kit/runtime-ui-gaps.md	other	100644	9afdc164389bfa7710f7edb6edda265903290586	100644	9afdc164389bfa7710f7edb6edda265903290586	product_exact
engineering/mvp/execution/work-surface-kit/text-sweep.md	other	100644	0354fd8fb537c881b3dae1680020b9fadbea4e80	100644	0354fd8fb537c881b3dae1680020b9fadbea4e80	product_exact
engineering/mvp/execution/work-surface-kit/user-message-audit.md	other	100644	b5d70771ab05d4db5220535f5a3b84f6f7396eaf	100644	b5d70771ab05d4db5220535f5a3b84f6f7396eaf	product_exact
engineering/mvp/execution/work-surface-kit/work-orders/EX-WK1-canon-map.md	other	100644	f934be2b21bdc2701ad17ed757903777fd8e4d8a	100644	f934be2b21bdc2701ad17ed757903777fd8e4d8a	product_exact
engineering/mvp/execution/work-surface-kit/work-orders/EX-WK2-review-sources.md	other	100644	4df31b6a99d658d66b52c85d6b8b806446a68e5c	100644	4df31b6a99d658d66b52c85d6b8b806446a68e5c	product_exact
engineering/mvp/execution/work-surface-kit/work-orders/EX-WK3-color-spacing-sources.md	other	100644	39b68ee6de7064c41ec9d086fbdcdfc90e4651bc	100644	39b68ee6de7064c41ec9d086fbdcdfc90e4651bc	product_exact
engineering/mvp/execution/work-surface-kit/work-orders/EX-WK4-window-controls.md	other	100644	217e35adb8549c72082bda50cf98b91b698aa6d2	100644	217e35adb8549c72082bda50cf98b91b698aa6d2	product_exact
engineering/mvp/execution/work-surface-kit/work-orders/EX-WK5-home-work-data.md	other	100644	284e8a10c2ee793cf56346ec2126b6ede1a08411	100644	284e8a10c2ee793cf56346ec2126b6ede1a08411	product_exact
engineering/mvp/execution/work-surface-kit/work-orders/EX-WK6-dsh-plugins-webui.md	other	100644	fff8eb9a5672024e65cc317f83b4aea7165ac06d	100644	fff8eb9a5672024e65cc317f83b4aea7165ac06d	product_exact
engineering/mvp/execution/work-surface-kit/work-orders/EX-WK9-material-sources.md	other	100644	f66d49c903d050eb34ec880117abf3921905bbf4	100644	f66d49c903d050eb34ec880117abf3921905bbf4	product_exact
engineering/mvp/execution/work-surface-kit/work-orders/WO-ATT-FE01.md	other	100644	e29c8a684ecd14bc4a289620e60865728bdee28c	100644	e29c8a684ecd14bc4a289620e60865728bdee28c	product_exact
engineering/mvp/execution/work-surface-kit/work-orders/WO-CC-round5.md	other	100644	e0534252f961f4fe31c01a07a1dffeebcbc23e46	100644	e0534252f961f4fe31c01a07a1dffeebcbc23e46	product_exact
engineering/mvp/execution/work-surface-kit/work-orders/WO-CCD0A-dispatch-prompt.md	other	100644	8b3c6585b5289a73d9c225ab5d7b3d6141e13316	100644	8b3c6585b5289a73d9c225ab5d7b3d6141e13316	product_exact
engineering/mvp/execution/work-surface-kit/work-orders/WO-CCI-01-property-row.md	other	100644	75556c0d125b579d1c1ce5fdbd284762a91a493b	100644	75556c0d125b579d1c1ce5fdbd284762a91a493b	product_exact
engineering/mvp/execution/work-surface-kit/work-orders/WO-CCS-dispatch-prompt.md	other	100644	cf1e08a98f4485ac8a3ffc81f161addb596f283b	100644	cf1e08a98f4485ac8a3ffc81f161addb596f283b	product_exact
engineering/mvp/execution/work-surface-kit/work-orders/WO-CCW-dispatch-prompt.md	other	100644	ca22ea4c49a3cbf00e0fd225f8cc458fb936eedd	100644	ca22ea4c49a3cbf00e0fd225f8cc458fb936eedd	product_exact
engineering/mvp/execution/work-surface-kit/work-orders/WO-FE-round4.md	other	100644	0a84d6de36882071f95b7721e08fc0ae3e1cce43	100644	0a84d6de36882071f95b7721e08fc0ae3e1cce43	product_exact
engineering/mvp/execution/work-surface-kit/work-orders/WO-FE02-dispatch-prompt.md	other	100644	c43cbff45810e001bfcb91fb772b7a19f6699bb2	100644	c43cbff45810e001bfcb91fb772b7a19f6699bb2	product_exact
engineering/mvp/execution/work-surface-kit/work-orders/WO-FE03-dispatch-prompt.md	other	100644	e3505a7e40a74bb8f758de182bc55eabe0f8da66	100644	e3505a7e40a74bb8f758de182bc55eabe0f8da66	product_exact
engineering/mvp/execution/work-surface-kit/work-orders/WO-FE04-dispatch-prompt.md	other	100644	d9cbddf1364243db7002b15760090711bd8e8b16	100644	d9cbddf1364243db7002b15760090711bd8e8b16	product_exact
engineering/mvp/execution/work-surface-kit/work-orders/WO-FE05A-dispatch-prompt.md	other	100644	911c2d9600463123f8cc77c52fd7a0eef579837d	100644	911c2d9600463123f8cc77c52fd7a0eef579837d	product_exact
engineering/mvp/execution/work-surface-kit/work-orders/WO-PG-01-interaction-lint.md	other	100644	a55efc63590c511a0dff627608e702e758bd4f66	100644	a55efc63590c511a0dff627608e702e758bd4f66	product_exact
engineering/mvp/execution/work-surface-kit/work-orders/WO-RC-runtime-ui.md	other	100644	7875528e5cd058527395ae442dfa007dc5d7ea9d	100644	7875528e5cd058527395ae442dfa007dc5d7ea9d	product_exact
engineering/mvp/execution/work-surface-kit/work-orders/WO-WK10-rail-host.md	other	100644	cc80d458c4f4cbdf941bc2c607836152c5a995da	100644	cc80d458c4f4cbdf941bc2c607836152c5a995da	product_exact
engineering/mvp/execution/work-surface-kit/work-orders/WO-WK10b-work-surface.md	other	100644	3fabc1fb80c73a79529da82f7a4c6cb27af14426	100644	3fabc1fb80c73a79529da82f7a4c6cb27af14426	product_exact
engineering/mvp/execution/work-surface-kit/work-orders/WO-WK11-runtime-workbench.md	other	100644	07d931e5919dee2219034be6a36366898ff1fefb	100644	07d931e5919dee2219034be6a36366898ff1fefb	product_exact
engineering/mvp/execution/work-surface-kit/work-orders/WO-WK12-settings-page.md	other	100644	9ca04503acbbf5691b02dc8e11f45617d2ae7583	100644	9ca04503acbbf5691b02dc8e11f45617d2ae7583	product_exact
engineering/mvp/execution/work-surface-kit/work-orders/WO-WK13-home-bands.md	other	100644	fa92f0cdf8979bf686574bdac75e52d22419708f	100644	fa92f0cdf8979bf686574bdac75e52d22419708f	product_exact
engineering/mvp/execution/work-surface-kit/work-orders/WO-WK3-contract-freeze.md	other	100644	1d7e856994c273d70c05ea5918cd33606a944d40	100644	1d7e856994c273d70c05ea5918cd33606a944d40	product_exact
engineering/mvp/execution/work-surface-kit/work-orders/WO-WK4-review-slice.md	other	100644	c92121aa1fdb01be35c5cdf2f2af31c4e5843fd9	100644	c92121aa1fdb01be35c5cdf2f2af31c4e5843fd9	product_exact
engineering/mvp/execution/work-surface-kit/work-orders/WO-WK5-brand-wiring.md	other	100644	0be318092b3e8ca16b6a239d53f4323884bb2d22	100644	0be318092b3e8ca16b6a239d53f4323884bb2d22	product_exact
engineering/mvp/execution/work-surface-kit/work-orders/WO-WK6-home-brand.md	other	100644	5a8713bd48d19f95e27836499b7deee06dfdb2f0	100644	5a8713bd48d19f95e27836499b7deee06dfdb2f0	product_exact
engineering/mvp/execution/work-surface-kit/work-orders/WO-WK7-color-governance.md	other	100644	e109bab0453f19bd050b265358a47060ecf1cf32	100644	e109bab0453f19bd050b265358a47060ecf1cf32	product_exact
engineering/mvp/execution/work-surface-kit/work-orders/WO-WK8-slogan-buttons.md	other	100644	345303e3dd8eb45723947a460cc0f1f545929ab2	100644	345303e3dd8eb45723947a460cc0f1f545929ab2	product_exact
engineering/mvp/execution/work-surface-kit/work-orders/WO-WK9-home-work-design.md	other	100644	1c9722ec2e8c9a821a2c6aeca10633c90e353ccf	100644	1c9722ec2e8c9a821a2c6aeca10633c90e353ccf	product_exact
engineering/mvp/fresh-astra-handoff-v7.md	other	100644	31bd90c496d2a245daf51cffd9366c87350eeccf	100644	31bd90c496d2a245daf51cffd9366c87350eeccf	product_exact
engineering/mvp/fresh-handoff-v5.md	other	100644	c09208efa26685a49a86f56bd0d2d46ed7914855	100644	c09208efa26685a49a86f56bd0d2d46ed7914855	product_exact
engineering/mvp/frontend-design-handoff-v8.md	other	100644	efaeb70e089e269dc4a1cd292615a5e853535356	100644	efaeb70e089e269dc4a1cd292615a5e853535356	product_exact
engineering/options.md	other	100644	dd904118d04a8b72b433b2e3a737238d8c88c167	100644	dd904118d04a8b72b433b2e3a737238d8c88c167	product_exact
engineering/pre-takeover-roadmap.md	other	100644	cb7ab59d069a928459eb81e7306e3c5b5e46dafc	100644	cb7ab59d069a928459eb81e7306e3c5b5e46dafc	product_exact
engineering/release/2026-09-08/README.md	other	100644	da3bc90c7478766ecdb7b8554b8d38dd873b4264	100644	da3bc90c7478766ecdb7b8554b8d38dd873b4264	product_exact
engineering/release/2026-09-08/evidence/final-review.md	other	100644	7b4c559edb737d287eefea25b43c2aa3b4042779	100644	7b4c559edb737d287eefea25b43c2aa3b4042779	product_exact
engineering/release/2026-09-08/evidence/local.md	other	100644	5a329e86f78f34a74902e3a4626c1e1988bce7e7	100644	5a329e86f78f34a74902e3a4626c1e1988bce7e7	product_exact
engineering/release/2026-09-08/evidence/reef.md	other	100644	1ec042d8b5720c55bb0a172c48f31ec45bf49882	100644	1ec042d8b5720c55bb0a172c48f31ec45bf49882	product_exact
engineering/release/2026-09-08/fresh-astra-handoff.md	other	100644	174c855d2ae3be307ed089777695caf5c5d2587e	100644	174c855d2ae3be307ed089777695caf5c5d2587e	product_exact
engineering/release/2026-09-08/integration.md	other	100644	76927ea07434a52712c3e2aa665dcb95708eb7f3	100644	76927ea07434a52712c3e2aa665dcb95708eb7f3	product_exact
engineering/release/2026-09-08/opus-public-surface-handoff.md	other	100644	8e4f9246013ef5f1369803c8c81036535ee11892	100644	8e4f9246013ef5f1369803c8c81036535ee11892	product_exact
engineering/release/2026-09-08/pages-preparation/README.md	other	100644	65b918a8a7a2425c11af0b38019be4a349c2e43d	100644	65b918a8a7a2425c11af0b38019be4a349c2e43d	product_exact
engineering/release/2026-09-08/pages-preparation/evidence-contract.md	other	100644	e56233c2d0b2c8ef5447273edc36eb521de9bb40	100644	e56233c2d0b2c8ef5447273edc36eb521de9bb40	product_exact
engineering/release/2026-09-08/pages-preparation/reference-index.json	other	100644	0d6dcd0d89397723cefb8cc9667d5769aea364ee	100644	0d6dcd0d89397723cefb8cc9667d5769aea364ee	product_exact
engineering/release/2026-09-08/pages-preparation/source-chat.md	other	100644	5efd00b29e6560f1c1bb8a6d8aa9bcc7fc9d3db6	100644	5efd00b29e6560f1c1bb8a6d8aa9bcc7fc9d3db6	product_exact
engineering/release/2026-09-08/pro-review/HANDOFF.md	other	100644	f1851be51f9e04cbef780195fc02a7ab0888ef75	100644	f1851be51f9e04cbef780195fc02a7ab0888ef75	product_exact
engineering/release/2026-09-08/pro-review/package-verification.json	other	100644	87b889fdf99970021f2abeccf0e95f9048ed0dff	100644	87b889fdf99970021f2abeccf0e95f9048ed0dff	product_exact
engineering/release/2026-09-08/public-copy.md	other	100644	f0aaaaf96347ff4b317bc7bbd5da75866dcf4728	100644	f0aaaaf96347ff4b317bc7bbd5da75866dcf4728	product_exact
engineering/release/2026-09-08/public-surface.md	other	100644	0d03ce59e54bd895734dc301ac4da98a56fc2ef9	100644	0d03ce59e54bd895734dc301ac4da98a56fc2ef9	product_exact
engineering/release/2026-09-08/review-handoff.md	other	100644	1aaf640761eafef24c129e29f75819d6149e8743	100644	1aaf640761eafef24c129e29f75819d6149e8743	product_exact
engineering/release/README.md	other	100644	e229acdaa03a323b8ea6412236876441d2e75e23	100644	e229acdaa03a323b8ea6412236876441d2e75e23	product_exact
engineering/release/publishing-surface-2026-09-09/README.md	other	100644	14912b2f39b89aa480ba404c0bfef57fc2769a59	100644	14912b2f39b89aa480ba404c0bfef57fc2769a59	product_exact
engineering/release/publishing-surface-2026-09-09/commercial-surfaces/pricing-specimen.md	other	100644	4d4f24c8a4db9c7cbf12e1a1f90e25ab99248edb	100644	4d4f24c8a4db9c7cbf12e1a1f90e25ab99248edb	product_exact
engineering/release/publishing-surface-2026-09-09/delivery-ps-01.md	other	100644	f6cd3e1a3003387f6f42bff22e361ccfa958a6e9	100644	f6cd3e1a3003387f6f42bff22e361ccfa958a6e9	product_exact
engineering/release/publishing-surface-2026-09-09/delivery-ps-02.md	other	100644	57f829e99daf06264c74c2a3e35ca9e89d72da03	100644	57f829e99daf06264c74c2a3e35ca9e89d72da03	product_exact
engineering/release/publishing-surface-2026-09-09/explore/ex-ps1-material.md	other	100644	ad456277eda15c5683a7d0de3624dae13fd435f4	100644	ad456277eda15c5683a7d0de3624dae13fd435f4	product_exact
engineering/release/publishing-surface-2026-09-09/explore/ex-ps2-proof-patterns.md	other	100644	4a5cfcafdf53021590c5399fc8f142f4bfdcf68a	100644	4a5cfcafdf53021590c5399fc8f142f4bfdcf68a	product_exact
engineering/release/publishing-surface-2026-09-09/explore/ex-ps3-specimen-feasibility.md	other	100644	8d3135635fc5f561c18e4c3a1b4355ff89920c3a	100644	8d3135635fc5f561c18e4c3a1b4355ff89920c3a	product_exact
engineering/release/publishing-surface-2026-09-09/explore/ex-ps4-eval-surface.md	other	100644	8a9540f1bf8870d84d0921f6de6a2721ec7d0bfa	100644	8a9540f1bf8870d84d0921f6de6a2721ec7d0bfa	product_exact
engineering/release/publishing-surface-2026-09-09/inputs/commercial-surfaces-2026-09-09.md	other	100644	30bfd5e48a0c3ab4fe89c365c0ae92292039a113	100644	30bfd5e48a0c3ab4fe89c365c0ae92292039a113	product_exact
engineering/release/publishing-surface-2026-09-09/inputs/commercialization-eval-2026-09-09.md	other	100644	7e058fd2974f8e1fd177de5b9c630ac87d5c94e9	100644	7e058fd2974f8e1fd177de5b9c630ac87d5c94e9	product_exact
engineering/release/publishing-surface-2026-09-09/inputs/exa-design-index-2026-09-09.md	other	100644	9b002aca70068abcd6bc5061d5d1fafd7df925d8	100644	9b002aca70068abcd6bc5061d5d1fafd7df925d8	product_exact
engineering/release/publishing-surface-2026-09-09/intake.md	other	100644	4d4622ec5d834b57fc354063cda3e1ab87194394	100644	4d4622ec5d834b57fc354063cda3e1ab87194394	product_exact
engineering/release/publishing-surface-2026-09-09/public-copy-v2.md	other	100644	5bd5185aa0de6260e6492218f1243717355e771c	100644	5bd5185aa0de6260e6492218f1243717355e771c	product_exact
engineering/release/publishing-surface-2026-09-09/public-copy-v3.md	other	100644	6d7746327d535dd2fb093c63e79140cd4fc2e854	100644	6d7746327d535dd2fb093c63e79140cd4fc2e854	product_exact
engineering/release/publishing-surface-2026-09-09/work-orders/EX-PS1-material.md	other	100644	ac79f74084b331bb93f848fa060ecebe4df45329	100644	ac79f74084b331bb93f848fa060ecebe4df45329	product_exact
engineering/release/publishing-surface-2026-09-09/work-orders/EX-PS2-proof-patterns.md	other	100644	b9a3621499025190125508d013769f0572403cd4	100644	b9a3621499025190125508d013769f0572403cd4	product_exact
engineering/release/publishing-surface-2026-09-09/work-orders/EX-PS3-specimen-feasibility.md	other	100644	60cdcf56ed32bc31fdf4866e7e0741c540377377	100644	60cdcf56ed32bc31fdf4866e7e0741c540377377	product_exact
engineering/release/publishing-surface-2026-09-09/work-orders/EX-PS4-eval-surface.md	other	100644	936125409f5c4d020b5b45bf4f34217010d1de80	100644	936125409f5c4d020b5b45bf4f34217010d1de80	product_exact
engineering/release/publishing-surface-2026-09-09/work-orders/WO-PS-01-site.md	other	100644	bd46adac131f8de812965d67e15d42dd525dd57d	100644	bd46adac131f8de812965d67e15d42dd525dd57d	product_exact
engineering/release/publishing-surface-2026-09-09/work-orders/WO-PS-02-anatomy-pricing.md	other	100644	b4030ec3202a5d1ac35663f6dc4d2eedb834e1a3	100644	b4030ec3202a5d1ac35663f6dc4d2eedb834e1a3	product_exact
engineering/release/publishing-surface-2026-09-09/work-orders/WO-PS01-dispatch-prompt.md	other	100644	e42b59caf6509eedb0357df9a3172d8f43b673c9	100644	e42b59caf6509eedb0357df9a3172d8f43b673c9	product_exact
engineering/research/RD-001-runtime-adapter.md	other	100644	abddea74351a71c167f2887d266a0768b1b1de36	100644	abddea74351a71c167f2887d266a0768b1b1de36	product_exact
engineering/research/RD-002-commit-recovery.md	other	100644	83a85de722ff9347f19f62a2b84a670dcc639c0c	100644	83a85de722ff9347f19f62a2b84a670dcc639c0c	product_exact
engineering/research/RD-003-work-surface.md	other	100644	f1b30053d9cebcfd588099a4ac242d7ee37f65b3	100644	f1b30053d9cebcfd588099a4ac242d7ee37f65b3	product_exact
engineering/research/RD-004-harness-core-pt2-reconciliation.md	other	100644	a738ae95a72ebdb890919b3c02c051be9520a8cb	100644	a738ae95a72ebdb890919b3c02c051be9520a8cb	product_exact
engineering/research/README.md	other	100644	d49e687ae18df60b0f24d4c13e4b4437cad1cb4c	100644	d49e687ae18df60b0f24d4c13e4b4437cad1cb4c	product_exact
engineering/research/architecture-maintenance-2026-09-09/README.md	other	100644	0d511a65972faa2533a5b72904b969f7eb4d20ea	100644	0d511a65972faa2533a5b72904b969f7eb4d20ea	product_exact
engineering/research/architecture-maintenance-2026-09-09/inputs/handoff.md	other	100644	54e17cb587701e77d4a1d4a2dc47dfe3324d99d1	100644	54e17cb587701e77d4a1d4a2dc47dfe3324d99d1	product_exact
engineering/research/architecture-maintenance-2026-09-09/integration-design.md	other	100644	7c07c86b7824a1d46344177ed3fe1b736fbbf80a	100644	7c07c86b7824a1d46344177ed3fe1b736fbbf80a	product_exact
engineering/research/architecture-maintenance-2026-09-09/maintenance-contract.md	other	100644	7ec51631731ae785fea25da2d9178b3912f16a5f	100644	7ec51631731ae785fea25da2d9178b3912f16a5f	product_exact
engineering/research/architecture-maintenance-2026-09-09/pr-plan.md	other	100644	b38b0b26e3977bf7ead06a9d1694411a1b40f22b	100644	b38b0b26e3977bf7ead06a9d1694411a1b40f22b	product_exact
engineering/research/architecture-maintenance-2026-09-09/source-index.md	other	100644	516537bc7fb5e140505ff80b9f3f9dccdce96923	100644	516537bc7fb5e140505ff80b9f3f9dccdce96923	product_exact
engineering/research/architecture-maintenance-2026-09-09/source-manifest.json	other	100644	5965dc0878faccca2c41773f6ba7eb74a0fdb116	100644	5965dc0878faccca2c41773f6ba7eb74a0fdb116	product_exact
engineering/research/architecture-maintenance-2026-09-09/verification.json	other	100644	9be67f8d78b4160c8b12f78a2b32b83495820b37	100644	9be67f8d78b4160c8b12f78a2b32b83495820b37	product_exact
engineering/research/attention-2026-09-09/README.md	other	100644	44e3efd073844e610e9a9541b9f98a6d5b43e5b6	100644	44e3efd073844e610e9a9541b9f98a6d5b43e5b6	product_exact
engineering/research/attention-2026-09-09/adjudication.md	other	100644	67ac0fa084681b4ff7c939c3227e36d8441b0e12	100644	67ac0fa084681b4ff7c939c3227e36d8441b0e12	product_exact
engineering/research/attention-2026-09-09/contract-draft.md	other	100644	3477ba06617de2377b5807ba60708e734f858118	100644	3477ba06617de2377b5807ba60708e734f858118	product_exact
engineering/research/attention-2026-09-09/courtwork-pr-plan.md	other	100644	4217244f82e15288b35bfc7bf76a2fba8bf0c865	100644	4217244f82e15288b35bfc7bf76a2fba8bf0c865	product_exact
engineering/research/attention-2026-09-09/delivery-checks.md	other	100644	92f8ee812d9c518871d88553b8802127dd926794	100644	92f8ee812d9c518871d88553b8802127dd926794	product_exact
engineering/research/attention-2026-09-09/selection-index.md	other	100644	757799c4848cef3c30e06dc8ea3baaa04b8c5023	100644	757799c4848cef3c30e06dc8ea3baaa04b8c5023	product_exact
engineering/research/attention-2026-09-09/source-index.md	other	100644	faad3209707a5369dbe87cc7bef1c68009f2ecf8	100644	faad3209707a5369dbe87cc7bef1c68009f2ecf8	product_exact
engineering/research/attention-2026-09-09/verification.md	other	100644	4fd7415d8305fafae8c40c1bd5aacda58c644733	100644	4fd7415d8305fafae8c40c1bd5aacda58c644733	product_exact
engineering/research/attention-human-loop-2026-09-09/README.md	other	100644	1f7904121fb91b16ab4ee613936ac135f7130457	100644	1f7904121fb91b16ab4ee613936ac135f7130457	product_exact
engineering/research/attention-human-loop-2026-09-09/inputs/handoff.txt	other	100644	fd5319691577f7f8954443ac793558d366cd3341	100644	fd5319691577f7f8954443ac793558d366cd3341	product_exact
engineering/research/attention-human-loop-2026-09-09/source-manifest.json	other	100644	34783f154c15ec2d052f377e635840580cb77e55	100644	34783f154c15ec2d052f377e635840580cb77e55	product_exact
engineering/research/attention-human-loop-2026-09-09/sources.md	other	100644	4220f973d9c28d0a52c39ec3ceeb3e6bcdbafabb	100644	4220f973d9c28d0a52c39ec3ceeb3e6bcdbafabb	product_exact
engineering/research/attention-human-loop-2026-09-09/work-orders.md	other	100644	841f54d1e582388f621d1e0994120f1d5a1065e2	100644	841f54d1e582388f621d1e0994120f1d5a1065e2	product_exact
engineering/research/browser-capability-2026-09-09/README.md	other	100644	50297bdcb932c7b6f0a14402151edce596e7fedd	100644	50297bdcb932c7b6f0a14402151edce596e7fedd	product_exact
engineering/research/browser-capability-2026-09-09/contract-draft.md	other	100644	e41c550302292cf6615ac4cbf037fb544d14b968	100644	e41c550302292cf6615ac4cbf037fb544d14b968	product_exact
engineering/research/browser-capability-2026-09-09/pr-plan.md	other	100644	25d0f1812638632c7dc795729f98f98bbd724bea	100644	25d0f1812638632c7dc795729f98f98bbd724bea	product_exact
engineering/research/browser-capability-2026-09-09/source-index.md	other	100644	50323fbec154b082fbdb3fbb84436f55e4be5477	100644	50323fbec154b082fbdb3fbb84436f55e4be5477	product_exact
engineering/research/browser-capability-2026-09-09/source-transcript.md	other	100644	283398deee854de48c2beae2e5dce45a6347db28	100644	283398deee854de48c2beae2e5dce45a6347db28	product_exact
engineering/research/browser-capability-2026-09-09/upstream-review.md	other	100644	6bd49b183d7a85db0f6459e1af25e964a303317a	100644	6bd49b183d7a85db0f6459e1af25e964a303317a	product_exact
engineering/research/browser-capability-2026-09-09/verification.json	other	100644	e7a863564de999900c07fd079e8390f60ab57281	100644	e7a863564de999900c07fd079e8390f60ab57281	product_exact
engineering/research/chat-space-2026-09-09/README.md	other	100644	6e66117975f0445ef14371b8cd474606988bc7be	100644	6e66117975f0445ef14371b8cd474606988bc7be	product_exact
engineering/research/chat-space-2026-09-09/courtwork-mapping.md	other	100644	f6fb00f595be0b2c633a6eee122fb20c17f8cc58	100644	f6fb00f595be0b2c633a6eee122fb20c17f8cc58	product_exact
engineering/research/chat-space-2026-09-09/source-index.md	other	100644	6ba40728265104d337ae3d370c0bcd5b1c297e0c	100644	6ba40728265104d337ae3d370c0bcd5b1c297e0c	product_exact
engineering/research/data-systems-2026-09-09/README.md	other	100644	fb3deb566a17fec1a69076211184dfe26a1af61a	100644	fb3deb566a17fec1a69076211184dfe26a1af61a	product_exact
engineering/research/data-systems-2026-09-09/baseline.md	other	100644	ebc866981e6f8575f0d0bb3bef2f8f0e4a8c3597	100644	ebc866981e6f8575f0d0bb3bef2f8f0e4a8c3597	product_exact
engineering/research/data-systems-2026-09-09/inputs/deep-research-report.md	other	100644	7a1e503ed282a484ab7c2f75633b979a7c3d8d95	100644	7a1e503ed282a484ab7c2f75633b979a7c3d8d95	product_exact
engineering/research/data-systems-2026-09-09/pr-plan.md	other	100644	257830315250bdb2615930835cb4c144a02d296a	100644	257830315250bdb2615930835cb4c144a02d296a	product_exact
engineering/research/data-systems-2026-09-09/source-index.md	other	100644	6aa87ac9c31a692ed28a8a683a8d85e2b255e494	100644	6aa87ac9c31a692ed28a8a683a8d85e2b255e494	product_exact
engineering/research/data-systems-2026-09-09/source-manifest.json	other	100644	48d45f3800abe733b01ee1d3f05f550be42c8566	100644	48d45f3800abe733b01ee1d3f05f550be42c8566	product_exact
engineering/research/data-systems-2026-09-09/verification.json	other	100644	70a4a79291211f9b4c26680296b5c391c75d79b4	100644	70a4a79291211f9b4c26680296b5c391c75d79b4	product_exact
engineering/research/experts-hotplug-2026-09-08/README.md	other	100644	441256ff64698f9e414f5e722e894c8f630f78a0	100644	441256ff64698f9e414f5e722e894c8f630f78a0	product_exact
engineering/research/experts-hotplug-2026-09-08/evidence/final-review.md	other	100644	e03fe0bd009066c050e6e5d7e118caba303bae2e	100644	e03fe0bd009066c050e6e5d7e118caba303bae2e	product_exact
engineering/research/experts-hotplug-2026-09-08/evidence/local-seams.md	other	100644	7325ba4b4c4ec7a75c750315678b18ca1b9cafbc	100644	7325ba4b4c4ec7a75c750315678b18ca1b9cafbc	product_exact
engineering/research/experts-hotplug-2026-09-08/evidence/paper-validation.md	other	100644	f8f6104690ea1e37957a4282f81d2b28f8f2089f	100644	f8f6104690ea1e37957a4282f81d2b28f8f2089f	product_exact
engineering/research/experts-hotplug-2026-09-08/evidence/upstream.md	other	100644	8b1ce41beb8e9883e7157f0e1c3a63800c39d034	100644	8b1ce41beb8e9883e7157f0e1c3a63800c39d034	product_exact
engineering/research/experts-hotplug-2026-09-08/inputs/research-index.md	other	100644	40c0278b249ffd5754912e38440960a6371f4ff7	100644	40c0278b249ffd5754912e38440960a6371f4ff7	product_exact
engineering/research/experts-hotplug-2026-09-08/pr-plan.md	other	100644	ca47e0a5b8074888dfc8abbdfa858a3b53625f2d	100644	ca47e0a5b8074888dfc8abbdfa858a3b53625f2d	product_exact
engineering/research/experts-hotplug-2026-09-08/validation.md	other	100644	28e7d614b59ea3b8cd6d3134c91be66dd8b27012	100644	28e7d614b59ea3b8cd6d3134c91be66dd8b27012	product_exact
engineering/research/frontend-intake-2026-09-08/README.md	other	100644	0782185b50f068554b878661d925e2cf679f0b92	100644	0782185b50f068554b878661d925e2cf679f0b92	product_exact
engineering/research/frontend-intake-2026-09-08/evidence/final-review.md	other	100644	86981f05b28c5747012db88b5cc9f93a4e3b39e6	100644	86981f05b28c5747012db88b5cc9f93a4e3b39e6	product_exact
engineering/research/frontend-intake-2026-09-08/evidence/local.md	other	100644	92b7d5f75f850bb2ac69892d8dd7b50770006b37	100644	92b7d5f75f850bb2ac69892d8dd7b50770006b37	product_exact
engineering/research/frontend-intake-2026-09-08/evidence/upstream.md	other	100644	da0bff71cd0cec39fa8c435dd98fd27f1ccdefb2	100644	da0bff71cd0cec39fa8c435dd98fd27f1ccdefb2	product_exact
engineering/research/frontend-intake-2026-09-08/inputs/discussion.txt	other	100644	648e34ce204daa470214937eccc21991e8b8ee76	100644	648e34ce204daa470214937eccc21991e8b8ee76	product_exact
engineering/research/frontend-spec-review-2026-09-08/README.md	other	100644	7f8401048dbfb6bbe324dca3f8a8d3eea6d7dc9b	100644	7f8401048dbfb6bbe324dca3f8a8d3eea6d7dc9b	product_exact
engineering/research/frontend-spec-review-2026-09-08/candidate-v0.1.md	other	100644	94c0577c8b72e896c67d90beb72ebcb731c150d6	100644	94c0577c8b72e896c67d90beb72ebcb731c150d6	product_exact
engineering/research/local-governance-2026-09-09/README.md	other	100644	c04d1c7b6d2d49dacf3e5dac6393808ec8d8e11d	100644	c04d1c7b6d2d49dacf3e5dac6393808ec8d8e11d	product_exact
engineering/research/local-governance-2026-09-09/benchmark-plan.md	other	100644	3d7dd778c788e59a53fe02baec7497c61fbc7c3e	100644	3d7dd778c788e59a53fe02baec7497c61fbc7c3e	product_exact
engineering/research/local-governance-2026-09-09/pr-plan.md	other	100644	7d303c07c8053761597d690a217c69fa7b30d516	100644	7d303c07c8053761597d690a217c69fa7b30d516	product_exact
engineering/research/local-governance-2026-09-09/runtime-roadmap.md	other	100644	919caf081f77915012520c5e74a003dc054911ae	100644	919caf081f77915012520c5e74a003dc054911ae	product_exact
engineering/research/local-governance-2026-09-09/source-index.md	other	100644	52b2b0a8c5140a919751a6efc30dfbd67e70f81c	100644	52b2b0a8c5140a919751a6efc30dfbd67e70f81c	product_exact
engineering/research/local-governance-2026-09-09/source-manifest.json	other	100644	2437d04e5d5ab48b51d455d986156e962fd9e0d8	100644	2437d04e5d5ab48b51d455d986156e962fd9e0d8	product_exact
engineering/research/local-governance-2026-09-09/verification.json	other	100644	88e91e99f2d9d60e8031095c30f9cd5b43931866	100644	88e91e99f2d9d60e8031095c30f9cd5b43931866	product_exact
engineering/research/longlife-2026-09-08/README.md	other	100644	6c0c90ee518fb72028ca52b962cd6fe96d18f8ee	100644	6c0c90ee518fb72028ca52b962cd6fe96d18f8ee	product_exact
engineering/research/longlife-2026-09-08/evidence/final-review.md	other	100644	000c878856f72232824eb8b4603b7fbf89539bfa	100644	000c878856f72232824eb8b4603b7fbf89539bfa	product_exact
engineering/research/longlife-2026-09-08/evidence/local-coverage.md	other	100644	f8bd29875eaff049fb880d384b85b2024efec662	100644	f8bd29875eaff049fb880d384b85b2024efec662	product_exact
engineering/research/longlife-2026-09-08/evidence/paper-coverage.md	other	100644	878eaba06f0f5563224b56dbedce3a236ed9bd00	100644	878eaba06f0f5563224b56dbedce3a236ed9bd00	product_exact
engineering/research/longlife-2026-09-08/evidence/upstream.md	other	100644	36b9394325b150ebc29a77c5c3c8d3f6378b0eed	100644	36b9394325b150ebc29a77c5c3c8d3f6378b0eed	product_exact
engineering/research/markdown-review-2026-09-10/README.md	other	100644	a322d9283bd9793571536d35b8b4f8fd66900964	100644	a322d9283bd9793571536d35b8b4f8fd66900964	product_exact
engineering/research/markdown-review-2026-09-10/architecture.md	other	100644	f1e2155486afbca5cc3dde827e7ef7f7253e7805	100644	f1e2155486afbca5cc3dde827e7ef7f7253e7805	product_exact
engineering/research/markdown-review-2026-09-10/inputs/conversation.txt	other	100644	5e4eabe2b18849f9190832db2a6dd38ffa26760f	100644	5e4eabe2b18849f9190832db2a6dd38ffa26760f	product_exact
engineering/research/markdown-review-2026-09-10/luna-seams.md	other	100644	4178d3f20f81e895afd624a061c35f033d11cf6f	100644	4178d3f20f81e895afd624a061c35f033d11cf6f	product_exact
engineering/research/markdown-review-2026-09-10/luna-sources.md	other	100644	41b8f16f31d0c485892dee9cede8b97e386e7cdc	100644	41b8f16f31d0c485892dee9cede8b97e386e7cdc	product_exact
engineering/research/markdown-review-2026-09-10/source-manifest.json	other	100644	53ccaf9803151fe60a5651e373a0dd3ad66b4494	100644	53ccaf9803151fe60a5651e373a0dd3ad66b4494	product_exact
engineering/research/markdown-review-2026-09-10/sources.md	other	100644	c826d13115027c6175df0695a1b71a9b5457004f	100644	c826d13115027c6175df0695a1b71a9b5457004f	product_exact
engineering/research/markdown-review-2026-09-10/work-orders.md	other	100644	a32b5ca0156582f144c6be46a775eb10de38d929	100644	a32b5ca0156582f144c6be46a775eb10de38d929	product_exact
engineering/research/multi-agent-2026-09-10/README.md	other	100644	7e8ec8b765e82926536fdb3f61c5015501574abd	100644	7e8ec8b765e82926536fdb3f61c5015501574abd	product_exact
engineering/research/multi-agent-2026-09-10/contract-draft.md	other	100644	da8b70460b53efda620839cff27b6924412f82ab	100644	da8b70460b53efda620839cff27b6924412f82ab	product_exact
engineering/research/multi-agent-2026-09-10/inputs/01-domain-proposal.txt	other	100644	bd778390be7fba9c117ca7e0ac3413898b85c9de	100644	bd778390be7fba9c117ca7e0ac3413898b85c9de	product_exact
engineering/research/multi-agent-2026-09-10/inputs/02-selection-proposal.txt	other	100644	f6ee32aaf0db8275d331de4b5dcc9f09ec475492	100644	f6ee32aaf0db8275d331de4b5dcc9f09ec475492	product_exact
engineering/research/multi-agent-2026-09-10/local-handoff.md	other	100644	c8c811994a5ec1f0d600ed2ae93cb2e294644af1	100644	c8c811994a5ec1f0d600ed2ae93cb2e294644af1	product_exact
engineering/research/multi-agent-2026-09-10/round2/README.md	other	100644	86607c544d86f486ba4bcbd6d4faa54dc4699748	100644	86607c544d86f486ba4bcbd6d4faa54dc4699748	product_exact
engineering/research/multi-agent-2026-09-10/round2/WO-MA2-01-backend-tests.md	other	100644	3cb827cadd90b31c1d2c4eec8aefda8d6cc50b09	100644	3cb827cadd90b31c1d2c4eec8aefda8d6cc50b09	product_exact
engineering/research/multi-agent-2026-09-10/round2/WO-MA2-02-frontend-consumer.md	other	100644	cc0c375e42ad7c18d809b3ee1472dc70ed50863b	100644	cc0c375e42ad7c18d809b3ee1472dc70ed50863b	product_exact
engineering/research/multi-agent-2026-09-10/round2/delivery-ma2-01.md	other	100644	c477b735456f29701a03afb2bcf1b702032beb9b	100644	c477b735456f29701a03afb2bcf1b702032beb9b	product_exact
engineering/research/multi-agent-2026-09-10/round2/delivery-ma2-02.md	other	100644	e3cdb2327e1c9ad8adfb35790e639a19602a3a62	100644	e3cdb2327e1c9ad8adfb35790e639a19602a3a62	product_exact
engineering/research/multi-agent-2026-09-10/round2/explore/ex-ma-r1-backend-testability.md	other	100644	4856ada323541fe9df46bb8ec424223cb909d352	100644	4856ada323541fe9df46bb8ec424223cb909d352	product_exact
engineering/research/multi-agent-2026-09-10/round2/explore/ex-ma-r2-pi-0851-lane.md	other	100644	86c1094242b99bd3b158fda183c4dd05e1712fb4	100644	86c1094242b99bd3b158fda183c4dd05e1712fb4	product_exact
engineering/research/multi-agent-2026-09-10/round2/explore/ex-ma-r3-frontend-seams.md	other	100644	40c3cc53bc32deb2f2a8f5c7e8d9c53364a301f6	100644	40c3cc53bc32deb2f2a8f5c7e8d9c53364a301f6	product_exact
engineering/research/multi-agent-2026-09-10/round2/explore/ex-ma-r4-design-grammar.md	other	100644	f8da51139bad863e2cac097a4c775b8e9c951cde	100644	f8da51139bad863e2cac097a4c775b8e9c951cde	product_exact
engineering/research/multi-agent-2026-09-10/runtime-matrix.md	other	100644	b54b219b391ead4b44260afc30413556405868a8	100644	b54b219b391ead4b44260afc30413556405868a8	product_exact
engineering/research/multi-agent-2026-09-10/selection-index.md	other	100644	600522c1fe841c343a9a7c6c33bb0a0bd7a7f3ac	100644	600522c1fe841c343a9a7c6c33bb0a0bd7a7f3ac	product_exact
engineering/research/multi-agent-2026-09-10/source-index.md	other	100644	fc484bcd817a7fd2767faec036232007cc012600	100644	fc484bcd817a7fd2767faec036232007cc012600	product_exact
engineering/research/multi-agent-2026-09-10/source-manifest.json	other	100644	42ba716b4472212192ae74b0253e29a150179eae	100644	42ba716b4472212192ae74b0253e29a150179eae	product_exact
engineering/research/multi-agent-2026-09-10/verification.md	other	100644	0b1746bbc1aac431422b7bcc55acbf983cddbb13	100644	0b1746bbc1aac431422b7bcc55acbf983cddbb13	product_exact
engineering/research/multi-experts-2026-09-10/README.md	other	100644	704eb2babc69393e457c38a8951e95db9ea09c67	100644	704eb2babc69393e457c38a8951e95db9ea09c67	product_exact
engineering/research/multi-experts-2026-09-10/benchmark-plan.md	other	100644	12dbc7fb9e7658e73737f1df1b44b89ed8425c7f	100644	12dbc7fb9e7658e73737f1df1b44b89ed8425c7f	product_exact
engineering/research/multi-experts-2026-09-10/exploration.md	other	100644	ea48758643e4e32c6efc7a54a9dbcfa799abee77	100644	ea48758643e4e32c6efc7a54a9dbcfa799abee77	product_exact
engineering/research/multi-experts-2026-09-10/inputs/conversation.json	other	100644	b2deecd591ebbfb0927513e670816cafd77645b4	100644	b2deecd591ebbfb0927513e670816cafd77645b4	product_exact
engineering/research/multi-experts-2026-09-10/integration-design.md	other	100644	595047b8e7930aaa791ebb8b21ea4f321e305bd1	100644	595047b8e7930aaa791ebb8b21ea4f321e305bd1	product_exact
engineering/research/multi-experts-2026-09-10/narrative.md	other	100644	433c482136fa4f9ca727934e789ec28b76bfb7fb	100644	433c482136fa4f9ca727934e789ec28b76bfb7fb	product_exact
engineering/research/multi-experts-2026-09-10/pr-plan.md	other	100644	1aecab510ccd3a9d262966df21c52088b4187949	100644	1aecab510ccd3a9d262966df21c52088b4187949	product_exact
engineering/research/multi-experts-2026-09-10/pull-request.md	other	100644	c7539510646495e796d053cb81ae0fb973b41552	100644	c7539510646495e796d053cb81ae0fb973b41552	product_exact
engineering/research/multi-experts-2026-09-10/selection-index.md	other	100644	2fe8804e6c7261e3f4ad8c49abd486ce92592102	100644	2fe8804e6c7261e3f4ad8c49abd486ce92592102	product_exact
engineering/research/multi-experts-2026-09-10/source-index.md	other	100644	9e3101c6a2d541be68023887704436bd78e5a3a2	100644	9e3101c6a2d541be68023887704436bd78e5a3a2	product_exact
engineering/research/multi-experts-2026-09-10/source-manifest.json	other	100644	4e7013297fa7972a3635bdfee603fdad879a2249	100644	4e7013297fa7972a3635bdfee603fdad879a2249	product_exact
engineering/research/multi-experts-2026-09-10/turn-ledger.md	other	100644	a6722594b8e3ea3069980d49545a60643686ddbc	100644	a6722594b8e3ea3069980d49545a60643686ddbc	product_exact
engineering/research/multi-experts-2026-09-10/verification.md	other	100644	6a2c0573cf5504d17a37acb0ff3a69481ceb988a	100644	6a2c0573cf5504d17a37acb0ff3a69481ceb988a	product_exact
engineering/research/multi-experts-2026-09-10/verify-intake.py	other	100644	fdc2f38808432576c8308105abf726c6af4e836d	100644	fdc2f38808432576c8308105abf726c6af4e836d	product_exact
engineering/research/review-surface-2026-09-09/README.md	other	100644	8076fb7876e83f5afafa77da0805a098a4464c75	100644	8076fb7876e83f5afafa77da0805a098a4464c75	product_exact
engineering/research/review-surface-2026-09-09/pr-plan.md	other	100644	5be1c8737ff505f124d2c4de508def0b6550528b	100644	5be1c8737ff505f124d2c4de508def0b6550528b	product_exact
engineering/research/review-surface-2026-09-09/source-index.md	other	100644	d66975a6aa9ad43e2d54f8b5cff09133e7fd897d	100644	d66975a6aa9ad43e2d54f8b5cff09133e7fd897d	product_exact
engineering/research/se-continuity-2026-09-08/README.md	other	100644	8c3c82406aa82ce900114f69346eb5f3e469a349	100644	8c3c82406aa82ce900114f69346eb5f3e469a349	product_exact
engineering/research/se-continuity-2026-09-08/next-capability.md	other	100644	748ffafbe722f5281400eb7bc5536fa38a2d49a9	100644	748ffafbe722f5281400eb7bc5536fa38a2d49a9	product_exact
engineering/research/se-continuity-2026-09-08/pro-review-handoff.md	other	100644	27310926da152f231b7ca153430201df7c85fbf0	100644	27310926da152f231b7ca153430201df7c85fbf0	product_exact
engineering/research/teamai-2026-09-09/README.md	other	100644	dca9bf38dbdfeec1e8bdba60c4ef6e2edda8356d	100644	dca9bf38dbdfeec1e8bdba60c4ef6e2edda8356d	product_exact
engineering/research/teamai-2026-09-09/attention-delta.md	other	100644	72a7fdc0b62ef49276783821b9579f08191914d1	100644	72a7fdc0b62ef49276783821b9579f08191914d1	product_exact
engineering/research/teamai-2026-09-09/courtwork-mapping.md	other	100644	c10f861e18aca88454c4350b93b96e067ce9297c	100644	c10f861e18aca88454c4350b93b96e067ce9297c	product_exact
engineering/research/teamai-2026-09-09/upstream-index.md	other	100644	8d0e137ab311b25f9daf0017118d8c92c7619bd4	100644	8d0e137ab311b25f9daf0017118d8c92c7619bd4	product_exact
engineering/research/ux-polish-2026-09-08/README.md	other	100644	2355903c73f138216960ae9825fcea0bc556e4a7	100644	2355903c73f138216960ae9825fcea0bc556e4a7	product_exact
engineering/research/ux-polish-2026-09-08/astra-polish-plan.md	other	100644	ce0c75b08a9ecbd12ce0dc5d1f282548569649d9	100644	ce0c75b08a9ecbd12ce0dc5d1f282548569649d9	product_exact
engineering/research/ux-polish-2026-09-08/evidence/current.md	other	100644	497d0c1d7e138ff2bb91be8b91d17f9a91cebb0a	100644	497d0c1d7e138ff2bb91be8b91d17f9a91cebb0a	product_exact
engineering/research/ux-polish-2026-09-08/evidence/motion-index.md	other	100644	4b18e02fc9607390f96b688efaa3b8800fddae56	100644	4b18e02fc9607390f96b688efaa3b8800fddae56	product_exact
engineering/research/ux-polish-2026-09-08/evidence/motion-official.md	other	100644	ef79e0cfaba745d3de0e21e8a67caf5cee1c3a1a	100644	ef79e0cfaba745d3de0e21e8a67caf5cee1c3a1a	product_exact
engineering/research/ux-polish-2026-09-08/evidence/upstream.md	other	100644	7f95615a7faf34940fe453d9dd5c86a7775baa4d	100644	7f95615a7faf34940fe453d9dd5c86a7775baa4d	product_exact
engineering/research/ux-polish-2026-09-08/evidence/validation.md	other	100644	ae21d279cfb4096bf434c8841c1b2d32edba718f	100644	ae21d279cfb4096bf434c8841c1b2d32edba718f	product_exact
engineering/research/ux-polish-2026-09-08/index.md	other	100644	04655fdba6d15749ad27b9e1f673159d0a8d20ad	100644	04655fdba6d15749ad27b9e1f673159d0a8d20ad	product_exact
engineering/reviews/2026-09-10/README.md	other	100644	8aca896c8897f90cd2d686862f4b469958972690	100644	8aca896c8897f90cd2d686862f4b469958972690	product_exact
engineering/reviews/2026-09-10/baseline.json	other	100644	b23ac2367ffe38810e06413f16c172608f6e4060	100644	b23ac2367ffe38810e06413f16c172608f6e4060	product_exact
engineering/reviews/2026-09-10/courtwork-implementation-plan-20260910/BACKLOG-DISPOSITION.md	other	100644	171b93992fbce2fa2c609ff669adbfd42a4f687a	100644	171b93992fbce2fa2c609ff669adbfd42a4f687a	product_exact
engineering/reviews/2026-09-10/courtwork-implementation-plan-20260910/IMPLEMENTATION-PLAN.md	other	100644	5106deabc025928bbf6778d25a1520afa663c4be	100644	5106deabc025928bbf6778d25a1520afa663c4be	product_exact
engineering/reviews/2026-09-10/courtwork-implementation-plan-20260910/PACKAGE-VERIFICATION.json	other	100644	115a96843519b5a9dd8b8b6e1c05dace247b4b9f	100644	115a96843519b5a9dd8b8b6e1c05dace247b4b9f	product_exact
engineering/reviews/2026-09-10/courtwork-implementation-plan-20260910/README.md	other	100644	aef42aa46f9bd5dd078c68af7a43b5a28e75407d	100644	aef42aa46f9bd5dd078c68af7a43b5a28e75407d	product_exact
engineering/reviews/2026-09-10/courtwork-implementation-plan-20260910/SHA256SUMS.txt	other	100644	3a71e0d8551fbe9b299d35b2582229a86d25db80	100644	3a71e0d8551fbe9b299d35b2582229a86d25db80	product_exact
engineering/reviews/2026-09-10/courtwork-implementation-plan-20260910/SOURCE-INDEX.md	other	100644	0642c914e34c93e34d4d74b76e455dd54dcfd0e8	100644	0642c914e34c93e34d4d74b76e455dd54dcfd0e8	product_exact
engineering/reviews/2026-09-10/courtwork-implementation-plan-20260910/contracts/PROPOSED-DTOS.md	other	100644	fc65e1cfceb4b95ca344442546153d5ce085ac9f	100644	fc65e1cfceb4b95ca344442546153d5ce085ac9f	product_exact
engineering/reviews/2026-09-10/courtwork-implementation-plan-20260910/evidence/README.md	other	100644	cbcdd092a75d2892bf68e8a21d6038dc84c63457	100644	cbcdd092a75d2892bf68e8a21d6038dc84c63457	product_exact
engineering/reviews/2026-09-10/courtwork-implementation-plan-20260910/evidence/core-client-lifecycle-result.json	other	100644	00dae01ae609332c80adf691969309029cb9c1a0	100644	00dae01ae609332c80adf691969309029cb9c1a0	product_exact
engineering/reviews/2026-09-10/courtwork-implementation-plan-20260910/scripts/core-client-lifecycle.mjs	other	100644	4e42f2dcca71e425faf9661b0de725035ef34b67	100644	4e42f2dcca71e425faf9661b0de725035ef34b67	product_exact
engineering/reviews/2026-09-10/courtwork-implementation-plan-20260910/scripts/preflight.sh	other	100755	a14648a593f3e4bd0a75ec4de4b57f1512be561c	100755	a14648a593f3e4bd0a75ec4de4b57f1512be561c	product_exact
engineering/reviews/2026-09-10/courtwork-implementation-plan-20260910/tickets.json	other	100644	097a4ebd04991a9f3d8e8045d67e62fe4012334a	100644	097a4ebd04991a9f3d8e8045d67e62fe4012334a	product_exact
engineering/reviews/2026-09-10/courtwork-implementation-plan-20260910/work-orders/RV26-00.md	other	100644	90cf0c5aee12fe1b504d08dad3767236caccb3cd	100644	90cf0c5aee12fe1b504d08dad3767236caccb3cd	product_exact
engineering/reviews/2026-09-10/courtwork-implementation-plan-20260910/work-orders/RV26-AT01.md	other	100644	30a18f8d8ca4596f8c99324534fef1a4e3093759	100644	30a18f8d8ca4596f8c99324534fef1a4e3093759	product_exact
engineering/reviews/2026-09-10/courtwork-implementation-plan-20260910/work-orders/RV26-AT02.md	other	100644	580f7827abd7ce65dbd11784aa0773c16d1559b8	100644	580f7827abd7ce65dbd11784aa0773c16d1559b8	product_exact
engineering/reviews/2026-09-10/courtwork-implementation-plan-20260910/work-orders/RV26-EV01.md	other	100644	d90c07c64b942012a322e39e9f216b4410457d01	100644	d90c07c64b942012a322e39e9f216b4410457d01	product_exact
engineering/reviews/2026-09-10/courtwork-implementation-plan-20260910/work-orders/RV26-FE01.md	other	100644	e8bba87bf3a32ae80ffe0caa25e7154920ea2dd5	100644	e8bba87bf3a32ae80ffe0caa25e7154920ea2dd5	product_exact
engineering/reviews/2026-09-10/courtwork-implementation-plan-20260910/work-orders/RV26-FE02.md	other	100644	16e15806562e5d9a4f5c2706747a98e1b5bc6611	100644	16e15806562e5d9a4f5c2706747a98e1b5bc6611	product_exact
engineering/reviews/2026-09-10/courtwork-implementation-plan-20260910/work-orders/RV26-FE03.md	other	100644	4e7f7c8364348d3025ad78c9a577281f27f2514c	100644	4e7f7c8364348d3025ad78c9a577281f27f2514c	product_exact
engineering/reviews/2026-09-10/courtwork-implementation-plan-20260910/work-orders/RV26-FE04.md	other	100644	0e90262098ce9f90ffc75882fd7cb003abbe9b14	100644	0e90262098ce9f90ffc75882fd7cb003abbe9b14	product_exact
engineering/reviews/2026-09-10/courtwork-implementation-plan-20260910/work-orders/RV26-HC01.md	other	100644	5f2c582f96af76ce4d92d73ec5b46c38865cdf1d	100644	5f2c582f96af76ce4d92d73ec5b46c38865cdf1d	product_exact
engineering/reviews/2026-09-10/courtwork-implementation-plan-20260910/work-orders/RV26-HC02.md	other	100644	fd3a47d60224687605d773c4daac5d85a661ce99	100644	fd3a47d60224687605d773c4daac5d85a661ce99	product_exact
engineering/reviews/2026-09-10/courtwork-implementation-plan-20260910/work-orders/RV26-HC03.md	other	100644	b2e7dec1a462cd456e8aea13b6cba0ecb8092b90	100644	b2e7dec1a462cd456e8aea13b6cba0ecb8092b90	product_exact
engineering/reviews/2026-09-10/courtwork-implementation-plan-20260910/work-orders/RV26-HC04.md	other	100644	e72eacb04ae0196777cbdf0735453757a211f9f2	100644	e72eacb04ae0196777cbdf0735453757a211f9f2	product_exact
engineering/reviews/2026-09-10/courtwork-implementation-plan-20260910/work-orders/RV26-LG00.md	other	100644	84bc69367cf2b5846859cf8eaea19935e92d9f34	100644	84bc69367cf2b5846859cf8eaea19935e92d9f34	product_exact
engineering/reviews/2026-09-10/courtwork-implementation-plan-20260910/work-orders/RV26-LG01A.md	other	100644	dbd1a2d336f6a17b897186be623d75210d73c71a	100644	dbd1a2d336f6a17b897186be623d75210d73c71a	product_exact
engineering/reviews/2026-09-10/courtwork-implementation-plan-20260910/work-orders/RV26-LG01B.md	other	100644	f45bf41ab58129b90cfc25fafa7e053bb2a9131e	100644	f45bf41ab58129b90cfc25fafa7e053bb2a9131e	product_exact
engineering/reviews/2026-09-10/courtwork-implementation-plan-20260910/work-orders/RV26-LG01C.md	other	100644	45ada037f4c99ea2c21286f43e3feb3a525c9580	100644	45ada037f4c99ea2c21286f43e3feb3a525c9580	product_exact
engineering/reviews/2026-09-10/courtwork-implementation-plan-20260910/work-orders/RV26-LG02A.md	other	100644	bbeeb21cfe4f480a97328a69f170b606e67b77fb	100644	bbeeb21cfe4f480a97328a69f170b606e67b77fb	product_exact
engineering/reviews/2026-09-10/courtwork-implementation-plan-20260910/work-orders/RV26-LG02B.md	other	100644	5a9ed7fccbea80a4f5a808051a78ee538c7d92dc	100644	5a9ed7fccbea80a4f5a808051a78ee538c7d92dc	product_exact
engineering/reviews/2026-09-10/courtwork-implementation-plan-20260910/work-orders/RV26-LG04.md	other	100644	bb8e5abb8bb3319d23b1076be358f2566def8e29	100644	bb8e5abb8bb3319d23b1076be358f2566def8e29	product_exact
engineering/reviews/2026-09-10/courtwork-implementation-plan-20260910/work-orders/RV26-OPT01.md	other	100644	2578192f6ce8d9b7953f9bd9d9f9c8d4cf6c06c7	100644	2578192f6ce8d9b7953f9bd9d9f9c8d4cf6c06c7	product_exact
engineering/reviews/2026-09-10/courtwork-implementation-plan-20260910/work-orders/RV26-OPT02.md	other	100644	782138bcd506d5dc06bcccbac6e77622e3402a8b	100644	782138bcd506d5dc06bcccbac6e77622e3402a8b	product_exact
engineering/reviews/2026-09-10/courtwork-implementation-plan-20260910/work-orders/RV26-OPT03.md	other	100644	2707ecc8888341d6143afacc65566bcf872d85f3	100644	2707ecc8888341d6143afacc65566bcf872d85f3	product_exact
engineering/reviews/2026-09-10/courtwork-implementation-plan-20260910/work-orders/RV26-OPT04.md	other	100644	01e7ea50550b2e3a537ce6ed609cf9aa93a08b04	100644	01e7ea50550b2e3a537ce6ed609cf9aa93a08b04	product_exact
engineering/reviews/2026-09-10/courtwork-implementation-plan-20260910/work-orders/RV26-OPT05.md	other	100644	240aaff139a07f145025e4b27b81bf8de9f8982d	100644	240aaff139a07f145025e4b27b81bf8de9f8982d	product_exact
engineering/reviews/2026-09-10/courtwork-implementation-plan-20260910/work-orders/RV26-OUT01.md	other	100644	6afa34060b765e4ed16331ea9105f2db8bac7437	100644	6afa34060b765e4ed16331ea9105f2db8bac7437	product_exact
engineering/reviews/2026-09-10/courtwork-implementation-plan-20260910/work-orders/RV26-PV01.md	other	100644	8dfea6fcb6b65920735ee3a43b987b3b97132a31	100644	8dfea6fcb6b65920735ee3a43b987b3b97132a31	product_exact
engineering/reviews/2026-09-10/courtwork-implementation-plan-20260910/work-orders/RV26-Q01.md	other	100644	edc3e74d867fe142ccb33edcbc5a66b5f498b58a	100644	edc3e74d867fe142ccb33edcbc5a66b5f498b58a	product_exact
engineering/reviews/2026-09-10/courtwork-implementation-plan-20260910/work-orders/RV26-Q02.md	other	100644	f973a3fce4741a711a76f9609edb7e76f56e25d3	100644	f973a3fce4741a711a76f9609edb7e76f56e25d3	product_exact
engineering/reviews/2026-09-10/courtwork-implementation-plan-20260910/work-orders/RV26-Q03.md	other	100644	03f1019de814b5d171bc58e0ca05eae425cc010c	100644	03f1019de814b5d171bc58e0ca05eae425cc010c	product_exact
engineering/reviews/2026-09-10/courtwork-implementation-plan-20260910/work-orders/RV26-Q04.md	other	100644	c8453cac68d805e55b77469d3d899e31c2f4c1ad	100644	c8453cac68d805e55b77469d3d899e31c2f4c1ad	product_exact
engineering/reviews/2026-09-10/courtwork-implementation-plan-20260910/work-orders/RV26-Q05.md	other	100644	04c98b0f395d0265817cf2e4b3444b697b920bcd	100644	04c98b0f395d0265817cf2e4b3444b697b920bcd	product_exact
engineering/reviews/2026-09-10/courtwork-implementation-plan-20260910/work-orders/RV26-REL01.md	other	100644	0bb9862ba4488b9da8777a2d38e16e3e6e22e575	100644	0bb9862ba4488b9da8777a2d38e16e3e6e22e575	product_exact
engineering/reviews/2026-09-10/courtwork-implementation-plan-20260910/work-orders/RV26-SP01.md	other	100644	a6210af07da903b9e70b452aa1e0d9705aa1a738	100644	a6210af07da903b9e70b452aa1e0d9705aa1a738	product_exact
engineering/reviews/2026-09-10/dispatch.json	other	100644	8da0a79aee599c71b783ad308c9d61aa75ecef54	100644	8da0a79aee599c71b783ad308c9d61aa75ecef54	product_exact
engineering/reviews/2026-09-10/q02/README.md	other	100644	54756ee8b691c879579bd17eb25ae33b8991ce4a	100644	54756ee8b691c879579bd17eb25ae33b8991ce4a	product_exact
engineering/reviews/2026-09-10/verify-ledger.mjs	other	100644	3fe3a5670f7c1990aac92d11fb8407f979997d49	100644	3fe3a5670f7c1990aac92d11fb8407f979997d49	product_exact
engineering/roadmap.md	other	100644	b44bde9e5ad2de90762150420589aa1bb4f2354d	100644	b44bde9e5ad2de90762150420589aa1bb4f2354d	product_exact
evidence/README.md	other	100644	f07af36561bd541f858e7cd8e7d9e5e4bd0c48b3	100644	f07af36561bd541f858e7cd8e7d9e5e4bd0c48b3	product_exact
evidence/async-loop-20260909/README.md	other	100644	861f622b55b87e87e1fd7f599bf04cf69311ecc1	100644	861f622b55b87e87e1fd7f599bf04cf69311ecc1	product_exact
evidence/async-loop-20260909/boundaries-independent/README.md	other	100644	7c645c52e216bee4446514d9cb115dfcd34010c1	100644	7c645c52e216bee4446514d9cb115dfcd34010c1	product_exact
evidence/async-loop-20260909/boundaries-independent/wrapper-policy-corrected-red.log	other	100644	75525bc2239f9da5b708f8876dd1276238b1cca7	100644	75525bc2239f9da5b708f8876dd1276238b1cca7	product_exact
evidence/async-loop-20260909/boundaries-independent/wrapper-policy-green.log	other	100644	22b32bbc5a9646a87fe33d6a552f0c1f25a5ebc8	100644	22b32bbc5a9646a87fe33d6a552f0c1f25a5ebc8	product_exact
evidence/async-loop-20260909/boundaries-independent/wrapper-policy-red.log	other	100644	5a7089be3c465075eee7dddb33d74d3f66eee592	100644	5a7089be3c465075eee7dddb33d74d3f66eee592	product_exact
evidence/async-loop-20260909/fixture-independent/README.md	other	100644	2f44321959a623aad61181ab3207aba0bc141cc0	100644	2f44321959a623aad61181ab3207aba0bc141cc0	product_exact
evidence/async-loop-20260909/fixture-independent/verify.mjs	other	100644	08f2825e4f8e05725b5c2c9ccdb958b2ecdd5cab	100644	08f2825e4f8e05725b5c2c9ccdb958b2ecdd5cab	product_exact
evidence/async-loop-20260909/fixture/README.md	other	100644	807bbc388045a15f52972628e67c78ba1bde8695	100644	807bbc388045a15f52972628e67c78ba1bde8695	product_exact
evidence/async-loop-20260909/integration/author-tests-b4c98d4.log	other	100644	6a9d56f2ea10b2e29e56bcf73953ff4da88e28ec	100644	6a9d56f2ea10b2e29e56bcf73953ff4da88e28ec	product_exact
evidence/async-loop-20260909/integration/final-smoke.log	other	100644	94693eb2daccc61842c4c1351d2287f484615702	100644	94693eb2daccc61842c4c1351d2287f484615702	product_exact
evidence/async-loop-20260909/integration/final-tests.log	other	100644	0e21bca942125379b5d4e38308dafe4bcdeecfb4	100644	0e21bca942125379b5d4e38308dafe4bcdeecfb4	product_exact
evidence/async-loop-20260909/integration/fixture-independent.json	other	100644	632a4760dc3ab93456a1f246dbe125509d8662d2	100644	632a4760dc3ab93456a1f246dbe125509d8662d2	product_exact
evidence/async-loop-20260909/integration/protocol-independent.json	other	100644	c8ab7ee87ff528d9c521d69a1eae14fdd897233d	100644	c8ab7ee87ff528d9c521d69a1eae14fdd897233d	product_exact
evidence/async-loop-20260909/integration/smoke-35f4bf0.log	other	100644	94693eb2daccc61842c4c1351d2287f484615702	100644	94693eb2daccc61842c4c1351d2287f484615702	product_exact
evidence/async-loop-20260909/protocol-independent/README.md	other	100644	c85bfea2765ad879743c7ff96a1c8bc693d7ae66	100644	c85bfea2765ad879743c7ff96a1c8bc693d7ae66	product_exact
evidence/async-loop-20260909/protocol-independent/run-modern-legacy.mjs	other	100644	cde8c9e64c45cad11a57496cab1d2aed597d0de8	100644	cde8c9e64c45cad11a57496cab1d2aed597d0de8	product_exact
evidence/async-loop-20260909/protocol/README.md	other	100644	e80dc06d4fb18cb0e86ec6007c832b4468b2b817	100644	e80dc06d4fb18cb0e86ec6007c832b4468b2b817	product_exact
evidence/async-loop-20260909/recovery-independent/README.md	other	100644	ad43d039d654821fb42a03313ae4d6c732a49a62	100644	ad43d039d654821fb42a03313ae4d6c732a49a62	product_exact
evidence/async-loop-20260910/README.md	other	100644	0971854177d6c06702415722a0bce8ac9d0f042e	100644	0971854177d6c06702415722a0bce8ac9d0f042e	product_exact
evidence/async-loop-20260910/task-view-integration/README.md	other	100644	7d0a8c6c5c033255db6599dffa8c196eb1beb1f4	100644	7d0a8c6c5c033255db6599dffa8c196eb1beb1f4	product_exact
evidence/async-loop-20260910/task-view-integration/independent.log	other	100644	6f0f093ce2cf22c65d59097238371a4e506351ca	100644	6f0f093ce2cf22c65d59097238371a4e506351ca	product_exact
evidence/async-loop-20260910/task-view-integration/independent.test.mjs	other	100644	74fd0c2bc1837ab840588a0ebf9463e90b031b38	100644	74fd0c2bc1837ab840588a0ebf9463e90b031b38	product_exact
evidence/async-loop-20260910/task-view-integration/smoke.log	other	100644	94693eb2daccc61842c4c1351d2287f484615702	100644	94693eb2daccc61842c4c1351d2287f484615702	product_exact
evidence/async-loop-20260910/task-view-integration/tests.log	other	100644	5f63ee915083978d9f184c24e504056b09b27831	100644	5f63ee915083978d9f184c24e504056b09b27831	product_exact
evidence/async-loop-20260910/task-view/README.md	other	100644	946af7a9213f15c8c66e836422912a661cdc9b14	100644	946af7a9213f15c8c66e836422912a661cdc9b14	product_exact
evidence/async-loop-20260910/task-view/capture-packets.mjs	other	100644	fb2afbef62e742c8b6757aede7fdbe37a4199f9c	100644	fb2afbef62e742c8b6757aede7fdbe37a4199f9c	product_exact
evidence/async-loop-20260910/task-view/capture-summary.txt	other	100644	db7b685450a924fa9cd1f4ad8a7dc40d3238e847	100644	db7b685450a924fa9cd1f4ad8a7dc40d3238e847	product_exact
evidence/async-loop-20260910/task-view/compat-matrix.log	other	100644	1be22d508a9d93b5c54262efc78b5b603125d959	100644	1be22d508a9d93b5c54262efc78b5b603125d959	product_exact
evidence/async-loop-20260910/task-view/compat-matrix.mjs	other	100644	b64c7ca97e129e4ba266bea4da89bcee0ed7b688	100644	b64c7ca97e129e4ba266bea4da89bcee0ed7b688	product_exact
evidence/async-loop-20260910/task-view/full-tests.log	other	100644	c00572582415fe9276499aaf86374dabecdfc602	100644	c00572582415fe9276499aaf86374dabecdfc602	product_exact
evidence/async-loop-20260910/task-view/packets/01-list-primary.json	other	100644	2cb0ebcd8b0f9d98886762d2a5ec4ac03523a9b1	100644	2cb0ebcd8b0f9d98886762d2a5ec4ac03523a9b1	product_exact
evidence/async-loop-20260910/task-view/packets/02-list-primary-page1.json	other	100644	c02ccd9fb0fec96f00e2a077963876a38dae7d73	100644	c02ccd9fb0fec96f00e2a077963876a38dae7d73	product_exact
evidence/async-loop-20260910/task-view/packets/03-list-primary-page2.json	other	100644	2df9682e36279248be171688ddeadf00734e86ac	100644	2df9682e36279248be171688ddeadf00734e86ac	product_exact
evidence/async-loop-20260910/task-view/packets/04-detail-alpha-current.json	other	100644	3fed568bea624b7696a869f197196059d87c692c	100644	3fed568bea624b7696a869f197196059d87c692c	product_exact
evidence/async-loop-20260910/task-view/packets/05-list-foreign.json	other	100644	8b0707fbb3009d33d0ee594f4a2525bf7f2da89b	100644	8b0707fbb3009d33d0ee594f4a2525bf7f2da89b	product_exact
evidence/async-loop-20260910/task-view/packets/06-detail-cross-project-404.json	other	100644	4bb67929f95411932c91c1a99d609f09b4d8ab3f	100644	4bb67929f95411932c91c1a99d609f09b4d8ab3f	product_exact
evidence/async-loop-20260910/task-view/packets/07-list-unauthorized-401.json	other	100644	54f92b3d19c05693d3cf74b6cc61f4d566a154f8	100644	54f92b3d19c05693d3cf74b6cc61f4d566a154f8	product_exact
evidence/async-loop-20260910/task-view/packets/08-detail-alpha-orphaned.json	other	100644	0babb4fde66c3a190e7bd40de10bb702a9fb511c	100644	0babb4fde66c3a190e7bd40de10bb702a9fb511c	product_exact
evidence/async-loop-20260910/task-view/packets/09-detail-gamma-adapter-unavailable.json	other	100644	fb21b23c9856e529e07f7d733fcf9b52368a0757	100644	fb21b23c9856e529e07f7d733fcf9b52368a0757	product_exact
evidence/async-loop-20260910/task-view/packets/10-detail-gamma-historical.json	other	100644	59cf7e256c36bc55fb0be3d1e96475a514f04340	100644	59cf7e256c36bc55fb0be3d1e96475a514f04340	product_exact
evidence/async-loop-20260910/task-view/smoke.log	other	100644	94693eb2daccc61842c4c1351d2287f484615702	100644	94693eb2daccc61842c4c1351d2287f484615702	product_exact
evidence/async-loop-20260910/task-view/targeted-async-tests.log	other	100644	9abc6e8e78e558c985d4c66db384cff819017f8d	100644	9abc6e8e78e558c985d4c66db384cff819017f8d	product_exact
evidence/att-fe01/README.md	other	100644	ce7f577881e862754d7b12a793e083b344bbf7a7	100644	ce7f577881e862754d7b12a793e083b344bbf7a7	product_exact
evidence/att-fe01/browser.mjs	other	100644	33476eb9a3d4fe0fe47fc989b0e85a0570210094	100644	33476eb9a3d4fe0fe47fc989b0e85a0570210094	product_exact
evidence/att-fe01/capture-action-fixtures.mjs	other	100644	7883ab054001e895eba0b9eeb3b0e9cd0f49ffa7	100644	7883ab054001e895eba0b9eeb3b0e9cd0f49ffa7	product_exact
evidence/att-fe01/checks.json	other	100644	753d73217d0c99406e715623bee8189a5c9c1c06	100644	753d73217d0c99406e715623bee8189a5c9c1c06	product_exact
evidence/att-fe01/checks.log	other	100644	744ed3f33234ad3c69f04a1f1dffce4061e764f2	100644	744ed3f33234ad3c69f04a1f1dffce4061e764f2	product_exact
evidence/att-fe01/checks.mjs	other	100644	6cfbe4aa4a1f36731e449ea4d3103894c736facb	100644	6cfbe4aa4a1f36731e449ea4d3103894c736facb	product_exact
evidence/att-fe01/contrast.log	other	100644	ee9183fc57d42c2eb4683cd66642ef321b4078e9	100644	ee9183fc57d42c2eb4683cd66642ef321b4078e9	product_exact
evidence/att-fe01/lint-colors.log	other	100644	99ca519a1c1db9af365b74e693c1eaa5363b4b63	100644	99ca519a1c1db9af365b74e693c1eaa5363b4b63	product_exact
evidence/att-fe01/lint-interaction.log	other	100644	5ea7138721e41cf7bed39982f6198565fba6c6be	100644	5ea7138721e41cf7bed39982f6198565fba6c6be	product_exact
evidence/att-fe01/lint-materials.log	other	100644	89b1e0b2362496d0821f463c4c461b8008099626	100644	89b1e0b2362496d0821f463c4c461b8008099626	product_exact
evidence/att-fe01/npm-ci.log	other	100644	3a14d34011245a391ec6ef3dad1396a16b69dba3	100644	3a14d34011245a391ec6ef3dad1396a16b69dba3	product_exact
evidence/att-fe01/screenshots/action-resolve-1440-light.png	other	100644	786c623c357d895f4943457bb59bdbcde39abbeb	100644	786c623c357d895f4943457bb59bdbcde39abbeb	product_exact
evidence/att-fe01/screenshots/action-sending-1440-light.png	other	100644	de6795855af6c0369f60dbb67d3ca8d5a9ca770e	100644	de6795855af6c0369f60dbb67d3ca8d5a9ca770e	product_exact
evidence/att-fe01/screenshots/action-snooze-1440-dark.png	other	100644	e8466ce38626bd2e0c1daf85365bf89455882977	100644	e8466ce38626bd2e0c1daf85365bf89455882977	product_exact
evidence/att-fe01/screenshots/action-waiting-1440-light.png	other	100644	b4f2ecf2164da001ac0ae6cf3f2991d3527bcb63	100644	b4f2ecf2164da001ac0ae6cf3f2991d3527bcb63	product_exact
evidence/att-fe01/screenshots/all-1440-light.png	other	100644	05e91659751eae9d6465edb0f8d07ad561d288c6	100644	05e91659751eae9d6465edb0f8d07ad561d288c6	product_exact
evidence/att-fe01/screenshots/conflict-1440-light.png	other	100644	3808cd89a22d1a49352a81818c2736913c9137c9	100644	3808cd89a22d1a49352a81818c2736913c9137c9	product_exact
evidence/att-fe01/screenshots/detail-390-light.png	other	100644	8f72b4debb8bed4a4d2d7114b0af29b707a8359f	100644	8f72b4debb8bed4a4d2d7114b0af29b707a8359f	product_exact
evidence/att-fe01/screenshots/later-1440-dark.png	other	100644	6b8814a47826e9a034a0a8fb38f788c01f309d7c	100644	6b8814a47826e9a034a0a8fb38f788c01f309d7c	product_exact
evidence/att-fe01/screenshots/list-390-light.png	other	100644	c2f109f212041f7bd32fedef5813d0ef38305297	100644	c2f109f212041f7bd32fedef5813d0ef38305297	product_exact
evidence/att-fe01/screenshots/needs-you-1440-light.png	other	100644	c1fb57b120fce2c6b3cbe6fcc01cb8cdf9973340	100644	c1fb57b120fce2c6b3cbe6fcc01cb8cdf9973340	product_exact
evidence/att-fe01/screenshots/unavailable-1440-light.png	other	100644	50ab99ecea02c103304ffd1481fa9d591f188f4d	100644	50ab99ecea02c103304ffd1481fa9d591f188f4d	product_exact
evidence/att-fe01/seed.log	other	100644	1718d95adb274536d23851c1000bb057d76a405c	100644	1718d95adb274536d23851c1000bb057d76a405c	product_exact
evidence/att-fe01/seed.mjs	other	100644	83980756f3aab65fede6ab2072abf66e3219475e	100644	83980756f3aab65fede6ab2072abf66e3219475e	product_exact
evidence/att-fe01/smoke.log	other	100644	835b6140e2df87375aba881d0084f9f324bd2ad4	100644	835b6140e2df87375aba881d0084f9f324bd2ad4	product_exact
evidence/att-fe01/tests.log	other	100644	ab202545e6714ae5ec8f509ba33c1555d2c044fd	100644	ab202545e6714ae5ec8f509ba33c1555d2c044fd	product_exact
evidence/attention-agent-20260910/README.md	other	100644	8264218f76092ee7ceb962c71552bdbe6445706c	100644	8264218f76092ee7ceb962c71552bdbe6445706c	product_exact
evidence/attention-agent-20260910/regression.log	other	100644	f0a112fe20db3bfe4e0d1e2fa9b6f67d343ced7f	100644	f0a112fe20db3bfe4e0d1e2fa9b6f67d343ced7f	product_exact
evidence/attention-agent-20260910/smoke.log	other	100644	94693eb2daccc61842c4c1351d2287f484615702	100644	94693eb2daccc61842c4c1351d2287f484615702	product_exact
evidence/attention-agent-20260910/tests.log	other	100644	10f5394deb43a7f9149c61bf987af25e8d9c084d	100644	10f5394deb43a7f9149c61bf987af25e8d9c084d	product_exact
evidence/attention-backend-20260909/README.md	other	100644	00fe2032ad1fbe57b314b26466ce973ba7eb8525	100644	00fe2032ad1fbe57b314b26466ce973ba7eb8525	product_exact
evidence/attention-backend-20260909/migration-probe.mjs	other	100644	c8d5f5ec3d5f8e76d7fdfa31d4a3c2be32543a3b	100644	c8d5f5ec3d5f8e76d7fdfa31d4a3c2be32543a3b	product_exact
evidence/attention-backend-20260909/results-fixed.json	other	100644	22cf18fe862ffd35d47d16ad76252bd4134c4bf2	100644	22cf18fe862ffd35d47d16ad76252bd4134c4bf2	product_exact
evidence/attention-backend-20260909/results.json	other	100644	a3bfa9091c4ce7d07e054da87d740f49a271c0a2	100644	a3bfa9091c4ce7d07e054da87d740f49a271c0a2	product_exact
evidence/attention-chat-closure-20260910/README.md	other	100644	0539a7fd26cee1e704c6b1f1489c3e7e554ef39e	100644	0539a7fd26cee1e704c6b1f1489c3e7e554ef39e	product_exact
evidence/attention-chat-closure-20260910/full-bounded.log	other	100644	a099b5d078bc686a6d4f6f3f513fee1a404b6367	100644	a099b5d078bc686a6d4f6f3f513fee1a404b6367	product_exact
evidence/attention-chat-closure-20260910/full-confirming.log	other	100644	5338a55a3e4ecb02b5c97d01cbe8f6d465fafeef	100644	5338a55a3e4ecb02b5c97d01cbe8f6d465fafeef	product_exact
evidence/attention-chat-closure-20260910/full-under-load.log	other	100644	2895d2d28d606aa54dc69fe67b5926d3786c404e	100644	2895d2d28d606aa54dc69fe67b5926d3786c404e	product_exact
evidence/attention-human-loop-20260909/README.md	other	100644	12f233a3c73524d4f7620c1dfc881a4570d3f7b5	100644	12f233a3c73524d4f7620c1dfc881a4570d3f7b5	product_exact
evidence/attention-human-loop-20260909/github/README.md	other	100644	fa317bb6292bdba811adb33540f07ea6f4c9da00	100644	fa317bb6292bdba811adb33540f07ea6f4c9da00	product_exact
evidence/attention-human-loop-20260909/gmail/README.md	other	100644	5fdb16cfd9c68abb321d50b1e018c728d091ec2f	100644	5fdb16cfd9c68abb321d50b1e018c728d091ec2f	product_exact
evidence/attention-human-loop-20260909/trace/README.md	other	100644	5c992d7d253479c0058ee59b7ebb52bf9d3bb485	100644	5c992d7d253479c0058ee59b7ebb52bf9d3bb485	product_exact
evidence/attention-independent-20260909/README.md	other	100644	6a3749255f7947517c63ee444a1743b10c930e46	100644	6a3749255f7947517c63ee444a1743b10c930e46	product_exact
evidence/attention-independent-20260909/backup-symlink-probe.py	other	100644	52c791862753257775cc573f3df8e6dec25baf11	100644	52c791862753257775cc573f3df8e6dec25baf11	product_exact
evidence/attention-independent-20260909/disclosure-probe.mjs	other	100644	26d09813c893b8649384f130f4d5ca2ad016fa6b	100644	26d09813c893b8649384f130f4d5ca2ad016fa6b	product_exact
evidence/attention-independent-20260909/results.json	other	100644	cefe23e49a6ce513d5970b9fca2e698288c1ff09	100644	cefe23e49a6ce513d5970b9fca2e698288c1ff09	product_exact
evidence/backend-attempts-20260910/README.md	other	100644	dd985816937dcc59d13bbe29dbd0f9e6ff1965ac	100644	dd985816937dcc59d13bbe29dbd0f9e6ff1965ac	product_exact
evidence/backend-attempts-20260910/focused.log	other	100644	9f69090d4d338c26b79f5d8eb42a0e4052a5e2a7	100644	9f69090d4d338c26b79f5d8eb42a0e4052a5e2a7	product_exact
evidence/backend-attempts-20260910/full-baseline.log	other	100644	9d689e7a9fade4b4db5e43bc82c673aa15ae5f00	100644	9d689e7a9fade4b4db5e43bc82c673aa15ae5f00	product_exact
evidence/backend-attempts-20260910/full.log	other	100644	61d6b668e0d945ded864923061275407f629fda3	100644	61d6b668e0d945ded864923061275407f629fda3	product_exact
evidence/backend-attempts-20260910/smoke.log	other	100644	f76a97ec3bea4aa29af7bf951e843a6318ebe852	100644	f76a97ec3bea4aa29af7bf951e843a6318ebe852	product_exact
evidence/backend-bounded-20260909/README.md	other	100644	d4bfb70f593faa382e13cf93c9001b80924383f6	100644	d4bfb70f593faa382e13cf93c9001b80924383f6	product_exact
evidence/backend-bounded-20260909/am-baseline.md	other	100644	562749b9b69292363891cdc6bfb87004bfc10f8e	100644	562749b9b69292363891cdc6bfb87004bfc10f8e	product_exact
evidence/backend-bounded-20260909/author-results.json	other	100644	e3d1980c6101e5212e65c794c9587539c16e35c1	100644	e3d1980c6101e5212e65c794c9587539c16e35c1	product_exact
evidence/backend-bounded-20260909/be-exploration.md	other	100644	fe6600261bb492ec0e2279f57a46b906d16e736c	100644	fe6600261bb492ec0e2279f57a46b906d16e736c	product_exact
evidence/backend-bounded-20260909/es-exploration.md	other	100644	5aec408524c635bd3b3b267bb69e3c4e5d16f5a6	100644	5aec408524c635bd3b3b267bb69e3c4e5d16f5a6	product_exact
evidence/backend-bounded-20260909/independent-metrics.mjs	other	100644	97a523614413833131df945f2c8187491c437af6	100644	97a523614413833131df945f2c8187491c437af6	product_exact
evidence/backend-bounded-20260909/independent-review.md	other	100644	abe9e392121820a27ac1539ac60d05daf5051cc1	100644	abe9e392121820a27ac1539ac60d05daf5051cc1	product_exact
evidence/backend-bounded-main-integration-20260909/README.md	other	100644	6607f77c5235f208c9c0bcffcc6969f98f2fce0d	100644	6607f77c5235f208c9c0bcffcc6969f98f2fce0d	product_exact
evidence/backend-bounded-main-integration-20260909/results.json	other	100644	860024e1cf66b739e9adb7aefa1cb772650e47d0	100644	860024e1cf66b739e9adb7aefa1cb772650e47d0	product_exact
evidence/backend-dispatch-20260909/README.md	other	100644	4205ace05a21d2be4a2df9df4476572d6960528a	100644	4205ace05a21d2be4a2df9df4476572d6960528a	product_exact
evidence/backend-dispatch-20260909/es-contract.md	other	100644	35d94aa428af70d5a8547338f09bad56dfaa27e7	100644	35d94aa428af70d5a8547338f09bad56dfaa27e7	product_exact
evidence/backend-dispatch-20260909/es01-implementation.md	other	100644	fd8570aff89544f6343511e3b7ea3741bb03d1eb	100644	fd8570aff89544f6343511e3b7ea3741bb03d1eb	product_exact
evidence/backend-dispatch-20260909/integration-smoke.log	other	100644	94693eb2daccc61842c4c1351d2287f484615702	100644	94693eb2daccc61842c4c1351d2287f484615702	product_exact
evidence/backend-dispatch-20260909/integration-tests.log	other	100644	b6dad1e6da9120e598ad88a26a15cbf078992204	100644	b6dad1e6da9120e598ad88a26a15cbf078992204	product_exact
evidence/backend-dispatch-20260909/pre-fe01-smoke.log	other	100644	94693eb2daccc61842c4c1351d2287f484615702	100644	94693eb2daccc61842c4c1351d2287f484615702	product_exact
evidence/backend-dispatch-20260909/pre-fe01-tests.log	other	100644	860049fc96e758fcf7eebe4a43d1b9f6fd15cd5f	100644	860049fc96e758fcf7eebe4a43d1b9f6fd15cd5f	product_exact
evidence/backend-dispatch-20260909/provider-preview-author.md	other	100644	de6527c0c1cb95ce59311de5a0d2b84920eba955	100644	de6527c0c1cb95ce59311de5a0d2b84920eba955	product_exact
evidence/backend-governance-20260910/README.md	other	100644	fa8620a8305b179323fc222bcbf4333155fd6b99	100644	fa8620a8305b179323fc222bcbf4333155fd6b99	product_exact
evidence/backend-governance-20260910/author-tests.log	other	100644	364a1523acce69508043ccdb9ba5cdbad4e8fd76	100644	364a1523acce69508043ccdb9ba5cdbad4e8fd76	product_exact
evidence/backend-governance-20260910/focused.log	other	100644	718517f3c6014975bd1f0146c84781aaf07558bc	100644	718517f3c6014975bd1f0146c84781aaf07558bc	product_exact
evidence/backend-governance-20260910/independent/README.md	other	100644	d72a1be0630ce130580cc862228c3977501ca55e	100644	d72a1be0630ce130580cc862228c3977501ca55e	product_exact
evidence/backend-governance-20260910/independent/result.log	other	100644	bcb4d865595f7b128f6611fe568ad3f129caf9a0	100644	bcb4d865595f7b128f6611fe568ad3f129caf9a0	product_exact
evidence/backend-governance-20260910/independent/runner.sh	other	100755	7779cb3c2c93a05db666c2e7f39a5e9f491597a7	100755	7779cb3c2c93a05db666c2e7f39a5e9f491597a7	product_exact
evidence/backend-governance-20260910/integration-tests.log	other	100644	964d623b1277b9418435ebf34a541e754e8bf328	100644	964d623b1277b9418435ebf34a541e754e8bf328	product_exact
evidence/backend-governance-20260910/smoke.log	other	100644	94693eb2daccc61842c4c1351d2287f484615702	100644	94693eb2daccc61842c4c1351d2287f484615702	product_exact
evidence/backend-governance-20260910/timeout-recheck.log	other	100644	a503a996efed1b9a789dffd4f39c4651388f6ee4	100644	a503a996efed1b9a789dffd4f39c4651388f6ee4	product_exact
evidence/bg02-main-integration-20260910/README.md	other	100644	d66de1aa9303d42259f095b1b8dd930231352142	100644	d66de1aa9303d42259f095b1b8dd930231352142	product_exact
evidence/bg02-main-integration-20260910/full.log	other	100644	32d826e03ce4d179e3f6b2246e055629ddb955e5	100644	32d826e03ce4d179e3f6b2246e055629ddb955e5	product_exact
evidence/bg02-main-integration-20260910/smoke.log	other	100644	9820eafcfe3a524decc5755e6b40bbd9560e7321	100644	9820eafcfe3a524decc5755e6b40bbd9560e7321	product_exact
evidence/cc-d0a/README.md	other	100644	a4d90495723b69f8c44fd40d0d566ea59d21e657	100644	a4d90495723b69f8c44fd40d0d566ea59d21e657	product_exact
evidence/cc-d0a/browser.mjs	other	100644	e38f2d5cca91b01a511156de568ddddaf61bde62	100644	e38f2d5cca91b01a511156de568ddddaf61bde62	product_exact
evidence/cc-d0a/cc-s-checks.mjs	other	100644	db492e2746ed5b7f84dd3715ab537f38dd6e32f4	100644	db492e2746ed5b7f84dd3715ab537f38dd6e32f4	product_exact
evidence/cc-d0a/cc-s-seed.mjs	other	100644	8d9e6bb2250d3212abe7782f6761a9e9938c1372	100644	8d9e6bb2250d3212abe7782f6761a9e9938c1372	product_exact
evidence/cc-d0a/cc-s/browser.mjs	other	100644	be1bd7822a47498c18b1d33fd26c7e42be3802ef	100644	be1bd7822a47498c18b1d33fd26c7e42be3802ef	product_exact
evidence/cc-d0a/cc-s/cc-s-checks.json	other	100644	4c28e8553b84f04b475d9dae9e66f2475538f344	100644	4c28e8553b84f04b475d9dae9e66f2475538f344	product_exact
evidence/cc-d0a/cc-s/cc-s-checks.mjs	other	100644	db492e2746ed5b7f84dd3715ab537f38dd6e32f4	100644	db492e2746ed5b7f84dd3715ab537f38dd6e32f4	product_exact
evidence/cc-d0a/cc-s/cc-s-seed.mjs	other	100644	8d9e6bb2250d3212abe7782f6761a9e9938c1372	100644	8d9e6bb2250d3212abe7782f6761a9e9938c1372	product_exact
evidence/cc-d0a/cc-s/cc-s.log	other	100644	38d63b3f304404cc4762a5953a5a26b24792f0b2	100644	38d63b3f304404cc4762a5953a5a26b24792f0b2	product_exact
evidence/cc-d0a/cc-s/cc-w-checks.mjs	other	100644	d464d0a79ec2881069edaae474506852f9e489ac	100644	d464d0a79ec2881069edaae474506852f9e489ac	product_exact
evidence/cc-d0a/cc-s/cc-w-seed.mjs	other	100644	eebe1e83be23e1a47dc504ed6e6be85eadc49fed	100644	eebe1e83be23e1a47dc504ed6e6be85eadc49fed	product_exact
evidence/cc-d0a/cc-s/composition-checks.mjs	other	100644	d05844f72655f249b610c5b75ac337565cabea84	100644	d05844f72655f249b610c5b75ac337565cabea84	product_exact
evidence/cc-d0a/cc-s/counterexamples.mjs	other	100644	46cadbff6e8c5ffc8216975ad87c6a0ba39cd42d	100644	46cadbff6e8c5ffc8216975ad87c6a0ba39cd42d	product_exact
evidence/cc-d0a/cc-s/fe-t01.mjs	other	100644	d5a1c859b8c405d604508b61a804dc9e821b55fc	100644	d5a1c859b8c405d604508b61a804dc9e821b55fc	product_exact
evidence/cc-d0a/cc-s/fe-t07.mjs	other	100644	9c7746114ccfa16e9bcf2e203897b8221f38d9b1	100644	9c7746114ccfa16e9bcf2e203897b8221f38d9b1	product_exact
evidence/cc-d0a/cc-s/fe-t11.mjs	other	100644	fc7663efb25377c9e3b95c3685adcca199417dab	100644	fc7663efb25377c9e3b95c3685adcca199417dab	product_exact
evidence/cc-d0a/cc-s/models-checks.mjs	other	100644	02daa0efe5960165e9de6c73977a26894b42e46e	100644	02daa0efe5960165e9de6c73977a26894b42e46e	product_exact
evidence/cc-d0a/cc-s/primitive-checks.mjs	other	100644	9187498279650181d7acd947da6b94cb4ad0b653	100644	9187498279650181d7acd947da6b94cb4ad0b653	product_exact
evidence/cc-d0a/cc-s/primitive-seed.mjs	other	100644	e67bf6f5aed2129a946a4fc7520102ce5fbee80c	100644	e67bf6f5aed2129a946a4fc7520102ce5fbee80c	product_exact
evidence/cc-d0a/cc-s/probe-checks.mjs	other	100644	51310b107e048c717fe3637b74d60bef7bf524b2	100644	51310b107e048c717fe3637b74d60bef7bf524b2	product_exact
evidence/cc-d0a/cc-s/seed.log	other	100644	e294c1ad78769b5f570f6dada2230559bfbf4353	100644	e294c1ad78769b5f570f6dada2230559bfbf4353	product_exact
evidence/cc-d0a/cc-s/seed.mjs	other	100644	fbf346aa694e6752cff4d921dc5ca8402999988b	100644	fbf346aa694e6752cff4d921dc5ca8402999988b	product_exact
evidence/cc-d0a/cc-s/server.log	other	100644	0cd206f1db34a302a24d606917a79e743f4199d9	100644	0cd206f1db34a302a24d606917a79e743f4199d9	product_exact
evidence/cc-d0a/cc-s/shell-checks.mjs	other	100644	fc5f8e266384d132fadd77776405aa51e09459d3	100644	fc5f8e266384d132fadd77776405aa51e09459d3	product_exact
evidence/cc-d0a/cc-s/work-seed.mjs	other	100644	0fddac322b44c0ecd018457e46ec3a0a035c24eb	100644	0fddac322b44c0ecd018457e46ec3a0a035c24eb	product_exact
evidence/cc-d0a/cc-w-checks.mjs	other	100644	d464d0a79ec2881069edaae474506852f9e489ac	100644	d464d0a79ec2881069edaae474506852f9e489ac	product_exact
evidence/cc-d0a/cc-w-seed.mjs	other	100644	eebe1e83be23e1a47dc504ed6e6be85eadc49fed	100644	eebe1e83be23e1a47dc504ed6e6be85eadc49fed	product_exact
evidence/cc-d0a/composition-checks.json	other	100644	4b903d686263426d7a89a38f81858762fb007688	100644	4b903d686263426d7a89a38f81858762fb007688	product_exact
evidence/cc-d0a/composition-checks.mjs	other	100644	d05844f72655f249b610c5b75ac337565cabea84	100644	d05844f72655f249b610c5b75ac337565cabea84	product_exact
evidence/cc-d0a/composition.log	other	100644	f686e50b59e2eeb2cb8eaa5347c4dd431bec0fb7	100644	f686e50b59e2eeb2cb8eaa5347c4dd431bec0fb7	product_exact
evidence/cc-d0a/contrast.log	other	100644	cd28f0ff304ee507bb905ac8229a2d176cdb715e	100644	cd28f0ff304ee507bb905ac8229a2d176cdb715e	product_exact
evidence/cc-d0a/counterexamples.mjs	other	100644	46cadbff6e8c5ffc8216975ad87c6a0ba39cd42d	100644	46cadbff6e8c5ffc8216975ad87c6a0ba39cd42d	product_exact
evidence/cc-d0a/counterexamples/browser.mjs	other	100644	fecc8f5406f1316e21aebc43493ae4f658c5a331	100644	fecc8f5406f1316e21aebc43493ae4f658c5a331	product_exact
evidence/cc-d0a/counterexamples/counterexamples.json	other	100644	450e8f8766e339e08e6d522163728b1a4b7b24c4	100644	450e8f8766e339e08e6d522163728b1a4b7b24c4	product_exact
evidence/cc-d0a/counterexamples/counterexamples.log	other	100644	5ce58f3ca24727ed1306572054237ba62c668504	100644	5ce58f3ca24727ed1306572054237ba62c668504	product_exact
evidence/cc-d0a/counterexamples/counterexamples.mjs	other	100644	46cadbff6e8c5ffc8216975ad87c6a0ba39cd42d	100644	46cadbff6e8c5ffc8216975ad87c6a0ba39cd42d	product_exact
evidence/cc-d0a/counterexamples/seed-frozen.log	other	100644	6999336f160ec345d8a2d125a350b85b1856d3fb	100644	6999336f160ec345d8a2d125a350b85b1856d3fb	product_exact
evidence/cc-d0a/counterexamples/seed-t03.log	other	100644	abf0b7ad6164d04e793f5d935038d41dff0d9936	100644	abf0b7ad6164d04e793f5d935038d41dff0d9936	product_exact
evidence/cc-d0a/counterexamples/seed.mjs	other	100644	fbf346aa694e6752cff4d921dc5ca8402999988b	100644	fbf346aa694e6752cff4d921dc5ca8402999988b	product_exact
evidence/cc-d0a/counterexamples/server-frozen.log	other	100644	1999b2fe94195cdd7e1e4f5946f8f9ce939fea33	100644	1999b2fe94195cdd7e1e4f5946f8f9ce939fea33	product_exact
evidence/cc-d0a/counterexamples/server-t03.log	other	100644	8472f20097f0c2a3d32b297fc25e08be29ab0739	100644	8472f20097f0c2a3d32b297fc25e08be29ab0739	product_exact
evidence/cc-d0a/empty/browser.mjs	other	100644	e38f2d5cca91b01a511156de568ddddaf61bde62	100644	e38f2d5cca91b01a511156de568ddddaf61bde62	product_exact
evidence/cc-d0a/empty/empty.log	other	100644	5b9606cb1a4ac365f12d5e98e10e41c4723f0c2a	100644	5b9606cb1a4ac365f12d5e98e10e41c4723f0c2a	product_exact
evidence/cc-d0a/empty/fe-t01-empty.json	other	100644	d80e6cdb6c4b1db02308f018e00dfe5127ff9883	100644	d80e6cdb6c4b1db02308f018e00dfe5127ff9883	product_exact
evidence/cc-d0a/empty/fe-t01.mjs	other	100644	d5a1c859b8c405d604508b61a804dc9e821b55fc	100644	d5a1c859b8c405d604508b61a804dc9e821b55fc	product_exact
evidence/cc-d0a/empty/server.log	other	100644	8472f20097f0c2a3d32b297fc25e08be29ab0739	100644	8472f20097f0c2a3d32b297fc25e08be29ab0739	product_exact
evidence/cc-d0a/fe-t01.mjs	other	100644	d5a1c859b8c405d604508b61a804dc9e821b55fc	100644	d5a1c859b8c405d604508b61a804dc9e821b55fc	product_exact
evidence/cc-d0a/fe-t07.mjs	other	100644	9c7746114ccfa16e9bcf2e203897b8221f38d9b1	100644	9c7746114ccfa16e9bcf2e203897b8221f38d9b1	product_exact
evidence/cc-d0a/fe-t07/browser.mjs	other	100644	e38f2d5cca91b01a511156de568ddddaf61bde62	100644	e38f2d5cca91b01a511156de568ddddaf61bde62	product_exact
evidence/cc-d0a/fe-t07/fe-t07.json	other	100644	44b8e3cf7c0f2efb3eb982b457eae9f98655da4c	100644	44b8e3cf7c0f2efb3eb982b457eae9f98655da4c	product_exact
evidence/cc-d0a/fe-t07/fe-t07.log	other	100644	8d91d14973f400ee74c4f187ee5a6e6280560399	100644	8d91d14973f400ee74c4f187ee5a6e6280560399	product_exact
evidence/cc-d0a/fe-t07/fe-t07.mjs	other	100644	9c7746114ccfa16e9bcf2e203897b8221f38d9b1	100644	9c7746114ccfa16e9bcf2e203897b8221f38d9b1	product_exact
evidence/cc-d0a/fe-t07/seed.log	other	100644	5b4be5d0a39b4689dae8aba9223ec5dbd59f5d2e	100644	5b4be5d0a39b4689dae8aba9223ec5dbd59f5d2e	product_exact
evidence/cc-d0a/fe-t07/server.log	other	100644	8472f20097f0c2a3d32b297fc25e08be29ab0739	100644	8472f20097f0c2a3d32b297fc25e08be29ab0739	product_exact
evidence/cc-d0a/fe-t07/work-seed.json	other	100644	54447fc2a8e37d0d6a62ba3b0515d5d60ae5cbc4	100644	54447fc2a8e37d0d6a62ba3b0515d5d60ae5cbc4	product_exact
evidence/cc-d0a/fe-t07/work-seed.mjs	other	100644	0fddac322b44c0ecd018457e46ec3a0a035c24eb	100644	0fddac322b44c0ecd018457e46ec3a0a035c24eb	product_exact
evidence/cc-d0a/fe-t11.mjs	other	100644	fc7663efb25377c9e3b95c3685adcca199417dab	100644	fc7663efb25377c9e3b95c3685adcca199417dab	product_exact
evidence/cc-d0a/final-behavior/behavior.log	other	100644	0d03378d72acf44e2e6e64140c596f5a4dcb6b83	100644	0d03378d72acf44e2e6e64140c596f5a4dcb6b83	product_exact
evidence/cc-d0a/final-behavior/browser.mjs	other	100644	e38f2d5cca91b01a511156de568ddddaf61bde62	100644	e38f2d5cca91b01a511156de568ddddaf61bde62	product_exact
evidence/cc-d0a/final-behavior/cc-w-checks.json	other	100644	f44686ba52721aebb07cc9c034069cf59e535f77	100644	f44686ba52721aebb07cc9c034069cf59e535f77	product_exact
evidence/cc-d0a/final-behavior/cc-w-checks.mjs	other	100644	d464d0a79ec2881069edaae474506852f9e489ac	100644	d464d0a79ec2881069edaae474506852f9e489ac	product_exact
evidence/cc-d0a/final-behavior/cc-w-seed.mjs	other	100644	eebe1e83be23e1a47dc504ed6e6be85eadc49fed	100644	eebe1e83be23e1a47dc504ed6e6be85eadc49fed	product_exact
evidence/cc-d0a/final-behavior/seed.log	other	100644	d74541e0eacd589ff7fc1afd7025f24a30af9e1d	100644	d74541e0eacd589ff7fc1afd7025f24a30af9e1d	product_exact
evidence/cc-d0a/final-behavior/server.log	other	100644	8472f20097f0c2a3d32b297fc25e08be29ab0739	100644	8472f20097f0c2a3d32b297fc25e08be29ab0739	product_exact
evidence/cc-d0a/final-layout/browser.mjs	other	100644	e38f2d5cca91b01a511156de568ddddaf61bde62	100644	e38f2d5cca91b01a511156de568ddddaf61bde62	product_exact
evidence/cc-d0a/final-layout/composition-checks.json	other	100644	2876d711c02e314482871a159b5eafb0206d894d	100644	2876d711c02e314482871a159b5eafb0206d894d	product_exact
evidence/cc-d0a/final-layout/composition-checks.mjs	other	100644	d05844f72655f249b610c5b75ac337565cabea84	100644	d05844f72655f249b610c5b75ac337565cabea84	product_exact
evidence/cc-d0a/final-layout/composition.log	other	100644	2e9fc616fc76d791c2def9190fb101979563ac2b	100644	2e9fc616fc76d791c2def9190fb101979563ac2b	product_exact
evidence/cc-d0a/final-layout/home-1440-light.png	other	100644	abb52afd49a8370b64f9f48d9a00ffda1b8a6ffc	100644	abb52afd49a8370b64f9f48d9a00ffda1b8a6ffc	product_exact
evidence/cc-d0a/final-layout/home-390-light.png	other	100644	0806f488daf652334e4c2ac1aa6de283e36a2ba4	100644	0806f488daf652334e4c2ac1aa6de283e36a2ba4	product_exact
evidence/cc-d0a/final-layout/home-collapsed-desktop-shell-1440-light.png	other	100644	a345b0d6b0ea4479db501d1309b8dc6aae094857	100644	a345b0d6b0ea4479db501d1309b8dc6aae094857	product_exact
evidence/cc-d0a/final-layout/home-desktop-shell-1440-light.png	other	100644	eaf9424cab7c21bc909e1f27e18b9add02823973	100644	eaf9424cab7c21bc909e1f27e18b9add02823973	product_exact
evidence/cc-d0a/final-layout/home-modules-1440-light.png	other	100644	275821ca772980a04a5f6b2a82bfc53261a8da84	100644	275821ca772980a04a5f6b2a82bfc53261a8da84	product_exact
evidence/cc-d0a/final-layout/home-modules-1440x1058-light.png	other	100644	e80448dfc5c80b3d1f5bcc03dc83de0c7aa6bcf7	100644	e80448dfc5c80b3d1f5bcc03dc83de0c7aa6bcf7	product_exact
evidence/cc-d0a/final-layout/home-modules-1440x900-light.png	other	100644	275821ca772980a04a5f6b2a82bfc53261a8da84	100644	275821ca772980a04a5f6b2a82bfc53261a8da84	product_exact
evidence/cc-d0a/final-layout/home-modules-390-light.png	other	100644	8c0fdea39a0087be0d6aa9a7b6f2bfc1b6549b50	100644	8c0fdea39a0087be0d6aa9a7b6f2bfc1b6549b50	product_exact
evidence/cc-d0a/final-layout/home-simple-1440x1058-light.png	other	100644	497365c40f13e4b5750a2aa49d46d4bb65b94c5a	100644	497365c40f13e4b5750a2aa49d46d4bb65b94c5a	product_exact
evidence/cc-d0a/final-layout/home-simple-1440x900-light.png	other	100644	fc1ca8a6d7e2de0cc1d3bcda7a70eb654aa7545d	100644	fc1ca8a6d7e2de0cc1d3bcda7a70eb654aa7545d	product_exact
evidence/cc-d0a/final-layout/seed.log	other	100644	6999336f160ec345d8a2d125a350b85b1856d3fb	100644	6999336f160ec345d8a2d125a350b85b1856d3fb	product_exact
evidence/cc-d0a/final-layout/seed.mjs	other	100644	fbf346aa694e6752cff4d921dc5ca8402999988b	100644	fbf346aa694e6752cff4d921dc5ca8402999988b	product_exact
evidence/cc-d0a/final-layout/server.log	other	100644	8472f20097f0c2a3d32b297fc25e08be29ab0739	100644	8472f20097f0c2a3d32b297fc25e08be29ab0739	product_exact
evidence/cc-d0a/final-layout/settings-appearance-home-layout-1440-light.png	other	100644	0b393c0439b311e7aea291e2ea5ddfe011f6d99e	100644	0b393c0439b311e7aea291e2ea5ddfe011f6d99e	product_exact
evidence/cc-d0a/final-layout/settings-desktop-shell-1440-light.png	other	100644	10fd0db29b36177a2d25e8bdf613a543a3ca4b0e	100644	10fd0db29b36177a2d25e8bdf613a543a3ca4b0e	product_exact
evidence/cc-d0a/final-layout/settings-general-1024-light.png	other	100644	475b125230326868b3b1c4da25f11604cbdd2998	100644	475b125230326868b3b1c4da25f11604cbdd2998	product_exact
evidence/cc-d0a/final-layout/settings-general-1440-light.png	other	100644	b8389b31ebd874edb1da3aff7a364774c5f1a015	100644	b8389b31ebd874edb1da3aff7a364774c5f1a015	product_exact
evidence/cc-d0a/final-layout/settings-general-1440-zoom200-light.png	other	100644	0f6c89ea631ae8792fcd471d9fab2c22eb7af6e9	100644	0f6c89ea631ae8792fcd471d9fab2c22eb7af6e9	product_exact
evidence/cc-d0a/final-layout/settings-general-390-light.png	other	100644	f937782478ae96c4eca65984aea7d5ab6a24c6d5	100644	f937782478ae96c4eca65984aea7d5ab6a24c6d5	product_exact
evidence/cc-d0a/final-layout/work-1440-light.png	other	100644	94f801a32b72458760360b682a029f940309abb2	100644	94f801a32b72458760360b682a029f940309abb2	product_exact
evidence/cc-d0a/final-layout/work-expanded-1440-light.png	other	100644	f381563c8704d8be3fdada57a653770ac672aed3	100644	f381563c8704d8be3fdada57a653770ac672aed3	product_exact
evidence/cc-d0a/final-layout/work-expanded-1440-zoom200-light.png	other	100644	d015cfdea8961d71871ea75b18fc5d5121a90b23	100644	d015cfdea8961d71871ea75b18fc5d5121a90b23	product_exact
evidence/cc-d0a/final-layout/work-expanded-desktop-shell-1440-light.png	other	100644	4f9c8393ced26538bad7ae8fc165f054297bfd22	100644	4f9c8393ced26538bad7ae8fc165f054297bfd22	product_exact
evidence/cc-d0a/final-layout/work-surface-1440-light.png	other	100644	660803602d24ae7c210cf36eeb8dee13097b147a	100644	660803602d24ae7c210cf36eeb8dee13097b147a	product_exact
evidence/cc-d0a/final-layout/work-three-pane-1680-light.png	other	100644	38f3d065aea266252c0d20cbfa9c4fe94a14104b	100644	38f3d065aea266252c0d20cbfa9c4fe94a14104b	product_exact
evidence/cc-d0a/final-layout/work-three-pane-1680x720-light.png	other	100644	488d6f130aab4e810078eb0811189657267c6b06	100644	488d6f130aab4e810078eb0811189657267c6b06	product_exact
evidence/cc-d0a/final-layout/work-three-pane-desktop-shell-1680-light.png	other	100644	c754dd49667e9565e5db8836944041602ba2f49a	100644	c754dd49667e9565e5db8836944041602ba2f49a	product_exact
evidence/cc-d0a/history/browser.mjs	other	100644	e38f2d5cca91b01a511156de568ddddaf61bde62	100644	e38f2d5cca91b01a511156de568ddddaf61bde62	product_exact
evidence/cc-d0a/history/fe-t11.json	other	100644	05eba89bc2601763afc78166eef29f28ee8cf7d3	100644	05eba89bc2601763afc78166eef29f28ee8cf7d3	product_exact
evidence/cc-d0a/history/fe-t11.log	other	100644	5b9b51d6da7f2993ec8879ef082fab0d71f300c6	100644	5b9b51d6da7f2993ec8879ef082fab0d71f300c6	product_exact
evidence/cc-d0a/history/fe-t11.mjs	other	100644	fc7663efb25377c9e3b95c3685adcca199417dab	100644	fc7663efb25377c9e3b95c3685adcca199417dab	product_exact
evidence/cc-d0a/history/seed.log	other	100644	2d2a43ee5ca49d494e61c2abe4500a476ab7178c	100644	2d2a43ee5ca49d494e61c2abe4500a476ab7178c	product_exact
evidence/cc-d0a/history/server.log	other	100644	8472f20097f0c2a3d32b297fc25e08be29ab0739	100644	8472f20097f0c2a3d32b297fc25e08be29ab0739	product_exact
evidence/cc-d0a/history/work-seed.json	other	100644	beaa137f99d60b4fd4c44b6f0c14d8558aa79511	100644	beaa137f99d60b4fd4c44b6f0c14d8558aa79511	product_exact
evidence/cc-d0a/history/work-seed.mjs	other	100644	0fddac322b44c0ecd018457e46ec3a0a035c24eb	100644	0fddac322b44c0ecd018457e46ec3a0a035c24eb	product_exact
evidence/cc-d0a/home-1440-light.png	other	100644	abb52afd49a8370b64f9f48d9a00ffda1b8a6ffc	100644	abb52afd49a8370b64f9f48d9a00ffda1b8a6ffc	product_exact
evidence/cc-d0a/home-390-light.png	other	100644	0806f488daf652334e4c2ac1aa6de283e36a2ba4	100644	0806f488daf652334e4c2ac1aa6de283e36a2ba4	product_exact
evidence/cc-d0a/home-collapsed-desktop-shell-1440-light.png	other	100644	a345b0d6b0ea4479db501d1309b8dc6aae094857	100644	a345b0d6b0ea4479db501d1309b8dc6aae094857	product_exact
evidence/cc-d0a/home-desktop-shell-1440-light.png	other	100644	eaf9424cab7c21bc909e1f27e18b9add02823973	100644	eaf9424cab7c21bc909e1f27e18b9add02823973	product_exact
evidence/cc-d0a/home-modules-1440-light.png	other	100644	449ad244cd287d7953ce67c63adf00c61594eece	100644	449ad244cd287d7953ce67c63adf00c61594eece	product_exact
evidence/cc-d0a/home-modules-1440x1058-light.png	other	100644	05015e7f8679218431442d5426aa83b1f6e78585	100644	05015e7f8679218431442d5426aa83b1f6e78585	product_exact
evidence/cc-d0a/home-modules-1440x900-light.png	other	100644	449ad244cd287d7953ce67c63adf00c61594eece	100644	449ad244cd287d7953ce67c63adf00c61594eece	product_exact
evidence/cc-d0a/home-modules-390-light.png	other	100644	9edffafcc9529477406edded4acc0c118339c335	100644	9edffafcc9529477406edded4acc0c118339c335	product_exact
evidence/cc-d0a/home-simple-1440x1058-light.png	other	100644	497365c40f13e4b5750a2aa49d46d4bb65b94c5a	100644	497365c40f13e4b5750a2aa49d46d4bb65b94c5a	product_exact
evidence/cc-d0a/home-simple-1440x900-light.png	other	100644	fc1ca8a6d7e2de0cc1d3bcda7a70eb654aa7545d	100644	fc1ca8a6d7e2de0cc1d3bcda7a70eb654aa7545d	product_exact
evidence/cc-d0a/install.log	other	100644	7475a1bb402a3047d42784ee776ecf52ee4d89e5	100644	7475a1bb402a3047d42784ee776ecf52ee4d89e5	product_exact
evidence/cc-d0a/lint-colors.log	other	100644	526be9bc786fa00f2a7e7bfe6a5ed50a34d37416	100644	526be9bc786fa00f2a7e7bfe6a5ed50a34d37416	product_exact
evidence/cc-d0a/lint-materials.log	other	100644	ace20a3dcd931474b05892e162cbc4847ca70f10	100644	ace20a3dcd931474b05892e162cbc4847ca70f10	product_exact
evidence/cc-d0a/models-checks.mjs	other	100644	02daa0efe5960165e9de6c73977a26894b42e46e	100644	02daa0efe5960165e9de6c73977a26894b42e46e	product_exact
evidence/cc-d0a/primitive-checks.mjs	other	100644	9187498279650181d7acd947da6b94cb4ad0b653	100644	9187498279650181d7acd947da6b94cb4ad0b653	product_exact
evidence/cc-d0a/primitive-seed.mjs	other	100644	e67bf6f5aed2129a946a4fc7520102ce5fbee80c	100644	e67bf6f5aed2129a946a4fc7520102ce5fbee80c	product_exact
evidence/cc-d0a/primitive/browser.mjs	other	100644	e38f2d5cca91b01a511156de568ddddaf61bde62	100644	e38f2d5cca91b01a511156de568ddddaf61bde62	product_exact
evidence/cc-d0a/primitive/primitive-checks.json	other	100644	5c5374943cb8092a280ca8d8266d5b107def2a25	100644	5c5374943cb8092a280ca8d8266d5b107def2a25	product_exact
evidence/cc-d0a/primitive/primitive-checks.mjs	other	100644	9187498279650181d7acd947da6b94cb4ad0b653	100644	9187498279650181d7acd947da6b94cb4ad0b653	product_exact
evidence/cc-d0a/primitive/primitive-seed.mjs	other	100644	e67bf6f5aed2129a946a4fc7520102ce5fbee80c	100644	e67bf6f5aed2129a946a4fc7520102ce5fbee80c	product_exact
evidence/cc-d0a/primitive/primitive.log	other	100644	6b81ef7167f2a5e9ca428a1b484cf341adcd4095	100644	6b81ef7167f2a5e9ca428a1b484cf341adcd4095	product_exact
evidence/cc-d0a/primitive/seed.log	other	100644	3a5b4abeda426f57c2b87263d13f74a1a1e15acb	100644	3a5b4abeda426f57c2b87263d13f74a1a1e15acb	product_exact
evidence/cc-d0a/primitive/server.log	other	100644	8472f20097f0c2a3d32b297fc25e08be29ab0739	100644	8472f20097f0c2a3d32b297fc25e08be29ab0739	product_exact
evidence/cc-d0a/probe-checks.mjs	other	100644	51310b107e048c717fe3637b74d60bef7bf524b2	100644	51310b107e048c717fe3637b74d60bef7bf524b2	product_exact
evidence/cc-d0a/rc/mcp-fixture.mjs	other	100644	6176b27950bbff42a372f7e05c22559e69e4d2c7	100644	6176b27950bbff42a372f7e05c22559e69e4d2c7	product_exact
evidence/cc-d0a/rc/reset-fixture.mjs	other	100644	d4a62bedbb6b97a54d5bd440f6582f2eb989a461	100644	d4a62bedbb6b97a54d5bd440f6582f2eb989a461	product_exact
evidence/cc-d0a/rc/runtime-ui-checks.mjs	other	100644	701c5e3da4a8e4925b8dfa12153b0bab819446c3	100644	701c5e3da4a8e4925b8dfa12153b0bab819446c3	product_exact
evidence/cc-d0a/rc/runtime-ui-counterexamples.mjs	other	100644	466c230e2ca3344c5685bae04c7a13414ead6239	100644	466c230e2ca3344c5685bae04c7a13414ead6239	product_exact
evidence/cc-d0a/rc/runtime-ui-viewport.mjs	other	100644	b5b31fe042158db9a667e242f846ed2ec6ee99bd	100644	b5b31fe042158db9a667e242f846ed2ec6ee99bd	product_exact
evidence/cc-d0a/rc/seed-fixture.mjs	other	100644	4526c7c88e830c038a38b9c160b34061998f2fa0	100644	4526c7c88e830c038a38b9c160b34061998f2fa0	product_exact
evidence/cc-d0a/rc/verify.mjs	other	100644	ea39d15351057736ab9ea68c413355a62f38c77e	100644	ea39d15351057736ab9ea68c413355a62f38c77e	product_exact
evidence/cc-d0a/regression-exits.json	other	100644	2ef037488cd9e6c712f76e9e2527e777e27b77b9	100644	2ef037488cd9e6c712f76e9e2527e777e27b77b9	product_exact
evidence/cc-d0a/regressions-remaining.log	other	100644	a4b4e595f2b1162f502d754fcf6218411b8cbc83	100644	a4b4e595f2b1162f502d754fcf6218411b8cbc83	product_exact
evidence/cc-d0a/regressions.log	other	100644	d56330db1d6864fa8d7b561828c9604e6831b4e7	100644	d56330db1d6864fa8d7b561828c9604e6831b4e7	product_exact
evidence/cc-d0a/run-regressions.py	other	100644	d47a4d51dd5252cf82a83e79c2a46f95279a6567	100644	d47a4d51dd5252cf82a83e79c2a46f95279a6567	product_exact
evidence/cc-d0a/runtime/browser.mjs	other	100644	e38f2d5cca91b01a511156de568ddddaf61bde62	100644	e38f2d5cca91b01a511156de568ddddaf61bde62	product_exact
evidence/cc-d0a/runtime/rc/mcp-fixture.mjs	other	100644	6176b27950bbff42a372f7e05c22559e69e4d2c7	100644	6176b27950bbff42a372f7e05c22559e69e4d2c7	product_exact
evidence/cc-d0a/runtime/rc/reset-fixture.mjs	other	100644	d4a62bedbb6b97a54d5bd440f6582f2eb989a461	100644	d4a62bedbb6b97a54d5bd440f6582f2eb989a461	product_exact
evidence/cc-d0a/runtime/rc/runtime-ui-checks.json	other	100644	e777aa4761a7bb79c4aa2671f78cc034e6fc611e	100644	e777aa4761a7bb79c4aa2671f78cc034e6fc611e	product_exact
evidence/cc-d0a/runtime/rc/runtime-ui-checks.mjs	other	100644	701c5e3da4a8e4925b8dfa12153b0bab819446c3	100644	701c5e3da4a8e4925b8dfa12153b0bab819446c3	product_exact
evidence/cc-d0a/runtime/rc/runtime-ui-counterexamples.json	other	100644	f2af6503c0b255977471cbf87c09ebd12da43fcd	100644	f2af6503c0b255977471cbf87c09ebd12da43fcd	product_exact
evidence/cc-d0a/runtime/rc/runtime-ui-counterexamples.mjs	other	100644	466c230e2ca3344c5685bae04c7a13414ead6239	100644	466c230e2ca3344c5685bae04c7a13414ead6239	product_exact
evidence/cc-d0a/runtime/rc/runtime-ui-viewport.json	other	100644	b83028cf6fb78c1ca5f7d5cb9b941cf394e95e3e	100644	b83028cf6fb78c1ca5f7d5cb9b941cf394e95e3e	product_exact
evidence/cc-d0a/runtime/rc/runtime-ui-viewport.mjs	other	100644	b5b31fe042158db9a667e242f846ed2ec6ee99bd	100644	b5b31fe042158db9a667e242f846ed2ec6ee99bd	product_exact
evidence/cc-d0a/runtime/rc/seed-fixture.mjs	other	100644	4526c7c88e830c038a38b9c160b34061998f2fa0	100644	4526c7c88e830c038a38b9c160b34061998f2fa0	product_exact
evidence/cc-d0a/runtime/rc/verify.mjs	other	100644	ea39d15351057736ab9ea68c413355a62f38c77e	100644	ea39d15351057736ab9ea68c413355a62f38c77e	product_exact
evidence/cc-d0a/runtime/seed.log	other	100644	bd091518de2dd34125fb92af0f18061558eb286f	100644	bd091518de2dd34125fb92af0f18061558eb286f	product_exact
evidence/cc-d0a/runtime/server.log	other	100644	a32d2f4bcade9f68be9335fe4426f255bec5762d	100644	a32d2f4bcade9f68be9335fe4426f255bec5762d	product_exact
evidence/cc-d0a/runtime/verify.log	other	100644	41f2a855db80d60b90554c633492da4fb95f00f0	100644	41f2a855db80d60b90554c633492da4fb95f00f0	product_exact
evidence/cc-d0a/seed.mjs	other	100644	fbf346aa694e6752cff4d921dc5ca8402999988b	100644	fbf346aa694e6752cff4d921dc5ca8402999988b	product_exact
evidence/cc-d0a/server-comp.log	other	100644	8472f20097f0c2a3d32b297fc25e08be29ab0739	100644	8472f20097f0c2a3d32b297fc25e08be29ab0739	product_exact
evidence/cc-d0a/settings-appearance-home-layout-1440-light.png	other	100644	0b393c0439b311e7aea291e2ea5ddfe011f6d99e	100644	0b393c0439b311e7aea291e2ea5ddfe011f6d99e	product_exact
evidence/cc-d0a/settings-desktop-shell-1440-light.png	other	100644	10fd0db29b36177a2d25e8bdf613a543a3ca4b0e	100644	10fd0db29b36177a2d25e8bdf613a543a3ca4b0e	product_exact
evidence/cc-d0a/settings-general-1024-light.png	other	100644	475b125230326868b3b1c4da25f11604cbdd2998	100644	475b125230326868b3b1c4da25f11604cbdd2998	product_exact
evidence/cc-d0a/settings-general-1440-light.png	other	100644	b8389b31ebd874edb1da3aff7a364774c5f1a015	100644	b8389b31ebd874edb1da3aff7a364774c5f1a015	product_exact
evidence/cc-d0a/settings-general-1440-zoom200-light.png	other	100644	0f6c89ea631ae8792fcd471d9fab2c22eb7af6e9	100644	0f6c89ea631ae8792fcd471d9fab2c22eb7af6e9	product_exact
evidence/cc-d0a/settings-general-390-light.png	other	100644	f937782478ae96c4eca65984aea7d5ab6a24c6d5	100644	f937782478ae96c4eca65984aea7d5ab6a24c6d5	product_exact
evidence/cc-d0a/settings/browser.mjs	other	100644	e38f2d5cca91b01a511156de568ddddaf61bde62	100644	e38f2d5cca91b01a511156de568ddddaf61bde62	product_exact
evidence/cc-d0a/settings/fe-t01-rows.json	other	100644	e2872f58e21b321b840ccc9800fb6bb27f007144	100644	e2872f58e21b321b840ccc9800fb6bb27f007144	product_exact
evidence/cc-d0a/settings/fe-t01.mjs	other	100644	d5a1c859b8c405d604508b61a804dc9e821b55fc	100644	d5a1c859b8c405d604508b61a804dc9e821b55fc	product_exact
evidence/cc-d0a/settings/models-checks.json	other	100644	0819b6941a727f7c03c1463dc87d9c8d220adb1e	100644	0819b6941a727f7c03c1463dc87d9c8d220adb1e	product_exact
evidence/cc-d0a/settings/models-checks.mjs	other	100644	02daa0efe5960165e9de6c73977a26894b42e46e	100644	02daa0efe5960165e9de6c73977a26894b42e46e	product_exact
evidence/cc-d0a/settings/models.log	other	100644	200a9253fb12a7b6efd46df55fd33e71dcc0582b	100644	200a9253fb12a7b6efd46df55fd33e71dcc0582b	product_exact
evidence/cc-d0a/settings/probe-checks.json	other	100644	35c3138260b117dfbb7fc0e2ecb881d6913b923f	100644	35c3138260b117dfbb7fc0e2ecb881d6913b923f	product_exact
evidence/cc-d0a/settings/probe-checks.mjs	other	100644	51310b107e048c717fe3637b74d60bef7bf524b2	100644	51310b107e048c717fe3637b74d60bef7bf524b2	product_exact
evidence/cc-d0a/settings/probe.log	other	100644	b40e1d3a03985de234f3ad7e15e7b4e999d122f5	100644	b40e1d3a03985de234f3ad7e15e7b4e999d122f5	product_exact
evidence/cc-d0a/settings/rows.log	other	100644	00fc73e6902370e97ad5de53bd1eaff6e42b5be5	100644	00fc73e6902370e97ad5de53bd1eaff6e42b5be5	product_exact
evidence/cc-d0a/settings/seed.log	other	100644	6999336f160ec345d8a2d125a350b85b1856d3fb	100644	6999336f160ec345d8a2d125a350b85b1856d3fb	product_exact
evidence/cc-d0a/settings/seed.mjs	other	100644	fbf346aa694e6752cff4d921dc5ca8402999988b	100644	fbf346aa694e6752cff4d921dc5ca8402999988b	product_exact
evidence/cc-d0a/settings/server.log	other	100644	8472f20097f0c2a3d32b297fc25e08be29ab0739	100644	8472f20097f0c2a3d32b297fc25e08be29ab0739	product_exact
evidence/cc-d0a/settings/settings-models-1440-light.png	other	100644	8410eea5813f993c31b5ec9f2668ba9a856eb855	100644	8410eea5813f993c31b5ec9f2668ba9a856eb855	product_exact
evidence/cc-d0a/settings/settings-models-390-light.png	other	100644	379e7c43564bde6dd3478e0040d48bbd71fd4327	100644	379e7c43564bde6dd3478e0040d48bbd71fd4327	product_exact
evidence/cc-d0a/settings/settings-models-add-1440-light.png	other	100644	34dda9c46b5ef58238818c0cf77c0db7a4d53570	100644	34dda9c46b5ef58238818c0cf77c0db7a4d53570	product_exact
evidence/cc-d0a/settings/settings-models-probe-1440-light.png	other	100644	41e358417545e965ec9c97495b82377e74dba046	100644	41e358417545e965ec9c97495b82377e74dba046	product_exact
evidence/cc-d0a/settings/settings-tools-1440-light.png	other	100644	9feff06110b39d5272f6e246c67f09490f822bfd	100644	9feff06110b39d5272f6e246c67f09490f822bfd	product_exact
evidence/cc-d0a/shell-checks.mjs	other	100644	fc5f8e266384d132fadd77776405aa51e09459d3	100644	fc5f8e266384d132fadd77776405aa51e09459d3	product_exact
evidence/cc-d0a/shell/browser.mjs	other	100644	e38f2d5cca91b01a511156de568ddddaf61bde62	100644	e38f2d5cca91b01a511156de568ddddaf61bde62	product_exact
evidence/cc-d0a/shell/chat-1440-light.png	other	100644	9df24d3fba0b1b8936cab17f93cf17364862ca82	100644	9df24d3fba0b1b8936cab17f93cf17364862ca82	product_exact
evidence/cc-d0a/shell/continue-in-work-1440-light.png	other	100644	26f0521b02242fa8d255da8471e31afebb2a6199	100644	26f0521b02242fa8d255da8471e31afebb2a6199	product_exact
evidence/cc-d0a/shell/seed.log	other	100644	6012cb7c1f11b99382274817008360dfb075b8c9	100644	6012cb7c1f11b99382274817008360dfb075b8c9	product_exact
evidence/cc-d0a/shell/server.log	other	100644	8472f20097f0c2a3d32b297fc25e08be29ab0739	100644	8472f20097f0c2a3d32b297fc25e08be29ab0739	product_exact
evidence/cc-d0a/shell/settings-memory-1440-light.png	other	100644	2e058b44c99cc5a06fe21ede6bd3910ea3c2a219	100644	2e058b44c99cc5a06fe21ede6bd3910ea3c2a219	product_exact
evidence/cc-d0a/shell/shell-checks.json	other	100644	2ccab4178217deb25d61fc843bdb44d2fbb5afc7	100644	2ccab4178217deb25d61fc843bdb44d2fbb5afc7	product_exact
evidence/cc-d0a/shell/shell-checks.mjs	other	100644	fc5f8e266384d132fadd77776405aa51e09459d3	100644	fc5f8e266384d132fadd77776405aa51e09459d3	product_exact
evidence/cc-d0a/shell/shell.log	other	100644	f1286a6aa98f4972221f027aadfbc4f531aad7dd	100644	f1286a6aa98f4972221f027aadfbc4f531aad7dd	product_exact
evidence/cc-d0a/shell/work-1440-light.png	other	100644	d4032b98fba1633b89ae10faeb8f89666fc5a520	100644	d4032b98fba1633b89ae10faeb8f89666fc5a520	product_exact
evidence/cc-d0a/shell/work-390-light.png	other	100644	d5f439bb0acfad6cc0ba41a559608b81c9670dcf	100644	d5f439bb0acfad6cc0ba41a559608b81c9670dcf	product_exact
evidence/cc-d0a/shell/work-seed.json	other	100644	a9f38b2af56da2bde43e32ccbab80d78193ba6ac	100644	a9f38b2af56da2bde43e32ccbab80d78193ba6ac	product_exact
evidence/cc-d0a/shell/work-seed.mjs	other	100644	0fddac322b44c0ecd018457e46ec3a0a035c24eb	100644	0fddac322b44c0ecd018457e46ec3a0a035c24eb	product_exact
evidence/cc-d0a/smoke.log	other	100644	94693eb2daccc61842c4c1351d2287f484615702	100644	94693eb2daccc61842c4c1351d2287f484615702	product_exact
evidence/cc-d0a/tests.log	other	100644	ac64ac9948f46b646d555929fbfb06575a435c83	100644	ac64ac9948f46b646d555929fbfb06575a435c83	product_exact
evidence/cc-d0a/work-1440-light.png	other	100644	94f801a32b72458760360b682a029f940309abb2	100644	94f801a32b72458760360b682a029f940309abb2	product_exact
evidence/cc-d0a/work-expanded-1440-light.png	other	100644	95b21d9735b0917279abea02c9c8e7129e64b87b	100644	95b21d9735b0917279abea02c9c8e7129e64b87b	product_exact
evidence/cc-d0a/work-expanded-1440-zoom200-light.png	other	100644	d015cfdea8961d71871ea75b18fc5d5121a90b23	100644	d015cfdea8961d71871ea75b18fc5d5121a90b23	product_exact
evidence/cc-d0a/work-expanded-desktop-shell-1440-light.png	other	100644	4f9c8393ced26538bad7ae8fc165f054297bfd22	100644	4f9c8393ced26538bad7ae8fc165f054297bfd22	product_exact
evidence/cc-d0a/work-seed.mjs	other	100644	8c14cd4683519fe80bd845f1d52f3d643c8dbb30	100644	8c14cd4683519fe80bd845f1d52f3d643c8dbb30	product_exact
evidence/cc-d0a/work-surface-1440-light.png	other	100644	f045c651cf0ffe94a1489045a44a1b525dcad0d9	100644	f045c651cf0ffe94a1489045a44a1b525dcad0d9	product_exact
evidence/cc-d0a/work-three-pane-1680-light.png	other	100644	38f3d065aea266252c0d20cbfa9c4fe94a14104b	100644	38f3d065aea266252c0d20cbfa9c4fe94a14104b	product_exact
evidence/cc-d0a/work-three-pane-1680x720-light.png	other	100644	488d6f130aab4e810078eb0811189657267c6b06	100644	488d6f130aab4e810078eb0811189657267c6b06	product_exact
evidence/cc-d0a/work-three-pane-desktop-shell-1680-light.png	other	100644	c754dd49667e9565e5db8836944041602ba2f49a	100644	c754dd49667e9565e5db8836944041602ba2f49a	product_exact
evidence/cc-s-main-integration-20260909/README.md	other	100644	443bd3458586dbe504a7f2f3cc792da2155c4cf4	100644	443bd3458586dbe504a7f2f3cc792da2155c4cf4	product_exact
evidence/cc-s-main-integration-20260909/browser.mjs	other	100644	d20d1189b378fe05e5bbc803acd4740d1be7b95c	100644	d20d1189b378fe05e5bbc803acd4740d1be7b95c	product_exact
evidence/cc-s-main-integration-20260909/cc-s-checks.json	other	100644	4c28e8553b84f04b475d9dae9e66f2475538f344	100644	4c28e8553b84f04b475d9dae9e66f2475538f344	product_exact
evidence/cc-s-main-integration-20260909/cc-s-checks.log	other	100644	38d63b3f304404cc4762a5953a5a26b24792f0b2	100644	38d63b3f304404cc4762a5953a5a26b24792f0b2	product_exact
evidence/cc-s-main-integration-20260909/cc-s-checks.mjs	other	100644	5b6e3b7b8508edaafafdd4555650550e61eb4d8d	100644	5b6e3b7b8508edaafafdd4555650550e61eb4d8d	product_exact
evidence/cc-s-main-integration-20260909/cc-s-seed.log	other	100644	59b36c762745f7fd5a7ba3e57f80fbd292494faf	100644	59b36c762745f7fd5a7ba3e57f80fbd292494faf	product_exact
evidence/cc-s-main-integration-20260909/cc-s-seed.mjs	other	100644	055d5c474601841ad8574b5d9de4b99fcce048ca	100644	055d5c474601841ad8574b5d9de4b99fcce048ca	product_exact
evidence/cc-s-main-integration-20260909/chat-1440-light.png	other	100644	6283679da8a407051e69cbeb3baa7431b68f3e16	100644	6283679da8a407051e69cbeb3baa7431b68f3e16	product_exact
evidence/cc-s-main-integration-20260909/composition-checks.json	other	100644	63aeb2b84f7f21fa9deaa32602253ce76c1c5abe	100644	63aeb2b84f7f21fa9deaa32602253ce76c1c5abe	product_exact
evidence/cc-s-main-integration-20260909/composition-checks.mjs	other	100644	06e5c915f0e2ca3625355da2387920868ef2ef09	100644	06e5c915f0e2ca3625355da2387920868ef2ef09	product_exact
evidence/cc-s-main-integration-20260909/composition.log	other	100644	4d1b0c4b38b6237a022721476dc1874efeb9067c	100644	4d1b0c4b38b6237a022721476dc1874efeb9067c	product_exact
evidence/cc-s-main-integration-20260909/continue-in-work-1440-light.png	other	100644	aae5d7729f5aa2fd5199453a140ea05f4b96c2e1	100644	aae5d7729f5aa2fd5199453a140ea05f4b96c2e1	product_exact
evidence/cc-s-main-integration-20260909/contrast.log	other	100644	62f7783083541320f1dc8f60d6c273a3de1690a8	100644	62f7783083541320f1dc8f60d6c273a3de1690a8	product_exact
evidence/cc-s-main-integration-20260909/home-1440-light.png	other	100644	abb52afd49a8370b64f9f48d9a00ffda1b8a6ffc	100644	abb52afd49a8370b64f9f48d9a00ffda1b8a6ffc	product_exact
evidence/cc-s-main-integration-20260909/home-390-light.png	other	100644	0806f488daf652334e4c2ac1aa6de283e36a2ba4	100644	0806f488daf652334e4c2ac1aa6de283e36a2ba4	product_exact
evidence/cc-s-main-integration-20260909/home-collapsed-desktop-shell-1440-light.png	other	100644	a345b0d6b0ea4479db501d1309b8dc6aae094857	100644	a345b0d6b0ea4479db501d1309b8dc6aae094857	product_exact
evidence/cc-s-main-integration-20260909/home-desktop-shell-1440-light.png	other	100644	eaf9424cab7c21bc909e1f27e18b9add02823973	100644	eaf9424cab7c21bc909e1f27e18b9add02823973	product_exact
evidence/cc-s-main-integration-20260909/install.log	other	100644	eecbcfc6725e112584fe0a1c28de815f887dc1fc	100644	eecbcfc6725e112584fe0a1c28de815f887dc1fc	product_exact
evidence/cc-s-main-integration-20260909/lint-colors.log	other	100644	526be9bc786fa00f2a7e7bfe6a5ed50a34d37416	100644	526be9bc786fa00f2a7e7bfe6a5ed50a34d37416	product_exact
evidence/cc-s-main-integration-20260909/lint-materials.log	other	100644	ace20a3dcd931474b05892e162cbc4847ca70f10	100644	ace20a3dcd931474b05892e162cbc4847ca70f10	product_exact
evidence/cc-s-main-integration-20260909/models-checks.json	other	100644	0819b6941a727f7c03c1463dc87d9c8d220adb1e	100644	0819b6941a727f7c03c1463dc87d9c8d220adb1e	product_exact
evidence/cc-s-main-integration-20260909/models-checks.mjs	other	100644	02daa0efe5960165e9de6c73977a26894b42e46e	100644	02daa0efe5960165e9de6c73977a26894b42e46e	product_exact
evidence/cc-s-main-integration-20260909/models.log	other	100644	200a9253fb12a7b6efd46df55fd33e71dcc0582b	100644	200a9253fb12a7b6efd46df55fd33e71dcc0582b	product_exact
evidence/cc-s-main-integration-20260909/probe-checks.json	other	100644	35c3138260b117dfbb7fc0e2ecb881d6913b923f	100644	35c3138260b117dfbb7fc0e2ecb881d6913b923f	product_exact
evidence/cc-s-main-integration-20260909/probe-checks.mjs	other	100644	51310b107e048c717fe3637b74d60bef7bf524b2	100644	51310b107e048c717fe3637b74d60bef7bf524b2	product_exact
evidence/cc-s-main-integration-20260909/probe.log	other	100644	b40e1d3a03985de234f3ad7e15e7b4e999d122f5	100644	b40e1d3a03985de234f3ad7e15e7b4e999d122f5	product_exact
evidence/cc-s-main-integration-20260909/rc/mcp-fixture.mjs	other	100644	6176b27950bbff42a372f7e05c22559e69e4d2c7	100644	6176b27950bbff42a372f7e05c22559e69e4d2c7	product_exact
evidence/cc-s-main-integration-20260909/rc/reset-fixture.mjs	other	100644	d4a62bedbb6b97a54d5bd440f6582f2eb989a461	100644	d4a62bedbb6b97a54d5bd440f6582f2eb989a461	product_exact
evidence/cc-s-main-integration-20260909/rc/runtime-ui-checks.json	other	100644	9898d4c136fe63cf48a36317cbf4ec142a832feb	100644	9898d4c136fe63cf48a36317cbf4ec142a832feb	product_exact
evidence/cc-s-main-integration-20260909/rc/runtime-ui-checks.mjs	other	100644	701c5e3da4a8e4925b8dfa12153b0bab819446c3	100644	701c5e3da4a8e4925b8dfa12153b0bab819446c3	product_exact
evidence/cc-s-main-integration-20260909/rc/runtime-ui-counterexamples.json	other	100644	1853d049c4e6d2938ba8cd39bfecc177eb778860	100644	1853d049c4e6d2938ba8cd39bfecc177eb778860	product_exact
evidence/cc-s-main-integration-20260909/rc/runtime-ui-counterexamples.mjs	other	100644	466c230e2ca3344c5685bae04c7a13414ead6239	100644	466c230e2ca3344c5685bae04c7a13414ead6239	product_exact
evidence/cc-s-main-integration-20260909/rc/runtime-ui-viewport.json	other	100644	1f63eaaacc1255e1f9ad0a1cbb2e1084fc765980	100644	1f63eaaacc1255e1f9ad0a1cbb2e1084fc765980	product_exact
evidence/cc-s-main-integration-20260909/rc/runtime-ui-viewport.mjs	other	100644	b5b31fe042158db9a667e242f846ed2ec6ee99bd	100644	b5b31fe042158db9a667e242f846ed2ec6ee99bd	product_exact
evidence/cc-s-main-integration-20260909/rc/seed-fixture.mjs	other	100644	4526c7c88e830c038a38b9c160b34061998f2fa0	100644	4526c7c88e830c038a38b9c160b34061998f2fa0	product_exact
evidence/cc-s-main-integration-20260909/rc/seed.log	other	100644	0ffcf91a5a985e04448b0324b27b412f324d29b1	100644	0ffcf91a5a985e04448b0324b27b412f324d29b1	product_exact
evidence/cc-s-main-integration-20260909/rc/verify.log	other	100644	41f2a855db80d60b90554c633492da4fb95f00f0	100644	41f2a855db80d60b90554c633492da4fb95f00f0	product_exact
evidence/cc-s-main-integration-20260909/rc/verify.mjs	other	100644	ea39d15351057736ab9ea68c413355a62f38c77e	100644	ea39d15351057736ab9ea68c413355a62f38c77e	product_exact
evidence/cc-s-main-integration-20260909/seed.log	other	100644	6999336f160ec345d8a2d125a350b85b1856d3fb	100644	6999336f160ec345d8a2d125a350b85b1856d3fb	product_exact
evidence/cc-s-main-integration-20260909/seed.mjs	other	100644	ea258a1a771c00c0230cbba2722df88255a41568	100644	ea258a1a771c00c0230cbba2722df88255a41568	product_exact
evidence/cc-s-main-integration-20260909/settings-desktop-shell-1440-light.png	other	100644	10fd0db29b36177a2d25e8bdf613a543a3ca4b0e	100644	10fd0db29b36177a2d25e8bdf613a543a3ca4b0e	product_exact
evidence/cc-s-main-integration-20260909/settings-general-1024-light.png	other	100644	475b125230326868b3b1c4da25f11604cbdd2998	100644	475b125230326868b3b1c4da25f11604cbdd2998	product_exact
evidence/cc-s-main-integration-20260909/settings-general-1440-light.png	other	100644	b8389b31ebd874edb1da3aff7a364774c5f1a015	100644	b8389b31ebd874edb1da3aff7a364774c5f1a015	product_exact
evidence/cc-s-main-integration-20260909/settings-general-1440-zoom200-light.png	other	100644	0f6c89ea631ae8792fcd471d9fab2c22eb7af6e9	100644	0f6c89ea631ae8792fcd471d9fab2c22eb7af6e9	product_exact
evidence/cc-s-main-integration-20260909/settings-general-390-light.png	other	100644	f937782478ae96c4eca65984aea7d5ab6a24c6d5	100644	f937782478ae96c4eca65984aea7d5ab6a24c6d5	product_exact
evidence/cc-s-main-integration-20260909/settings-memory-1440-light.png	other	100644	2e058b44c99cc5a06fe21ede6bd3910ea3c2a219	100644	2e058b44c99cc5a06fe21ede6bd3910ea3c2a219	product_exact
evidence/cc-s-main-integration-20260909/settings-models-1440-light.png	other	100644	8410eea5813f993c31b5ec9f2668ba9a856eb855	100644	8410eea5813f993c31b5ec9f2668ba9a856eb855	product_exact
evidence/cc-s-main-integration-20260909/settings-models-390-light.png	other	100644	379e7c43564bde6dd3478e0040d48bbd71fd4327	100644	379e7c43564bde6dd3478e0040d48bbd71fd4327	product_exact
evidence/cc-s-main-integration-20260909/settings-models-add-1440-light.png	other	100644	34dda9c46b5ef58238818c0cf77c0db7a4d53570	100644	34dda9c46b5ef58238818c0cf77c0db7a4d53570	product_exact
evidence/cc-s-main-integration-20260909/settings-models-probe-1440-light.png	other	100644	41e358417545e965ec9c97495b82377e74dba046	100644	41e358417545e965ec9c97495b82377e74dba046	product_exact
evidence/cc-s-main-integration-20260909/settings-tools-1440-light.png	other	100644	9feff06110b39d5272f6e246c67f09490f822bfd	100644	9feff06110b39d5272f6e246c67f09490f822bfd	product_exact
evidence/cc-s-main-integration-20260909/shell-checks.json	other	100644	7c5b54876cbca892b402e09421064f598651c09f	100644	7c5b54876cbca892b402e09421064f598651c09f	product_exact
evidence/cc-s-main-integration-20260909/shell-checks.mjs	other	100644	54a49efa46d34206b897317a864c4e4b39252c53	100644	54a49efa46d34206b897317a864c4e4b39252c53	product_exact
evidence/cc-s-main-integration-20260909/shell.log	other	100644	7baef95ed576812741b2c1473fe7f19978e35310	100644	7baef95ed576812741b2c1473fe7f19978e35310	product_exact
evidence/cc-s-main-integration-20260909/smoke.log	other	100644	94693eb2daccc61842c4c1351d2287f484615702	100644	94693eb2daccc61842c4c1351d2287f484615702	product_exact
evidence/cc-s-main-integration-20260909/tests.log	other	100644	4d40ad4ed5542dacafab98bbeee3d88d0844fa38	100644	4d40ad4ed5542dacafab98bbeee3d88d0844fa38	product_exact
evidence/cc-s-main-integration-20260909/work-1440-light.png	other	100644	4dc7c84c085c2f3f3977494b904bfc813cf80f94	100644	4dc7c84c085c2f3f3977494b904bfc813cf80f94	product_exact
evidence/cc-s-main-integration-20260909/work-390-light.png	other	100644	2b9fc3622015c9405eb81363c33abd0db16bf000	100644	2b9fc3622015c9405eb81363c33abd0db16bf000	product_exact
evidence/cc-s-main-integration-20260909/work-seed.json	other	100644	e2cd99ca1a305d85711b540e5720157d5374efa0	100644	e2cd99ca1a305d85711b540e5720157d5374efa0	product_exact
evidence/cc-s-main-integration-20260909/work-seed.log	other	100644	71fa6b69acf662e5b40c0a8cfa168fc9a9529f30	100644	71fa6b69acf662e5b40c0a8cfa168fc9a9529f30	product_exact
evidence/cc-s-main-integration-20260909/work-seed.mjs	other	100644	ce3ef9fc467617ecb26812c6d0232f2d7aabf1da	100644	ce3ef9fc467617ecb26812c6d0232f2d7aabf1da	product_exact
evidence/cc-s-main-integration-20260909/work-surface-1440-light.png	other	100644	6d5027b39153132a3773484b19f83386b1b0c4b4	100644	6d5027b39153132a3773484b19f83386b1b0c4b4	product_exact
evidence/cc-s/README.md	other	100644	b6ad34d37b2baa7d6dc4a96d499332969d7f18b0	100644	b6ad34d37b2baa7d6dc4a96d499332969d7f18b0	product_exact
evidence/cc-s/browser.mjs	other	100644	d20d1189b378fe05e5bbc803acd4740d1be7b95c	100644	d20d1189b378fe05e5bbc803acd4740d1be7b95c	product_exact
evidence/cc-s/cc-s-checks.json	other	100644	4c28e8553b84f04b475d9dae9e66f2475538f344	100644	4c28e8553b84f04b475d9dae9e66f2475538f344	product_exact
evidence/cc-s/cc-s-checks.log	other	100644	38d63b3f304404cc4762a5953a5a26b24792f0b2	100644	38d63b3f304404cc4762a5953a5a26b24792f0b2	product_exact
evidence/cc-s/cc-s-checks.mjs	other	100644	5b6e3b7b8508edaafafdd4555650550e61eb4d8d	100644	5b6e3b7b8508edaafafdd4555650550e61eb4d8d	product_exact
evidence/cc-s/cc-s-seed.mjs	other	100644	055d5c474601841ad8574b5d9de4b99fcce048ca	100644	055d5c474601841ad8574b5d9de4b99fcce048ca	product_exact
evidence/cc-s/chat-1440-light.png	other	100644	6283679da8a407051e69cbeb3baa7431b68f3e16	100644	6283679da8a407051e69cbeb3baa7431b68f3e16	product_exact
evidence/cc-s/composition-checks.json	other	100644	63aeb2b84f7f21fa9deaa32602253ce76c1c5abe	100644	63aeb2b84f7f21fa9deaa32602253ce76c1c5abe	product_exact
evidence/cc-s/composition-checks.mjs	other	100644	06e5c915f0e2ca3625355da2387920868ef2ef09	100644	06e5c915f0e2ca3625355da2387920868ef2ef09	product_exact
evidence/cc-s/continue-in-work-1440-light.png	other	100644	9875ecce9b59aa35b9d0bf8f7cdc5d28034e521d	100644	9875ecce9b59aa35b9d0bf8f7cdc5d28034e521d	product_exact
evidence/cc-s/contrast.log	other	100644	cd28f0ff304ee507bb905ac8229a2d176cdb715e	100644	cd28f0ff304ee507bb905ac8229a2d176cdb715e	product_exact
evidence/cc-s/counterexamples.json	other	100644	e9cae6338d2dc9228d6eafc59b7909a681281514	100644	e9cae6338d2dc9228d6eafc59b7909a681281514	product_exact
evidence/cc-s/counterexamples.mjs	other	100644	aa5f45ee189cb190d46e50f5638d5c0c29e330cb	100644	aa5f45ee189cb190d46e50f5638d5c0c29e330cb	product_exact
evidence/cc-s/fe-t01-empty.json	other	100644	d80e6cdb6c4b1db02308f018e00dfe5127ff9883	100644	d80e6cdb6c4b1db02308f018e00dfe5127ff9883	product_exact
evidence/cc-s/fe-t01-rows.json	other	100644	e2872f58e21b321b840ccc9800fb6bb27f007144	100644	e2872f58e21b321b840ccc9800fb6bb27f007144	product_exact
evidence/cc-s/fe-t01.mjs	other	100644	d5a1c859b8c405d604508b61a804dc9e821b55fc	100644	d5a1c859b8c405d604508b61a804dc9e821b55fc	product_exact
evidence/cc-s/fe-t07.json	other	100644	644e9bd7672741a9f1c2caec913556f960facb48	100644	644e9bd7672741a9f1c2caec913556f960facb48	product_exact
evidence/cc-s/fe-t07.mjs	other	100644	fa3a81054415c841fa0c49f32f76b383102dbafc	100644	fa3a81054415c841fa0c49f32f76b383102dbafc	product_exact
evidence/cc-s/fe-t11.json	other	100644	49d3fb217003b6092c8c84c68f94f27e4d59c555	100644	49d3fb217003b6092c8c84c68f94f27e4d59c555	product_exact
evidence/cc-s/fe-t11.mjs	other	100644	a455393bb8196b38bbd403e64f797ddcd5d9b095	100644	a455393bb8196b38bbd403e64f797ddcd5d9b095	product_exact
evidence/cc-s/home-1440-light.png	other	100644	abb52afd49a8370b64f9f48d9a00ffda1b8a6ffc	100644	abb52afd49a8370b64f9f48d9a00ffda1b8a6ffc	product_exact
evidence/cc-s/home-390-light.png	other	100644	0806f488daf652334e4c2ac1aa6de283e36a2ba4	100644	0806f488daf652334e4c2ac1aa6de283e36a2ba4	product_exact
evidence/cc-s/home-collapsed-desktop-shell-1440-light.png	other	100644	a345b0d6b0ea4479db501d1309b8dc6aae094857	100644	a345b0d6b0ea4479db501d1309b8dc6aae094857	product_exact
evidence/cc-s/home-desktop-shell-1440-light.png	other	100644	eaf9424cab7c21bc909e1f27e18b9add02823973	100644	eaf9424cab7c21bc909e1f27e18b9add02823973	product_exact
evidence/cc-s/install.log	other	100644	cba1fd5f14caaf5092d94425092efd09f412781a	100644	cba1fd5f14caaf5092d94425092efd09f412781a	product_exact
evidence/cc-s/lint-colors.log	other	100644	526be9bc786fa00f2a7e7bfe6a5ed50a34d37416	100644	526be9bc786fa00f2a7e7bfe6a5ed50a34d37416	product_exact
evidence/cc-s/lint-materials.log	other	100644	ace20a3dcd931474b05892e162cbc4847ca70f10	100644	ace20a3dcd931474b05892e162cbc4847ca70f10	product_exact
evidence/cc-s/models-checks.json	other	100644	0819b6941a727f7c03c1463dc87d9c8d220adb1e	100644	0819b6941a727f7c03c1463dc87d9c8d220adb1e	product_exact
evidence/cc-s/models-checks.mjs	other	100644	02daa0efe5960165e9de6c73977a26894b42e46e	100644	02daa0efe5960165e9de6c73977a26894b42e46e	product_exact
evidence/cc-s/primitive-checks.json	other	100644	5c5374943cb8092a280ca8d8266d5b107def2a25	100644	5c5374943cb8092a280ca8d8266d5b107def2a25	product_exact
evidence/cc-s/primitive-checks.log	other	100644	6b81ef7167f2a5e9ca428a1b484cf341adcd4095	100644	6b81ef7167f2a5e9ca428a1b484cf341adcd4095	product_exact
evidence/cc-s/primitive-checks.mjs	other	100644	492a3a321686f7bc58198c7ac28d441753c08aea	100644	492a3a321686f7bc58198c7ac28d441753c08aea	product_exact
evidence/cc-s/primitive-seed.mjs	other	100644	8d64c9f7128b8ac4e9c00a8ad108df6bafd48505	100644	8d64c9f7128b8ac4e9c00a8ad108df6bafd48505	product_exact
evidence/cc-s/probe-checks.json	other	100644	35c3138260b117dfbb7fc0e2ecb881d6913b923f	100644	35c3138260b117dfbb7fc0e2ecb881d6913b923f	product_exact
evidence/cc-s/probe-checks.mjs	other	100644	51310b107e048c717fe3637b74d60bef7bf524b2	100644	51310b107e048c717fe3637b74d60bef7bf524b2	product_exact
evidence/cc-s/rc-verify.log	other	100644	41f2a855db80d60b90554c633492da4fb95f00f0	100644	41f2a855db80d60b90554c633492da4fb95f00f0	product_exact
evidence/cc-s/rc/mcp-fixture.mjs	other	100644	6176b27950bbff42a372f7e05c22559e69e4d2c7	100644	6176b27950bbff42a372f7e05c22559e69e4d2c7	product_exact
evidence/cc-s/rc/reset-fixture.mjs	other	100644	d4a62bedbb6b97a54d5bd440f6582f2eb989a461	100644	d4a62bedbb6b97a54d5bd440f6582f2eb989a461	product_exact
evidence/cc-s/rc/runtime-ui-checks.json	other	100644	280c9d612cb1b7cf21947e8247f96be1fbaace26	100644	280c9d612cb1b7cf21947e8247f96be1fbaace26	product_exact
evidence/cc-s/rc/runtime-ui-checks.mjs	other	100644	701c5e3da4a8e4925b8dfa12153b0bab819446c3	100644	701c5e3da4a8e4925b8dfa12153b0bab819446c3	product_exact
evidence/cc-s/rc/runtime-ui-counterexamples.json	other	100644	b52a38cb81bdde62f703f1f82c0824fdb99c8697	100644	b52a38cb81bdde62f703f1f82c0824fdb99c8697	product_exact
evidence/cc-s/rc/runtime-ui-counterexamples.mjs	other	100644	466c230e2ca3344c5685bae04c7a13414ead6239	100644	466c230e2ca3344c5685bae04c7a13414ead6239	product_exact
evidence/cc-s/rc/runtime-ui-viewport.json	other	100644	58862dc9cd94cd17c06d87ef25d42bd35312a153	100644	58862dc9cd94cd17c06d87ef25d42bd35312a153	product_exact
evidence/cc-s/rc/runtime-ui-viewport.mjs	other	100644	b5b31fe042158db9a667e242f846ed2ec6ee99bd	100644	b5b31fe042158db9a667e242f846ed2ec6ee99bd	product_exact
evidence/cc-s/rc/seed-fixture.mjs	other	100644	4526c7c88e830c038a38b9c160b34061998f2fa0	100644	4526c7c88e830c038a38b9c160b34061998f2fa0	product_exact
evidence/cc-s/rc/verify.mjs	other	100644	ea39d15351057736ab9ea68c413355a62f38c77e	100644	ea39d15351057736ab9ea68c413355a62f38c77e	product_exact
evidence/cc-s/seed.mjs	other	100644	ea258a1a771c00c0230cbba2722df88255a41568	100644	ea258a1a771c00c0230cbba2722df88255a41568	product_exact
evidence/cc-s/settings-desktop-shell-1440-light.png	other	100644	10fd0db29b36177a2d25e8bdf613a543a3ca4b0e	100644	10fd0db29b36177a2d25e8bdf613a543a3ca4b0e	product_exact
evidence/cc-s/settings-general-1024-light.png	other	100644	475b125230326868b3b1c4da25f11604cbdd2998	100644	475b125230326868b3b1c4da25f11604cbdd2998	product_exact
evidence/cc-s/settings-general-1440-light.png	other	100644	b8389b31ebd874edb1da3aff7a364774c5f1a015	100644	b8389b31ebd874edb1da3aff7a364774c5f1a015	product_exact
evidence/cc-s/settings-general-1440-zoom200-light.png	other	100644	0f6c89ea631ae8792fcd471d9fab2c22eb7af6e9	100644	0f6c89ea631ae8792fcd471d9fab2c22eb7af6e9	product_exact
evidence/cc-s/settings-general-390-light.png	other	100644	f937782478ae96c4eca65984aea7d5ab6a24c6d5	100644	f937782478ae96c4eca65984aea7d5ab6a24c6d5	product_exact
evidence/cc-s/settings-memory-1440-light.png	other	100644	2e058b44c99cc5a06fe21ede6bd3910ea3c2a219	100644	2e058b44c99cc5a06fe21ede6bd3910ea3c2a219	product_exact
evidence/cc-s/settings-models-1440-light.png	other	100644	8410eea5813f993c31b5ec9f2668ba9a856eb855	100644	8410eea5813f993c31b5ec9f2668ba9a856eb855	product_exact
evidence/cc-s/settings-models-390-light.png	other	100644	1744c7b23e5165339227adf18805810d28af44b1	100644	1744c7b23e5165339227adf18805810d28af44b1	product_exact
evidence/cc-s/settings-models-add-1440-light.png	other	100644	34dda9c46b5ef58238818c0cf77c0db7a4d53570	100644	34dda9c46b5ef58238818c0cf77c0db7a4d53570	product_exact
evidence/cc-s/settings-models-probe-1440-light.png	other	100644	ec7cf8ee86ec8c997dfeadb44073d8ba854e04e5	100644	ec7cf8ee86ec8c997dfeadb44073d8ba854e04e5	product_exact
evidence/cc-s/settings-tools-1440-light.png	other	100644	9feff06110b39d5272f6e246c67f09490f822bfd	100644	9feff06110b39d5272f6e246c67f09490f822bfd	product_exact
evidence/cc-s/shell-checks.json	other	100644	d2946c8281addd1223a23c422139cc2647f850a5	100644	d2946c8281addd1223a23c422139cc2647f850a5	product_exact
evidence/cc-s/shell-checks.mjs	other	100644	54a49efa46d34206b897317a864c4e4b39252c53	100644	54a49efa46d34206b897317a864c4e4b39252c53	product_exact
evidence/cc-s/smoke.log	other	100644	94693eb2daccc61842c4c1351d2287f484615702	100644	94693eb2daccc61842c4c1351d2287f484615702	product_exact
evidence/cc-s/tests.log	other	100644	8cf568288e1ed0d42cefb007132228cc6bffeaa1	100644	8cf568288e1ed0d42cefb007132228cc6bffeaa1	product_exact
evidence/cc-s/work-1440-light.png	other	100644	7dee9a3c8eced70dde21a7da7dc7a70803266c22	100644	7dee9a3c8eced70dde21a7da7dc7a70803266c22	product_exact
evidence/cc-s/work-390-light.png	other	100644	2b9fc3622015c9405eb81363c33abd0db16bf000	100644	2b9fc3622015c9405eb81363c33abd0db16bf000	product_exact
evidence/cc-s/work-seed.json	other	100644	dd36c1eb5ea99f59fbd644ad0d273ee1d934e9fd	100644	dd36c1eb5ea99f59fbd644ad0d273ee1d934e9fd	product_exact
evidence/cc-s/work-seed.mjs	other	100644	ce3ef9fc467617ecb26812c6d0232f2d7aabf1da	100644	ce3ef9fc467617ecb26812c6d0232f2d7aabf1da	product_exact
evidence/cc-s/work-surface-1440-light.png	other	100644	8562a9b6393861a8c0d9042a24e4bb1f58f86ddb	100644	8562a9b6393861a8c0d9042a24e4bb1f58f86ddb	product_exact
evidence/cc-w-main-integration-20260909/README.md	other	100644	cf6eea797230925c0c8b81332a46d1ec9877325e	100644	cf6eea797230925c0c8b81332a46d1ec9877325e	product_exact
evidence/cc-w-main-integration-20260909/browser.mjs	other	100644	8a88456aeacba9576668136634f8bff83a552d7f	100644	8a88456aeacba9576668136634f8bff83a552d7f	product_exact
evidence/cc-w-main-integration-20260909/cc-w-checks-seed.log	other	100644	2febd326b59d1d5360ae6e556b8f04a66fe52877	100644	2febd326b59d1d5360ae6e556b8f04a66fe52877	product_exact
evidence/cc-w-main-integration-20260909/cc-w-checks.json	other	100644	4ce52a68d901afa258385c393e4db00f5551b366	100644	4ce52a68d901afa258385c393e4db00f5551b366	product_exact
evidence/cc-w-main-integration-20260909/cc-w-checks.log	other	100644	fef1f215309901cfadeee55be98ee9ac89132a0e	100644	fef1f215309901cfadeee55be98ee9ac89132a0e	product_exact
evidence/cc-w-main-integration-20260909/cc-w-checks.mjs	other	100644	00cb8c417dbdbb6e15f6b6a8a13dad3d22549acc	100644	00cb8c417dbdbb6e15f6b6a8a13dad3d22549acc	product_exact
evidence/cc-w-main-integration-20260909/cc-w-seed.mjs	other	100644	71d77f8c480f389eefde48ddeea3713a70af21d1	100644	71d77f8c480f389eefde48ddeea3713a70af21d1	product_exact
evidence/cc-w-main-integration-20260909/chat-1440-light.png	other	100644	9df24d3fba0b1b8936cab17f93cf17364862ca82	100644	9df24d3fba0b1b8936cab17f93cf17364862ca82	product_exact
evidence/cc-w-main-integration-20260909/composition-checks.json	other	100644	6baaee3ab180e26dd497771c9ea426e45f8747ba	100644	6baaee3ab180e26dd497771c9ea426e45f8747ba	product_exact
evidence/cc-w-main-integration-20260909/composition-checks.mjs	other	100644	64e86db2d2e0a796bbc3590ee8ddd77af9be6ab6	100644	64e86db2d2e0a796bbc3590ee8ddd77af9be6ab6	product_exact
evidence/cc-w-main-integration-20260909/composition-seed.log	other	100644	6999336f160ec345d8a2d125a350b85b1856d3fb	100644	6999336f160ec345d8a2d125a350b85b1856d3fb	product_exact
evidence/cc-w-main-integration-20260909/composition.log	other	100644	46c516590b57abb43786267dd0e90d13dfc51ed0	100644	46c516590b57abb43786267dd0e90d13dfc51ed0	product_exact
evidence/cc-w-main-integration-20260909/continue-in-work-1440-light.png	other	100644	c55046ce499362b9777677d5d877a10123898481	100644	c55046ce499362b9777677d5d877a10123898481	product_exact
evidence/cc-w-main-integration-20260909/contrast.log	other	100644	62f7783083541320f1dc8f60d6c273a3de1690a8	100644	62f7783083541320f1dc8f60d6c273a3de1690a8	product_exact
evidence/cc-w-main-integration-20260909/counterexamples/browser.mjs	other	100644	8a88456aeacba9576668136634f8bff83a552d7f	100644	8a88456aeacba9576668136634f8bff83a552d7f	product_exact
evidence/cc-w-main-integration-20260909/counterexamples/checks.log	other	100644	5f4a9236466012ff339ccb2d8cfe11cd49f48b4c	100644	5f4a9236466012ff339ccb2d8cfe11cd49f48b4c	product_exact
evidence/cc-w-main-integration-20260909/counterexamples/checks.log.invalid-fixture	other	100644	27c5b72cedd2496f8183abf296a88b3cf5060f4e	100644	27c5b72cedd2496f8183abf296a88b3cf5060f4e	product_exact
evidence/cc-w-main-integration-20260909/counterexamples/counterexamples.json	other	100644	6b56b5c831be51cf3c4c5ee04fbc0955d111ed37	100644	6b56b5c831be51cf3c4c5ee04fbc0955d111ed37	product_exact
evidence/cc-w-main-integration-20260909/counterexamples/counterexamples.json.invalid-fixture	other	100644	d4e4208188023a3463102911e726c5f63b181b4c	100644	d4e4208188023a3463102911e726c5f63b181b4c	product_exact
evidence/cc-w-main-integration-20260909/counterexamples/counterexamples.mjs	other	100644	f21a35e2568d642d55d78931b2431427fa2715d5	100644	f21a35e2568d642d55d78931b2431427fa2715d5	product_exact
evidence/cc-w-main-integration-20260909/counterexamples/seed-8968.log	other	100644	abf0b7ad6164d04e793f5d935038d41dff0d9936	100644	abf0b7ad6164d04e793f5d935038d41dff0d9936	product_exact
evidence/cc-w-main-integration-20260909/counterexamples/seed-8969.log	other	100644	6999336f160ec345d8a2d125a350b85b1856d3fb	100644	6999336f160ec345d8a2d125a350b85b1856d3fb	product_exact
evidence/cc-w-main-integration-20260909/counterexamples/seed-8969.log.invalid-fixture	other	100644	38c9a668229b25ab5cc398a820d2eabf15c4096e	100644	38c9a668229b25ab5cc398a820d2eabf15c4096e	product_exact
evidence/cc-w-main-integration-20260909/counterexamples/seed.mjs	other	100644	246545155215c7fb6ae8c42903fee1606bd93b23	100644	246545155215c7fb6ae8c42903fee1606bd93b23	product_exact
evidence/cc-w-main-integration-20260909/counterexamples/server-8968.log	other	100644	01384c581ef443baa6eade20cc6fad0416c165eb	100644	01384c581ef443baa6eade20cc6fad0416c165eb	product_exact
evidence/cc-w-main-integration-20260909/counterexamples/server-8969.log	other	100644	837e73207dd8e2cf828d75ddd24072559a9583b2	100644	837e73207dd8e2cf828d75ddd24072559a9583b2	product_exact
evidence/cc-w-main-integration-20260909/empty/browser.mjs	other	100644	8a88456aeacba9576668136634f8bff83a552d7f	100644	8a88456aeacba9576668136634f8bff83a552d7f	product_exact
evidence/cc-w-main-integration-20260909/empty/empty.log	other	100644	5b9606cb1a4ac365f12d5e98e10e41c4723f0c2a	100644	5b9606cb1a4ac365f12d5e98e10e41c4723f0c2a	product_exact
evidence/cc-w-main-integration-20260909/empty/fe-t01-empty.json	other	100644	d80e6cdb6c4b1db02308f018e00dfe5127ff9883	100644	d80e6cdb6c4b1db02308f018e00dfe5127ff9883	product_exact
evidence/cc-w-main-integration-20260909/empty/fe-t01.mjs	other	100644	d5a1c859b8c405d604508b61a804dc9e821b55fc	100644	d5a1c859b8c405d604508b61a804dc9e821b55fc	product_exact
evidence/cc-w-main-integration-20260909/empty/server.log	other	100644	2ccf85511c56163c7951fdfb71ed6198db874dc0	100644	2ccf85511c56163c7951fdfb71ed6198db874dc0	product_exact
evidence/cc-w-main-integration-20260909/fe-t07-seed.log	other	100644	c019c08f28cc4d39c52898e4fe1e225270429b0a	100644	c019c08f28cc4d39c52898e4fe1e225270429b0a	product_exact
evidence/cc-w-main-integration-20260909/fe-t07.json	other	100644	025849f1bd1221f7e6470bd35e186f9fbebb97aa	100644	025849f1bd1221f7e6470bd35e186f9fbebb97aa	product_exact
evidence/cc-w-main-integration-20260909/fe-t07.log	other	100644	708ffed98c70d34fab0e55f080553e15c3760b75	100644	708ffed98c70d34fab0e55f080553e15c3760b75	product_exact
evidence/cc-w-main-integration-20260909/fe-t07.mjs	other	100644	ade35ae1879d0ae0ed99a2079a497d1676602882	100644	ade35ae1879d0ae0ed99a2079a497d1676602882	product_exact
evidence/cc-w-main-integration-20260909/final-behavior/behavior.log	other	100644	28b9c8672c03a3ab2d332036b4ef2e53bb63424f	100644	28b9c8672c03a3ab2d332036b4ef2e53bb63424f	product_exact
evidence/cc-w-main-integration-20260909/final-behavior/browser.mjs	other	100644	8a88456aeacba9576668136634f8bff83a552d7f	100644	8a88456aeacba9576668136634f8bff83a552d7f	product_exact
evidence/cc-w-main-integration-20260909/final-behavior/cc-w-checks.json	other	100644	c15e77c8e53e2c585a7e993b1cc95d064bae841a	100644	c15e77c8e53e2c585a7e993b1cc95d064bae841a	product_exact
evidence/cc-w-main-integration-20260909/final-behavior/cc-w-checks.mjs	other	100644	00cb8c417dbdbb6e15f6b6a8a13dad3d22549acc	100644	00cb8c417dbdbb6e15f6b6a8a13dad3d22549acc	product_exact
evidence/cc-w-main-integration-20260909/final-behavior/cc-w-seed.mjs	other	100644	71d77f8c480f389eefde48ddeea3713a70af21d1	100644	71d77f8c480f389eefde48ddeea3713a70af21d1	product_exact
evidence/cc-w-main-integration-20260909/final-behavior/seed.log	other	100644	b11eec65a4d96214e318968da2c0ec982efd6c62	100644	b11eec65a4d96214e318968da2c0ec982efd6c62	product_exact
evidence/cc-w-main-integration-20260909/final-behavior/server.log	other	100644	2ccf85511c56163c7951fdfb71ed6198db874dc0	100644	2ccf85511c56163c7951fdfb71ed6198db874dc0	product_exact
evidence/cc-w-main-integration-20260909/final-layout/browser.mjs	other	100644	8a88456aeacba9576668136634f8bff83a552d7f	100644	8a88456aeacba9576668136634f8bff83a552d7f	product_exact
evidence/cc-w-main-integration-20260909/final-layout/composition-checks.json	other	100644	6baaee3ab180e26dd497771c9ea426e45f8747ba	100644	6baaee3ab180e26dd497771c9ea426e45f8747ba	product_exact
evidence/cc-w-main-integration-20260909/final-layout/composition-checks.mjs	other	100644	64e86db2d2e0a796bbc3590ee8ddd77af9be6ab6	100644	64e86db2d2e0a796bbc3590ee8ddd77af9be6ab6	product_exact
evidence/cc-w-main-integration-20260909/final-layout/composition.log	other	100644	46c516590b57abb43786267dd0e90d13dfc51ed0	100644	46c516590b57abb43786267dd0e90d13dfc51ed0	product_exact
evidence/cc-w-main-integration-20260909/final-layout/home-1440-light.png	other	100644	abb52afd49a8370b64f9f48d9a00ffda1b8a6ffc	100644	abb52afd49a8370b64f9f48d9a00ffda1b8a6ffc	product_exact
evidence/cc-w-main-integration-20260909/final-layout/home-390-light.png	other	100644	0806f488daf652334e4c2ac1aa6de283e36a2ba4	100644	0806f488daf652334e4c2ac1aa6de283e36a2ba4	product_exact
evidence/cc-w-main-integration-20260909/final-layout/home-collapsed-desktop-shell-1440-light.png	other	100644	a345b0d6b0ea4479db501d1309b8dc6aae094857	100644	a345b0d6b0ea4479db501d1309b8dc6aae094857	product_exact
evidence/cc-w-main-integration-20260909/final-layout/home-desktop-shell-1440-light.png	other	100644	eaf9424cab7c21bc909e1f27e18b9add02823973	100644	eaf9424cab7c21bc909e1f27e18b9add02823973	product_exact
evidence/cc-w-main-integration-20260909/final-layout/seed.log	other	100644	6999336f160ec345d8a2d125a350b85b1856d3fb	100644	6999336f160ec345d8a2d125a350b85b1856d3fb	product_exact
evidence/cc-w-main-integration-20260909/final-layout/seed.mjs	other	100644	246545155215c7fb6ae8c42903fee1606bd93b23	100644	246545155215c7fb6ae8c42903fee1606bd93b23	product_exact
evidence/cc-w-main-integration-20260909/final-layout/server.log	other	100644	2ccf85511c56163c7951fdfb71ed6198db874dc0	100644	2ccf85511c56163c7951fdfb71ed6198db874dc0	product_exact
evidence/cc-w-main-integration-20260909/final-layout/settings-desktop-shell-1440-light.png	other	100644	10fd0db29b36177a2d25e8bdf613a543a3ca4b0e	100644	10fd0db29b36177a2d25e8bdf613a543a3ca4b0e	product_exact
evidence/cc-w-main-integration-20260909/final-layout/settings-general-1024-light.png	other	100644	475b125230326868b3b1c4da25f11604cbdd2998	100644	475b125230326868b3b1c4da25f11604cbdd2998	product_exact
evidence/cc-w-main-integration-20260909/final-layout/settings-general-1440-light.png	other	100644	b8389b31ebd874edb1da3aff7a364774c5f1a015	100644	b8389b31ebd874edb1da3aff7a364774c5f1a015	product_exact
evidence/cc-w-main-integration-20260909/final-layout/settings-general-1440-zoom200-light.png	other	100644	0f6c89ea631ae8792fcd471d9fab2c22eb7af6e9	100644	0f6c89ea631ae8792fcd471d9fab2c22eb7af6e9	product_exact
evidence/cc-w-main-integration-20260909/final-layout/settings-general-390-light.png	other	100644	f937782478ae96c4eca65984aea7d5ab6a24c6d5	100644	f937782478ae96c4eca65984aea7d5ab6a24c6d5	product_exact
evidence/cc-w-main-integration-20260909/final-layout/work-1440-light.png	other	100644	94f801a32b72458760360b682a029f940309abb2	100644	94f801a32b72458760360b682a029f940309abb2	product_exact
evidence/cc-w-main-integration-20260909/final-layout/work-expanded-1440-light.png	other	100644	f381563c8704d8be3fdada57a653770ac672aed3	100644	f381563c8704d8be3fdada57a653770ac672aed3	product_exact
evidence/cc-w-main-integration-20260909/final-layout/work-expanded-1440-zoom200-light.png	other	100644	d015cfdea8961d71871ea75b18fc5d5121a90b23	100644	d015cfdea8961d71871ea75b18fc5d5121a90b23	product_exact
evidence/cc-w-main-integration-20260909/final-layout/work-expanded-desktop-shell-1440-light.png	other	100644	4f9c8393ced26538bad7ae8fc165f054297bfd22	100644	4f9c8393ced26538bad7ae8fc165f054297bfd22	product_exact
evidence/cc-w-main-integration-20260909/final-layout/work-surface-1440-light.png	other	100644	87e89ac037a18107817f462ddb0b1fee5b8f7ba6	100644	87e89ac037a18107817f462ddb0b1fee5b8f7ba6	product_exact
evidence/cc-w-main-integration-20260909/final-layout/work-three-pane-1680-light.png	other	100644	38f3d065aea266252c0d20cbfa9c4fe94a14104b	100644	38f3d065aea266252c0d20cbfa9c4fe94a14104b	product_exact
evidence/cc-w-main-integration-20260909/final-layout/work-three-pane-1680x720-light.png	other	100644	cd908bc85b6d18418854722f0d5c68706034a4e8	100644	cd908bc85b6d18418854722f0d5c68706034a4e8	product_exact
evidence/cc-w-main-integration-20260909/final-layout/work-three-pane-desktop-shell-1680-light.png	other	100644	5b2f3ccb224eee52923ec2c2dd189b15abef3365	100644	5b2f3ccb224eee52923ec2c2dd189b15abef3365	product_exact
evidence/cc-w-main-integration-20260909/history/browser.mjs	other	100644	8a88456aeacba9576668136634f8bff83a552d7f	100644	8a88456aeacba9576668136634f8bff83a552d7f	product_exact
evidence/cc-w-main-integration-20260909/history/fe-t11.json	other	100644	38ef0570843069ac2bd78c6be991764dc97a7138	100644	38ef0570843069ac2bd78c6be991764dc97a7138	product_exact
evidence/cc-w-main-integration-20260909/history/fe-t11.log	other	100644	239d7c036801c432507b5d7ed0e8ef3e719b3e51	100644	239d7c036801c432507b5d7ed0e8ef3e719b3e51	product_exact
evidence/cc-w-main-integration-20260909/history/fe-t11.mjs	other	100644	793d42c361293b78b20beec781a1e517717ec498	100644	793d42c361293b78b20beec781a1e517717ec498	product_exact
evidence/cc-w-main-integration-20260909/history/seed.log	other	100644	594d6c7d966c7659e51499104528c82943dcda2b	100644	594d6c7d966c7659e51499104528c82943dcda2b	product_exact
evidence/cc-w-main-integration-20260909/history/server.log	other	100644	2ccf85511c56163c7951fdfb71ed6198db874dc0	100644	2ccf85511c56163c7951fdfb71ed6198db874dc0	product_exact
evidence/cc-w-main-integration-20260909/history/work-seed.json	other	100644	ecef010e80ce4bdbefb912cbe0352f202caef591	100644	ecef010e80ce4bdbefb912cbe0352f202caef591	product_exact
evidence/cc-w-main-integration-20260909/history/work-seed.mjs	other	100644	b91416924490250701098c485af697d3c2eaff41	100644	b91416924490250701098c485af697d3c2eaff41	product_exact
evidence/cc-w-main-integration-20260909/home-1440-light.png	other	100644	abb52afd49a8370b64f9f48d9a00ffda1b8a6ffc	100644	abb52afd49a8370b64f9f48d9a00ffda1b8a6ffc	product_exact
evidence/cc-w-main-integration-20260909/home-390-light.png	other	100644	0806f488daf652334e4c2ac1aa6de283e36a2ba4	100644	0806f488daf652334e4c2ac1aa6de283e36a2ba4	product_exact
evidence/cc-w-main-integration-20260909/home-collapsed-desktop-shell-1440-light.png	other	100644	a345b0d6b0ea4479db501d1309b8dc6aae094857	100644	a345b0d6b0ea4479db501d1309b8dc6aae094857	product_exact
evidence/cc-w-main-integration-20260909/home-desktop-shell-1440-light.png	other	100644	eaf9424cab7c21bc909e1f27e18b9add02823973	100644	eaf9424cab7c21bc909e1f27e18b9add02823973	product_exact
evidence/cc-w-main-integration-20260909/install.log	other	100644	4caf75a54a6b0ae38efe34efbfb6bb35e461b6fa	100644	4caf75a54a6b0ae38efe34efbfb6bb35e461b6fa	product_exact
evidence/cc-w-main-integration-20260909/lint-colors.log	other	100644	526be9bc786fa00f2a7e7bfe6a5ed50a34d37416	100644	526be9bc786fa00f2a7e7bfe6a5ed50a34d37416	product_exact
evidence/cc-w-main-integration-20260909/lint-materials.log	other	100644	ace20a3dcd931474b05892e162cbc4847ca70f10	100644	ace20a3dcd931474b05892e162cbc4847ca70f10	product_exact
evidence/cc-w-main-integration-20260909/primitive/browser.mjs	other	100644	8a88456aeacba9576668136634f8bff83a552d7f	100644	8a88456aeacba9576668136634f8bff83a552d7f	product_exact
evidence/cc-w-main-integration-20260909/primitive/primitive-checks.json	other	100644	5c5374943cb8092a280ca8d8266d5b107def2a25	100644	5c5374943cb8092a280ca8d8266d5b107def2a25	product_exact
evidence/cc-w-main-integration-20260909/primitive/primitive-checks.mjs	other	100644	4ced640f3017f9767cb55bd3015b44cf4651b2b7	100644	4ced640f3017f9767cb55bd3015b44cf4651b2b7	product_exact
evidence/cc-w-main-integration-20260909/primitive/primitive-seed.mjs	other	100644	603841a85712b4f8d1c6a7c014440765bcdf4d46	100644	603841a85712b4f8d1c6a7c014440765bcdf4d46	product_exact
evidence/cc-w-main-integration-20260909/primitive/primitive.log	other	100644	6b81ef7167f2a5e9ca428a1b484cf341adcd4095	100644	6b81ef7167f2a5e9ca428a1b484cf341adcd4095	product_exact
evidence/cc-w-main-integration-20260909/primitive/seed.log	other	100644	28372222a017c1e106fb97e14d82db3f603a0e28	100644	28372222a017c1e106fb97e14d82db3f603a0e28	product_exact
evidence/cc-w-main-integration-20260909/primitive/server.log	other	100644	2ccf85511c56163c7951fdfb71ed6198db874dc0	100644	2ccf85511c56163c7951fdfb71ed6198db874dc0	product_exact
evidence/cc-w-main-integration-20260909/regression-exits.json	other	100644	46a591fbf27e9bb9b47b8750a12a318b1618f272	100644	46a591fbf27e9bb9b47b8750a12a318b1618f272	product_exact
evidence/cc-w-main-integration-20260909/regressions-remaining.log	other	100644	2d3dd71086ce4a8b308d43ee986868e15d47e4d7	100644	2d3dd71086ce4a8b308d43ee986868e15d47e4d7	product_exact
evidence/cc-w-main-integration-20260909/regressions.log	other	100644	079046a86b126d1ce7152217e0c6ca8152c67227	100644	079046a86b126d1ce7152217e0c6ca8152c67227	product_exact
evidence/cc-w-main-integration-20260909/request-width-after.json	other	100644	f9d35c93f179d85acd5911f44b8b2794857c38c0	100644	f9d35c93f179d85acd5911f44b8b2794857c38c0	product_exact
evidence/cc-w-main-integration-20260909/request-width-after.log	other	100644	44163f29737e7181eac550d27ca442f27bc521b8	100644	44163f29737e7181eac550d27ca442f27bc521b8	product_exact
evidence/cc-w-main-integration-20260909/request-width-before.json	other	100644	61f6516cb8aebf7a828a9cabf0824b0267e397b9	100644	61f6516cb8aebf7a828a9cabf0824b0267e397b9	product_exact
evidence/cc-w-main-integration-20260909/request-width-before.log	other	100644	1755e0be9c4194b063ee18849f6f1699edf2d29e	100644	1755e0be9c4194b063ee18849f6f1699edf2d29e	product_exact
evidence/cc-w-main-integration-20260909/request-width-checks.mjs	other	100644	1c31f18d3b6d465d71948afd8548d63c79850784	100644	1c31f18d3b6d465d71948afd8548d63c79850784	product_exact
evidence/cc-w-main-integration-20260909/run-regressions.py	other	100644	485d50f110b10db6156e740979e992172a73f486	100644	485d50f110b10db6156e740979e992172a73f486	product_exact
evidence/cc-w-main-integration-20260909/runtime/browser.mjs	other	100644	8a88456aeacba9576668136634f8bff83a552d7f	100644	8a88456aeacba9576668136634f8bff83a552d7f	product_exact
evidence/cc-w-main-integration-20260909/runtime/rc/mcp-fixture.mjs	other	100644	6176b27950bbff42a372f7e05c22559e69e4d2c7	100644	6176b27950bbff42a372f7e05c22559e69e4d2c7	product_exact
evidence/cc-w-main-integration-20260909/runtime/rc/reset-fixture.mjs	other	100644	d4a62bedbb6b97a54d5bd440f6582f2eb989a461	100644	d4a62bedbb6b97a54d5bd440f6582f2eb989a461	product_exact
evidence/cc-w-main-integration-20260909/runtime/rc/runtime-ui-checks.json	other	100644	8c15a0a578b1167d555791cc3effd64efd6ceded	100644	8c15a0a578b1167d555791cc3effd64efd6ceded	product_exact
evidence/cc-w-main-integration-20260909/runtime/rc/runtime-ui-checks.mjs	other	100644	701c5e3da4a8e4925b8dfa12153b0bab819446c3	100644	701c5e3da4a8e4925b8dfa12153b0bab819446c3	product_exact
evidence/cc-w-main-integration-20260909/runtime/rc/runtime-ui-counterexamples.json	other	100644	168bac4c93a9e9de199be29ae0848928a11468e0	100644	168bac4c93a9e9de199be29ae0848928a11468e0	product_exact
evidence/cc-w-main-integration-20260909/runtime/rc/runtime-ui-counterexamples.mjs	other	100644	466c230e2ca3344c5685bae04c7a13414ead6239	100644	466c230e2ca3344c5685bae04c7a13414ead6239	product_exact
evidence/cc-w-main-integration-20260909/runtime/rc/runtime-ui-viewport.json	other	100644	71b32881f5e0e2e8fa0bd7b12fee1c8f69b948af	100644	71b32881f5e0e2e8fa0bd7b12fee1c8f69b948af	product_exact
evidence/cc-w-main-integration-20260909/runtime/rc/runtime-ui-viewport.mjs	other	100644	b5b31fe042158db9a667e242f846ed2ec6ee99bd	100644	b5b31fe042158db9a667e242f846ed2ec6ee99bd	product_exact
evidence/cc-w-main-integration-20260909/runtime/rc/seed-fixture.mjs	other	100644	4526c7c88e830c038a38b9c160b34061998f2fa0	100644	4526c7c88e830c038a38b9c160b34061998f2fa0	product_exact
evidence/cc-w-main-integration-20260909/runtime/rc/verify.mjs	other	100644	ea39d15351057736ab9ea68c413355a62f38c77e	100644	ea39d15351057736ab9ea68c413355a62f38c77e	product_exact
evidence/cc-w-main-integration-20260909/runtime/seed.log	other	100644	be0462a3cb32ce2985b759a1bab554053ed08ce1	100644	be0462a3cb32ce2985b759a1bab554053ed08ce1	product_exact
evidence/cc-w-main-integration-20260909/runtime/server.log	other	100644	080e62d813a07ef9fdf349d7f10ead06bb7a19da	100644	080e62d813a07ef9fdf349d7f10ead06bb7a19da	product_exact
evidence/cc-w-main-integration-20260909/runtime/verify.log	other	100644	41f2a855db80d60b90554c633492da4fb95f00f0	100644	41f2a855db80d60b90554c633492da4fb95f00f0	product_exact
evidence/cc-w-main-integration-20260909/seed.mjs	other	100644	246545155215c7fb6ae8c42903fee1606bd93b23	100644	246545155215c7fb6ae8c42903fee1606bd93b23	product_exact
evidence/cc-w-main-integration-20260909/settings-desktop-shell-1440-light.png	other	100644	10fd0db29b36177a2d25e8bdf613a543a3ca4b0e	100644	10fd0db29b36177a2d25e8bdf613a543a3ca4b0e	product_exact
evidence/cc-w-main-integration-20260909/settings-general-1024-light.png	other	100644	475b125230326868b3b1c4da25f11604cbdd2998	100644	475b125230326868b3b1c4da25f11604cbdd2998	product_exact
evidence/cc-w-main-integration-20260909/settings-general-1440-light.png	other	100644	b8389b31ebd874edb1da3aff7a364774c5f1a015	100644	b8389b31ebd874edb1da3aff7a364774c5f1a015	product_exact
evidence/cc-w-main-integration-20260909/settings-general-1440-zoom200-light.png	other	100644	0f6c89ea631ae8792fcd471d9fab2c22eb7af6e9	100644	0f6c89ea631ae8792fcd471d9fab2c22eb7af6e9	product_exact
evidence/cc-w-main-integration-20260909/settings-general-390-light.png	other	100644	f937782478ae96c4eca65984aea7d5ab6a24c6d5	100644	f937782478ae96c4eca65984aea7d5ab6a24c6d5	product_exact
evidence/cc-w-main-integration-20260909/settings-memory-1440-light.png	other	100644	2e058b44c99cc5a06fe21ede6bd3910ea3c2a219	100644	2e058b44c99cc5a06fe21ede6bd3910ea3c2a219	product_exact
evidence/cc-w-main-integration-20260909/settings/browser.mjs	other	100644	8a88456aeacba9576668136634f8bff83a552d7f	100644	8a88456aeacba9576668136634f8bff83a552d7f	product_exact
evidence/cc-w-main-integration-20260909/settings/fe-t01-rows.json	other	100644	e2872f58e21b321b840ccc9800fb6bb27f007144	100644	e2872f58e21b321b840ccc9800fb6bb27f007144	product_exact
evidence/cc-w-main-integration-20260909/settings/fe-t01.mjs	other	100644	d5a1c859b8c405d604508b61a804dc9e821b55fc	100644	d5a1c859b8c405d604508b61a804dc9e821b55fc	product_exact
evidence/cc-w-main-integration-20260909/settings/models-checks.json	other	100644	0819b6941a727f7c03c1463dc87d9c8d220adb1e	100644	0819b6941a727f7c03c1463dc87d9c8d220adb1e	product_exact
evidence/cc-w-main-integration-20260909/settings/models-checks.mjs	other	100644	02daa0efe5960165e9de6c73977a26894b42e46e	100644	02daa0efe5960165e9de6c73977a26894b42e46e	product_exact
evidence/cc-w-main-integration-20260909/settings/models.log	other	100644	200a9253fb12a7b6efd46df55fd33e71dcc0582b	100644	200a9253fb12a7b6efd46df55fd33e71dcc0582b	product_exact
evidence/cc-w-main-integration-20260909/settings/probe-checks.json	other	100644	35c3138260b117dfbb7fc0e2ecb881d6913b923f	100644	35c3138260b117dfbb7fc0e2ecb881d6913b923f	product_exact
evidence/cc-w-main-integration-20260909/settings/probe-checks.mjs	other	100644	51310b107e048c717fe3637b74d60bef7bf524b2	100644	51310b107e048c717fe3637b74d60bef7bf524b2	product_exact
evidence/cc-w-main-integration-20260909/settings/probe.log	other	100644	b40e1d3a03985de234f3ad7e15e7b4e999d122f5	100644	b40e1d3a03985de234f3ad7e15e7b4e999d122f5	product_exact
evidence/cc-w-main-integration-20260909/settings/rows.log	other	100644	00fc73e6902370e97ad5de53bd1eaff6e42b5be5	100644	00fc73e6902370e97ad5de53bd1eaff6e42b5be5	product_exact
evidence/cc-w-main-integration-20260909/settings/seed.log	other	100644	6999336f160ec345d8a2d125a350b85b1856d3fb	100644	6999336f160ec345d8a2d125a350b85b1856d3fb	product_exact
evidence/cc-w-main-integration-20260909/settings/seed.mjs	other	100644	246545155215c7fb6ae8c42903fee1606bd93b23	100644	246545155215c7fb6ae8c42903fee1606bd93b23	product_exact
evidence/cc-w-main-integration-20260909/settings/server.log	other	100644	2ccf85511c56163c7951fdfb71ed6198db874dc0	100644	2ccf85511c56163c7951fdfb71ed6198db874dc0	product_exact
evidence/cc-w-main-integration-20260909/settings/settings-models-1440-light.png	other	100644	8410eea5813f993c31b5ec9f2668ba9a856eb855	100644	8410eea5813f993c31b5ec9f2668ba9a856eb855	product_exact
evidence/cc-w-main-integration-20260909/settings/settings-models-390-light.png	other	100644	379e7c43564bde6dd3478e0040d48bbd71fd4327	100644	379e7c43564bde6dd3478e0040d48bbd71fd4327	product_exact
evidence/cc-w-main-integration-20260909/settings/settings-models-add-1440-light.png	other	100644	34dda9c46b5ef58238818c0cf77c0db7a4d53570	100644	34dda9c46b5ef58238818c0cf77c0db7a4d53570	product_exact
evidence/cc-w-main-integration-20260909/settings/settings-models-probe-1440-light.png	other	100644	41e358417545e965ec9c97495b82377e74dba046	100644	41e358417545e965ec9c97495b82377e74dba046	product_exact
evidence/cc-w-main-integration-20260909/settings/settings-tools-1440-light.png	other	100644	9feff06110b39d5272f6e246c67f09490f822bfd	100644	9feff06110b39d5272f6e246c67f09490f822bfd	product_exact
evidence/cc-w-main-integration-20260909/shell-checks.json	other	100644	8e8637715c20677498603a88fd4cdd617359c82a	100644	8e8637715c20677498603a88fd4cdd617359c82a	product_exact
evidence/cc-w-main-integration-20260909/shell-checks.mjs	other	100644	fc5f8e266384d132fadd77776405aa51e09459d3	100644	fc5f8e266384d132fadd77776405aa51e09459d3	product_exact
evidence/cc-w-main-integration-20260909/shell-seed.log	other	100644	12b540a7534c7c6ee3971ecc8fe66c299d53a09b	100644	12b540a7534c7c6ee3971ecc8fe66c299d53a09b	product_exact
evidence/cc-w-main-integration-20260909/shell.log	other	100644	eb4b33a0c45b89abb39e6ee83003b58c868332b5	100644	eb4b33a0c45b89abb39e6ee83003b58c868332b5	product_exact
evidence/cc-w-main-integration-20260909/smoke.log	other	100644	94693eb2daccc61842c4c1351d2287f484615702	100644	94693eb2daccc61842c4c1351d2287f484615702	product_exact
evidence/cc-w-main-integration-20260909/tests.log	other	100644	49c7270f22776ebc31b4d57eafaa5a0e7d511d20	100644	49c7270f22776ebc31b4d57eafaa5a0e7d511d20	product_exact
evidence/cc-w-main-integration-20260909/work-1440-light.png	other	100644	a2d78415222b4d762f09d94b833603dfce237985	100644	a2d78415222b4d762f09d94b833603dfce237985	product_exact
evidence/cc-w-main-integration-20260909/work-390-light.png	other	100644	d5f439bb0acfad6cc0ba41a559608b81c9670dcf	100644	d5f439bb0acfad6cc0ba41a559608b81c9670dcf	product_exact
evidence/cc-w-main-integration-20260909/work-expanded-1440-light.png	other	100644	95b21d9735b0917279abea02c9c8e7129e64b87b	100644	95b21d9735b0917279abea02c9c8e7129e64b87b	product_exact
evidence/cc-w-main-integration-20260909/work-expanded-1440-zoom200-light.png	other	100644	d015cfdea8961d71871ea75b18fc5d5121a90b23	100644	d015cfdea8961d71871ea75b18fc5d5121a90b23	product_exact
evidence/cc-w-main-integration-20260909/work-expanded-desktop-shell-1440-light.png	other	100644	4f9c8393ced26538bad7ae8fc165f054297bfd22	100644	4f9c8393ced26538bad7ae8fc165f054297bfd22	product_exact
evidence/cc-w-main-integration-20260909/work-seed.json	other	100644	12b540a7534c7c6ee3971ecc8fe66c299d53a09b	100644	12b540a7534c7c6ee3971ecc8fe66c299d53a09b	product_exact
evidence/cc-w-main-integration-20260909/work-seed.mjs	other	100644	0a2089313a0aeff171a5dbee1bd34dea53ea2b73	100644	0a2089313a0aeff171a5dbee1bd34dea53ea2b73	product_exact
evidence/cc-w-main-integration-20260909/work-surface-1440-light.png	other	100644	7b8e4dfec6f073a9b2b170423c4dd5adebfbfa56	100644	7b8e4dfec6f073a9b2b170423c4dd5adebfbfa56	product_exact
evidence/cc-w-main-integration-20260909/work-three-pane-1680-light.png	other	100644	224cd768a60240c69f977edd99ff636c3093a7ac	100644	224cd768a60240c69f977edd99ff636c3093a7ac	product_exact
evidence/cc-w-main-integration-20260909/work-three-pane-1680x720-light.png	other	100644	154fa86e6da9f10b5d488ee8f4992b78136a3830	100644	154fa86e6da9f10b5d488ee8f4992b78136a3830	product_exact
evidence/cc-w-main-integration-20260909/work-three-pane-desktop-shell-1680-light.png	other	100644	3b88c0e07e4cd884fc2b3194f03e96180b58a818	100644	3b88c0e07e4cd884fc2b3194f03e96180b58a818	product_exact
evidence/cc-w/README.md	other	100644	9f638d3b47ef1e6c6233080cff5bed247ced6b10	100644	9f638d3b47ef1e6c6233080cff5bed247ced6b10	product_exact
evidence/cc-w/browser.mjs	other	100644	8a88456aeacba9576668136634f8bff83a552d7f	100644	8a88456aeacba9576668136634f8bff83a552d7f	product_exact
evidence/cc-w/cc-w-checks.json	other	100644	943f04682abdcd8d67cead41ebeca075b5050e65	100644	943f04682abdcd8d67cead41ebeca075b5050e65	product_exact
evidence/cc-w/cc-w-checks.log	other	100644	893d83023f94abb2a115f7d7dd5463d101f9d9cc	100644	893d83023f94abb2a115f7d7dd5463d101f9d9cc	product_exact
evidence/cc-w/cc-w-checks.mjs	other	100644	00cb8c417dbdbb6e15f6b6a8a13dad3d22549acc	100644	00cb8c417dbdbb6e15f6b6a8a13dad3d22549acc	product_exact
evidence/cc-w/cc-w-seed.json	other	100644	aed4015214a19ef50253fd634761b4800620d2a2	100644	aed4015214a19ef50253fd634761b4800620d2a2	product_exact
evidence/cc-w/cc-w-seed.mjs	other	100644	71d77f8c480f389eefde48ddeea3713a70af21d1	100644	71d77f8c480f389eefde48ddeea3713a70af21d1	product_exact
evidence/cc-w/chat-1440-light.png	other	100644	9df24d3fba0b1b8936cab17f93cf17364862ca82	100644	9df24d3fba0b1b8936cab17f93cf17364862ca82	product_exact
evidence/cc-w/composition-checks.json	other	100644	6baaee3ab180e26dd497771c9ea426e45f8747ba	100644	6baaee3ab180e26dd497771c9ea426e45f8747ba	product_exact
evidence/cc-w/composition-checks.log	other	100644	46c516590b57abb43786267dd0e90d13dfc51ed0	100644	46c516590b57abb43786267dd0e90d13dfc51ed0	product_exact
evidence/cc-w/composition-checks.mjs	other	100644	64e86db2d2e0a796bbc3590ee8ddd77af9be6ab6	100644	64e86db2d2e0a796bbc3590ee8ddd77af9be6ab6	product_exact
evidence/cc-w/continue-in-work-1440-light.png	other	100644	f0817d5711cc2a88c4c21f96888c0fdd84240aa7	100644	f0817d5711cc2a88c4c21f96888c0fdd84240aa7	product_exact
evidence/cc-w/contrast.log	other	100644	cd28f0ff304ee507bb905ac8229a2d176cdb715e	100644	cd28f0ff304ee507bb905ac8229a2d176cdb715e	product_exact
evidence/cc-w/counterexamples.json	other	100644	f1603ffef53e91b40b97cfc125e6354b91e2c9e0	100644	f1603ffef53e91b40b97cfc125e6354b91e2c9e0	product_exact
evidence/cc-w/counterexamples.log	other	100644	7928e25286583a8dcefe9a05d7052a91d0c8db19	100644	7928e25286583a8dcefe9a05d7052a91d0c8db19	product_exact
evidence/cc-w/counterexamples.mjs	other	100644	f21a35e2568d642d55d78931b2431427fa2715d5	100644	f21a35e2568d642d55d78931b2431427fa2715d5	product_exact
evidence/cc-w/fe-t01-empty.json	other	100644	d80e6cdb6c4b1db02308f018e00dfe5127ff9883	100644	d80e6cdb6c4b1db02308f018e00dfe5127ff9883	product_exact
evidence/cc-w/fe-t01-empty.log	other	100644	5b9606cb1a4ac365f12d5e98e10e41c4723f0c2a	100644	5b9606cb1a4ac365f12d5e98e10e41c4723f0c2a	product_exact
evidence/cc-w/fe-t01-rows.json	other	100644	e2872f58e21b321b840ccc9800fb6bb27f007144	100644	e2872f58e21b321b840ccc9800fb6bb27f007144	product_exact
evidence/cc-w/fe-t01-rows.log	other	100644	00fc73e6902370e97ad5de53bd1eaff6e42b5be5	100644	00fc73e6902370e97ad5de53bd1eaff6e42b5be5	product_exact
evidence/cc-w/fe-t01.mjs	other	100644	d5a1c859b8c405d604508b61a804dc9e821b55fc	100644	d5a1c859b8c405d604508b61a804dc9e821b55fc	product_exact
evidence/cc-w/fe-t07.json	other	100644	32706fb6cce128a754c358d5573143b1b3c04169	100644	32706fb6cce128a754c358d5573143b1b3c04169	product_exact
evidence/cc-w/fe-t07.log	other	100644	b13a8e991476f013e23fe4180fea627393956e89	100644	b13a8e991476f013e23fe4180fea627393956e89	product_exact
evidence/cc-w/fe-t07.mjs	other	100644	ade35ae1879d0ae0ed99a2079a497d1676602882	100644	ade35ae1879d0ae0ed99a2079a497d1676602882	product_exact
evidence/cc-w/fe-t11.json	other	100644	eeaf555940d6af47ab2dfd18ff38cd491b1cc26b	100644	eeaf555940d6af47ab2dfd18ff38cd491b1cc26b	product_exact
evidence/cc-w/fe-t11.log	other	100644	71c0eb6ffa8ba9da962715da5876ed09483461ed	100644	71c0eb6ffa8ba9da962715da5876ed09483461ed	product_exact
evidence/cc-w/fe-t11.mjs	other	100644	793d42c361293b78b20beec781a1e517717ec498	100644	793d42c361293b78b20beec781a1e517717ec498	product_exact
evidence/cc-w/home-1440-light.png	other	100644	abb52afd49a8370b64f9f48d9a00ffda1b8a6ffc	100644	abb52afd49a8370b64f9f48d9a00ffda1b8a6ffc	product_exact
evidence/cc-w/home-390-light.png	other	100644	0806f488daf652334e4c2ac1aa6de283e36a2ba4	100644	0806f488daf652334e4c2ac1aa6de283e36a2ba4	product_exact
evidence/cc-w/home-collapsed-desktop-shell-1440-light.png	other	100644	a345b0d6b0ea4479db501d1309b8dc6aae094857	100644	a345b0d6b0ea4479db501d1309b8dc6aae094857	product_exact
evidence/cc-w/home-desktop-shell-1440-light.png	other	100644	eaf9424cab7c21bc909e1f27e18b9add02823973	100644	eaf9424cab7c21bc909e1f27e18b9add02823973	product_exact
evidence/cc-w/install.log	other	100644	a4d19074b801b4d8702dbba0270b682efbc15443	100644	a4d19074b801b4d8702dbba0270b682efbc15443	product_exact
evidence/cc-w/lint-colors.log	other	100644	526be9bc786fa00f2a7e7bfe6a5ed50a34d37416	100644	526be9bc786fa00f2a7e7bfe6a5ed50a34d37416	product_exact
evidence/cc-w/lint-materials.log	other	100644	ace20a3dcd931474b05892e162cbc4847ca70f10	100644	ace20a3dcd931474b05892e162cbc4847ca70f10	product_exact
evidence/cc-w/models-checks.json	other	100644	0819b6941a727f7c03c1463dc87d9c8d220adb1e	100644	0819b6941a727f7c03c1463dc87d9c8d220adb1e	product_exact
evidence/cc-w/models-checks.log	other	100644	200a9253fb12a7b6efd46df55fd33e71dcc0582b	100644	200a9253fb12a7b6efd46df55fd33e71dcc0582b	product_exact
evidence/cc-w/models-checks.mjs	other	100644	02daa0efe5960165e9de6c73977a26894b42e46e	100644	02daa0efe5960165e9de6c73977a26894b42e46e	product_exact
evidence/cc-w/primitive-checks.json	other	100644	5c5374943cb8092a280ca8d8266d5b107def2a25	100644	5c5374943cb8092a280ca8d8266d5b107def2a25	product_exact
evidence/cc-w/primitive-checks.log	other	100644	6b81ef7167f2a5e9ca428a1b484cf341adcd4095	100644	6b81ef7167f2a5e9ca428a1b484cf341adcd4095	product_exact
evidence/cc-w/primitive-checks.mjs	other	100644	4ced640f3017f9767cb55bd3015b44cf4651b2b7	100644	4ced640f3017f9767cb55bd3015b44cf4651b2b7	product_exact
evidence/cc-w/primitive-seed.mjs	other	100644	603841a85712b4f8d1c6a7c014440765bcdf4d46	100644	603841a85712b4f8d1c6a7c014440765bcdf4d46	product_exact
evidence/cc-w/probe-checks.json	other	100644	35c3138260b117dfbb7fc0e2ecb881d6913b923f	100644	35c3138260b117dfbb7fc0e2ecb881d6913b923f	product_exact
evidence/cc-w/probe-checks.log	other	100644	b40e1d3a03985de234f3ad7e15e7b4e999d122f5	100644	b40e1d3a03985de234f3ad7e15e7b4e999d122f5	product_exact
evidence/cc-w/probe-checks.mjs	other	100644	51310b107e048c717fe3637b74d60bef7bf524b2	100644	51310b107e048c717fe3637b74d60bef7bf524b2	product_exact
evidence/cc-w/rc-verify.log	other	100644	41f2a855db80d60b90554c633492da4fb95f00f0	100644	41f2a855db80d60b90554c633492da4fb95f00f0	product_exact
evidence/cc-w/rc/mcp-fixture.mjs	other	100644	6176b27950bbff42a372f7e05c22559e69e4d2c7	100644	6176b27950bbff42a372f7e05c22559e69e4d2c7	product_exact
evidence/cc-w/rc/reset-fixture.mjs	other	100644	d4a62bedbb6b97a54d5bd440f6582f2eb989a461	100644	d4a62bedbb6b97a54d5bd440f6582f2eb989a461	product_exact
evidence/cc-w/rc/runtime-ui-checks.json	other	100644	be99bd14a1bff1b2ae07f993b662b35191a4e091	100644	be99bd14a1bff1b2ae07f993b662b35191a4e091	product_exact
evidence/cc-w/rc/runtime-ui-checks.mjs	other	100644	701c5e3da4a8e4925b8dfa12153b0bab819446c3	100644	701c5e3da4a8e4925b8dfa12153b0bab819446c3	product_exact
evidence/cc-w/rc/runtime-ui-counterexamples.json	other	100644	a399a3396ca6052f0d3bab2d1bee0f94070d074a	100644	a399a3396ca6052f0d3bab2d1bee0f94070d074a	product_exact
evidence/cc-w/rc/runtime-ui-counterexamples.mjs	other	100644	466c230e2ca3344c5685bae04c7a13414ead6239	100644	466c230e2ca3344c5685bae04c7a13414ead6239	product_exact
evidence/cc-w/rc/runtime-ui-viewport.json	other	100644	69b5edc94f1b3b5b8765ef6c4d0655cc049e71a1	100644	69b5edc94f1b3b5b8765ef6c4d0655cc049e71a1	product_exact
evidence/cc-w/rc/runtime-ui-viewport.mjs	other	100644	b5b31fe042158db9a667e242f846ed2ec6ee99bd	100644	b5b31fe042158db9a667e242f846ed2ec6ee99bd	product_exact
evidence/cc-w/rc/seed-fixture.mjs	other	100644	4526c7c88e830c038a38b9c160b34061998f2fa0	100644	4526c7c88e830c038a38b9c160b34061998f2fa0	product_exact
evidence/cc-w/rc/verify.mjs	other	100644	ea39d15351057736ab9ea68c413355a62f38c77e	100644	ea39d15351057736ab9ea68c413355a62f38c77e	product_exact
evidence/cc-w/seed.mjs	other	100644	246545155215c7fb6ae8c42903fee1606bd93b23	100644	246545155215c7fb6ae8c42903fee1606bd93b23	product_exact
evidence/cc-w/settings-desktop-shell-1440-light.png	other	100644	10fd0db29b36177a2d25e8bdf613a543a3ca4b0e	100644	10fd0db29b36177a2d25e8bdf613a543a3ca4b0e	product_exact
evidence/cc-w/settings-general-1024-light.png	other	100644	475b125230326868b3b1c4da25f11604cbdd2998	100644	475b125230326868b3b1c4da25f11604cbdd2998	product_exact
evidence/cc-w/settings-general-1440-light.png	other	100644	b8389b31ebd874edb1da3aff7a364774c5f1a015	100644	b8389b31ebd874edb1da3aff7a364774c5f1a015	product_exact
evidence/cc-w/settings-general-1440-zoom200-light.png	other	100644	0f6c89ea631ae8792fcd471d9fab2c22eb7af6e9	100644	0f6c89ea631ae8792fcd471d9fab2c22eb7af6e9	product_exact
evidence/cc-w/settings-general-390-light.png	other	100644	f937782478ae96c4eca65984aea7d5ab6a24c6d5	100644	f937782478ae96c4eca65984aea7d5ab6a24c6d5	product_exact
evidence/cc-w/settings-memory-1440-light.png	other	100644	2e058b44c99cc5a06fe21ede6bd3910ea3c2a219	100644	2e058b44c99cc5a06fe21ede6bd3910ea3c2a219	product_exact
evidence/cc-w/settings-models-1440-light.png	other	100644	8410eea5813f993c31b5ec9f2668ba9a856eb855	100644	8410eea5813f993c31b5ec9f2668ba9a856eb855	product_exact
evidence/cc-w/settings-models-390-light.png	other	100644	379e7c43564bde6dd3478e0040d48bbd71fd4327	100644	379e7c43564bde6dd3478e0040d48bbd71fd4327	product_exact
evidence/cc-w/settings-models-add-1440-light.png	other	100644	34dda9c46b5ef58238818c0cf77c0db7a4d53570	100644	34dda9c46b5ef58238818c0cf77c0db7a4d53570	product_exact
evidence/cc-w/settings-models-probe-1440-light.png	other	100644	41e358417545e965ec9c97495b82377e74dba046	100644	41e358417545e965ec9c97495b82377e74dba046	product_exact
evidence/cc-w/settings-tools-1440-light.png	other	100644	9feff06110b39d5272f6e246c67f09490f822bfd	100644	9feff06110b39d5272f6e246c67f09490f822bfd	product_exact
evidence/cc-w/shell-checks.json	other	100644	dcfe32259d8aa0b6f059ed308c9bffa88d13447d	100644	dcfe32259d8aa0b6f059ed308c9bffa88d13447d	product_exact
evidence/cc-w/shell-checks.log	other	100644	8652194dec8a980a9c896079bc4660d7914e2fe4	100644	8652194dec8a980a9c896079bc4660d7914e2fe4	product_exact
evidence/cc-w/shell-checks.mjs	other	100644	fc5f8e266384d132fadd77776405aa51e09459d3	100644	fc5f8e266384d132fadd77776405aa51e09459d3	product_exact
evidence/cc-w/smoke.log	other	100644	94693eb2daccc61842c4c1351d2287f484615702	100644	94693eb2daccc61842c4c1351d2287f484615702	product_exact
evidence/cc-w/tests.log	other	100644	049490a12fcb3c5b335f3b794dbd2c959036901d	100644	049490a12fcb3c5b335f3b794dbd2c959036901d	product_exact
evidence/cc-w/work-1440-light.png	other	100644	7f3585cfd07b7dded7f48263e8640b005d3193f9	100644	7f3585cfd07b7dded7f48263e8640b005d3193f9	product_exact
evidence/cc-w/work-390-light.png	other	100644	d5f439bb0acfad6cc0ba41a559608b81c9670dcf	100644	d5f439bb0acfad6cc0ba41a559608b81c9670dcf	product_exact
evidence/cc-w/work-expanded-1440-light.png	other	100644	95b21d9735b0917279abea02c9c8e7129e64b87b	100644	95b21d9735b0917279abea02c9c8e7129e64b87b	product_exact
evidence/cc-w/work-expanded-1440-zoom200-light.png	other	100644	d015cfdea8961d71871ea75b18fc5d5121a90b23	100644	d015cfdea8961d71871ea75b18fc5d5121a90b23	product_exact
evidence/cc-w/work-expanded-desktop-shell-1440-light.png	other	100644	4f9c8393ced26538bad7ae8fc165f054297bfd22	100644	4f9c8393ced26538bad7ae8fc165f054297bfd22	product_exact
evidence/cc-w/work-seed.json	other	100644	c95a9b3f99e71ac7d29a4bd535f8fd53502ea63a	100644	c95a9b3f99e71ac7d29a4bd535f8fd53502ea63a	product_exact
evidence/cc-w/work-seed.mjs	other	100644	0a2089313a0aeff171a5dbee1bd34dea53ea2b73	100644	0a2089313a0aeff171a5dbee1bd34dea53ea2b73	product_exact
evidence/cc-w/work-surface-1440-light.png	other	100644	7b8e4dfec6f073a9b2b170423c4dd5adebfbfa56	100644	7b8e4dfec6f073a9b2b170423c4dd5adebfbfa56	product_exact
evidence/cc-w/work-three-pane-1680-light.png	other	100644	ce19bdb399f15694465e8a356a087e5f9e45f7c9	100644	ce19bdb399f15694465e8a356a087e5f9e45f7c9	product_exact
evidence/cc-w/work-three-pane-1680x720-light.png	other	100644	154fa86e6da9f10b5d488ee8f4992b78136a3830	100644	154fa86e6da9f10b5d488ee8f4992b78136a3830	product_exact
evidence/cc-w/work-three-pane-desktop-shell-1680-light.png	other	100644	3b88c0e07e4cd884fc2b3194f03e96180b58a818	100644	3b88c0e07e4cd884fc2b3194f03e96180b58a818	product_exact
evidence/ccd0a-main-integration-20260910/README.md	other	100644	11976d6a16972a276ef3b870ad62cfa9108adf9e	100644	11976d6a16972a276ef3b870ad62cfa9108adf9e	product_exact
evidence/ccd0a-main-integration-20260910/contrast.log	other	100644	62f7783083541320f1dc8f60d6c273a3de1690a8	100644	62f7783083541320f1dc8f60d6c273a3de1690a8	product_exact
evidence/ccd0a-main-integration-20260910/install.log	other	100644	cba1fd5f14caaf5092d94425092efd09f412781a	100644	cba1fd5f14caaf5092d94425092efd09f412781a	product_exact
evidence/ccd0a-main-integration-20260910/lint-colors.log	other	100644	526be9bc786fa00f2a7e7bfe6a5ed50a34d37416	100644	526be9bc786fa00f2a7e7bfe6a5ed50a34d37416	product_exact
evidence/ccd0a-main-integration-20260910/lint-materials.log	other	100644	ace20a3dcd931474b05892e162cbc4847ca70f10	100644	ace20a3dcd931474b05892e162cbc4847ca70f10	product_exact
evidence/ccd0a-main-integration-20260910/smoke.log	other	100644	94693eb2daccc61842c4c1351d2287f484615702	100644	94693eb2daccc61842c4c1351d2287f484615702	product_exact
evidence/ccd0a-main-integration-20260910/tests.log	other	100644	172006f654217475a9c91df5f11b85772b0ec098	100644	172006f654217475a9c91df5f11b85772b0ec098	product_exact
evidence/cleanup-20260910/README.md	other	100644	3022101b44dbe0197c3a6c914dd7eb00aa76d5ae	100644	3022101b44dbe0197c3a6c914dd7eb00aa76d5ae	product_exact
evidence/dystopia-sk3-20260910/README.md	other	100644	4dbdd863a5c56ea20548fb77244a3ba172343dc2	100644	4dbdd863a5c56ea20548fb77244a3ba172343dc2	product_exact
evidence/dystopia-sk3-20260910/attention-dystopia-dark-1280.png	other	100644	b823052afa17e1d3de8fdfb2014de7c9c8d54067	100644	b823052afa17e1d3de8fdfb2014de7c9c8d54067	product_exact
evidence/dystopia-sk3-20260910/attention-dystopia-dark-1440.png	other	100644	af325d7f25a8927a222d6ef2aae02a04597b7737	100644	af325d7f25a8927a222d6ef2aae02a04597b7737	product_exact
evidence/dystopia-sk3-20260910/attention-dystopia-dark-390.png	other	100644	a830d8be11dd6e46d642357b9780a27d600e3f2e	100644	a830d8be11dd6e46d642357b9780a27d600e3f2e	product_exact
evidence/dystopia-sk3-20260910/attention-dystopia-light-1280.png	other	100644	b56348b5732fb4875d915af411a11e0e69221237	100644	b56348b5732fb4875d915af411a11e0e69221237	product_exact
evidence/dystopia-sk3-20260910/attention-dystopia-light-1440.png	other	100644	700789ac606e77f9aa9407fbea750e39aa086915	100644	700789ac606e77f9aa9407fbea750e39aa086915	product_exact
evidence/dystopia-sk3-20260910/attention-dystopia-light-390.png	other	100644	5a70e9df7ef71623fb0b1b75ae4413be2fae57e5	100644	5a70e9df7ef71623fb0b1b75ae4413be2fae57e5	product_exact
evidence/dystopia-sk3-20260910/attention-load-failure-slate-light-1440.png	other	100644	2e51bc1ccb8312502f0e7ca6a80b01ade7ed8802	100644	2e51bc1ccb8312502f0e7ca6a80b01ade7ed8802	product_exact
evidence/dystopia-sk3-20260910/attention-slate-dark-1280.png	other	100644	dc21c94a1400d443aa13193eba6b0925be2f1916	100644	dc21c94a1400d443aa13193eba6b0925be2f1916	product_exact
evidence/dystopia-sk3-20260910/attention-slate-dark-1440.png	other	100644	3af27f6e9eebe0eaf3fad1dd604a10109e1996a5	100644	3af27f6e9eebe0eaf3fad1dd604a10109e1996a5	product_exact
evidence/dystopia-sk3-20260910/attention-slate-dark-390.png	other	100644	2083e79adaf27abd9719676adb557a3520500064	100644	2083e79adaf27abd9719676adb557a3520500064	product_exact
evidence/dystopia-sk3-20260910/attention-slate-light-1280.png	other	100644	8ed692ae36abd2a05d7aa90a67d1834099f4a942	100644	8ed692ae36abd2a05d7aa90a67d1834099f4a942	product_exact
evidence/dystopia-sk3-20260910/attention-slate-light-1440.png	other	100644	2703dbff9676f0a3b0b7832e92a3b3eb9f9bb746	100644	2703dbff9676f0a3b0b7832e92a3b3eb9f9bb746	product_exact
evidence/dystopia-sk3-20260910/attention-slate-light-390.png	other	100644	13e464bd1f55a031bf7fb10d14eebf3dc058fa13	100644	13e464bd1f55a031bf7fb10d14eebf3dc058fa13	product_exact
evidence/dystopia-sk3-20260910/browser.mjs	other	100644	c7c9bd07cc4246b61800e4154acf1bd2920a7025	100644	c7c9bd07cc4246b61800e4154acf1bd2920a7025	product_exact
evidence/dystopia-sk3-20260910/checks-integration.mjs	other	100644	0051acaf2ba840ab7ce041cf21a640fc6f51d04d	100644	0051acaf2ba840ab7ce041cf21a640fc6f51d04d	product_exact
evidence/dystopia-sk3-20260910/checks-material.mjs	other	100644	0f3da8980fef24b2d008567721f0b1552e0e7d7f	100644	0f3da8980fef24b2d008567721f0b1552e0e7d7f	product_exact
evidence/dystopia-sk3-20260910/checks-presets.mjs	other	100644	7d699ef53f2848e93b8a313ae513f463f8e09e2d	100644	7d699ef53f2848e93b8a313ae513f463f8e09e2d	product_exact
evidence/dystopia-sk3-20260910/checks-settings.mjs	other	100644	382d57966eb9f883dea7d8fa03be8a660614b682	100644	382d57966eb9f883dea7d8fa03be8a660614b682	product_exact
evidence/dystopia-sk3-20260910/checks-surfaces.json	other	100644	37a2f5ffdd8f588e77b85a56f810f649c40b3200	100644	37a2f5ffdd8f588e77b85a56f810f649c40b3200	product_exact
evidence/dystopia-sk3-20260910/checks-surfaces.mjs	other	100644	eca827d62569a2cfecea0b7405edf3f129b4e06b	100644	eca827d62569a2cfecea0b7405edf3f129b4e06b	product_exact
evidence/dystopia-sk3-20260910/checks-theme.mjs	other	100644	d2553ad5594fab7bad430ea49372c611763e1326	100644	d2553ad5594fab7bad430ea49372c611763e1326	product_exact
evidence/dystopia-sk3-20260910/contrast.md	other	100644	f92d90ab5696419660a9571e04643f1d8b18cc98	100644	f92d90ab5696419660a9571e04643f1d8b18cc98	product_exact
evidence/dystopia-sk3-20260910/focus-tests.log	other	100644	2bf85799858d3f35324b0c60816f2b6912c36b22	100644	2bf85799858d3f35324b0c60816f2b6912c36b22	product_exact
evidence/dystopia-sk3-20260910/home-dystopia-dark-1280.png	other	100644	70a76cc48f70de7ca0b4b2f638afaee12336af52	100644	70a76cc48f70de7ca0b4b2f638afaee12336af52	product_exact
evidence/dystopia-sk3-20260910/home-dystopia-dark-1440.png	other	100644	634f38d9edcbe4c666c7d4fc4bc4f7aaee5f5222	100644	634f38d9edcbe4c666c7d4fc4bc4f7aaee5f5222	product_exact
evidence/dystopia-sk3-20260910/home-dystopia-dark-390.png	other	100644	772c16aa0674da408b6064cd6df931cd8d489625	100644	772c16aa0674da408b6064cd6df931cd8d489625	product_exact
evidence/dystopia-sk3-20260910/home-dystopia-light-1280.png	other	100644	336a95f3f62702bdc83936d82e6d81dae91a3b31	100644	336a95f3f62702bdc83936d82e6d81dae91a3b31	product_exact
evidence/dystopia-sk3-20260910/home-dystopia-light-1440.png	other	100644	dd62afb508d4ebf3a08ebe203796398f12268771	100644	dd62afb508d4ebf3a08ebe203796398f12268771	product_exact
evidence/dystopia-sk3-20260910/home-dystopia-light-390.png	other	100644	5d6771665ac0990219cfbceed15bb828083ff08e	100644	5d6771665ac0990219cfbceed15bb828083ff08e	product_exact
evidence/dystopia-sk3-20260910/home-empty-slate-light-1440.png	other	100644	cc4047de61414ed49ebf57b75ad88b3b64327538	100644	cc4047de61414ed49ebf57b75ad88b3b64327538	product_exact
evidence/dystopia-sk3-20260910/home-load-failure-slate-light-1440.png	other	100644	88955566ccd0f99b828a07c1f85c324359249110	100644	88955566ccd0f99b828a07c1f85c324359249110	product_exact
evidence/dystopia-sk3-20260910/home-resolved-slate-light-1440.png	other	100644	92cb3b7bf370bc9aa7e35935864710804fa844db	100644	92cb3b7bf370bc9aa7e35935864710804fa844db	product_exact
evidence/dystopia-sk3-20260910/home-slate-dark-1280.png	other	100644	fc75c4200c0724aa6a167e06123cdbc15bdfe338	100644	fc75c4200c0724aa6a167e06123cdbc15bdfe338	product_exact
evidence/dystopia-sk3-20260910/home-slate-dark-1440.png	other	100644	3399ac1461808f312e5f8cd38beea17fb2471a7a	100644	3399ac1461808f312e5f8cd38beea17fb2471a7a	product_exact
evidence/dystopia-sk3-20260910/home-slate-dark-390.png	other	100644	cfa1b0b8e907a470793dd528f678eeaacae5e451	100644	cfa1b0b8e907a470793dd528f678eeaacae5e451	product_exact
evidence/dystopia-sk3-20260910/home-slate-light-1280.png	other	100644	05c6fa4ac8a469afbcf7b7dc3f61c66bb78678f8	100644	05c6fa4ac8a469afbcf7b7dc3f61c66bb78678f8	product_exact
evidence/dystopia-sk3-20260910/home-slate-light-1440.png	other	100644	b6be571661c571230b05cd4bbe176008ffd73acb	100644	b6be571661c571230b05cd4bbe176008ffd73acb	product_exact
evidence/dystopia-sk3-20260910/home-slate-light-390.png	other	100644	9c30f1c1b9b575c320aa3ca6f255196f122ddea9	100644	9c30f1c1b9b575c320aa3ca6f255196f122ddea9	product_exact
evidence/dystopia-sk3-20260910/independent-review.md	other	100644	62847f84daf205513c719c884edd9a478cd6eb91	100644	62847f84daf205513c719c884edd9a478cd6eb91	product_exact
evidence/dystopia-sk3-20260910/integrated-browser.json	other	100644	d522c7392b4bfea319961b28db0a61e568e35014	100644	d522c7392b4bfea319961b28db0a61e568e35014	product_exact
evidence/dystopia-sk3-20260910/integrated-models.png	other	100644	257b07dec43f694001282edb141491e4410596bb	100644	257b07dec43f694001282edb141491e4410596bb	product_exact
evidence/dystopia-sk3-20260910/integrated-smoke.log	other	100644	d0aa2f0bae8fba4f7021f50669cfe01fec5a6369	100644	d0aa2f0bae8fba4f7021f50669cfe01fec5a6369	product_exact
evidence/dystopia-sk3-20260910/integrated-tests.log	other	100644	21a25b9507b9c9ddd698ae4ca7f88d6a9f11fba2	100644	21a25b9507b9c9ddd698ae4ca7f88d6a9f11fba2	product_exact
evidence/dystopia-sk3-20260910/material-browser.json	other	100644	aef4ad0591ba189860f04bd6d0ecad3dda28cc00	100644	aef4ad0591ba189860f04bd6d0ecad3dda28cc00	product_exact
evidence/dystopia-sk3-20260910/presets-browser.json	other	100644	6e068e01a4eb46ace390f2486bb231deb72eeec4	100644	6e068e01a4eb46ace390f2486bb231deb72eeec4	product_exact
evidence/dystopia-sk3-20260910/settings-appearance-dark-1280.png	other	100644	a38e93f75dc42438dfdd260da0e7829bf38a3429	100644	a38e93f75dc42438dfdd260da0e7829bf38a3429	product_exact
evidence/dystopia-sk3-20260910/settings-appearance-dark-1440.png	other	100644	5237c77afa96b00806a980beefaec15f020a07b0	100644	5237c77afa96b00806a980beefaec15f020a07b0	product_exact
evidence/dystopia-sk3-20260910/settings-appearance-dark-390.png	other	100644	32b28fa23e1ca5ba1304c7ebfb55793332b76663	100644	32b28fa23e1ca5ba1304c7ebfb55793332b76663	product_exact
evidence/dystopia-sk3-20260910/settings-appearance-light-1280.png	other	100644	e6e8fb0136bd4d18e03976fd57c282a20e305e8e	100644	e6e8fb0136bd4d18e03976fd57c282a20e305e8e	product_exact
evidence/dystopia-sk3-20260910/settings-appearance-light-1440.png	other	100644	4f63687b28a50addd0574902516fea72b9becf31	100644	4f63687b28a50addd0574902516fea72b9becf31	product_exact
evidence/dystopia-sk3-20260910/settings-appearance-light-390.png	other	100644	2a27cb50e102806d1c8ef7a9a455242f6bfee0c1	100644	2a27cb50e102806d1c8ef7a9a455242f6bfee0c1	product_exact
evidence/dystopia-sk3-20260910/settings-browser.json	other	100644	252c8089b71893acf15dd89184b0979a66c5e4fc	100644	252c8089b71893acf15dd89184b0979a66c5e4fc	product_exact
evidence/dystopia-sk3-20260910/settings-forced-colors.png	other	100644	7222fcbe08d936f30a39a8a54ac1d480919f6ea0	100644	7222fcbe08d936f30a39a8a54ac1d480919f6ea0	product_exact
evidence/dystopia-sk3-20260910/settings-general-dark-1280.png	other	100644	c929b400bd55be0a2beddff69b968e3d1cc0c329	100644	c929b400bd55be0a2beddff69b968e3d1cc0c329	product_exact
evidence/dystopia-sk3-20260910/settings-general-dark-1440.png	other	100644	7a8df562ba59a7cc1ac4c4e67b574493be37c957	100644	7a8df562ba59a7cc1ac4c4e67b574493be37c957	product_exact
evidence/dystopia-sk3-20260910/settings-general-dark-390.png	other	100644	52bc30e70f94fd58fbcef1ccb1ae53f5bec413d6	100644	52bc30e70f94fd58fbcef1ccb1ae53f5bec413d6	product_exact
evidence/dystopia-sk3-20260910/settings-general-light-1280.png	other	100644	c6657a36301c61bccd8cd9e96fb6dc0b974bbc66	100644	c6657a36301c61bccd8cd9e96fb6dc0b974bbc66	product_exact
evidence/dystopia-sk3-20260910/settings-general-light-1440.png	other	100644	64c6c55106ef124de44d4d5abcfc78a381dce415	100644	64c6c55106ef124de44d4d5abcfc78a381dce415	product_exact
evidence/dystopia-sk3-20260910/settings-general-light-390.png	other	100644	d94634d3e819e60af5e4a4c9ebbe79c2cd5417b4	100644	d94634d3e819e60af5e4a4c9ebbe79c2cd5417b4	product_exact
evidence/dystopia-sk3-20260910/settings-keyboard-dark-1280.png	other	100644	aa5e728209a935615ad25c6c0d8d947031333e30	100644	aa5e728209a935615ad25c6c0d8d947031333e30	product_exact
evidence/dystopia-sk3-20260910/settings-keyboard-dark-1440.png	other	100644	d4ee3887627922e3e9a01dbcb39269c8a9081b91	100644	d4ee3887627922e3e9a01dbcb39269c8a9081b91	product_exact
evidence/dystopia-sk3-20260910/settings-keyboard-dark-390.png	other	100644	484097f9482ea370b6ca6c5057e007339b8fb526	100644	484097f9482ea370b6ca6c5057e007339b8fb526	product_exact
evidence/dystopia-sk3-20260910/settings-keyboard-light-1280.png	other	100644	73eba020aa1154bc3c91f10f84f42ac9b7526e96	100644	73eba020aa1154bc3c91f10f84f42ac9b7526e96	product_exact
evidence/dystopia-sk3-20260910/settings-keyboard-light-1440.png	other	100644	233c7cada0734ff0957f685a87548c199a69e31a	100644	233c7cada0734ff0957f685a87548c199a69e31a	product_exact
evidence/dystopia-sk3-20260910/settings-keyboard-light-390.png	other	100644	065093ce35a382a6731e1a8493d26ebd645bc8e0	100644	065093ce35a382a6731e1a8493d26ebd645bc8e0	product_exact
evidence/dystopia-sk3-20260910/settings-models-dark-1280.png	other	100644	e7b903336d7fea72b10053b6a1f2e73202561745	100644	e7b903336d7fea72b10053b6a1f2e73202561745	product_exact
evidence/dystopia-sk3-20260910/settings-models-dark-1440.png	other	100644	4cdf84fca8c2d34efd713dae7ff41ba33a6a37ef	100644	4cdf84fca8c2d34efd713dae7ff41ba33a6a37ef	product_exact
evidence/dystopia-sk3-20260910/settings-models-dark-390.png	other	100644	607b108fb9c27225a4a306a018f7d3ca97b9cff7	100644	607b108fb9c27225a4a306a018f7d3ca97b9cff7	product_exact
evidence/dystopia-sk3-20260910/settings-models-light-1280.png	other	100644	3803cc662cb7260604df917e779cde97cc0c5b2a	100644	3803cc662cb7260604df917e779cde97cc0c5b2a	product_exact
evidence/dystopia-sk3-20260910/settings-models-light-1440.png	other	100644	69ae9f0f6c6e361f90d5f886b2932c45ced579fa	100644	69ae9f0f6c6e361f90d5f886b2932c45ced579fa	product_exact
evidence/dystopia-sk3-20260910/settings-models-light-390.png	other	100644	b73e2f23df203a3e689c6f8dd5eb4f85a22665d3	100644	b73e2f23df203a3e689c6f8dd5eb4f85a22665d3	product_exact
evidence/dystopia-sk3-20260910/settings-zoom-200.png	other	100644	805fcd544896b607da575683178fc75afec8d75b	100644	805fcd544896b607da575683178fc75afec8d75b	product_exact
evidence/dystopia-sk3-20260910/tests.log	other	100644	a59dfc751f915eaf8a1b894c476d2fd827d56f6e	100644	a59dfc751f915eaf8a1b894c476d2fd827d56f6e	product_exact
evidence/dystopia-sk3-20260910/theme-live-before.json	other	100644	a4c7a4824e050e7adf7292e01e8f22a38babbd79	100644	a4c7a4824e050e7adf7292e01e8f22a38babbd79	product_exact
evidence/dystopia-sk3-20260910/theme-live.json	other	100644	4dfd0a572ba9fd0c44505859103da5486fab3de6	100644	4dfd0a572ba9fd0c44505859103da5486fab3de6	product_exact
evidence/fe01-main-integration-20260909/README.md	other	100644	a86c966dc3d94d5af24eb80802748928ebbd57c5	100644	a86c966dc3d94d5af24eb80802748928ebbd57c5	product_exact
evidence/fe01-main-integration-20260909/browser.mjs	other	100644	9ebe23ff17cd30cbe35f29c78d88f0304bd64b0b	100644	9ebe23ff17cd30cbe35f29c78d88f0304bd64b0b	product_exact
evidence/fe01-main-integration-20260909/composition-checks.json	other	100644	8712d72da0398d1d71c361b5a48ad54743476fa6	100644	8712d72da0398d1d71c361b5a48ad54743476fa6	product_exact
evidence/fe01-main-integration-20260909/composition-checks.log	other	100644	54a830a7b0bbe3bc6f2f88f8718cb06889c09294	100644	54a830a7b0bbe3bc6f2f88f8718cb06889c09294	product_exact
evidence/fe01-main-integration-20260909/composition-checks.mjs	other	100644	ed9761c40d3b0b654ccdcb990001e5fdee934261	100644	ed9761c40d3b0b654ccdcb990001e5fdee934261	product_exact
evidence/fe01-main-integration-20260909/contrast.log	other	100644	62f7783083541320f1dc8f60d6c273a3de1690a8	100644	62f7783083541320f1dc8f60d6c273a3de1690a8	product_exact
evidence/fe01-main-integration-20260909/counterexamples.json	other	100644	2fa6196a149107fb082d3e9ee2699c0379b8271f	100644	2fa6196a149107fb082d3e9ee2699c0379b8271f	product_exact
evidence/fe01-main-integration-20260909/counterexamples.log	other	100644	0ec37a32d66c39f73c51330ff2a7aee8f80086e0	100644	0ec37a32d66c39f73c51330ff2a7aee8f80086e0	product_exact
evidence/fe01-main-integration-20260909/counterexamples.mjs	other	100644	5da5d38982ca5c63c47404473b88ef9c4c9b9d97	100644	5da5d38982ca5c63c47404473b88ef9c4c9b9d97	product_exact
evidence/fe01-main-integration-20260909/home-1440-light.png	other	100644	96a1b7241e0b201c9535305de9d0a8c3cc49aa2a	100644	96a1b7241e0b201c9535305de9d0a8c3cc49aa2a	product_exact
evidence/fe01-main-integration-20260909/home-390-light.png	other	100644	0383f35a263f5a0c0ed54a30c591b7958a341074	100644	0383f35a263f5a0c0ed54a30c591b7958a341074	product_exact
evidence/fe01-main-integration-20260909/home-desktop-shell-1440-light.png	other	100644	e9b1c1c585a7ca72fa102ffaacb17aac7bd7b239	100644	e9b1c1c585a7ca72fa102ffaacb17aac7bd7b239	product_exact
evidence/fe01-main-integration-20260909/install.log	other	100644	707f252a3ed25621261428777dc138725abbfcc1	100644	707f252a3ed25621261428777dc138725abbfcc1	product_exact
evidence/fe01-main-integration-20260909/lint-colors.log	other	100644	526be9bc786fa00f2a7e7bfe6a5ed50a34d37416	100644	526be9bc786fa00f2a7e7bfe6a5ed50a34d37416	product_exact
evidence/fe01-main-integration-20260909/lint-materials.log	other	100644	ace20a3dcd931474b05892e162cbc4847ca70f10	100644	ace20a3dcd931474b05892e162cbc4847ca70f10	product_exact
evidence/fe01-main-integration-20260909/rc/mcp-fixture.mjs	other	100644	6176b27950bbff42a372f7e05c22559e69e4d2c7	100644	6176b27950bbff42a372f7e05c22559e69e4d2c7	product_exact
evidence/fe01-main-integration-20260909/rc/reset-fixture.mjs	other	100644	d4a62bedbb6b97a54d5bd440f6582f2eb989a461	100644	d4a62bedbb6b97a54d5bd440f6582f2eb989a461	product_exact
evidence/fe01-main-integration-20260909/rc/reset.json	other	100644	84dee0da9b8f7bf31f94d19e035d0d06d3debc91	100644	84dee0da9b8f7bf31f94d19e035d0d06d3debc91	product_exact
evidence/fe01-main-integration-20260909/rc/runtime-ui-checks.json	other	100644	bac7a1297a92036dcaafa7593bfd338ec9da93b7	100644	bac7a1297a92036dcaafa7593bfd338ec9da93b7	product_exact
evidence/fe01-main-integration-20260909/rc/runtime-ui-checks.mjs	other	100644	701c5e3da4a8e4925b8dfa12153b0bab819446c3	100644	701c5e3da4a8e4925b8dfa12153b0bab819446c3	product_exact
evidence/fe01-main-integration-20260909/rc/runtime-ui-counterexamples.json	other	100644	bfbbb52dc6b69fbf827f8b8dc221bdd19ddb9549	100644	bfbbb52dc6b69fbf827f8b8dc221bdd19ddb9549	product_exact
evidence/fe01-main-integration-20260909/rc/runtime-ui-counterexamples.mjs	other	100644	466c230e2ca3344c5685bae04c7a13414ead6239	100644	466c230e2ca3344c5685bae04c7a13414ead6239	product_exact
evidence/fe01-main-integration-20260909/rc/runtime-ui-viewport.json	other	100644	d7166b4faa27a1d05aee0f323b9cd44c36f11a68	100644	d7166b4faa27a1d05aee0f323b9cd44c36f11a68	product_exact
evidence/fe01-main-integration-20260909/rc/runtime-ui-viewport.mjs	other	100644	d139ba2fadfa863995e46ed1f741ecbfd7d1f1df	100644	d139ba2fadfa863995e46ed1f741ecbfd7d1f1df	product_exact
evidence/fe01-main-integration-20260909/rc/seed-fixture.mjs	other	100644	4526c7c88e830c038a38b9c160b34061998f2fa0	100644	4526c7c88e830c038a38b9c160b34061998f2fa0	product_exact
evidence/fe01-main-integration-20260909/rc/seed.json	other	100644	3ecbff4bcea74494d9a8805bd0b7ef9a2fe9534d	100644	3ecbff4bcea74494d9a8805bd0b7ef9a2fe9534d	product_exact
evidence/fe01-main-integration-20260909/rc/verify.log	other	100644	41f2a855db80d60b90554c633492da4fb95f00f0	100644	41f2a855db80d60b90554c633492da4fb95f00f0	product_exact
evidence/fe01-main-integration-20260909/rc/verify.mjs	other	100644	ea39d15351057736ab9ea68c413355a62f38c77e	100644	ea39d15351057736ab9ea68c413355a62f38c77e	product_exact
evidence/fe01-main-integration-20260909/seed.log	other	100644	6999336f160ec345d8a2d125a350b85b1856d3fb	100644	6999336f160ec345d8a2d125a350b85b1856d3fb	product_exact
evidence/fe01-main-integration-20260909/seed.mjs	other	100644	8bd2b7419c86ffa0971ed7e3dda256b8ad3bd11e	100644	8bd2b7419c86ffa0971ed7e3dda256b8ad3bd11e	product_exact
evidence/fe01-main-integration-20260909/shots.mjs	other	100644	e217d8617c5b7ba9e78217bc082f50d881e33c14	100644	e217d8617c5b7ba9e78217bc082f50d881e33c14	product_exact
evidence/fe01-main-integration-20260909/smoke.log	other	100644	94693eb2daccc61842c4c1351d2287f484615702	100644	94693eb2daccc61842c4c1351d2287f484615702	product_exact
evidence/fe01-main-integration-20260909/tests.log	other	100644	f06f0c40debd9fc76fbfa17f8426958674f91b58	100644	f06f0c40debd9fc76fbfa17f8426958674f91b58	product_exact
evidence/fe01-main-integration-20260909/wk98-regression.json	other	100644	8d10d43c292ba90390f6a27fd8222d4c1c79801c	100644	8d10d43c292ba90390f6a27fd8222d4c1c79801c	product_exact
evidence/fe01-main-integration-20260909/wk98-regression.log	other	100644	3a0fa83c9d597c4f927dc4c52b6e943ea059d545	100644	3a0fa83c9d597c4f927dc4c52b6e943ea059d545	product_exact
evidence/fe01-main-integration-20260909/wk98-regression.mjs	other	100644	a557e0ae329977dcff0a26174a179d54f5b4f036	100644	a557e0ae329977dcff0a26174a179d54f5b4f036	product_exact
evidence/fe01-main-integration-20260909/work-1440-light.png	other	100644	6e50d5977d0c43584f82081b559d7bd14bef01f2	100644	6e50d5977d0c43584f82081b559d7bd14bef01f2	product_exact
evidence/fe01-main-integration-20260909/work-surface-1440-light.png	other	100644	ccaaaf926b9474f5a13d16f60fa1b7ac4cb2351d	100644	ccaaaf926b9474f5a13d16f60fa1b7ac4cb2351d	product_exact
evidence/fe02-main-integration-20260909/README.md	other	100644	6821baa6e7a584de0a8c2cfccf4b5f1c475db2b5	100644	6821baa6e7a584de0a8c2cfccf4b5f1c475db2b5	product_exact
evidence/fe02-main-integration-20260909/browser.mjs	other	100644	25b588ed9954c07fd56ca97c994fb3c59a10bca8	100644	25b588ed9954c07fd56ca97c994fb3c59a10bca8	product_exact
evidence/fe02-main-integration-20260909/composition-checks.json	other	100644	329737dcdc9677b9235781e89fc90114c37901a4	100644	329737dcdc9677b9235781e89fc90114c37901a4	product_exact
evidence/fe02-main-integration-20260909/composition-checks.log	other	100644	f7759b4c6a97836779aee49a8e494c893aacb834	100644	f7759b4c6a97836779aee49a8e494c893aacb834	product_exact
evidence/fe02-main-integration-20260909/composition-checks.mjs	other	100644	ed9761c40d3b0b654ccdcb990001e5fdee934261	100644	ed9761c40d3b0b654ccdcb990001e5fdee934261	product_exact
evidence/fe02-main-integration-20260909/contrast.log	other	100644	62f7783083541320f1dc8f60d6c273a3de1690a8	100644	62f7783083541320f1dc8f60d6c273a3de1690a8	product_exact
evidence/fe02-main-integration-20260909/counterexamples.json	other	100644	26fc688bfb9814a9b27df08c82f9053892c78c96	100644	26fc688bfb9814a9b27df08c82f9053892c78c96	product_exact
evidence/fe02-main-integration-20260909/counterexamples.log	other	100644	6e0d021ef9e860ace465476773d80b7f61cc3522	100644	6e0d021ef9e860ace465476773d80b7f61cc3522	product_exact
evidence/fe02-main-integration-20260909/counterexamples.mjs	other	100644	ee482caaf608e5bd8701e9ed343aefb7f822fc01	100644	ee482caaf608e5bd8701e9ed343aefb7f822fc01	product_exact
evidence/fe02-main-integration-20260909/home-1440-light.png	other	100644	a734340c2c849f1e97fe3013afc9d2c11bbdb6fe	100644	a734340c2c849f1e97fe3013afc9d2c11bbdb6fe	product_exact
evidence/fe02-main-integration-20260909/home-390-light.png	other	100644	0383f35a263f5a0c0ed54a30c591b7958a341074	100644	0383f35a263f5a0c0ed54a30c591b7958a341074	product_exact
evidence/fe02-main-integration-20260909/home-desktop-shell-1440-light.png	other	100644	dd66eee8eb2e6556a26340a5a9a1798748a1710d	100644	dd66eee8eb2e6556a26340a5a9a1798748a1710d	product_exact
evidence/fe02-main-integration-20260909/install.log	other	100644	b5800a6a03158c38bed9180d619850d27660b24d	100644	b5800a6a03158c38bed9180d619850d27660b24d	product_exact
evidence/fe02-main-integration-20260909/lint-colors.log	other	100644	526be9bc786fa00f2a7e7bfe6a5ed50a34d37416	100644	526be9bc786fa00f2a7e7bfe6a5ed50a34d37416	product_exact
evidence/fe02-main-integration-20260909/lint-materials.log	other	100644	ace20a3dcd931474b05892e162cbc4847ca70f10	100644	ace20a3dcd931474b05892e162cbc4847ca70f10	product_exact
evidence/fe02-main-integration-20260909/models-checks.json	other	100644	531b23408bd35e8806c4a70dfc61d941d8347a66	100644	531b23408bd35e8806c4a70dfc61d941d8347a66	product_exact
evidence/fe02-main-integration-20260909/models-checks.log	other	100644	344638820de9182918748c9807e7c33b4811f9fc	100644	344638820de9182918748c9807e7c33b4811f9fc	product_exact
evidence/fe02-main-integration-20260909/models-checks.mjs	other	100644	dd60c53f4c3873d42a55b8e195d8b8ee2f97b2aa	100644	dd60c53f4c3873d42a55b8e195d8b8ee2f97b2aa	product_exact
evidence/fe02-main-integration-20260909/rc/mcp-fixture.mjs	other	100644	6176b27950bbff42a372f7e05c22559e69e4d2c7	100644	6176b27950bbff42a372f7e05c22559e69e4d2c7	product_exact
evidence/fe02-main-integration-20260909/rc/reset-fixture.mjs	other	100644	d4a62bedbb6b97a54d5bd440f6582f2eb989a461	100644	d4a62bedbb6b97a54d5bd440f6582f2eb989a461	product_exact
evidence/fe02-main-integration-20260909/rc/runtime-ui-checks.json	other	100644	17011fe3dfd04819d9399c5cbfc38a55a647d243	100644	17011fe3dfd04819d9399c5cbfc38a55a647d243	product_exact
evidence/fe02-main-integration-20260909/rc/runtime-ui-checks.mjs	other	100644	701c5e3da4a8e4925b8dfa12153b0bab819446c3	100644	701c5e3da4a8e4925b8dfa12153b0bab819446c3	product_exact
evidence/fe02-main-integration-20260909/rc/runtime-ui-counterexamples.json	other	100644	c9ef967a8a28e01d1dd8e8917ce50e792170354b	100644	c9ef967a8a28e01d1dd8e8917ce50e792170354b	product_exact
evidence/fe02-main-integration-20260909/rc/runtime-ui-counterexamples.mjs	other	100644	466c230e2ca3344c5685bae04c7a13414ead6239	100644	466c230e2ca3344c5685bae04c7a13414ead6239	product_exact
evidence/fe02-main-integration-20260909/rc/runtime-ui-viewport.json	other	100644	881ba70074632550b966de5b7dafccfe2db84f5a	100644	881ba70074632550b966de5b7dafccfe2db84f5a	product_exact
evidence/fe02-main-integration-20260909/rc/runtime-ui-viewport.mjs	other	100644	b5b31fe042158db9a667e242f846ed2ec6ee99bd	100644	b5b31fe042158db9a667e242f846ed2ec6ee99bd	product_exact
evidence/fe02-main-integration-20260909/rc/seed-fixture.mjs	other	100644	4526c7c88e830c038a38b9c160b34061998f2fa0	100644	4526c7c88e830c038a38b9c160b34061998f2fa0	product_exact
evidence/fe02-main-integration-20260909/rc/seed.log	other	100644	c4c567f7a44c2f314838ba3e3a3ef9e8e7be72e2	100644	c4c567f7a44c2f314838ba3e3a3ef9e8e7be72e2	product_exact
evidence/fe02-main-integration-20260909/rc/verify.log	other	100644	41f2a855db80d60b90554c633492da4fb95f00f0	100644	41f2a855db80d60b90554c633492da4fb95f00f0	product_exact
evidence/fe02-main-integration-20260909/rc/verify.mjs	other	100644	ea39d15351057736ab9ea68c413355a62f38c77e	100644	ea39d15351057736ab9ea68c413355a62f38c77e	product_exact
evidence/fe02-main-integration-20260909/seed-t03.log	other	100644	abf0b7ad6164d04e793f5d935038d41dff0d9936	100644	abf0b7ad6164d04e793f5d935038d41dff0d9936	product_exact
evidence/fe02-main-integration-20260909/seed.log	other	100644	6999336f160ec345d8a2d125a350b85b1856d3fb	100644	6999336f160ec345d8a2d125a350b85b1856d3fb	product_exact
evidence/fe02-main-integration-20260909/seed.mjs	other	100644	fa9f3da01d92ec8e19a3171065dcd85ad7d93a0f	100644	fa9f3da01d92ec8e19a3171065dcd85ad7d93a0f	product_exact
evidence/fe02-main-integration-20260909/settings-models-1440-light.png	other	100644	d10eb993c6b1a2a0b67acc08d691088fe3267013	100644	d10eb993c6b1a2a0b67acc08d691088fe3267013	product_exact
evidence/fe02-main-integration-20260909/settings-models-390-light.png	other	100644	57e599e2506b7654f964d7169e856273e031922a	100644	57e599e2506b7654f964d7169e856273e031922a	product_exact
evidence/fe02-main-integration-20260909/settings-models-add-1440-light.png	other	100644	4c187be678679ce66d8da173198a1021cfbf3bb5	100644	4c187be678679ce66d8da173198a1021cfbf3bb5	product_exact
evidence/fe02-main-integration-20260909/settings-tools-1440-light.png	other	100644	05362594d768f4f95448a1d1b40b73dd4d83f41e	100644	05362594d768f4f95448a1d1b40b73dd4d83f41e	product_exact
evidence/fe02-main-integration-20260909/smoke.log	other	100644	94693eb2daccc61842c4c1351d2287f484615702	100644	94693eb2daccc61842c4c1351d2287f484615702	product_exact
evidence/fe02-main-integration-20260909/tests.log	other	100644	f2351e5546941480bdef4bbe866ecdfc1af43d97	100644	f2351e5546941480bdef4bbe866ecdfc1af43d97	product_exact
evidence/fe02-main-integration-20260909/work-1440-light.png	other	100644	3e157b22d580027a6c592a7489ebbf27a6d06886	100644	3e157b22d580027a6c592a7489ebbf27a6d06886	product_exact
evidence/fe02-main-integration-20260909/work-surface-1440-light.png	other	100644	f1eeb3fbadea37aeb9998a2f2c369e7301acb3c3	100644	f1eeb3fbadea37aeb9998a2f2c369e7301acb3c3	product_exact
evidence/fe03-main-integration-20260909/README.md	other	100644	221e75196f4e42068d84b20aea44014d031b4005	100644	221e75196f4e42068d84b20aea44014d031b4005	product_exact
evidence/fe03-main-integration-20260909/browser.mjs	other	100644	0b22b0b223ca95164d63f19ae6c9974016f847b8	100644	0b22b0b223ca95164d63f19ae6c9974016f847b8	product_exact
evidence/fe03-main-integration-20260909/chat-1440-light.png	other	100644	3f7683a5efc97e10b1a4b79898f506358072c86b	100644	3f7683a5efc97e10b1a4b79898f506358072c86b	product_exact
evidence/fe03-main-integration-20260909/composition-checks.json	other	100644	329737dcdc9677b9235781e89fc90114c37901a4	100644	329737dcdc9677b9235781e89fc90114c37901a4	product_exact
evidence/fe03-main-integration-20260909/composition-checks.log	other	100644	f7759b4c6a97836779aee49a8e494c893aacb834	100644	f7759b4c6a97836779aee49a8e494c893aacb834	product_exact
evidence/fe03-main-integration-20260909/composition-checks.mjs	other	100644	94ecfe2c9efbb28095867601db232dc0127f16a8	100644	94ecfe2c9efbb28095867601db232dc0127f16a8	product_exact
evidence/fe03-main-integration-20260909/continue-in-work-1440-light.png	other	100644	a161be9ca860b0e4996fbefa1c7725af7871f48d	100644	a161be9ca860b0e4996fbefa1c7725af7871f48d	product_exact
evidence/fe03-main-integration-20260909/contrast.log	other	100644	62f7783083541320f1dc8f60d6c273a3de1690a8	100644	62f7783083541320f1dc8f60d6c273a3de1690a8	product_exact
evidence/fe03-main-integration-20260909/counterexamples.json	other	100644	61f779e44f1d7c2395e7eed98a131d75f08e91b7	100644	61f779e44f1d7c2395e7eed98a131d75f08e91b7	product_exact
evidence/fe03-main-integration-20260909/counterexamples.log	other	100644	b20634a6cb68561e4f05ae24cd92154e635393ab	100644	b20634a6cb68561e4f05ae24cd92154e635393ab	product_exact
evidence/fe03-main-integration-20260909/counterexamples.mjs	other	100644	e62b69dff99f5b2e987aa87ea3d8690c5aadd4eb	100644	e62b69dff99f5b2e987aa87ea3d8690c5aadd4eb	product_exact
evidence/fe03-main-integration-20260909/fe-t01-empty.json	other	100644	d80e6cdb6c4b1db02308f018e00dfe5127ff9883	100644	d80e6cdb6c4b1db02308f018e00dfe5127ff9883	product_exact
evidence/fe03-main-integration-20260909/fe-t01-empty.log	other	100644	5b9606cb1a4ac365f12d5e98e10e41c4723f0c2a	100644	5b9606cb1a4ac365f12d5e98e10e41c4723f0c2a	product_exact
evidence/fe03-main-integration-20260909/fe-t01-rows.json	other	100644	e2872f58e21b321b840ccc9800fb6bb27f007144	100644	e2872f58e21b321b840ccc9800fb6bb27f007144	product_exact
evidence/fe03-main-integration-20260909/fe-t01-rows.log	other	100644	00fc73e6902370e97ad5de53bd1eaff6e42b5be5	100644	00fc73e6902370e97ad5de53bd1eaff6e42b5be5	product_exact
evidence/fe03-main-integration-20260909/fe-t01.mjs	other	100644	d5a1c859b8c405d604508b61a804dc9e821b55fc	100644	d5a1c859b8c405d604508b61a804dc9e821b55fc	product_exact
evidence/fe03-main-integration-20260909/fe-t11.mjs	other	100644	2dd54e8f80a9bd228f0f7f1323d6602d2edac4f4	100644	2dd54e8f80a9bd228f0f7f1323d6602d2edac4f4	product_exact
evidence/fe03-main-integration-20260909/history/fe-t11.json	other	100644	2bc375e43077ff721fcfc5e01c6c2f0f9a17407b	100644	2bc375e43077ff721fcfc5e01c6c2f0f9a17407b	product_exact
evidence/fe03-main-integration-20260909/history/fe-t11.log	other	100644	f90556be5befaac154ef5fb959442f548658b04f	100644	f90556be5befaac154ef5fb959442f548658b04f	product_exact
evidence/fe03-main-integration-20260909/history/fe-t11.mjs	other	100644	2dd54e8f80a9bd228f0f7f1323d6602d2edac4f4	100644	2dd54e8f80a9bd228f0f7f1323d6602d2edac4f4	product_exact
evidence/fe03-main-integration-20260909/history/work-seed.json	other	100644	a6622e7355997e200a1fee4ed387fbff236f9b31	100644	a6622e7355997e200a1fee4ed387fbff236f9b31	product_exact
evidence/fe03-main-integration-20260909/history/work-seed.log	other	100644	8f1e3c6f331fed8725259a540546be840411b1c8	100644	8f1e3c6f331fed8725259a540546be840411b1c8	product_exact
evidence/fe03-main-integration-20260909/history/work-seed.mjs	other	100644	1a3f3d2d47a4b1dd58b51a63b56cc8f1c7d7290e	100644	1a3f3d2d47a4b1dd58b51a63b56cc8f1c7d7290e	product_exact
evidence/fe03-main-integration-20260909/home-1440-light.png	other	100644	a734340c2c849f1e97fe3013afc9d2c11bbdb6fe	100644	a734340c2c849f1e97fe3013afc9d2c11bbdb6fe	product_exact
evidence/fe03-main-integration-20260909/home-390-light.png	other	100644	0383f35a263f5a0c0ed54a30c591b7958a341074	100644	0383f35a263f5a0c0ed54a30c591b7958a341074	product_exact
evidence/fe03-main-integration-20260909/home-desktop-shell-1440-light.png	other	100644	dd66eee8eb2e6556a26340a5a9a1798748a1710d	100644	dd66eee8eb2e6556a26340a5a9a1798748a1710d	product_exact
evidence/fe03-main-integration-20260909/install.log	other	100644	eecbcfc6725e112584fe0a1c28de815f887dc1fc	100644	eecbcfc6725e112584fe0a1c28de815f887dc1fc	product_exact
evidence/fe03-main-integration-20260909/lint-colors.log	other	100644	526be9bc786fa00f2a7e7bfe6a5ed50a34d37416	100644	526be9bc786fa00f2a7e7bfe6a5ed50a34d37416	product_exact
evidence/fe03-main-integration-20260909/lint-materials.log	other	100644	ace20a3dcd931474b05892e162cbc4847ca70f10	100644	ace20a3dcd931474b05892e162cbc4847ca70f10	product_exact
evidence/fe03-main-integration-20260909/models-checks.json	other	100644	63eefa9341b2a2086f59896184ee74e9cf7b012e	100644	63eefa9341b2a2086f59896184ee74e9cf7b012e	product_exact
evidence/fe03-main-integration-20260909/models-checks.log	other	100644	c86edbf237e036eb4f586a9f60b485fc18f6a728	100644	c86edbf237e036eb4f586a9f60b485fc18f6a728	product_exact
evidence/fe03-main-integration-20260909/models-checks.mjs	other	100644	1d5783e7a5eba792c5973e109138f15b0fe5efcc	100644	1d5783e7a5eba792c5973e109138f15b0fe5efcc	product_exact
evidence/fe03-main-integration-20260909/probe-checks.json	other	100644	35c3138260b117dfbb7fc0e2ecb881d6913b923f	100644	35c3138260b117dfbb7fc0e2ecb881d6913b923f	product_exact
evidence/fe03-main-integration-20260909/probe-checks.log	other	100644	b40e1d3a03985de234f3ad7e15e7b4e999d122f5	100644	b40e1d3a03985de234f3ad7e15e7b4e999d122f5	product_exact
evidence/fe03-main-integration-20260909/probe-checks.mjs	other	100644	51310b107e048c717fe3637b74d60bef7bf524b2	100644	51310b107e048c717fe3637b74d60bef7bf524b2	product_exact
evidence/fe03-main-integration-20260909/probe-staleness-before.json	other	100644	b01ebd609454aec680dc5d9421a749bb50a6df33	100644	b01ebd609454aec680dc5d9421a749bb50a6df33	product_exact
evidence/fe03-main-integration-20260909/probe-staleness-before.log	other	100644	ccbeabf769af54976ccc9c8b60333fcf7fd41a66	100644	ccbeabf769af54976ccc9c8b60333fcf7fd41a66	product_exact
evidence/fe03-main-integration-20260909/probe-staleness.json	other	100644	be9443ac9b2140e0912e3b9b262bbf61c5ceeb12	100644	be9443ac9b2140e0912e3b9b262bbf61c5ceeb12	product_exact
evidence/fe03-main-integration-20260909/probe-staleness.log	other	100644	ff47f6c5fa4c067d9f7430705e9434f505b6474b	100644	ff47f6c5fa4c067d9f7430705e9434f505b6474b	product_exact
evidence/fe03-main-integration-20260909/probe-staleness.mjs	other	100644	0d3f0bf91cc0d8731828484cf794b1bf36f3f37f	100644	0d3f0bf91cc0d8731828484cf794b1bf36f3f37f	product_exact
evidence/fe03-main-integration-20260909/rc/mcp-fixture.mjs	other	100644	6176b27950bbff42a372f7e05c22559e69e4d2c7	100644	6176b27950bbff42a372f7e05c22559e69e4d2c7	product_exact
evidence/fe03-main-integration-20260909/rc/reset-fixture.mjs	other	100644	d4a62bedbb6b97a54d5bd440f6582f2eb989a461	100644	d4a62bedbb6b97a54d5bd440f6582f2eb989a461	product_exact
evidence/fe03-main-integration-20260909/rc/reset.json	other	100644	2f4b74bb902ac9e844e98d5b71bdbe510adf6ad4	100644	2f4b74bb902ac9e844e98d5b71bdbe510adf6ad4	product_exact
evidence/fe03-main-integration-20260909/rc/runtime-ui-checks.json	other	100644	69b23737fcb6e842c805db77c84a0fc6d9e51704	100644	69b23737fcb6e842c805db77c84a0fc6d9e51704	product_exact
evidence/fe03-main-integration-20260909/rc/runtime-ui-checks.mjs	other	100644	701c5e3da4a8e4925b8dfa12153b0bab819446c3	100644	701c5e3da4a8e4925b8dfa12153b0bab819446c3	product_exact
evidence/fe03-main-integration-20260909/rc/runtime-ui-counterexamples.json	other	100644	fc0940721993e0f281673f55b12ad839f35f422f	100644	fc0940721993e0f281673f55b12ad839f35f422f	product_exact
evidence/fe03-main-integration-20260909/rc/runtime-ui-counterexamples.mjs	other	100644	466c230e2ca3344c5685bae04c7a13414ead6239	100644	466c230e2ca3344c5685bae04c7a13414ead6239	product_exact
evidence/fe03-main-integration-20260909/rc/runtime-ui-viewport.json	other	100644	a0f11b8b43e1a61b3a0dc883c8dab73ad355dbde	100644	a0f11b8b43e1a61b3a0dc883c8dab73ad355dbde	product_exact
evidence/fe03-main-integration-20260909/rc/runtime-ui-viewport.mjs	other	100644	b5b31fe042158db9a667e242f846ed2ec6ee99bd	100644	b5b31fe042158db9a667e242f846ed2ec6ee99bd	product_exact
evidence/fe03-main-integration-20260909/rc/seed-fixture.mjs	other	100644	4526c7c88e830c038a38b9c160b34061998f2fa0	100644	4526c7c88e830c038a38b9c160b34061998f2fa0	product_exact
evidence/fe03-main-integration-20260909/rc/seed.log	other	100644	9dca62c695dce3577fb78de9b45c1eebf823b1cf	100644	9dca62c695dce3577fb78de9b45c1eebf823b1cf	product_exact
evidence/fe03-main-integration-20260909/rc/verify.log	other	100644	41f2a855db80d60b90554c633492da4fb95f00f0	100644	41f2a855db80d60b90554c633492da4fb95f00f0	product_exact
evidence/fe03-main-integration-20260909/rc/verify.mjs	other	100644	ea39d15351057736ab9ea68c413355a62f38c77e	100644	ea39d15351057736ab9ea68c413355a62f38c77e	product_exact
evidence/fe03-main-integration-20260909/seed-t03.log	other	100644	abf0b7ad6164d04e793f5d935038d41dff0d9936	100644	abf0b7ad6164d04e793f5d935038d41dff0d9936	product_exact
evidence/fe03-main-integration-20260909/seed.log	other	100644	6999336f160ec345d8a2d125a350b85b1856d3fb	100644	6999336f160ec345d8a2d125a350b85b1856d3fb	product_exact
evidence/fe03-main-integration-20260909/seed.mjs	other	100644	793faa6d67a4dc51288e0710d2b8ce9ee5eadbc4	100644	793faa6d67a4dc51288e0710d2b8ce9ee5eadbc4	product_exact
evidence/fe03-main-integration-20260909/settings-memory-1440-light.png	other	100644	0436b2afefd86de0f88984a9c3b419e4cd154f02	100644	0436b2afefd86de0f88984a9c3b419e4cd154f02	product_exact
evidence/fe03-main-integration-20260909/settings-models-1440-light.png	other	100644	d10eb993c6b1a2a0b67acc08d691088fe3267013	100644	d10eb993c6b1a2a0b67acc08d691088fe3267013	product_exact
evidence/fe03-main-integration-20260909/settings-models-390-light.png	other	100644	57e599e2506b7654f964d7169e856273e031922a	100644	57e599e2506b7654f964d7169e856273e031922a	product_exact
evidence/fe03-main-integration-20260909/settings-models-add-1440-light.png	other	100644	414cdcde08873ba6d9c86027042ca5540f20d821	100644	414cdcde08873ba6d9c86027042ca5540f20d821	product_exact
evidence/fe03-main-integration-20260909/settings-models-probe-1440-light.png	other	100644	b6a11ece9df20269c41d52c0e97090ac12cbe1e4	100644	b6a11ece9df20269c41d52c0e97090ac12cbe1e4	product_exact
evidence/fe03-main-integration-20260909/settings-tools-1440-light.png	other	100644	5e3adcfebe67828d59734ace6478a3b5147c660e	100644	5e3adcfebe67828d59734ace6478a3b5147c660e	product_exact
evidence/fe03-main-integration-20260909/shell-checks.json	other	100644	bfdeded90e3015e3abf188963c6ada91dad71dba	100644	bfdeded90e3015e3abf188963c6ada91dad71dba	product_exact
evidence/fe03-main-integration-20260909/shell-checks.log	other	100644	46a26bd5b2f03fedb811291fd975bb0d8c8ab5e1	100644	46a26bd5b2f03fedb811291fd975bb0d8c8ab5e1	product_exact
evidence/fe03-main-integration-20260909/shell-checks.mjs	other	100644	54a49efa46d34206b897317a864c4e4b39252c53	100644	54a49efa46d34206b897317a864c4e4b39252c53	product_exact
evidence/fe03-main-integration-20260909/smoke.log	other	100644	94693eb2daccc61842c4c1351d2287f484615702	100644	94693eb2daccc61842c4c1351d2287f484615702	product_exact
evidence/fe03-main-integration-20260909/tests.log	other	100644	c7b9d807ac9e465106bdd8f49a38dc1a3106791f	100644	c7b9d807ac9e465106bdd8f49a38dc1a3106791f	product_exact
evidence/fe03-main-integration-20260909/work-1440-light.png	other	100644	73d0e5274edac30deaa401e2a085b6ada4c3b3b9	100644	73d0e5274edac30deaa401e2a085b6ada4c3b3b9	product_exact
evidence/fe03-main-integration-20260909/work-390-light.png	other	100644	9eb7811456649a334e6c7d52c76445785386d717	100644	9eb7811456649a334e6c7d52c76445785386d717	product_exact
evidence/fe03-main-integration-20260909/work-seed.json	other	100644	c73b01d487703137a569f5b21d21c3e1083963b0	100644	c73b01d487703137a569f5b21d21c3e1083963b0	product_exact
evidence/fe03-main-integration-20260909/work-seed.log	other	100644	978668c243e26a0874da29cf6e1d60eab46fc4d0	100644	978668c243e26a0874da29cf6e1d60eab46fc4d0	product_exact
evidence/fe03-main-integration-20260909/work-seed.mjs	other	100644	f60e8ae3bfc30b8f0386f3ff505dc449379ee83f	100644	f60e8ae3bfc30b8f0386f3ff505dc449379ee83f	product_exact
evidence/fe03-main-integration-20260909/work-surface-1440-light.png	other	100644	4b9501ffe5cea4bd6ccf3500435da494b2a304ea	100644	4b9501ffe5cea4bd6ccf3500435da494b2a304ea	product_exact
evidence/fe03/README.md	other	100644	689123fdf6b1ade6aa5e417b606be0a4ce8630a1	100644	689123fdf6b1ade6aa5e417b606be0a4ce8630a1	product_exact
evidence/fe03/browser.mjs	other	100644	0b22b0b223ca95164d63f19ae6c9974016f847b8	100644	0b22b0b223ca95164d63f19ae6c9974016f847b8	product_exact
evidence/fe03/chat-1440-light.png	other	100644	3f7683a5efc97e10b1a4b79898f506358072c86b	100644	3f7683a5efc97e10b1a4b79898f506358072c86b	product_exact
evidence/fe03/composition-checks.json	other	100644	329737dcdc9677b9235781e89fc90114c37901a4	100644	329737dcdc9677b9235781e89fc90114c37901a4	product_exact
evidence/fe03/composition-checks.log	other	100644	f7759b4c6a97836779aee49a8e494c893aacb834	100644	f7759b4c6a97836779aee49a8e494c893aacb834	product_exact
evidence/fe03/composition-checks.mjs	other	100644	94ecfe2c9efbb28095867601db232dc0127f16a8	100644	94ecfe2c9efbb28095867601db232dc0127f16a8	product_exact
evidence/fe03/continue-in-work-1440-light.png	other	100644	2d19a9d094f52992f392fad40ec2223a16b8cd7a	100644	2d19a9d094f52992f392fad40ec2223a16b8cd7a	product_exact
evidence/fe03/counterexamples.json	other	100644	173a0740cdb7008e507e1838d67965d95cc053d5	100644	173a0740cdb7008e507e1838d67965d95cc053d5	product_exact
evidence/fe03/counterexamples.log	other	100644	54f8adf10552667eaead684468e62f22a111240d	100644	54f8adf10552667eaead684468e62f22a111240d	product_exact
evidence/fe03/counterexamples.mjs	other	100644	e62b69dff99f5b2e987aa87ea3d8690c5aadd4eb	100644	e62b69dff99f5b2e987aa87ea3d8690c5aadd4eb	product_exact
evidence/fe03/fe-t01-empty.json	other	100644	d80e6cdb6c4b1db02308f018e00dfe5127ff9883	100644	d80e6cdb6c4b1db02308f018e00dfe5127ff9883	product_exact
evidence/fe03/fe-t01-empty.log	other	100644	5b9606cb1a4ac365f12d5e98e10e41c4723f0c2a	100644	5b9606cb1a4ac365f12d5e98e10e41c4723f0c2a	product_exact
evidence/fe03/fe-t01-rows.json	other	100644	e2872f58e21b321b840ccc9800fb6bb27f007144	100644	e2872f58e21b321b840ccc9800fb6bb27f007144	product_exact
evidence/fe03/fe-t01-rows.log	other	100644	00fc73e6902370e97ad5de53bd1eaff6e42b5be5	100644	00fc73e6902370e97ad5de53bd1eaff6e42b5be5	product_exact
evidence/fe03/fe-t01.mjs	other	100644	d5a1c859b8c405d604508b61a804dc9e821b55fc	100644	d5a1c859b8c405d604508b61a804dc9e821b55fc	product_exact
evidence/fe03/fe-t11.json	other	100644	ffcf39c2de59954dd4e1fd789ab2480145f3be99	100644	ffcf39c2de59954dd4e1fd789ab2480145f3be99	product_exact
evidence/fe03/fe-t11.log	other	100644	5720b651a5047fba9a2b1207ca30b0444305ed63	100644	5720b651a5047fba9a2b1207ca30b0444305ed63	product_exact
evidence/fe03/fe-t11.mjs	other	100644	2dd54e8f80a9bd228f0f7f1323d6602d2edac4f4	100644	2dd54e8f80a9bd228f0f7f1323d6602d2edac4f4	product_exact
evidence/fe03/home-1440-light.png	other	100644	a734340c2c849f1e97fe3013afc9d2c11bbdb6fe	100644	a734340c2c849f1e97fe3013afc9d2c11bbdb6fe	product_exact
evidence/fe03/home-390-light.png	other	100644	0383f35a263f5a0c0ed54a30c591b7958a341074	100644	0383f35a263f5a0c0ed54a30c591b7958a341074	product_exact
evidence/fe03/home-desktop-shell-1440-light.png	other	100644	dd66eee8eb2e6556a26340a5a9a1798748a1710d	100644	dd66eee8eb2e6556a26340a5a9a1798748a1710d	product_exact
evidence/fe03/models-checks.json	other	100644	63eefa9341b2a2086f59896184ee74e9cf7b012e	100644	63eefa9341b2a2086f59896184ee74e9cf7b012e	product_exact
evidence/fe03/models-checks.log	other	100644	c86edbf237e036eb4f586a9f60b485fc18f6a728	100644	c86edbf237e036eb4f586a9f60b485fc18f6a728	product_exact
evidence/fe03/models-checks.mjs	other	100644	1d5783e7a5eba792c5973e109138f15b0fe5efcc	100644	1d5783e7a5eba792c5973e109138f15b0fe5efcc	product_exact
evidence/fe03/probe-checks.json	other	100644	35c3138260b117dfbb7fc0e2ecb881d6913b923f	100644	35c3138260b117dfbb7fc0e2ecb881d6913b923f	product_exact
evidence/fe03/probe-checks.log	other	100644	b40e1d3a03985de234f3ad7e15e7b4e999d122f5	100644	b40e1d3a03985de234f3ad7e15e7b4e999d122f5	product_exact
evidence/fe03/probe-checks.mjs	other	100644	51310b107e048c717fe3637b74d60bef7bf524b2	100644	51310b107e048c717fe3637b74d60bef7bf524b2	product_exact
evidence/fe03/rc/mcp-fixture.mjs	other	100644	6176b27950bbff42a372f7e05c22559e69e4d2c7	100644	6176b27950bbff42a372f7e05c22559e69e4d2c7	product_exact
evidence/fe03/rc/reset-fixture.mjs	other	100644	d4a62bedbb6b97a54d5bd440f6582f2eb989a461	100644	d4a62bedbb6b97a54d5bd440f6582f2eb989a461	product_exact
evidence/fe03/rc/runtime-ui-checks.json	other	100644	399156cb9db2971977f518e2de2da32a4bc01fbb	100644	399156cb9db2971977f518e2de2da32a4bc01fbb	product_exact
evidence/fe03/rc/runtime-ui-checks.mjs	other	100644	701c5e3da4a8e4925b8dfa12153b0bab819446c3	100644	701c5e3da4a8e4925b8dfa12153b0bab819446c3	product_exact
evidence/fe03/rc/runtime-ui-counterexamples.json	other	100644	5268e6d130d0facd51e8e5b73ae825bbf65b7529	100644	5268e6d130d0facd51e8e5b73ae825bbf65b7529	product_exact
evidence/fe03/rc/runtime-ui-counterexamples.mjs	other	100644	466c230e2ca3344c5685bae04c7a13414ead6239	100644	466c230e2ca3344c5685bae04c7a13414ead6239	product_exact
evidence/fe03/rc/runtime-ui-viewport.json	other	100644	136a66bae0bd3dde8b2831a82dc8b6f1cc8d79d7	100644	136a66bae0bd3dde8b2831a82dc8b6f1cc8d79d7	product_exact
evidence/fe03/rc/runtime-ui-viewport.mjs	other	100644	b5b31fe042158db9a667e242f846ed2ec6ee99bd	100644	b5b31fe042158db9a667e242f846ed2ec6ee99bd	product_exact
evidence/fe03/rc/seed-fixture.mjs	other	100644	4526c7c88e830c038a38b9c160b34061998f2fa0	100644	4526c7c88e830c038a38b9c160b34061998f2fa0	product_exact
evidence/fe03/rc/seed.log	other	100644	9d07075f928585e9e1771f6d47f71f72f617bf41	100644	9d07075f928585e9e1771f6d47f71f72f617bf41	product_exact
evidence/fe03/rc/verify.log	other	100644	41f2a855db80d60b90554c633492da4fb95f00f0	100644	41f2a855db80d60b90554c633492da4fb95f00f0	product_exact
evidence/fe03/rc/verify.mjs	other	100644	ea39d15351057736ab9ea68c413355a62f38c77e	100644	ea39d15351057736ab9ea68c413355a62f38c77e	product_exact
evidence/fe03/seed-frozen.log	other	100644	6999336f160ec345d8a2d125a350b85b1856d3fb	100644	6999336f160ec345d8a2d125a350b85b1856d3fb	product_exact
evidence/fe03/seed-t03.log	other	100644	abf0b7ad6164d04e793f5d935038d41dff0d9936	100644	abf0b7ad6164d04e793f5d935038d41dff0d9936	product_exact
evidence/fe03/seed.log	other	100644	6999336f160ec345d8a2d125a350b85b1856d3fb	100644	6999336f160ec345d8a2d125a350b85b1856d3fb	product_exact
evidence/fe03/seed.mjs	other	100644	793faa6d67a4dc51288e0710d2b8ce9ee5eadbc4	100644	793faa6d67a4dc51288e0710d2b8ce9ee5eadbc4	product_exact
evidence/fe03/settings-memory-1440-light.png	other	100644	0436b2afefd86de0f88984a9c3b419e4cd154f02	100644	0436b2afefd86de0f88984a9c3b419e4cd154f02	product_exact
evidence/fe03/settings-models-1440-light.png	other	100644	d10eb993c6b1a2a0b67acc08d691088fe3267013	100644	d10eb993c6b1a2a0b67acc08d691088fe3267013	product_exact
evidence/fe03/settings-models-390-light.png	other	100644	57e599e2506b7654f964d7169e856273e031922a	100644	57e599e2506b7654f964d7169e856273e031922a	product_exact
evidence/fe03/settings-models-add-1440-light.png	other	100644	414cdcde08873ba6d9c86027042ca5540f20d821	100644	414cdcde08873ba6d9c86027042ca5540f20d821	product_exact
evidence/fe03/settings-models-probe-1440-light.png	other	100644	b6a11ece9df20269c41d52c0e97090ac12cbe1e4	100644	b6a11ece9df20269c41d52c0e97090ac12cbe1e4	product_exact
evidence/fe03/settings-tools-1440-light.png	other	100644	5e3adcfebe67828d59734ace6478a3b5147c660e	100644	5e3adcfebe67828d59734ace6478a3b5147c660e	product_exact
evidence/fe03/shell-checks.json	other	100644	526193acd918bd9f7655b2ad2b14d8a7dd500f55	100644	526193acd918bd9f7655b2ad2b14d8a7dd500f55	product_exact
evidence/fe03/shell-checks.log	other	100644	26ce5d6889dcba04d5757b04333b1cacd05f4303	100644	26ce5d6889dcba04d5757b04333b1cacd05f4303	product_exact
evidence/fe03/shell-checks.mjs	other	100644	54a49efa46d34206b897317a864c4e4b39252c53	100644	54a49efa46d34206b897317a864c4e4b39252c53	product_exact
evidence/fe03/work-1440-light.png	other	100644	470e39f7d717b1d9a5e8e74c07d85bc0c61465cb	100644	470e39f7d717b1d9a5e8e74c07d85bc0c61465cb	product_exact
evidence/fe03/work-390-light.png	other	100644	9eb7811456649a334e6c7d52c76445785386d717	100644	9eb7811456649a334e6c7d52c76445785386d717	product_exact
evidence/fe03/work-seed.json	other	100644	39b392f489efdf7dd23554e3fe830c9d3d9f361c	100644	39b392f489efdf7dd23554e3fe830c9d3d9f361c	product_exact
evidence/fe03/work-seed.log	other	100644	b5eab14c734d8ec27fd4a6555d592025ba8c71fc	100644	b5eab14c734d8ec27fd4a6555d592025ba8c71fc	product_exact
evidence/fe03/work-seed.mjs	other	100644	f60e8ae3bfc30b8f0386f3ff505dc449379ee83f	100644	f60e8ae3bfc30b8f0386f3ff505dc449379ee83f	product_exact
evidence/fe03/work-surface-1440-light.png	other	100644	36eb56f30f73cb4fe57549b3701965bc5f6c9cbc	100644	36eb56f30f73cb4fe57549b3701965bc5f6c9cbc	product_exact
evidence/fe04-main-integration-20260909/README.md	other	100644	a8dc4d513c3686fd8d7327c5a05e4b2ce43ebf41	100644	a8dc4d513c3686fd8d7327c5a05e4b2ce43ebf41	product_exact
evidence/fe04-main-integration-20260909/browser.mjs	other	100644	29344b73f6ee1d8be3790480f820be2d70b12500	100644	29344b73f6ee1d8be3790480f820be2d70b12500	product_exact
evidence/fe04-main-integration-20260909/contrast.log	other	100644	62f7783083541320f1dc8f60d6c273a3de1690a8	100644	62f7783083541320f1dc8f60d6c273a3de1690a8	product_exact
evidence/fe04-main-integration-20260909/fe-t07.json	other	100644	d5adac1c78766e9271f31f889b0eba2114b9f3ea	100644	d5adac1c78766e9271f31f889b0eba2114b9f3ea	product_exact
evidence/fe04-main-integration-20260909/fe-t07.log	other	100644	d2772d194d09a6049364562c04a31262b7b1c777	100644	d2772d194d09a6049364562c04a31262b7b1c777	product_exact
evidence/fe04-main-integration-20260909/fe-t07.mjs	other	100644	c380857abd21ef1d0e03b4efab3599b3df72272d	100644	c380857abd21ef1d0e03b4efab3599b3df72272d	product_exact
evidence/fe04-main-integration-20260909/install.log	other	100644	bedda7b46a9041e64ea74182891b9bb296292861	100644	bedda7b46a9041e64ea74182891b9bb296292861	product_exact
evidence/fe04-main-integration-20260909/lint-colors.log	other	100644	526be9bc786fa00f2a7e7bfe6a5ed50a34d37416	100644	526be9bc786fa00f2a7e7bfe6a5ed50a34d37416	product_exact
evidence/fe04-main-integration-20260909/lint-materials.log	other	100644	ace20a3dcd931474b05892e162cbc4847ca70f10	100644	ace20a3dcd931474b05892e162cbc4847ca70f10	product_exact
evidence/fe04-main-integration-20260909/primitive-checks.json	other	100644	5c5374943cb8092a280ca8d8266d5b107def2a25	100644	5c5374943cb8092a280ca8d8266d5b107def2a25	product_exact
evidence/fe04-main-integration-20260909/primitive-checks.log	other	100644	6b81ef7167f2a5e9ca428a1b484cf341adcd4095	100644	6b81ef7167f2a5e9ca428a1b484cf341adcd4095	product_exact
evidence/fe04-main-integration-20260909/primitive-checks.mjs	other	100644	44430163098f34cb4ff0327283a728663cd4c9ec	100644	44430163098f34cb4ff0327283a728663cd4c9ec	product_exact
evidence/fe04-main-integration-20260909/primitive-seed.log	other	100644	c0bb02551f3e6481d07207f78fb07d4ea1347918	100644	c0bb02551f3e6481d07207f78fb07d4ea1347918	product_exact
evidence/fe04-main-integration-20260909/primitive-seed.mjs	other	100644	b074074f60e419e3dd661be91fd4c4206085ee3a	100644	b074074f60e419e3dd661be91fd4c4206085ee3a	product_exact
evidence/fe04-main-integration-20260909/smoke.log	other	100644	94693eb2daccc61842c4c1351d2287f484615702	100644	94693eb2daccc61842c4c1351d2287f484615702	product_exact
evidence/fe04-main-integration-20260909/tests.log	other	100644	470a5108f63bbde98a7a8970f73686ee365cc469	100644	470a5108f63bbde98a7a8970f73686ee365cc469	product_exact
evidence/fe04-main-integration-20260909/work-seed.json	other	100644	f4f9526c9dfe75d1c788347acb6b3b61e67623ff	100644	f4f9526c9dfe75d1c788347acb6b3b61e67623ff	product_exact
evidence/fe04-main-integration-20260909/work-seed.log	other	100644	b2de35be1a37852649e6bb1c890b97bb0992f8da	100644	b2de35be1a37852649e6bb1c890b97bb0992f8da	product_exact
evidence/fe04-main-integration-20260909/work-seed.mjs	other	100644	3445274d06eeb711ce1ab05e3a52fad577e7a3ea	100644	3445274d06eeb711ce1ab05e3a52fad577e7a3ea	product_exact
evidence/fe04/README.md	other	100644	0492149327c113c19b6f9e820032e81e68ff9c8e	100644	0492149327c113c19b6f9e820032e81e68ff9c8e	product_exact
evidence/fe04/browser.mjs	other	100644	29344b73f6ee1d8be3790480f820be2d70b12500	100644	29344b73f6ee1d8be3790480f820be2d70b12500	product_exact
evidence/fe04/chat-1440-light.png	other	100644	e8b59c9170667e8d7786717a1c39e19615532cfc	100644	e8b59c9170667e8d7786717a1c39e19615532cfc	product_exact
evidence/fe04/composition-checks.json	other	100644	329737dcdc9677b9235781e89fc90114c37901a4	100644	329737dcdc9677b9235781e89fc90114c37901a4	product_exact
evidence/fe04/composition-checks.mjs	other	100644	94ecfe2c9efbb28095867601db232dc0127f16a8	100644	94ecfe2c9efbb28095867601db232dc0127f16a8	product_exact
evidence/fe04/continue-in-work-1440-light.png	other	100644	0e6f36975c91f53738e66e03f27a50943645f8ea	100644	0e6f36975c91f53738e66e03f27a50943645f8ea	product_exact
evidence/fe04/contrast.log	other	100644	cd28f0ff304ee507bb905ac8229a2d176cdb715e	100644	cd28f0ff304ee507bb905ac8229a2d176cdb715e	product_exact
evidence/fe04/counterexamples.json	other	100644	8300e7d935b0479879c638026fb87c77f72f23ad	100644	8300e7d935b0479879c638026fb87c77f72f23ad	product_exact
evidence/fe04/counterexamples.mjs	other	100644	6a38cd4febcf69bc4cde4c1cab85fb973ec81023	100644	6a38cd4febcf69bc4cde4c1cab85fb973ec81023	product_exact
evidence/fe04/fe-t01-empty.json	other	100644	d80e6cdb6c4b1db02308f018e00dfe5127ff9883	100644	d80e6cdb6c4b1db02308f018e00dfe5127ff9883	product_exact
evidence/fe04/fe-t01-rows.json	other	100644	e2872f58e21b321b840ccc9800fb6bb27f007144	100644	e2872f58e21b321b840ccc9800fb6bb27f007144	product_exact
evidence/fe04/fe-t01.mjs	other	100644	d5a1c859b8c405d604508b61a804dc9e821b55fc	100644	d5a1c859b8c405d604508b61a804dc9e821b55fc	product_exact
evidence/fe04/fe-t07.json	other	100644	441ebe4d296d1eb3d1d74719978024bdb926bdee	100644	441ebe4d296d1eb3d1d74719978024bdb926bdee	product_exact
evidence/fe04/fe-t07.log	other	100644	8c19cf728a850ab4f67be5b7e26d61e3d5cf428e	100644	8c19cf728a850ab4f67be5b7e26d61e3d5cf428e	product_exact
evidence/fe04/fe-t07.mjs	other	100644	c380857abd21ef1d0e03b4efab3599b3df72272d	100644	c380857abd21ef1d0e03b4efab3599b3df72272d	product_exact
evidence/fe04/fe-t11.json	other	100644	e5591cd6a7c133d2af7af1e2a3c245b430ca5f7f	100644	e5591cd6a7c133d2af7af1e2a3c245b430ca5f7f	product_exact
evidence/fe04/fe-t11.mjs	other	100644	1b9d249b2716a9c058c1c8294dd9b57c80b3e72a	100644	1b9d249b2716a9c058c1c8294dd9b57c80b3e72a	product_exact
evidence/fe04/home-1440-light.png	other	100644	abb52afd49a8370b64f9f48d9a00ffda1b8a6ffc	100644	abb52afd49a8370b64f9f48d9a00ffda1b8a6ffc	product_exact
evidence/fe04/home-390-light.png	other	100644	0806f488daf652334e4c2ac1aa6de283e36a2ba4	100644	0806f488daf652334e4c2ac1aa6de283e36a2ba4	product_exact
evidence/fe04/home-desktop-shell-1440-light.png	other	100644	eaf9424cab7c21bc909e1f27e18b9add02823973	100644	eaf9424cab7c21bc909e1f27e18b9add02823973	product_exact
evidence/fe04/install.log	other	100644	cba1fd5f14caaf5092d94425092efd09f412781a	100644	cba1fd5f14caaf5092d94425092efd09f412781a	product_exact
evidence/fe04/lint-colors.log	other	100644	526be9bc786fa00f2a7e7bfe6a5ed50a34d37416	100644	526be9bc786fa00f2a7e7bfe6a5ed50a34d37416	product_exact
evidence/fe04/lint-materials.log	other	100644	ace20a3dcd931474b05892e162cbc4847ca70f10	100644	ace20a3dcd931474b05892e162cbc4847ca70f10	product_exact
evidence/fe04/models-checks.json	other	100644	63eefa9341b2a2086f59896184ee74e9cf7b012e	100644	63eefa9341b2a2086f59896184ee74e9cf7b012e	product_exact
evidence/fe04/models-checks.mjs	other	100644	1d5783e7a5eba792c5973e109138f15b0fe5efcc	100644	1d5783e7a5eba792c5973e109138f15b0fe5efcc	product_exact
evidence/fe04/primitive-checks.json	other	100644	5c5374943cb8092a280ca8d8266d5b107def2a25	100644	5c5374943cb8092a280ca8d8266d5b107def2a25	product_exact
evidence/fe04/primitive-checks.log	other	100644	6b81ef7167f2a5e9ca428a1b484cf341adcd4095	100644	6b81ef7167f2a5e9ca428a1b484cf341adcd4095	product_exact
evidence/fe04/primitive-checks.mjs	other	100644	44430163098f34cb4ff0327283a728663cd4c9ec	100644	44430163098f34cb4ff0327283a728663cd4c9ec	product_exact
evidence/fe04/primitive-seed.log	other	100644	05717e7016e1fc204f5d6206459a7b9c72d06a1b	100644	05717e7016e1fc204f5d6206459a7b9c72d06a1b	product_exact
evidence/fe04/primitive-seed.mjs	other	100644	b074074f60e419e3dd661be91fd4c4206085ee3a	100644	b074074f60e419e3dd661be91fd4c4206085ee3a	product_exact
evidence/fe04/probe-checks.json	other	100644	35c3138260b117dfbb7fc0e2ecb881d6913b923f	100644	35c3138260b117dfbb7fc0e2ecb881d6913b923f	product_exact
evidence/fe04/probe-checks.mjs	other	100644	51310b107e048c717fe3637b74d60bef7bf524b2	100644	51310b107e048c717fe3637b74d60bef7bf524b2	product_exact
evidence/fe04/rc-verify.log	other	100644	41f2a855db80d60b90554c633492da4fb95f00f0	100644	41f2a855db80d60b90554c633492da4fb95f00f0	product_exact
evidence/fe04/rc/mcp-fixture.mjs	other	100644	6176b27950bbff42a372f7e05c22559e69e4d2c7	100644	6176b27950bbff42a372f7e05c22559e69e4d2c7	product_exact
evidence/fe04/rc/reset-fixture.mjs	other	100644	d4a62bedbb6b97a54d5bd440f6582f2eb989a461	100644	d4a62bedbb6b97a54d5bd440f6582f2eb989a461	product_exact
evidence/fe04/rc/runtime-ui-checks.json	other	100644	6be6eecd56cda2f08ebd62df27d07db99e38d698	100644	6be6eecd56cda2f08ebd62df27d07db99e38d698	product_exact
evidence/fe04/rc/runtime-ui-checks.mjs	other	100644	701c5e3da4a8e4925b8dfa12153b0bab819446c3	100644	701c5e3da4a8e4925b8dfa12153b0bab819446c3	product_exact
evidence/fe04/rc/runtime-ui-counterexamples.json	other	100644	bf139f178b4096f0cd871a8435540677d6f5f334	100644	bf139f178b4096f0cd871a8435540677d6f5f334	product_exact
evidence/fe04/rc/runtime-ui-counterexamples.mjs	other	100644	466c230e2ca3344c5685bae04c7a13414ead6239	100644	466c230e2ca3344c5685bae04c7a13414ead6239	product_exact
evidence/fe04/rc/runtime-ui-viewport.json	other	100644	9dc81392b9e81677b351cf8b1f88520f298dc435	100644	9dc81392b9e81677b351cf8b1f88520f298dc435	product_exact
evidence/fe04/rc/runtime-ui-viewport.mjs	other	100644	b5b31fe042158db9a667e242f846ed2ec6ee99bd	100644	b5b31fe042158db9a667e242f846ed2ec6ee99bd	product_exact
evidence/fe04/rc/seed-fixture.mjs	other	100644	4526c7c88e830c038a38b9c160b34061998f2fa0	100644	4526c7c88e830c038a38b9c160b34061998f2fa0	product_exact
evidence/fe04/rc/verify.mjs	other	100644	ea39d15351057736ab9ea68c413355a62f38c77e	100644	ea39d15351057736ab9ea68c413355a62f38c77e	product_exact
evidence/fe04/seed.mjs	other	100644	38428fb44a9d03d8dfe233f9b97aa4e88833d016	100644	38428fb44a9d03d8dfe233f9b97aa4e88833d016	product_exact
evidence/fe04/settings-memory-1440-light.png	other	100644	0436b2afefd86de0f88984a9c3b419e4cd154f02	100644	0436b2afefd86de0f88984a9c3b419e4cd154f02	product_exact
evidence/fe04/settings-models-1440-light.png	other	100644	d10eb993c6b1a2a0b67acc08d691088fe3267013	100644	d10eb993c6b1a2a0b67acc08d691088fe3267013	product_exact
evidence/fe04/settings-models-390-light.png	other	100644	57e599e2506b7654f964d7169e856273e031922a	100644	57e599e2506b7654f964d7169e856273e031922a	product_exact
evidence/fe04/settings-models-add-1440-light.png	other	100644	414cdcde08873ba6d9c86027042ca5540f20d821	100644	414cdcde08873ba6d9c86027042ca5540f20d821	product_exact
evidence/fe04/settings-models-probe-1440-light.png	other	100644	b6a11ece9df20269c41d52c0e97090ac12cbe1e4	100644	b6a11ece9df20269c41d52c0e97090ac12cbe1e4	product_exact
evidence/fe04/settings-tools-1440-light.png	other	100644	5e3adcfebe67828d59734ace6478a3b5147c660e	100644	5e3adcfebe67828d59734ace6478a3b5147c660e	product_exact
evidence/fe04/shell-checks.json	other	100644	96a86785a8e3290ad69cac97bf832d6bb7b39883	100644	96a86785a8e3290ad69cac97bf832d6bb7b39883	product_exact
evidence/fe04/shell-checks.mjs	other	100644	54a49efa46d34206b897317a864c4e4b39252c53	100644	54a49efa46d34206b897317a864c4e4b39252c53	product_exact
evidence/fe04/smoke.log	other	100644	94693eb2daccc61842c4c1351d2287f484615702	100644	94693eb2daccc61842c4c1351d2287f484615702	product_exact
evidence/fe04/tests.log	other	100644	b958bf76c0eb9ec84773f5e5eb8b5ef12eedc850	100644	b958bf76c0eb9ec84773f5e5eb8b5ef12eedc850	product_exact
evidence/fe04/work-1440-light.png	other	100644	a32b18864d4f6bc71669c8ac10025ddd0268b085	100644	a32b18864d4f6bc71669c8ac10025ddd0268b085	product_exact
evidence/fe04/work-390-light.png	other	100644	a17569c98091f76e4ff8c27947c3bb035ece1f2e	100644	a17569c98091f76e4ff8c27947c3bb035ece1f2e	product_exact
evidence/fe04/work-seed.json	other	100644	1ff5c3963fbf7f639c5abac852805b2ff85d4d8a	100644	1ff5c3963fbf7f639c5abac852805b2ff85d4d8a	product_exact
evidence/fe04/work-seed.mjs	other	100644	3445274d06eeb711ce1ab05e3a52fad577e7a3ea	100644	3445274d06eeb711ce1ab05e3a52fad577e7a3ea	product_exact
evidence/fe04/work-surface-1440-light.png	other	100644	ea0561aa1f101f601361e402e7c128d734e2b626	100644	ea0561aa1f101f601361e402e7c128d734e2b626	product_exact
evidence/fe05a/README.md	other	100644	78457d9c460170871f06057a122596789829877e	100644	78457d9c460170871f06057a122596789829877e	product_exact
evidence/fe05a/baseline-checks-counterexample.json	other	100644	765264dbec6912c5235df626f7d50ccfb2d72382	100644	765264dbec6912c5235df626f7d50ccfb2d72382	product_exact
evidence/fe05a/baseline-checks.json	other	100644	bb05cb6f43fff64b93666e76ba1a32dec2924f0e	100644	bb05cb6f43fff64b93666e76ba1a32dec2924f0e	product_exact
evidence/fe05a/baseline-checks.mjs	other	100644	84405ef0d4479e3ca2cb45f4a8d24cba461f4039	100644	84405ef0d4479e3ca2cb45f4a8d24cba461f4039	product_exact
evidence/fe05a/browser.mjs	other	100644	6ff7552243843885bbd47ed733d42d2f8f5f912f	100644	6ff7552243843885bbd47ed733d42d2f8f5f912f	product_exact
evidence/fe05a/contrast.log	other	100644	ee9183fc57d42c2eb4683cd66642ef321b4078e9	100644	ee9183fc57d42c2eb4683cd66642ef321b4078e9	product_exact
evidence/fe05a/home-text-scale-shape-baseline.json	other	100644	4251be4d5f10b9c960deafe8a2a5cb6b751fe2b2	100644	4251be4d5f10b9c960deafe8a2a5cb6b751fe2b2	product_exact
evidence/fe05a/home-text-scale.json	other	100644	4d5cd0198bceb4ec2a41270bb6d089edf3b06315	100644	4d5cd0198bceb4ec2a41270bb6d089edf3b06315	product_exact
evidence/fe05a/home-text-scale.mjs	other	100644	23a6bf2b786f24ae69effc5d39e8e5db97f552e3	100644	23a6bf2b786f24ae69effc5d39e8e5db97f552e3	product_exact
evidence/fe05a/lint-colors.log	other	100644	99ca519a1c1db9af365b74e693c1eaa5363b4b63	100644	99ca519a1c1db9af365b74e693c1eaa5363b4b63	product_exact
evidence/fe05a/lint-materials.log	other	100644	89b1e0b2362496d0821f463c4c461b8008099626	100644	89b1e0b2362496d0821f463c4c461b8008099626	product_exact
evidence/fe05a/lint-shapes.log	other	100644	fb4b8fbea54d819c6c5057de8ec8b4045f4d299c	100644	fb4b8fbea54d819c6c5057de8ec8b4045f4d299c	product_exact
evidence/fe05a/measure.mjs	other	100644	215dc9a57d10b7db7f5ff67d462d4fa0afc4ebb5	100644	215dc9a57d10b7db7f5ff67d462d4fa0afc4ebb5	product_exact
evidence/fe05a/measurements/baseline-repaired.json	other	100644	f8f8b8e595aff1d365a8f3203d0521c9ab0ec2d1	100644	f8f8b8e595aff1d365a8f3203d0521c9ab0ec2d1	product_exact
evidence/fe05a/measurements/shape-baseline.json	other	100644	7a2ecb1cab1fed903e45e14216679b55d1a7edc1	100644	7a2ecb1cab1fed903e45e14216679b55d1a7edc1	product_exact
evidence/fe05a/measurements/v1.json	other	100644	4c8fdbcef0eb2a1ac915ee25c4d989fd15c22f33	100644	4c8fdbcef0eb2a1ac915ee25c4d989fd15c22f33	product_exact
evidence/fe05a/regression/browser.mjs	other	100644	2b799c76056f21260d6d6ede96e3f327446cac10	100644	2b799c76056f21260d6d6ede96e3f327446cac10	product_exact
evidence/fe05a/regression/cc-s-checks.mjs	other	100644	1ec12409157a2d16c914e7f1d567aa0193bee392	100644	1ec12409157a2d16c914e7f1d567aa0193bee392	product_exact
evidence/fe05a/regression/cc-s-seed.mjs	other	100644	e375c2b1887a1f29e03d3a3645d95e5fefc74a85	100644	e375c2b1887a1f29e03d3a3645d95e5fefc74a85	product_exact
evidence/fe05a/regression/cc-s/cc-s-checks.json	other	100644	4c28e8553b84f04b475d9dae9e66f2475538f344	100644	4c28e8553b84f04b475d9dae9e66f2475538f344	product_exact
evidence/fe05a/regression/cc-w-checks.mjs	other	100644	e8601527c477647f488d3a5a0ac003dfae4111e6	100644	e8601527c477647f488d3a5a0ac003dfae4111e6	product_exact
evidence/fe05a/regression/cc-w-seed.mjs	other	100644	73f039935f9913042b342f9fd34021aa75eb4534	100644	73f039935f9913042b342f9fd34021aa75eb4534	product_exact
evidence/fe05a/regression/composition-checks.mjs	other	100644	431dfd3aa9ceed475eed84ecd33c50816b215fb0	100644	431dfd3aa9ceed475eed84ecd33c50816b215fb0	product_exact
evidence/fe05a/regression/counterexamples.json	other	100644	541d5f17ddb16bd9b9302c279d6cf2bf3fd1a926	100644	541d5f17ddb16bd9b9302c279d6cf2bf3fd1a926	product_exact
evidence/fe05a/regression/counterexamples.mjs	other	100644	417d6986c86bbf08dce21b710b325e6973155971	100644	417d6986c86bbf08dce21b710b325e6973155971	product_exact
evidence/fe05a/regression/counterexamples/counterexamples.json	other	100644	541d5f17ddb16bd9b9302c279d6cf2bf3fd1a926	100644	541d5f17ddb16bd9b9302c279d6cf2bf3fd1a926	product_exact
evidence/fe05a/regression/counterexamples/counterexamples.log	other	100644	c767d6efc6f2d16afce2f5a82435c7485232cd13	100644	c767d6efc6f2d16afce2f5a82435c7485232cd13	product_exact
evidence/fe05a/regression/empty/browser.mjs	other	100644	2b799c76056f21260d6d6ede96e3f327446cac10	100644	2b799c76056f21260d6d6ede96e3f327446cac10	product_exact
evidence/fe05a/regression/empty/empty.log	other	100644	5b9606cb1a4ac365f12d5e98e10e41c4723f0c2a	100644	5b9606cb1a4ac365f12d5e98e10e41c4723f0c2a	product_exact
evidence/fe05a/regression/empty/fe-t01-empty.json	other	100644	d80e6cdb6c4b1db02308f018e00dfe5127ff9883	100644	d80e6cdb6c4b1db02308f018e00dfe5127ff9883	product_exact
evidence/fe05a/regression/empty/fe-t01.mjs	other	100644	d5a1c859b8c405d604508b61a804dc9e821b55fc	100644	d5a1c859b8c405d604508b61a804dc9e821b55fc	product_exact
evidence/fe05a/regression/empty/server.log	other	100644	5cc3299d4a1f026f6cd3091042c49fa5296a4a24	100644	5cc3299d4a1f026f6cd3091042c49fa5296a4a24	product_exact
evidence/fe05a/regression/fe-t01.mjs	other	100644	d5a1c859b8c405d604508b61a804dc9e821b55fc	100644	d5a1c859b8c405d604508b61a804dc9e821b55fc	product_exact
evidence/fe05a/regression/fe-t07.mjs	other	100644	b7ae37756778913e184303a2895db63cad391f40	100644	b7ae37756778913e184303a2895db63cad391f40	product_exact
evidence/fe05a/regression/fe-t07/browser.mjs	other	100644	2b799c76056f21260d6d6ede96e3f327446cac10	100644	2b799c76056f21260d6d6ede96e3f327446cac10	product_exact
evidence/fe05a/regression/fe-t07/fe-t07.json	other	100644	13945fb917589e03370074c52159c77a6200a56c	100644	13945fb917589e03370074c52159c77a6200a56c	product_exact
evidence/fe05a/regression/fe-t07/fe-t07.log	other	100644	40ce64aa24a09e0222603e3a3c60adfbeebca70c	100644	40ce64aa24a09e0222603e3a3c60adfbeebca70c	product_exact
evidence/fe05a/regression/fe-t07/fe-t07.mjs	other	100644	b7ae37756778913e184303a2895db63cad391f40	100644	b7ae37756778913e184303a2895db63cad391f40	product_exact
evidence/fe05a/regression/fe-t07/seed.log	other	100644	e0e25a589110897f97da3c500b46c3cf74d7fc6b	100644	e0e25a589110897f97da3c500b46c3cf74d7fc6b	product_exact
evidence/fe05a/regression/fe-t07/server.log	other	100644	5cc3299d4a1f026f6cd3091042c49fa5296a4a24	100644	5cc3299d4a1f026f6cd3091042c49fa5296a4a24	product_exact
evidence/fe05a/regression/fe-t07/work-seed.json	other	100644	aad8313d861871128f90db85bdfc1843f9c9d731	100644	aad8313d861871128f90db85bdfc1843f9c9d731	product_exact
evidence/fe05a/regression/fe-t07/work-seed.mjs	other	100644	96b33d0052af29d1bf850fc0caf2c06da071dc2c	100644	96b33d0052af29d1bf850fc0caf2c06da071dc2c	product_exact
evidence/fe05a/regression/fe-t11.mjs	other	100644	e3bc8d33a915192b517fb53a2c8f37a1e0cdac44	100644	e3bc8d33a915192b517fb53a2c8f37a1e0cdac44	product_exact
evidence/fe05a/regression/final-behavior/behavior.log	other	100644	6bf1945a44e720570cd469254bd1c61a49910914	100644	6bf1945a44e720570cd469254bd1c61a49910914	product_exact
evidence/fe05a/regression/final-behavior/browser.mjs	other	100644	2b799c76056f21260d6d6ede96e3f327446cac10	100644	2b799c76056f21260d6d6ede96e3f327446cac10	product_exact
evidence/fe05a/regression/final-behavior/cc-w-checks.json	other	100644	ff8afa520fbeb5c129af882c39e80a2a18cd61e7	100644	ff8afa520fbeb5c129af882c39e80a2a18cd61e7	product_exact
evidence/fe05a/regression/final-behavior/cc-w-checks.mjs	other	100644	e8601527c477647f488d3a5a0ac003dfae4111e6	100644	e8601527c477647f488d3a5a0ac003dfae4111e6	product_exact
evidence/fe05a/regression/final-behavior/cc-w-seed.mjs	other	100644	73f039935f9913042b342f9fd34021aa75eb4534	100644	73f039935f9913042b342f9fd34021aa75eb4534	product_exact
evidence/fe05a/regression/final-behavior/seed.log	other	100644	3eb8a616b5a163357a38dd46d4c7fdcaaf9c1c02	100644	3eb8a616b5a163357a38dd46d4c7fdcaaf9c1c02	product_exact
evidence/fe05a/regression/final-behavior/server.log	other	100644	5cc3299d4a1f026f6cd3091042c49fa5296a4a24	100644	5cc3299d4a1f026f6cd3091042c49fa5296a4a24	product_exact
evidence/fe05a/regression/final-layout/browser.mjs	other	100644	2b799c76056f21260d6d6ede96e3f327446cac10	100644	2b799c76056f21260d6d6ede96e3f327446cac10	product_exact
evidence/fe05a/regression/final-layout/cc-s-checks.mjs	other	100644	1ec12409157a2d16c914e7f1d567aa0193bee392	100644	1ec12409157a2d16c914e7f1d567aa0193bee392	product_exact
evidence/fe05a/regression/final-layout/cc-s-seed.mjs	other	100644	e375c2b1887a1f29e03d3a3645d95e5fefc74a85	100644	e375c2b1887a1f29e03d3a3645d95e5fefc74a85	product_exact
evidence/fe05a/regression/final-layout/cc-w-checks.mjs	other	100644	e8601527c477647f488d3a5a0ac003dfae4111e6	100644	e8601527c477647f488d3a5a0ac003dfae4111e6	product_exact
evidence/fe05a/regression/final-layout/cc-w-seed.mjs	other	100644	73f039935f9913042b342f9fd34021aa75eb4534	100644	73f039935f9913042b342f9fd34021aa75eb4534	product_exact
evidence/fe05a/regression/final-layout/composition-checks.json	other	100644	5b3e959597696a249d2dc895270d90076530d387	100644	5b3e959597696a249d2dc895270d90076530d387	product_exact
evidence/fe05a/regression/final-layout/composition-checks.mjs	other	100644	431dfd3aa9ceed475eed84ecd33c50816b215fb0	100644	431dfd3aa9ceed475eed84ecd33c50816b215fb0	product_exact
evidence/fe05a/regression/final-layout/composition.log	other	100644	76c63fe5c96ffcb09a2de7f4b212296677eb0db6	100644	76c63fe5c96ffcb09a2de7f4b212296677eb0db6	product_exact
evidence/fe05a/regression/final-layout/counterexamples.mjs	other	100644	417d6986c86bbf08dce21b710b325e6973155971	100644	417d6986c86bbf08dce21b710b325e6973155971	product_exact
evidence/fe05a/regression/final-layout/fe-t01.mjs	other	100644	d5a1c859b8c405d604508b61a804dc9e821b55fc	100644	d5a1c859b8c405d604508b61a804dc9e821b55fc	product_exact
evidence/fe05a/regression/final-layout/fe-t07.mjs	other	100644	b7ae37756778913e184303a2895db63cad391f40	100644	b7ae37756778913e184303a2895db63cad391f40	product_exact
evidence/fe05a/regression/final-layout/fe-t11.mjs	other	100644	e3bc8d33a915192b517fb53a2c8f37a1e0cdac44	100644	e3bc8d33a915192b517fb53a2c8f37a1e0cdac44	product_exact
evidence/fe05a/regression/final-layout/home-1440-light.png	other	100644	bda5fea75aa5116294956f1389e323039da8a9d2	100644	bda5fea75aa5116294956f1389e323039da8a9d2	product_exact
evidence/fe05a/regression/final-layout/home-390-light.png	other	100644	1bdbfeefbb237e9fc77163f5438a115379994e09	100644	1bdbfeefbb237e9fc77163f5438a115379994e09	product_exact
evidence/fe05a/regression/final-layout/home-collapsed-desktop-shell-1440-light.png	other	100644	6f38a2438c32cdae394c50a21536518192f6dcef	100644	6f38a2438c32cdae394c50a21536518192f6dcef	product_exact
evidence/fe05a/regression/final-layout/home-desktop-shell-1440-light.png	other	100644	6ec135dff992be41090b136ce9671a110058cbc1	100644	6ec135dff992be41090b136ce9671a110058cbc1	product_exact
evidence/fe05a/regression/final-layout/home-modules-1440-light.png	other	100644	bda5fea75aa5116294956f1389e323039da8a9d2	100644	bda5fea75aa5116294956f1389e323039da8a9d2	product_exact
evidence/fe05a/regression/final-layout/home-modules-1440x1058-light.png	other	100644	3d367b25c3c8f1f33a240fe6e93a418dbcbb828b	100644	3d367b25c3c8f1f33a240fe6e93a418dbcbb828b	product_exact
evidence/fe05a/regression/final-layout/home-modules-1440x900-light.png	other	100644	bda5fea75aa5116294956f1389e323039da8a9d2	100644	bda5fea75aa5116294956f1389e323039da8a9d2	product_exact
evidence/fe05a/regression/final-layout/home-modules-390-light.png	other	100644	39411049a7a43d03c45d407ef8de28ab00e0a45e	100644	39411049a7a43d03c45d407ef8de28ab00e0a45e	product_exact
evidence/fe05a/regression/final-layout/home-simple-1440x1058-light.png	other	100644	e819d609cdfdba010444f448b02b23742e7c6cf5	100644	e819d609cdfdba010444f448b02b23742e7c6cf5	product_exact
evidence/fe05a/regression/final-layout/home-simple-1440x900-light.png	other	100644	8aa21ce1000084cc3637cc5dbca9b139bdb4683b	100644	8aa21ce1000084cc3637cc5dbca9b139bdb4683b	product_exact
evidence/fe05a/regression/final-layout/models-checks.mjs	other	100644	02daa0efe5960165e9de6c73977a26894b42e46e	100644	02daa0efe5960165e9de6c73977a26894b42e46e	product_exact
evidence/fe05a/regression/final-layout/primitive-checks.mjs	other	100644	702e26a6d060aef7deddcaa7c94c7687c85b5f6d	100644	702e26a6d060aef7deddcaa7c94c7687c85b5f6d	product_exact
evidence/fe05a/regression/final-layout/primitive-seed.mjs	other	100644	dcc5749a421504c5c1528a22b4e6cf97158074c0	100644	dcc5749a421504c5c1528a22b4e6cf97158074c0	product_exact
evidence/fe05a/regression/final-layout/probe-checks.mjs	other	100644	0f6ec750233899c37a1cac4459bbf12e03c67281	100644	0f6ec750233899c37a1cac4459bbf12e03c67281	product_exact
evidence/fe05a/regression/final-layout/seed.log	other	100644	6999336f160ec345d8a2d125a350b85b1856d3fb	100644	6999336f160ec345d8a2d125a350b85b1856d3fb	product_exact
evidence/fe05a/regression/final-layout/seed.mjs	other	100644	69895098026457875fa6485eee95d09a17f26303	100644	69895098026457875fa6485eee95d09a17f26303	product_exact
evidence/fe05a/regression/final-layout/server.log	other	100644	5cc3299d4a1f026f6cd3091042c49fa5296a4a24	100644	5cc3299d4a1f026f6cd3091042c49fa5296a4a24	product_exact
evidence/fe05a/regression/final-layout/settings-appearance-home-layout-1440-light.png	other	100644	8a36a146488bc0e30692740eaec7e1889feb48a4	100644	8a36a146488bc0e30692740eaec7e1889feb48a4	product_exact
evidence/fe05a/regression/final-layout/settings-desktop-shell-1440-light.png	other	100644	9d27678c36d5d4ffc1a707f0537be90645d5184c	100644	9d27678c36d5d4ffc1a707f0537be90645d5184c	product_exact
evidence/fe05a/regression/final-layout/settings-general-1024-light.png	other	100644	f127b66a5c8d310691a244a5bbe998463bc8eab7	100644	f127b66a5c8d310691a244a5bbe998463bc8eab7	product_exact
evidence/fe05a/regression/final-layout/settings-general-1440-light.png	other	100644	4e4f08b871008e0e696aaafa13cdcc519ddea240	100644	4e4f08b871008e0e696aaafa13cdcc519ddea240	product_exact
evidence/fe05a/regression/final-layout/settings-general-1440-zoom200-light.png	other	100644	b38655ce894ee9e674d8c30d78c0653c31cbf1bf	100644	b38655ce894ee9e674d8c30d78c0653c31cbf1bf	product_exact
evidence/fe05a/regression/final-layout/settings-general-390-light.png	other	100644	aabec7c8d6a410165d92e533466ab0433b4eea83	100644	aabec7c8d6a410165d92e533466ab0433b4eea83	product_exact
evidence/fe05a/regression/final-layout/shell-checks.mjs	other	100644	fffa203eb7dd9517aa695fa4f3eaf6dcab0e086a	100644	fffa203eb7dd9517aa695fa4f3eaf6dcab0e086a	product_exact
evidence/fe05a/regression/final-layout/work-1440-light.png	other	100644	3322e599adc5a7341bd96b105d976d0f55586fae	100644	3322e599adc5a7341bd96b105d976d0f55586fae	product_exact
evidence/fe05a/regression/final-layout/work-expanded-1440-light.png	other	100644	d02736a550a60d7c018a39d3ef6352a764d98ee2	100644	d02736a550a60d7c018a39d3ef6352a764d98ee2	product_exact
evidence/fe05a/regression/final-layout/work-expanded-1440-zoom200-light.png	other	100644	f832f47dd8f5ef37dfabdd87d16d271f6e16d89e	100644	f832f47dd8f5ef37dfabdd87d16d271f6e16d89e	product_exact
evidence/fe05a/regression/final-layout/work-expanded-desktop-shell-1440-light.png	other	100644	3040be16acac818e114fd0a50450e7a44e249bea	100644	3040be16acac818e114fd0a50450e7a44e249bea	product_exact
evidence/fe05a/regression/final-layout/work-seed.mjs	other	100644	96b33d0052af29d1bf850fc0caf2c06da071dc2c	100644	96b33d0052af29d1bf850fc0caf2c06da071dc2c	product_exact
evidence/fe05a/regression/final-layout/work-surface-1440-light.png	other	100644	3f00094985049f6e3581d5136d95fe3299e254a5	100644	3f00094985049f6e3581d5136d95fe3299e254a5	product_exact
evidence/fe05a/regression/final-layout/work-three-pane-1680-light.png	other	100644	2951d890895549a0c350a6a921e01775978057a9	100644	2951d890895549a0c350a6a921e01775978057a9	product_exact
evidence/fe05a/regression/final-layout/work-three-pane-1680x720-light.png	other	100644	fb70136c1038ce5bbf3c87d2263d5c0387a6e81d	100644	fb70136c1038ce5bbf3c87d2263d5c0387a6e81d	product_exact
evidence/fe05a/regression/final-layout/work-three-pane-desktop-shell-1680-light.png	other	100644	67a94ddee839310658943c4895c764277056db7d	100644	67a94ddee839310658943c4895c764277056db7d	product_exact
evidence/fe05a/regression/history/browser.mjs	other	100644	2b799c76056f21260d6d6ede96e3f327446cac10	100644	2b799c76056f21260d6d6ede96e3f327446cac10	product_exact
evidence/fe05a/regression/history/fe-t11.json	other	100644	3960befdf4c388e38d0e2b70e7ff4de77a9d20e3	100644	3960befdf4c388e38d0e2b70e7ff4de77a9d20e3	product_exact
evidence/fe05a/regression/history/fe-t11.log	other	100644	385ffe6e3fccd40472f20f841c747492d2654c8f	100644	385ffe6e3fccd40472f20f841c747492d2654c8f	product_exact
evidence/fe05a/regression/history/fe-t11.mjs	other	100644	e3bc8d33a915192b517fb53a2c8f37a1e0cdac44	100644	e3bc8d33a915192b517fb53a2c8f37a1e0cdac44	product_exact
evidence/fe05a/regression/history/seed.log	other	100644	e5464b057e7cab5c44c12b0eef508657c18bfcc1	100644	e5464b057e7cab5c44c12b0eef508657c18bfcc1	product_exact
evidence/fe05a/regression/history/server.log	other	100644	5cc3299d4a1f026f6cd3091042c49fa5296a4a24	100644	5cc3299d4a1f026f6cd3091042c49fa5296a4a24	product_exact
evidence/fe05a/regression/history/work-seed.json	other	100644	36fd38e464bea0be5dc95ef6bb43f9f378bf001e	100644	36fd38e464bea0be5dc95ef6bb43f9f378bf001e	product_exact
evidence/fe05a/regression/history/work-seed.mjs	other	100644	96b33d0052af29d1bf850fc0caf2c06da071dc2c	100644	96b33d0052af29d1bf850fc0caf2c06da071dc2c	product_exact
evidence/fe05a/regression/models-checks.mjs	other	100644	02daa0efe5960165e9de6c73977a26894b42e46e	100644	02daa0efe5960165e9de6c73977a26894b42e46e	product_exact
evidence/fe05a/regression/primitive-checks.mjs	other	100644	702e26a6d060aef7deddcaa7c94c7687c85b5f6d	100644	702e26a6d060aef7deddcaa7c94c7687c85b5f6d	product_exact
evidence/fe05a/regression/primitive-seed.mjs	other	100644	dcc5749a421504c5c1528a22b4e6cf97158074c0	100644	dcc5749a421504c5c1528a22b4e6cf97158074c0	product_exact
evidence/fe05a/regression/primitive/browser.mjs	other	100644	2b799c76056f21260d6d6ede96e3f327446cac10	100644	2b799c76056f21260d6d6ede96e3f327446cac10	product_exact
evidence/fe05a/regression/primitive/primitive-checks.json	other	100644	5c5374943cb8092a280ca8d8266d5b107def2a25	100644	5c5374943cb8092a280ca8d8266d5b107def2a25	product_exact
evidence/fe05a/regression/primitive/primitive-checks.mjs	other	100644	702e26a6d060aef7deddcaa7c94c7687c85b5f6d	100644	702e26a6d060aef7deddcaa7c94c7687c85b5f6d	product_exact
evidence/fe05a/regression/primitive/primitive-seed.mjs	other	100644	dcc5749a421504c5c1528a22b4e6cf97158074c0	100644	dcc5749a421504c5c1528a22b4e6cf97158074c0	product_exact
evidence/fe05a/regression/primitive/primitive.log	other	100644	6b81ef7167f2a5e9ca428a1b484cf341adcd4095	100644	6b81ef7167f2a5e9ca428a1b484cf341adcd4095	product_exact
evidence/fe05a/regression/primitive/seed.log	other	100644	e6650e8a2a95b1582628a33cc13e9ca5a89e4685	100644	e6650e8a2a95b1582628a33cc13e9ca5a89e4685	product_exact
evidence/fe05a/regression/primitive/server.log	other	100644	5cc3299d4a1f026f6cd3091042c49fa5296a4a24	100644	5cc3299d4a1f026f6cd3091042c49fa5296a4a24	product_exact
evidence/fe05a/regression/probe-checks.mjs	other	100644	0f6ec750233899c37a1cac4459bbf12e03c67281	100644	0f6ec750233899c37a1cac4459bbf12e03c67281	product_exact
evidence/fe05a/regression/rc/mcp-fixture.mjs	other	100644	6176b27950bbff42a372f7e05c22559e69e4d2c7	100644	6176b27950bbff42a372f7e05c22559e69e4d2c7	product_exact
evidence/fe05a/regression/rc/reset-fixture.mjs	other	100644	d4a62bedbb6b97a54d5bd440f6582f2eb989a461	100644	d4a62bedbb6b97a54d5bd440f6582f2eb989a461	product_exact
evidence/fe05a/regression/rc/runtime-ui-checks.mjs	other	100644	701c5e3da4a8e4925b8dfa12153b0bab819446c3	100644	701c5e3da4a8e4925b8dfa12153b0bab819446c3	product_exact
evidence/fe05a/regression/rc/runtime-ui-counterexamples.mjs	other	100644	466c230e2ca3344c5685bae04c7a13414ead6239	100644	466c230e2ca3344c5685bae04c7a13414ead6239	product_exact
evidence/fe05a/regression/rc/runtime-ui-viewport.mjs	other	100644	b5b31fe042158db9a667e242f846ed2ec6ee99bd	100644	b5b31fe042158db9a667e242f846ed2ec6ee99bd	product_exact
evidence/fe05a/regression/rc/seed-fixture.mjs	other	100644	4526c7c88e830c038a38b9c160b34061998f2fa0	100644	4526c7c88e830c038a38b9c160b34061998f2fa0	product_exact
evidence/fe05a/regression/rc/verify.mjs	other	100644	ea39d15351057736ab9ea68c413355a62f38c77e	100644	ea39d15351057736ab9ea68c413355a62f38c77e	product_exact
evidence/fe05a/regression/regression-exits.json	other	100644	094f88af7eff635c8b018eafde80aa55d49f257d	100644	094f88af7eff635c8b018eafde80aa55d49f257d	product_exact
evidence/fe05a/regression/run-regressions.py	other	100644	e46343255a6b8fb888b27b7b90a7ea23164c7f38	100644	e46343255a6b8fb888b27b7b90a7ea23164c7f38	product_exact
evidence/fe05a/regression/runtime/browser.mjs	other	100644	2b799c76056f21260d6d6ede96e3f327446cac10	100644	2b799c76056f21260d6d6ede96e3f327446cac10	product_exact
evidence/fe05a/regression/runtime/cc-s-checks.mjs	other	100644	1ec12409157a2d16c914e7f1d567aa0193bee392	100644	1ec12409157a2d16c914e7f1d567aa0193bee392	product_exact
evidence/fe05a/regression/runtime/cc-s-seed.mjs	other	100644	e375c2b1887a1f29e03d3a3645d95e5fefc74a85	100644	e375c2b1887a1f29e03d3a3645d95e5fefc74a85	product_exact
evidence/fe05a/regression/runtime/cc-w-checks.mjs	other	100644	e8601527c477647f488d3a5a0ac003dfae4111e6	100644	e8601527c477647f488d3a5a0ac003dfae4111e6	product_exact
evidence/fe05a/regression/runtime/cc-w-seed.mjs	other	100644	73f039935f9913042b342f9fd34021aa75eb4534	100644	73f039935f9913042b342f9fd34021aa75eb4534	product_exact
evidence/fe05a/regression/runtime/composition-checks.mjs	other	100644	431dfd3aa9ceed475eed84ecd33c50816b215fb0	100644	431dfd3aa9ceed475eed84ecd33c50816b215fb0	product_exact
evidence/fe05a/regression/runtime/counterexamples.mjs	other	100644	417d6986c86bbf08dce21b710b325e6973155971	100644	417d6986c86bbf08dce21b710b325e6973155971	product_exact
evidence/fe05a/regression/runtime/fe-t01.mjs	other	100644	d5a1c859b8c405d604508b61a804dc9e821b55fc	100644	d5a1c859b8c405d604508b61a804dc9e821b55fc	product_exact
evidence/fe05a/regression/runtime/fe-t07.mjs	other	100644	b7ae37756778913e184303a2895db63cad391f40	100644	b7ae37756778913e184303a2895db63cad391f40	product_exact
evidence/fe05a/regression/runtime/fe-t11.mjs	other	100644	e3bc8d33a915192b517fb53a2c8f37a1e0cdac44	100644	e3bc8d33a915192b517fb53a2c8f37a1e0cdac44	product_exact
evidence/fe05a/regression/runtime/models-checks.mjs	other	100644	02daa0efe5960165e9de6c73977a26894b42e46e	100644	02daa0efe5960165e9de6c73977a26894b42e46e	product_exact
evidence/fe05a/regression/runtime/primitive-checks.mjs	other	100644	702e26a6d060aef7deddcaa7c94c7687c85b5f6d	100644	702e26a6d060aef7deddcaa7c94c7687c85b5f6d	product_exact
evidence/fe05a/regression/runtime/primitive-seed.mjs	other	100644	dcc5749a421504c5c1528a22b4e6cf97158074c0	100644	dcc5749a421504c5c1528a22b4e6cf97158074c0	product_exact
evidence/fe05a/regression/runtime/probe-checks.mjs	other	100644	0f6ec750233899c37a1cac4459bbf12e03c67281	100644	0f6ec750233899c37a1cac4459bbf12e03c67281	product_exact
evidence/fe05a/regression/runtime/rc/mcp-fixture.mjs	other	100644	6176b27950bbff42a372f7e05c22559e69e4d2c7	100644	6176b27950bbff42a372f7e05c22559e69e4d2c7	product_exact
evidence/fe05a/regression/runtime/rc/reset-fixture.mjs	other	100644	d4a62bedbb6b97a54d5bd440f6582f2eb989a461	100644	d4a62bedbb6b97a54d5bd440f6582f2eb989a461	product_exact
evidence/fe05a/regression/runtime/rc/runtime-ui-checks.json	other	100644	280a5cb289f602da4c1ffbcdadd625bacd717efd	100644	280a5cb289f602da4c1ffbcdadd625bacd717efd	product_exact
evidence/fe05a/regression/runtime/rc/runtime-ui-checks.mjs	other	100644	701c5e3da4a8e4925b8dfa12153b0bab819446c3	100644	701c5e3da4a8e4925b8dfa12153b0bab819446c3	product_exact
evidence/fe05a/regression/runtime/rc/runtime-ui-counterexamples.json	other	100644	fa7060e0d0329037aac3706a72b24acb7449f802	100644	fa7060e0d0329037aac3706a72b24acb7449f802	product_exact
evidence/fe05a/regression/runtime/rc/runtime-ui-counterexamples.mjs	other	100644	466c230e2ca3344c5685bae04c7a13414ead6239	100644	466c230e2ca3344c5685bae04c7a13414ead6239	product_exact
evidence/fe05a/regression/runtime/rc/runtime-ui-viewport.json	other	100644	b572ca014122b5f29702d93e1c59eaec86752c96	100644	b572ca014122b5f29702d93e1c59eaec86752c96	product_exact
evidence/fe05a/regression/runtime/rc/runtime-ui-viewport.mjs	other	100644	b5b31fe042158db9a667e242f846ed2ec6ee99bd	100644	b5b31fe042158db9a667e242f846ed2ec6ee99bd	product_exact
evidence/fe05a/regression/runtime/rc/seed-fixture.mjs	other	100644	4526c7c88e830c038a38b9c160b34061998f2fa0	100644	4526c7c88e830c038a38b9c160b34061998f2fa0	product_exact
evidence/fe05a/regression/runtime/rc/verify.mjs	other	100644	ea39d15351057736ab9ea68c413355a62f38c77e	100644	ea39d15351057736ab9ea68c413355a62f38c77e	product_exact
evidence/fe05a/regression/runtime/seed.log	other	100644	20f30e0ed485658c9cea04a684d9b40d6f5d34d0	100644	20f30e0ed485658c9cea04a684d9b40d6f5d34d0	product_exact
evidence/fe05a/regression/runtime/seed.mjs	other	100644	69895098026457875fa6485eee95d09a17f26303	100644	69895098026457875fa6485eee95d09a17f26303	product_exact
evidence/fe05a/regression/runtime/server.log	other	100644	55d277663caa6432d9d01daf69522226ef6f6d7c	100644	55d277663caa6432d9d01daf69522226ef6f6d7c	product_exact
evidence/fe05a/regression/runtime/shell-checks.mjs	other	100644	fffa203eb7dd9517aa695fa4f3eaf6dcab0e086a	100644	fffa203eb7dd9517aa695fa4f3eaf6dcab0e086a	product_exact
evidence/fe05a/regression/runtime/work-seed.mjs	other	100644	96b33d0052af29d1bf850fc0caf2c06da071dc2c	100644	96b33d0052af29d1bf850fc0caf2c06da071dc2c	product_exact
evidence/fe05a/regression/seed.mjs	other	100644	69895098026457875fa6485eee95d09a17f26303	100644	69895098026457875fa6485eee95d09a17f26303	product_exact
evidence/fe05a/regression/settings-extra/fe-t01-rows.json	other	100644	5ea82673144989f58d87a1853129d87dabcbaa0e	100644	5ea82673144989f58d87a1853129d87dabcbaa0e	product_exact
evidence/fe05a/regression/settings-extra/probe.log	other	100644	5c2268d76c7fc4e663045736e42217935c1224e5	100644	5c2268d76c7fc4e663045736e42217935c1224e5	product_exact
evidence/fe05a/regression/settings-extra/rows.log	other	100644	b7e3b26ced0716ed31959dae135af9a221e284cb	100644	b7e3b26ced0716ed31959dae135af9a221e284cb	product_exact
evidence/fe05a/regression/settings/browser.mjs	other	100644	2b799c76056f21260d6d6ede96e3f327446cac10	100644	2b799c76056f21260d6d6ede96e3f327446cac10	product_exact
evidence/fe05a/regression/settings/cc-s-checks.mjs	other	100644	1ec12409157a2d16c914e7f1d567aa0193bee392	100644	1ec12409157a2d16c914e7f1d567aa0193bee392	product_exact
evidence/fe05a/regression/settings/cc-s-seed.mjs	other	100644	e375c2b1887a1f29e03d3a3645d95e5fefc74a85	100644	e375c2b1887a1f29e03d3a3645d95e5fefc74a85	product_exact
evidence/fe05a/regression/settings/cc-w-checks.mjs	other	100644	e8601527c477647f488d3a5a0ac003dfae4111e6	100644	e8601527c477647f488d3a5a0ac003dfae4111e6	product_exact
evidence/fe05a/regression/settings/cc-w-seed.mjs	other	100644	73f039935f9913042b342f9fd34021aa75eb4534	100644	73f039935f9913042b342f9fd34021aa75eb4534	product_exact
evidence/fe05a/regression/settings/composition-checks.mjs	other	100644	431dfd3aa9ceed475eed84ecd33c50816b215fb0	100644	431dfd3aa9ceed475eed84ecd33c50816b215fb0	product_exact
evidence/fe05a/regression/settings/counterexamples.mjs	other	100644	417d6986c86bbf08dce21b710b325e6973155971	100644	417d6986c86bbf08dce21b710b325e6973155971	product_exact
evidence/fe05a/regression/settings/fe-t01-rows.json	other	100644	5ea82673144989f58d87a1853129d87dabcbaa0e	100644	5ea82673144989f58d87a1853129d87dabcbaa0e	product_exact
evidence/fe05a/regression/settings/fe-t01.mjs	other	100644	d5a1c859b8c405d604508b61a804dc9e821b55fc	100644	d5a1c859b8c405d604508b61a804dc9e821b55fc	product_exact
evidence/fe05a/regression/settings/fe-t07.mjs	other	100644	b7ae37756778913e184303a2895db63cad391f40	100644	b7ae37756778913e184303a2895db63cad391f40	product_exact
evidence/fe05a/regression/settings/fe-t11.mjs	other	100644	e3bc8d33a915192b517fb53a2c8f37a1e0cdac44	100644	e3bc8d33a915192b517fb53a2c8f37a1e0cdac44	product_exact
evidence/fe05a/regression/settings/models-checks.json	other	100644	5657d78dcccb013ffd89457b3a5f8cdba3873bcd	100644	5657d78dcccb013ffd89457b3a5f8cdba3873bcd	product_exact
evidence/fe05a/regression/settings/models-checks.mjs	other	100644	02daa0efe5960165e9de6c73977a26894b42e46e	100644	02daa0efe5960165e9de6c73977a26894b42e46e	product_exact
evidence/fe05a/regression/settings/models.log	other	100644	9a8f85ff4a3f24396c4d676726913a69f320f5c9	100644	9a8f85ff4a3f24396c4d676726913a69f320f5c9	product_exact
evidence/fe05a/regression/settings/primitive-checks.mjs	other	100644	702e26a6d060aef7deddcaa7c94c7687c85b5f6d	100644	702e26a6d060aef7deddcaa7c94c7687c85b5f6d	product_exact
evidence/fe05a/regression/settings/primitive-seed.mjs	other	100644	dcc5749a421504c5c1528a22b4e6cf97158074c0	100644	dcc5749a421504c5c1528a22b4e6cf97158074c0	product_exact
evidence/fe05a/regression/settings/probe-checks.json	other	100644	caaecd7dbe6fef0e5df4f1a976e8429fd5bea357	100644	caaecd7dbe6fef0e5df4f1a976e8429fd5bea357	product_exact
evidence/fe05a/regression/settings/probe-checks.mjs	other	100644	0f6ec750233899c37a1cac4459bbf12e03c67281	100644	0f6ec750233899c37a1cac4459bbf12e03c67281	product_exact
evidence/fe05a/regression/settings/seed.log	other	100644	6999336f160ec345d8a2d125a350b85b1856d3fb	100644	6999336f160ec345d8a2d125a350b85b1856d3fb	product_exact
evidence/fe05a/regression/settings/seed.mjs	other	100644	69895098026457875fa6485eee95d09a17f26303	100644	69895098026457875fa6485eee95d09a17f26303	product_exact
evidence/fe05a/regression/settings/server.log	other	100644	5cc3299d4a1f026f6cd3091042c49fa5296a4a24	100644	5cc3299d4a1f026f6cd3091042c49fa5296a4a24	product_exact
evidence/fe05a/regression/settings/settings-models-1440-light.png	other	100644	dce0d628a0cc192d754613664432b4c0c8a91d9c	100644	dce0d628a0cc192d754613664432b4c0c8a91d9c	product_exact
evidence/fe05a/regression/settings/settings-models-390-light.png	other	100644	a38bd439217602b9bb71cb6d2aac884aee3d7a02	100644	a38bd439217602b9bb71cb6d2aac884aee3d7a02	product_exact
evidence/fe05a/regression/settings/settings-models-add-1440-light.png	other	100644	2d2b747f5f7c408d25a5d0677cbd6dc2ae78e797	100644	2d2b747f5f7c408d25a5d0677cbd6dc2ae78e797	product_exact
evidence/fe05a/regression/settings/settings-models-probe-1440-light.png	other	100644	070b29c223b6b1c1ebb4462b0e0e4ba69b8485e8	100644	070b29c223b6b1c1ebb4462b0e0e4ba69b8485e8	product_exact
evidence/fe05a/regression/settings/settings-tools-1440-light.png	other	100644	01872391dd8c6b50d774a79bf3d18a7520f8828f	100644	01872391dd8c6b50d774a79bf3d18a7520f8828f	product_exact
evidence/fe05a/regression/settings/shell-checks.mjs	other	100644	fffa203eb7dd9517aa695fa4f3eaf6dcab0e086a	100644	fffa203eb7dd9517aa695fa4f3eaf6dcab0e086a	product_exact
evidence/fe05a/regression/settings/work-seed.mjs	other	100644	7ec040eb22ee020c9749436d010867aa2c0aa9dc	100644	7ec040eb22ee020c9749436d010867aa2c0aa9dc	product_exact
evidence/fe05a/regression/shell-checks.mjs	other	100644	fffa203eb7dd9517aa695fa4f3eaf6dcab0e086a	100644	fffa203eb7dd9517aa695fa4f3eaf6dcab0e086a	product_exact
evidence/fe05a/regression/shell/browser.mjs	other	100644	2b799c76056f21260d6d6ede96e3f327446cac10	100644	2b799c76056f21260d6d6ede96e3f327446cac10	product_exact
evidence/fe05a/regression/shell/chat-1440-light.png	other	100644	cf2e686c514966c103c2de6c0793e46eeb2764cc	100644	cf2e686c514966c103c2de6c0793e46eeb2764cc	product_exact
evidence/fe05a/regression/shell/continue-in-work-1440-light.png	other	100644	ca46313ab05a82bc61a5fce9193af7a8e78afb01	100644	ca46313ab05a82bc61a5fce9193af7a8e78afb01	product_exact
evidence/fe05a/regression/shell/seed.log	other	100644	ca6eda4d563d72543c68aea8e08158b33c4a468c	100644	ca6eda4d563d72543c68aea8e08158b33c4a468c	product_exact
evidence/fe05a/regression/shell/server.log	other	100644	5cc3299d4a1f026f6cd3091042c49fa5296a4a24	100644	5cc3299d4a1f026f6cd3091042c49fa5296a4a24	product_exact
evidence/fe05a/regression/shell/settings-memory-1440-light.png	other	100644	fa1b4c69ce477d4949d30300ef1dd2ffc4660662	100644	fa1b4c69ce477d4949d30300ef1dd2ffc4660662	product_exact
evidence/fe05a/regression/shell/shell-checks.json	other	100644	74a1f60e56a31f88f9a403c2fbfa5191f8150411	100644	74a1f60e56a31f88f9a403c2fbfa5191f8150411	product_exact
evidence/fe05a/regression/shell/shell-checks.mjs	other	100644	fffa203eb7dd9517aa695fa4f3eaf6dcab0e086a	100644	fffa203eb7dd9517aa695fa4f3eaf6dcab0e086a	product_exact
evidence/fe05a/regression/shell/shell.log	other	100644	916815d2c63ed809bb97b685aba7cd4e2c86dc4d	100644	916815d2c63ed809bb97b685aba7cd4e2c86dc4d	product_exact
evidence/fe05a/regression/shell/work-1440-light.png	other	100644	eadd0bc8c8403b3e4af07f4dd607a01d1a3ab744	100644	eadd0bc8c8403b3e4af07f4dd607a01d1a3ab744	product_exact
evidence/fe05a/regression/shell/work-390-light.png	other	100644	b3f0b015bcc75d7909856f80bdb877c792f2d432	100644	b3f0b015bcc75d7909856f80bdb877c792f2d432	product_exact
evidence/fe05a/regression/shell/work-seed.json	other	100644	7ca87ef6c7b90f9a58c0050103ae19452ea094d2	100644	7ca87ef6c7b90f9a58c0050103ae19452ea094d2	product_exact
evidence/fe05a/regression/shell/work-seed.mjs	other	100644	96b33d0052af29d1bf850fc0caf2c06da071dc2c	100644	96b33d0052af29d1bf850fc0caf2c06da071dc2c	product_exact
evidence/fe05a/regression/work-seed.mjs	other	100644	09a0d28685b9f5cbb7d6705c56d11aae78379107	100644	09a0d28685b9f5cbb7d6705c56d11aae78379107	product_exact
evidence/fe05a/screenshots/home-modules-1440x900-large-v1.png	other	100644	19578ef3bd51556962c87c800bcfefdab2a68af6	100644	19578ef3bd51556962c87c800bcfefdab2a68af6	product_exact
evidence/fe05a/screenshots/home-modules-1440x900-medium-v1.png	other	100644	bda5fea75aa5116294956f1389e323039da8a9d2	100644	bda5fea75aa5116294956f1389e323039da8a9d2	product_exact
evidence/fe05a/screenshots/home-modules-1440x900-small-v1.png	other	100644	7c15ee4a1a2f88f1d886c614349eabae9081b1aa	100644	7c15ee4a1a2f88f1d886c614349eabae9081b1aa	product_exact
evidence/fe05a/screenshots/settings-1440-dark-baseline-repaired.png	other	100644	ad57d0923e581f8a803e8f815d498db60f542fbc	100644	ad57d0923e581f8a803e8f815d498db60f542fbc	product_exact
evidence/fe05a/screenshots/settings-1440-dark-shape-baseline.png	other	100644	ad57d0923e581f8a803e8f815d498db60f542fbc	100644	ad57d0923e581f8a803e8f815d498db60f542fbc	product_exact
evidence/fe05a/screenshots/settings-1440-dark-v1.png	other	100644	7140e7d92cdfd7245027dede50050fd8844099ff	100644	7140e7d92cdfd7245027dede50050fd8844099ff	product_exact
evidence/fe05a/screenshots/settings-1440-light-baseline-repaired.png	other	100644	c2fb2479edc2f886f9be08002b01e1d6bd73d861	100644	c2fb2479edc2f886f9be08002b01e1d6bd73d861	product_exact
evidence/fe05a/screenshots/settings-1440-light-shape-baseline.png	other	100644	c2fb2479edc2f886f9be08002b01e1d6bd73d861	100644	c2fb2479edc2f886f9be08002b01e1d6bd73d861	product_exact
evidence/fe05a/screenshots/settings-1440-light-v1.png	other	100644	4e4f08b871008e0e696aaafa13cdcc519ddea240	100644	4e4f08b871008e0e696aaafa13cdcc519ddea240	product_exact
evidence/fe05a/screenshots/settings-390-dark-baseline-repaired.png	other	100644	f242a6e141ddb94c878134f0235fababf0840936	100644	f242a6e141ddb94c878134f0235fababf0840936	product_exact
evidence/fe05a/screenshots/settings-390-dark-shape-baseline.png	other	100644	f242a6e141ddb94c878134f0235fababf0840936	100644	f242a6e141ddb94c878134f0235fababf0840936	product_exact
evidence/fe05a/screenshots/settings-390-dark-v1.png	other	100644	b89a6f3a5feed3b03e6364064420dfaefe78ef57	100644	b89a6f3a5feed3b03e6364064420dfaefe78ef57	product_exact
evidence/fe05a/screenshots/settings-390-light-baseline-repaired.png	other	100644	f6dcdba7edafa8e588dd98b1703972080bbfd1ff	100644	f6dcdba7edafa8e588dd98b1703972080bbfd1ff	product_exact
evidence/fe05a/screenshots/settings-390-light-shape-baseline.png	other	100644	f6dcdba7edafa8e588dd98b1703972080bbfd1ff	100644	f6dcdba7edafa8e588dd98b1703972080bbfd1ff	product_exact
evidence/fe05a/screenshots/settings-390-light-v1.png	other	100644	3d136d3c8cbac0b0129dedb1684e99c990211479	100644	3d136d3c8cbac0b0129dedb1684e99c990211479	product_exact
evidence/fe05a/screenshots/work-cancel-1440-dark-baseline-repaired.png	other	100644	994e4ca6bb5f45073aa0812d144575449d62b3a2	100644	994e4ca6bb5f45073aa0812d144575449d62b3a2	product_exact
evidence/fe05a/screenshots/work-cancel-1440-dark-shape-baseline.png	other	100644	52d008b70d27a7e8f5525dd04f567fabe078daed	100644	52d008b70d27a7e8f5525dd04f567fabe078daed	product_exact
evidence/fe05a/screenshots/work-cancel-1440-dark-v1.png	other	100644	d9e27ffab2b08b449f948f5eafe8c30c9876c490	100644	d9e27ffab2b08b449f948f5eafe8c30c9876c490	product_exact
evidence/fe05a/screenshots/work-cancel-1440-light-baseline-repaired.png	other	100644	2806145918294c7b473672e428f047a2e982a892	100644	2806145918294c7b473672e428f047a2e982a892	product_exact
evidence/fe05a/screenshots/work-cancel-1440-light-shape-baseline.png	other	100644	1ab788ee544ae43ad010bfd746a679ae7a007eea	100644	1ab788ee544ae43ad010bfd746a679ae7a007eea	product_exact
evidence/fe05a/screenshots/work-cancel-1440-light-v1.png	other	100644	3804db64b8ee929af567fb7d0bc4257723c47572	100644	3804db64b8ee929af567fb7d0bc4257723c47572	product_exact
evidence/fe05a/screenshots/work-cancel-390-dark-baseline-repaired.png	other	100644	2009226f31e44a37497f72daf85b0ed61d914914	100644	2009226f31e44a37497f72daf85b0ed61d914914	product_exact
evidence/fe05a/screenshots/work-cancel-390-dark-shape-baseline.png	other	100644	97e172eb56922af5d1b8bf3b41134d6e291dff9d	100644	97e172eb56922af5d1b8bf3b41134d6e291dff9d	product_exact
evidence/fe05a/screenshots/work-cancel-390-dark-v1.png	other	100644	c655fd828aa92f68519d19d8c6ee70970a04f943	100644	c655fd828aa92f68519d19d8c6ee70970a04f943	product_exact
evidence/fe05a/screenshots/work-cancel-390-light-baseline-repaired.png	other	100644	8c6e5ab7a388e1abc5ea9f9dc73d24c5d9d753b4	100644	8c6e5ab7a388e1abc5ea9f9dc73d24c5d9d753b4	product_exact
evidence/fe05a/screenshots/work-cancel-390-light-shape-baseline.png	other	100644	2b55a30c9339c8eec7f9ef952f3fe7fb8f02ed0c	100644	2b55a30c9339c8eec7f9ef952f3fe7fb8f02ed0c	product_exact
evidence/fe05a/screenshots/work-cancel-390-light-v1.png	other	100644	2a1c78c99450a233af264f202ee12749bcbc5c59	100644	2a1c78c99450a233af264f202ee12749bcbc5c59	product_exact
evidence/fe05a/screenshots/work-idle-1440-dark-baseline-repaired.png	other	100644	1b34af6106a28af382693c942345ce7c2383cc4d	100644	1b34af6106a28af382693c942345ce7c2383cc4d	product_exact
evidence/fe05a/screenshots/work-idle-1440-dark-shape-baseline.png	other	100644	a1ea734aa22d1e66620bf7169c7b53ed5ec79d0d	100644	a1ea734aa22d1e66620bf7169c7b53ed5ec79d0d	product_exact
evidence/fe05a/screenshots/work-idle-1440-dark-v1.png	other	100644	c2bc2e781828810e802239c502e3fbb42107ccaf	100644	c2bc2e781828810e802239c502e3fbb42107ccaf	product_exact
evidence/fe05a/screenshots/work-idle-1440-light-baseline-repaired.png	other	100644	6c2c1450d87e6867e0dec761e567d406b2d3485a	100644	6c2c1450d87e6867e0dec761e567d406b2d3485a	product_exact
evidence/fe05a/screenshots/work-idle-1440-light-shape-baseline.png	other	100644	23eca3cf6bdb35e5a9e857055c061696abfdf6ad	100644	23eca3cf6bdb35e5a9e857055c061696abfdf6ad	product_exact
evidence/fe05a/screenshots/work-idle-1440-light-v1.png	other	100644	5ec313b2c8517d72069773ea35694f1fce8538ef	100644	5ec313b2c8517d72069773ea35694f1fce8538ef	product_exact
evidence/fe05a/screenshots/work-idle-390-dark-baseline-repaired.png	other	100644	9f9592b6afb3a13154b70af74a30fd98c774a335	100644	9f9592b6afb3a13154b70af74a30fd98c774a335	product_exact
evidence/fe05a/screenshots/work-idle-390-dark-shape-baseline.png	other	100644	ff509b99ccbb8ddf593232b62386aaeda8c994e7	100644	ff509b99ccbb8ddf593232b62386aaeda8c994e7	product_exact
evidence/fe05a/screenshots/work-idle-390-dark-v1.png	other	100644	415bb7e1d985801c7a6bde6ad206823e4182251a	100644	415bb7e1d985801c7a6bde6ad206823e4182251a	product_exact
evidence/fe05a/screenshots/work-idle-390-light-baseline-repaired.png	other	100644	d49019e90772198e82cf021a05c5e7e3a785bc98	100644	d49019e90772198e82cf021a05c5e7e3a785bc98	product_exact
evidence/fe05a/screenshots/work-idle-390-light-shape-baseline.png	other	100644	7517e6f2ae4ef56267cad5ebf72a0f261f87323a	100644	7517e6f2ae4ef56267cad5ebf72a0f261f87323a	product_exact
evidence/fe05a/screenshots/work-idle-390-light-v1.png	other	100644	c6f55263c4945d42fa522a1009bcf8e7c487114c	100644	c6f55263c4945d42fa522a1009bcf8e7c487114c	product_exact
evidence/fe05a/shape-checks.json	other	100644	937965c7c3e9b8f34168f5c31d608b5bb89abc48	100644	937965c7c3e9b8f34168f5c31d608b5bb89abc48	product_exact
evidence/fe05a/shape-checks.mjs	other	100644	f07fb5d34b51f2edc178cb298f11a9bf2b59ab9c	100644	f07fb5d34b51f2edc178cb298f11a9bf2b59ab9c	product_exact
evidence/fe05a/smoke.log	other	100644	94693eb2daccc61842c4c1351d2287f484615702	100644	94693eb2daccc61842c4c1351d2287f484615702	product_exact
evidence/fe05a/type-checks.json	other	100644	5dd9aa2840e17cdfa81d8893a460b480bc989a0e	100644	5dd9aa2840e17cdfa81d8893a460b480bc989a0e	product_exact
evidence/fe05a/type-checks.mjs	other	100644	81012029de605003ad6ee64c7eb53e00188fa929	100644	81012029de605003ad6ee64c7eb53e00188fa929	product_exact
evidence/final-integration-20260908/README.md	other	100644	c529805e9e9846674af044b5732afc09c38e3e04	100644	c529805e9e9846674af044b5732afc09c38e3e04	product_exact
evidence/final-integration-20260908/browser-loading.json	other	100644	5499c592cdbfa536592dd639cc18fb8181f948ab	100644	5499c592cdbfa536592dd639cc18fb8181f948ab	product_exact
evidence/final-integration-20260908/browser.mjs	other	100644	e9131dd60ca99da49b2a6931af3289b4e8106232	100644	e9131dd60ca99da49b2a6931af3289b4e8106232	product_exact
evidence/final-integration-20260908/extension-navigation-setup-error.json	other	100644	b53ec8e371680a9d5f07d4340032646a1b898650	100644	b53ec8e371680a9d5f07d4340032646a1b898650	product_exact
evidence/final-integration-20260908/extension-recovery.json	other	100644	be93a70d9a05d226bd7c884b1ae0385807622a68	100644	be93a70d9a05d226bd7c884b1ae0385807622a68	product_exact
evidence/final-integration-20260908/extension-recovery.mjs	other	100644	140a8dc2050e9283b54064e0e783cc23ec0c0906	100644	140a8dc2050e9283b54064e0e783cc23ec0c0906	product_exact
evidence/final-integration-20260908/extension-recovery.png	other	100644	9d8fe6cbbc8c195562fb78d56c628e778c360828	100644	9d8fe6cbbc8c195562fb78d56c628e778c360828	product_exact
evidence/final-integration-20260908/extension-selector-setup-error.json	other	100644	54c3f53ad42ff75d22e2fa82dc695fee1fda4c86	100644	54c3f53ad42ff75d22e2fa82dc695fee1fda4c86	product_exact
evidence/final-integration-20260908/extension-setup-error.json	other	100644	21edf6fbbd351d36f756e78707373d7b387be844	100644	21edf6fbbd351d36f756e78707373d7b387be844	product_exact
evidence/final-integration-20260908/home-checks.mjs	other	100644	e9727d6bf5e9fddc29bf2cb75cff427f74f95299	100644	e9727d6bf5e9fddc29bf2cb75cff427f74f95299	product_exact
evidence/final-integration-20260908/home-empty-1440-dark-before.png	other	100644	6971658a5f92fbbeb14769795d3e2aec4e653d3d	100644	6971658a5f92fbbeb14769795d3e2aec4e653d3d	product_exact
evidence/final-integration-20260908/home-empty-1440-dark.png	other	100644	4672447306ff67a1eefa932c6be3baf9865b0e7c	100644	4672447306ff67a1eefa932c6be3baf9865b0e7c	product_exact
evidence/final-integration-20260908/home-empty-1440-light-before.png	other	100644	9ea220aa2acf079da4a0e3bf503c7aebda7e8ac2	100644	9ea220aa2acf079da4a0e3bf503c7aebda7e8ac2	product_exact
evidence/final-integration-20260908/home-empty-1440-light.png	other	100644	aa74482067a8e981891393da72557418f419c92c	100644	aa74482067a8e981891393da72557418f419c92c	product_exact
evidence/final-integration-20260908/home-empty-390-dark-before.png	other	100644	99a3b0ad6fa14f9be13dd1bbeafa0699de8cd4e8	100644	99a3b0ad6fa14f9be13dd1bbeafa0699de8cd4e8	product_exact
evidence/final-integration-20260908/home-empty-390-dark.png	other	100644	bd72c086279da27b0397a203b9ef67560a5a3c3c	100644	bd72c086279da27b0397a203b9ef67560a5a3c3c	product_exact
evidence/final-integration-20260908/home-empty-390-light-before.png	other	100644	73ef990a6d58f1010fe5afa3f2b082454e356f98	100644	73ef990a6d58f1010fe5afa3f2b082454e356f98	product_exact
evidence/final-integration-20260908/home-empty-390-light.png	other	100644	c19707b78103fb053dc86cc1386922ef74591f05	100644	c19707b78103fb053dc86cc1386922ef74591f05	product_exact
evidence/final-integration-20260908/home-empty-final.txt	other	100644	05a0270d6eee252f2051384d7de28f5206766557	100644	05a0270d6eee252f2051384d7de28f5206766557	product_exact
evidence/final-integration-20260908/home-empty-geometry-before.json	other	100644	4da368e3897b0581ddf9fc4735adcfbd081bd1ae	100644	4da368e3897b0581ddf9fc4735adcfbd081bd1ae	product_exact
evidence/final-integration-20260908/home-empty-geometry.json	other	100644	d1a45b694cfebc10ed385a0962cd31a0e3d6ff3a	100644	d1a45b694cfebc10ed385a0962cd31a0e3d6ff3a	product_exact
evidence/final-integration-20260908/home-empty-geometry.txt	other	100644	05a0270d6eee252f2051384d7de28f5206766557	100644	05a0270d6eee252f2051384d7de28f5206766557	product_exact
evidence/final-integration-20260908/home-final.txt	other	100644	9b98a021c32a859de8a94ff895c6090ca45c19b3	100644	9b98a021c32a859de8a94ff895c6090ca45c19b3	product_exact
evidence/final-integration-20260908/home-geometry.mjs	other	100644	ecbfb95165f5730497397989f60614cd66e90280	100644	ecbfb95165f5730497397989f60614cd66e90280	product_exact
evidence/final-integration-20260908/home-rows-1440-dark.png	other	100644	00983224044668d4987e7a110b62ea504b69d22b	100644	00983224044668d4987e7a110b62ea504b69d22b	product_exact
evidence/final-integration-20260908/home-rows-1440-light.png	other	100644	cdcf950202acefe53cd6651f32409af5ca3a37ff	100644	cdcf950202acefe53cd6651f32409af5ca3a37ff	product_exact
evidence/final-integration-20260908/home-rows-390-dark.png	other	100644	e749335c082ff78171ae6b24ff56cf2a077104c9	100644	e749335c082ff78171ae6b24ff56cf2a077104c9	product_exact
evidence/final-integration-20260908/home-rows-390-light.png	other	100644	73c77a25234a3135845fab04a674b5adcf000c18	100644	73c77a25234a3135845fab04a674b5adcf000c18	product_exact
evidence/final-integration-20260908/home-rows-geometry.json	other	100644	ca1f8d43def6a55212b5318ede7f13598e4c171b	100644	ca1f8d43def6a55212b5318ede7f13598e4c171b	product_exact
evidence/final-integration-20260908/home-rows-geometry.txt	other	100644	1d71af1add853f48b0609c590ab982aa561a8209	100644	1d71af1add853f48b0609c590ab982aa561a8209	product_exact
evidence/final-integration-20260908/home-status-before.json	other	100644	b14a3e64ebd94ee04d2d58dd569e2f4948a34591	100644	b14a3e64ebd94ee04d2d58dd569e2f4948a34591	product_exact
evidence/final-integration-20260908/home.txt	other	100644	d243cc242e5882486b26c0b8f64f75015da7f7c6	100644	d243cc242e5882486b26c0b8f64f75015da7f7c6	product_exact
evidence/final-integration-20260908/independent-review.md	other	100644	ec8c72b0690b07b2da6b0d94d466875dd2319a20	100644	ec8c72b0690b07b2da6b0d94d466875dd2319a20	product_exact
evidence/final-integration-20260908/install.txt	other	100644	bedda7b46a9041e64ea74182891b9bb296292861	100644	bedda7b46a9041e64ea74182891b9bb296292861	product_exact
evidence/final-integration-20260908/intake.json	other	100644	3590a1ebe14ca7aa258fb3446c5dff0137c090b5	100644	3590a1ebe14ca7aa258fb3446c5dff0137c090b5	product_exact
evidence/final-integration-20260908/lint.txt	other	100644	c3382d339e70082d7e22e8462704a707019b0008	100644	c3382d339e70082d7e22e8462704a707019b0008	product_exact
evidence/final-integration-20260908/mcp-permission.png	other	100644	82f1f53d81233810dbb95c293c47a229490d9525	100644	82f1f53d81233810dbb95c293c47a229490d9525	product_exact
evidence/final-integration-20260908/mcp-unknown.json	other	100644	c394716d5df04169bab7a0fdf67f7e2a0cb8b2e9	100644	c394716d5df04169bab7a0fdf67f7e2a0cb8b2e9	product_exact
evidence/final-integration-20260908/mcp-unknown.mjs	other	100644	f9da364cb1dc70e08616a531f835159303708d8c	100644	f9da364cb1dc70e08616a531f835159303708d8c	product_exact
evidence/final-integration-20260908/mcp-unknown.png	other	100644	37238b3c2d73a72d61f6e92ead7f9fbfe4f57883	100644	37238b3c2d73a72d61f6e92ead7f9fbfe4f57883	product_exact
evidence/final-integration-20260908/rc/mcp-fixture.mjs	other	100644	6176b27950bbff42a372f7e05c22559e69e4d2c7	100644	6176b27950bbff42a372f7e05c22559e69e4d2c7	product_exact
evidence/final-integration-20260908/rc/results.txt	other	100644	41f2a855db80d60b90554c633492da4fb95f00f0	100644	41f2a855db80d60b90554c633492da4fb95f00f0	product_exact
evidence/final-integration-20260908/rc/runtime-ui-checks.json	other	100644	55f9841582372a5f5b2ea080f81f3a6cfb1d3731	100644	55f9841582372a5f5b2ea080f81f3a6cfb1d3731	product_exact
evidence/final-integration-20260908/rc/runtime-ui-checks.mjs	other	100644	cfec0166f014e631792747a1f4b5e536e0d8d97b	100644	cfec0166f014e631792747a1f4b5e536e0d8d97b	product_exact
evidence/final-integration-20260908/rc/runtime-ui-counterexamples.json	other	100644	c1c65845ac3e319f72ed0129b7b40c9053d5dae5	100644	c1c65845ac3e319f72ed0129b7b40c9053d5dae5	product_exact
evidence/final-integration-20260908/rc/runtime-ui-counterexamples.mjs	other	100644	a8ff6fd09a4540d7c09dae3b44cb3d348064ccad	100644	a8ff6fd09a4540d7c09dae3b44cb3d348064ccad	product_exact
evidence/final-integration-20260908/rc/runtime-ui-viewport.json	other	100644	0a1ecf33aaeb1e5648f0c8ef24482b75235970e2	100644	0a1ecf33aaeb1e5648f0c8ef24482b75235970e2	product_exact
evidence/final-integration-20260908/rc/runtime-ui-viewport.mjs	other	100644	9f95eb16c2d0e2cd149b58d7fcac62611d697f86	100644	9f95eb16c2d0e2cd149b58d7fcac62611d697f86	product_exact
evidence/final-integration-20260908/rc/seed-fixture.mjs	other	100644	4526c7c88e830c038a38b9c160b34061998f2fa0	100644	4526c7c88e830c038a38b9c160b34061998f2fa0	product_exact
evidence/final-integration-20260908/rc/seed.json	other	100644	0c54754d1d833cc113adcee1de9f7df984030481	100644	0c54754d1d833cc113adcee1de9f7df984030481	product_exact
evidence/final-integration-20260908/rc/verify.mjs	other	100644	12afe1951d42e730f578df564c10e9dc879d2210	100644	12afe1951d42e730f578df564c10e9dc879d2210	product_exact
evidence/final-integration-20260908/remote-install.txt	other	100644	bedda7b46a9041e64ea74182891b9bb296292861	100644	bedda7b46a9041e64ea74182891b9bb296292861	product_exact
evidence/final-integration-20260908/remote-server.txt	other	100644	8d709d99b9760139b98d7b90a4034371ecffe1e6	100644	8d709d99b9760139b98d7b90a4034371ecffe1e6	product_exact
evidence/final-integration-20260908/remote-smoke.txt	other	100644	94693eb2daccc61842c4c1351d2287f484615702	100644	94693eb2daccc61842c4c1351d2287f484615702	product_exact
evidence/final-integration-20260908/remote-start.json	other	100644	be4fce049d225d4bc420bc0500158dcf955e8e35	100644	be4fce049d225d4bc420bc0500158dcf955e8e35	product_exact
evidence/final-integration-20260908/remote-tests.txt	other	100644	1db37de05526a9800dc4b07e3388619ed6670e6f	100644	1db37de05526a9800dc4b07e3388619ed6670e6f	product_exact
evidence/final-integration-20260908/remote-verify.py	other	100644	bfadce7d226251648a47e11b4495d543da6ecfee	100644	bfadce7d226251648a47e11b4495d543da6ecfee	product_exact
evidence/final-integration-20260908/run-chain.json	other	100644	6a36228202450c503feef5d4eac6cdd89e896ef9	100644	6a36228202450c503feef5d4eac6cdd89e896ef9	product_exact
evidence/final-integration-20260908/run-chain.mjs	other	100644	877804af23a4788caf90195bb20470ef4b7a5498	100644	877804af23a4788caf90195bb20470ef4b7a5498	product_exact
evidence/final-integration-20260908/run-chain.png	other	100644	16394b70c638657fd6a962cbe0c18715794a3169	100644	16394b70c638657fd6a962cbe0c18715794a3169	product_exact
evidence/final-integration-20260908/source-manifest.json	other	100644	80212e90a99966c4dcca1f3afdaabed0405724e5	100644	80212e90a99966c4dcca1f3afdaabed0405724e5	product_exact
evidence/final-integration-20260908/static-modules.json	other	100644	98f42f168e003ee4ad6f02956ccc7017e0ba7c87	100644	98f42f168e003ee4ad6f02956ccc7017e0ba7c87	product_exact
evidence/final-integration-20260908/static-modules.mjs	other	100644	324d1699239f7df7bd4eaa3f79256e45c7b4fa13	100644	324d1699239f7df7bd4eaa3f79256e45c7b4fa13	product_exact
evidence/final-integration-20260908/sync.md	other	100644	cbfdf3683472d306207d652bb4b07aa39d8c15d8	100644	cbfdf3683472d306207d652bb4b07aa39d8c15d8	product_exact
evidence/final-integration-20260908/tests.txt	other	100644	c56f9d2f725d98b0150f8428f207167008545961	100644	c56f9d2f725d98b0150f8428f207167008545961	product_exact
evidence/final-ui-audit/01-waiting.png	other	100644	8b4cfc0e42fd8a46d04d902580854cf72c43c4f3	100644	8b4cfc0e42fd8a46d04d902580854cf72c43c4f3	product_exact
evidence/final-ui-audit/02-settings.png	other	100644	27d75219895ea547df2cc6b3d1733e1f27d998c0	100644	27d75219895ea547df2cc6b3d1733e1f27d998c0	product_exact
evidence/final-ui-audit/03-home-before.png	other	100644	4d0faf6a98cfb56d8f034d4385859ecb2904d8fd	100644	4d0faf6a98cfb56d8f034d4385859ecb2904d8fd	product_exact
evidence/final-ui-audit/04-home-composer.png	other	100644	f94ecff7b260acb4c193670247262b4dfdcf056f	100644	f94ecff7b260acb4c193670247262b4dfdcf056f	product_exact
evidence/final-ui-audit/05-waiting-after.png	other	100644	03dd38dab9f1d59c2f2f8904e7a97de9267f5827	100644	03dd38dab9f1d59c2f2f8904e7a97de9267f5827	product_exact
evidence/final-ui-audit/06-home-390.png	other	100644	43d2cbc66e6a0e96651206d063cc2e72ebd819ef	100644	43d2cbc66e6a0e96651206d063cc2e72ebd819ef	product_exact
evidence/final-ui-audit/07-permission-390.png	other	100644	2c59e77e6296888bcd643ee329f52635b5f254b1	100644	2c59e77e6296888bcd643ee329f52635b5f254b1	product_exact
evidence/final-ui-audit/08-home-rhythm-390.png	other	100644	a8b0a444982aa7aeeb054bfc67b0f8efe92d0f11	100644	a8b0a444982aa7aeeb054bfc67b0f8efe92d0f11	product_exact
evidence/final-ui-audit/09-reconnected-draft.png	other	100644	3ca244ea610081cb494303cb25eecec93641d2d4	100644	3ca244ea610081cb494303cb25eecec93641d2d4	product_exact
evidence/final-ui-audit/10-settings-reflow-320.png	other	100644	7e1e1659bfffc8945e75343bd389c5b4e6a2b7f7	100644	7e1e1659bfffc8945e75343bd389c5b4e6a2b7f7	product_exact
evidence/final-ui-audit/11-project-dialog-320.png	other	100644	0f125b1d5cbe48a7ee150796efb0745327dd5972	100644	0f125b1d5cbe48a7ee150796efb0745327dd5972	product_exact
evidence/final-ui-audit/12-settings-final-320.png	other	100644	a67385356ae0f1b5ba379e52292f86e265e6d263	100644	a67385356ae0f1b5ba379e52292f86e265e6d263	product_exact
evidence/final-ui-audit/13-home-final-desktop.png	other	100644	1d6f11f4e1c487a5d3fb547f901e7121bfaa6d41	100644	1d6f11f4e1c487a5d3fb547f901e7121bfaa6d41	product_exact
evidence/final-ui-audit/README.md	other	100644	b247194c0f70a21c194cbece86190ba58866d7aa	100644	b247194c0f70a21c194cbece86190ba58866d7aa	product_exact
evidence/final-ui-audit/home-final-tests.txt	other	100644	cf9401a23934a292e0d315f535ba9383933fa95c	100644	cf9401a23934a292e0d315f535ba9383933fa95c	product_exact
evidence/final-ui-audit/independent-review.md	other	100644	ca3fd0286b4e4de285644a31777303dce2e2c0e1	100644	ca3fd0286b4e4de285644a31777303dce2e2c0e1	product_exact
evidence/final-ui-audit/source-sha256.json	other	100644	ce1cf40e694beca5b10553b88a813ca0e65b4a16	100644	ce1cf40e694beca5b10553b88a813ca0e65b4a16	product_exact
evidence/final-ui-audit/ui-final-tests.txt	other	100644	0d669ecda68eb6e4fcd690a3e4a6a2c551775e01	100644	0d669ecda68eb6e4fcd690a3e4a6a2c551775e01	product_exact
evidence/harness-core-20260908/README.md	other	100644	6af5f5fda4ec5443d788a7748a542e49c80a568d	100644	6af5f5fda4ec5443d788a7748a542e49c80a568d	product_exact
evidence/harness-core-20260908/adapter-independent.md	other	100644	100a28a9e6277e53d8ce897285c7547e861cf0bc	100644	100a28a9e6277e53d8ce897285c7547e861cf0bc	product_exact
evidence/harness-core-20260908/adoption.md	other	100644	3e7c8ff7dbc5dbb08eee073ec7b06626c4f03bad	100644	3e7c8ff7dbc5dbb08eee073ec7b06626c4f03bad	product_exact
evidence/harness-core-20260908/control-recheck.log	other	100644	ae988ffb76a7fd00ff81f9bd8a2524562b87c62a	100644	ae988ffb76a7fd00ff81f9bd8a2524562b87c62a	product_exact
evidence/harness-core-20260908/core-independent.md	other	100644	ca7baf99f5b7c6b0c7ba334a684a57fe48dc573a	100644	ca7baf99f5b7c6b0c7ba334a684a57fe48dc573a	product_exact
evidence/harness-core-20260908/full-tests.log	other	100644	bca213a3ac990fb5cff7f92ed1d600d5cced3ec0	100644	bca213a3ac990fb5cff7f92ed1d600d5cced3ec0	product_exact
evidence/harness-core-20260908/node1-tests.log	other	100644	cd78c9f52a79da85edbb760c165e5d28334a6e5e	100644	cd78c9f52a79da85edbb760c165e5d28334a6e5e	product_exact
evidence/harness-core-20260908/pre-pro-full-tests.log	other	100644	2f5ff8335421518d304c591036546a0293ab1b67	100644	2f5ff8335421518d304c591036546a0293ab1b67	product_exact
evidence/harness-core-20260908/pro-review-disposition.md	other	100644	cdf8f0443c0e03a467f2b3f1897c79bc7d47ebf3	100644	cdf8f0443c0e03a467f2b3f1897c79bc7d47ebf3	product_exact
evidence/harness-core-20260908/question-abort-review.md	other	100644	972f04cf04cb363b9907bef4f1ec43fead168ce4	100644	972f04cf04cb363b9907bef4f1ec43fead168ce4	product_exact
evidence/harness-core-20260908/question-tests.log	other	100644	176b7ead9b18ad230b1d11f8120023258875e289	100644	176b7ead9b18ad230b1d11f8120023258875e289	product_exact
evidence/harness-core-20260908/settlement-tests.log	other	100644	67bc1a11d8e5134a92bf4a1322436d924e727a63	100644	67bc1a11d8e5134a92bf4a1322436d924e727a63	product_exact
evidence/harness-core-20260908/smoke.log	other	100644	94693eb2daccc61842c4c1351d2287f484615702	100644	94693eb2daccc61842c4c1351d2287f484615702	product_exact
evidence/harness-core-20260908/source-consumption.md	other	100644	2bf34d281717930421b80c10c1fc262e5d260c52	100644	2bf34d281717930421b80c10c1fc262e5d260c52	product_exact
evidence/harness-main-integration-20260908/README.md	other	100644	b947035ac9d305385da8cb10bcfb3837bee126cd	100644	b947035ac9d305385da8cb10bcfb3837bee126cd	product_exact
evidence/harness-main-integration-20260908/independent.md	other	100644	128b1cf5a9118a2f005a341bed9ab3e034b8026f	100644	128b1cf5a9118a2f005a341bed9ab3e034b8026f	product_exact
evidence/harness-main-integration-20260908/install.log	other	100644	707f252a3ed25621261428777dc138725abbfcc1	100644	707f252a3ed25621261428777dc138725abbfcc1	product_exact
evidence/harness-main-integration-20260908/smoke.log	other	100644	94693eb2daccc61842c4c1351d2287f484615702	100644	94693eb2daccc61842c4c1351d2287f484615702	product_exact
evidence/harness-main-integration-20260908/tests.log	other	100644	31751fd783cd1baf109ef737a4ca99af7f697185	100644	31751fd783cd1baf109ef737a4ca99af7f697185	product_exact
evidence/harness-next-20260909/README.md	other	100644	7b7cb5f44db437b3268cf9f37d1f01529b477f3d	100644	7b7cb5f44db437b3268cf9f37d1f01529b477f3d	product_exact
evidence/harness-next-20260909/be30-independent.md	other	100644	9d0660b14d167041b9df59119afc764410a7d574	100644	9d0660b14d167041b9df59119afc764410a7d574	product_exact
evidence/harness-next-20260909/be30-independent.mjs	other	100644	f57d1b45bb05a0dd8e9abf0638a5a5861977d447	100644	f57d1b45bb05a0dd8e9abf0638a5a5861977d447	product_exact
evidence/harness-next-20260909/es-core-independent.md	other	100644	13fbc76a37f2ce79083e0ac7258ead974902bc41	100644	13fbc76a37f2ce79083e0ac7258ead974902bc41	product_exact
evidence/harness-next-20260909/es-core-independent.mjs	other	100644	0185f73309ea37c715228f3ae5f78c18de017529	100644	0185f73309ea37c715228f3ae5f78c18de017529	product_exact
evidence/harness-next-20260909/es-schema-independent.md	other	100644	5aff31a2ff6d55e86af97d5623ca2fb8ae90cff1	100644	5aff31a2ff6d55e86af97d5623ca2fb8ae90cff1	product_exact
evidence/harness-next-20260909/es-schema-independent.mjs	other	100644	f1d187dccc21c41e093dcf9f2dc3cca7e05ec875	100644	f1d187dccc21c41e093dcf9f2dc3cca7e05ec875	product_exact
evidence/harness-next-main-integration-20260909/README.md	other	100644	88d5d52bc5005e5acf1e57d8786f92154494dc07	100644	88d5d52bc5005e5acf1e57d8786f92154494dc07	product_exact
evidence/harness-next-main-integration-20260909/results.json	other	100644	b4606777387e0884e9b148bd2a37ff4f275a4323	100644	b4606777387e0884e9b148bd2a37ff4f275a4323	product_exact
evidence/home-backlog-20260910/chat-flow/README.md	other	100644	a540a2e0375ea7b0a208997b9c0e2bd5c553c24b	100644	a540a2e0375ea7b0a208997b9c0e2bd5c553c24b	product_exact
evidence/home-backlog-20260910/chat-flow/focused.log	other	100644	c888e1d95ee3d933f3d65263aa6739ae6ee1f35a	100644	c888e1d95ee3d933f3d65263aa6739ae6ee1f35a	product_exact
evidence/home-backlog-20260910/chat-flow/full-bounded.log	other	100644	89f16c2f0031244446fb672d4a836a0cdab1b768	100644	89f16c2f0031244446fb672d4a836a0cdab1b768	product_exact
evidence/home-backlog-20260910/chat-flow/full-initial.log	other	100644	c99afcd222406069de07684ecc127b6376e831f6	100644	c99afcd222406069de07684ecc127b6376e831f6	product_exact
evidence/home-backlog-20260910/runtime/README.md	other	100644	638411a49f5829255cc7fb764b744e56ba3695e3	100644	638411a49f5829255cc7fb764b744e56ba3695e3	product_exact
evidence/home-backlog-20260910/runtime/focused.log	other	100644	25139cc9093e9c676ab12556f3824606edc6f083	100644	25139cc9093e9c676ab12556f3824606edc6f083	product_exact
evidence/home-backlog-20260910/runtime/tests.log	other	100644	ae5d6a9faa0f752a94c4cdc886e24f32cf425dbd	100644	ae5d6a9faa0f752a94c4cdc886e24f32cf425dbd	product_exact
evidence/home-backlog-20260910/tabs-draft/README.md	other	100644	d106cb822e4f8fdd82450c94b1910f8caea06111	100644	d106cb822e4f8fdd82450c94b1910f8caea06111	product_exact
evidence/home-backlog-20260910/tabs-draft/unaccepted-preview-seats.patch	other	100644	ec8b05c126471fb8ca76a54429b82c0e0f9d0aff	100644	ec8b05c126471fb8ca76a54429b82c0e0f9d0aff	product_exact
evidence/home-backlog-20260910/usage/README.md	other	100644	b821463d8da864cec6f34e3c481279fb6b5a6119	100644	b821463d8da864cec6f34e3c481279fb6b5a6119	product_exact
evidence/home-backlog-20260910/usage/focused.log	other	100644	94189e04fd6944ddbf8bbe927ed48df0433f382e	100644	94189e04fd6944ddbf8bbe927ed48df0433f382e	product_exact
evidence/home-backlog-20260910/usage/tests.log	other	100644	cdd3030e718ae082c673cbce7eea43db9cd274e0	100644	cdd3030e718ae082c673cbce7eea43db9cd274e0	product_exact
evidence/home-composer-independent/README.md	other	100644	08450f1c0fc99540151861dc1f2ab0c6b70d1e7c	100644	08450f1c0fc99540151861dc1f2ab0c6b70d1e7c	product_exact
evidence/home-composer-independent/home-composer-counterexamples.after-fix.txt	other	100644	572a5a287dbb2f5cea83cf988b45fa447afbd3ab	100644	572a5a287dbb2f5cea83cf988b45fa447afbd3ab	product_exact
evidence/home-composer-independent/home-composer-counterexamples.before-fix.txt	other	100644	c57bbffd70c8253fb2cdf8f280f2076166fe8b26	100644	c57bbffd70c8253fb2cdf8f280f2076166fe8b26	product_exact
evidence/home-composer-independent/home-composer-counterexamples.mjs	other	100644	8ebbd965e2724da6af024f8b477d2f9e748771c9	100644	8ebbd965e2724da6af024f8b477d2f9e748771c9	product_exact
evidence/home-composition-20260910/README.md	other	100644	20559780494037da4f9f52f68aacace8977424cd	100644	20559780494037da4f9f52f68aacace8977424cd	product_exact
evidence/home-composition-20260910/apple-window-controls.md	other	100644	48c17bd8f3aaf89fbc21287b3098a9ae5aec9c8d	100644	48c17bd8f3aaf89fbc21287b3098a9ae5aec9c8d	product_exact
evidence/home-composition-20260910/contrast.md	other	100644	8f7c507d1051916a94afb287f6dc36f3f0d1ee7e	100644	8f7c507d1051916a94afb287f6dc36f3f0d1ee7e	product_exact
evidence/home-composition-20260910/fault-proxy.mjs	other	100644	76c88131ae1f8aeb46e643f7a9dfa97df46a1697	100644	76c88131ae1f8aeb46e643f7a9dfa97df46a1697	product_exact
evidence/home-composition-20260910/preview.mjs	other	100644	72e8cec66aa83fb4cfbb08034685fdbc1359075d	100644	72e8cec66aa83fb4cfbb08034685fdbc1359075d	product_exact
evidence/luna-two-orders-20260908/README.md	other	100644	c4b6b4218807687d2d166ef6895b973be22bfce6	100644	c4b6b4218807687d2d166ef6895b973be22bfce6	product_exact
evidence/luna-two-orders-20260908/agent-capability-compatibility-index.md	other	100644	10d0e850c32944b207bde9bcad35f106e95e0ba2	100644	10d0e850c32944b207bde9bcad35f106e95e0ba2	product_exact
evidence/luna-two-orders-20260908/architecture-disposition.md	other	100644	3a33a6378f6915ab8c859f9311e7ca148dfe4554	100644	3a33a6378f6915ab8c859f9311e7ca148dfe4554	product_exact
evidence/luna-two-orders-20260908/clarity-findings.md	other	100644	cf4354e2be5b6e38c57dfbfe4b5796a0becc9d18	100644	cf4354e2be5b6e38c57dfbfe4b5796a0becc9d18	product_exact
evidence/luna-two-orders-20260908/clarity-verification.md	other	100644	b96e6550b4e0046f080dd100b5d76a75a178ea2e	100644	b96e6550b4e0046f080dd100b5d76a75a178ea2e	product_exact
evidence/luna-two-orders-20260908/core-existing-tests.log	other	100644	b391c218c33e0cf63bc57c5d28ea9f7c4c72cd13	100644	b391c218c33e0cf63bc57c5d28ea9f7c4c72cd13	product_exact
evidence/luna-two-orders-20260908/core-probe-cas-race.log	other	100644	be786b2cc991772ef5a30625a7999be6bbb3752b	100644	be786b2cc991772ef5a30625a7999be6bbb3752b	product_exact
evidence/luna-two-orders-20260908/core-probe-cas-race.mjs	other	100644	76d6fba288c083f8f6ef0585fadb2fb2298c6208	100644	76d6fba288c083f8f6ef0585fadb2fb2298c6208	product_exact
evidence/luna-two-orders-20260908/core-probe-generic-authority.log	other	100644	449f6a0f1836eb069bc6b76536cb33c269b21916	100644	449f6a0f1836eb069bc6b76536cb33c269b21916	product_exact
evidence/luna-two-orders-20260908/core-probe-generic-authority.mjs	other	100644	3cf18ee69e8731f40f413660c3bc8d45cd320b62	100644	3cf18ee69e8731f40f413660c3bc8d45cd320b62	product_exact
evidence/luna-two-orders-20260908/core-probe-review.md	other	100644	ea7760b8c85a19fe4831187dc1206c6397085135	100644	ea7760b8c85a19fe4831187dc1206c6397085135	product_exact
evidence/luna-two-orders-20260908/core-verification.md	other	100644	5d2d04fd827e21fa37ecff3915b6f8973adfdcf0	100644	5d2d04fd827e21fa37ecff3915b6f8973adfdcf0	product_exact
evidence/luna-two-orders-20260908/package-validation.json	other	100644	ca11431b5e141147bdcdd241652d8b4d7e196388	100644	ca11431b5e141147bdcdd241652d8b4d7e196388	product_exact
evidence/main-cutover-20260908/README.md	other	100644	3c06654c8b334a21dceb70dcba8b64d118dd584d	100644	3c06654c8b334a21dceb70dcba8b64d118dd584d	product_exact
evidence/main-cutover-20260908/runtime-smoke.txt	other	100644	94693eb2daccc61842c4c1351d2287f484615702	100644	94693eb2daccc61842c4c1351d2287f484615702	product_exact
evidence/main-cutover-20260908/verification.json	other	100644	302b4676d461958780a0a47298d5cda20bc77a85	100644	302b4676d461958780a0a47298d5cda20bc77a85	product_exact
evidence/markdown-reader-a1-20260910/README.md	other	100644	22d76745577a632dd7412161ee76b70b7d3ae1ce	100644	22d76745577a632dd7412161ee76b70b7d3ae1ce	product_exact
evidence/markdown-reader-a1-20260910/astra/checks.json	other	100644	80f185af1ceb24bce0e0351a5b381141d4cbe49d	100644	80f185af1ceb24bce0e0351a5b381141d4cbe49d	product_exact
evidence/markdown-reader-a1-20260910/astra/reader-1440-dark.png	other	100644	a478d30529e183bb9296491edfd0ed5f0a17d96b	100644	a478d30529e183bb9296491edfd0ed5f0a17d96b	product_exact
evidence/markdown-reader-a1-20260910/astra/reader-1440-light-source.png	other	100644	bb405913f5fd13c46fe5d5229d9281a8d2783cc7	100644	bb405913f5fd13c46fe5d5229d9281a8d2783cc7	product_exact
evidence/markdown-reader-a1-20260910/astra/reader-1440-light.png	other	100644	f73769c36334fcfd686d0a9e4d561498ae6538e9	100644	f73769c36334fcfd686d0a9e4d561498ae6538e9	product_exact
evidence/markdown-reader-a1-20260910/astra/reader-390-dark-200.png	other	100644	bdb63cbb43c4079f41b3b71456f2e4775b914969	100644	bdb63cbb43c4079f41b3b71456f2e4775b914969	product_exact
evidence/markdown-reader-a1-20260910/astra/reader-390-light.png	other	100644	f5751740f2201cbd1d528a45dddb4c783cf61713	100644	f5751740f2201cbd1d528a45dddb4c783cf61713	product_exact
evidence/markdown-reader-a1-20260910/astra/reader-740-light.png	other	100644	6a4bd592b3dfb3b9609045c7077bbb92513cd3af	100644	6a4bd592b3dfb3b9609045c7077bbb92513cd3af	product_exact
evidence/markdown-reader-a1-20260910/component-checks.mjs	other	100644	b5162603cd5ee4410332713917661d0738efd58c	100644	b5162603cd5ee4410332713917661d0738efd58c	product_exact
evidence/markdown-reader-a1-20260910/host-1440.png	other	100644	6924fd3b1a7864294215b7e08cd60106ae8a2969	100644	6924fd3b1a7864294215b7e08cd60106ae8a2969	product_exact
evidence/markdown-reader-a1-20260910/host-390.png	other	100644	6d61b378e273f307b071890eac9e2ebe3b3625f3	100644	6d61b378e273f307b071890eac9e2ebe3b3625f3	product_exact
evidence/markdown-reader-a1-20260910/host-browser.mjs	other	100644	0b15d59a164afe67bdcd333814319566a223010d	100644	0b15d59a164afe67bdcd333814319566a223010d	product_exact
evidence/markdown-reader-a1-20260910/host-checks.json	other	100644	0bc26a3f26da32445d5c77e0c5d8c2fc91cdf40b	100644	0bc26a3f26da32445d5c77e0c5d8c2fc91cdf40b	product_exact
evidence/markdown-reader-a1-20260910/luna-http.md	other	100644	2d04b4398d7528c2a6d456f681d41596f8cdca1c	100644	2d04b4398d7528c2a6d456f681d41596f8cdca1c	product_exact
evidence/markdown-reader-a1-20260910/luna-independent.md	other	100644	d8819c40571a58c0f3df5e1315656d09adb96ca2	100644	d8819c40571a58c0f3df5e1315656d09adb96ca2	product_exact
evidence/markdown-reader-a1-20260910/luna-plan.md	other	100644	7b7d01e6f985b67189470de5b7eab82092943930	100644	7b7d01e6f985b67189470de5b7eab82092943930	product_exact
evidence/markdown-reader-a1-20260910/output-coverage-luna.md	other	100644	8b80dbbcebd9109f5f5ec5b68c04ce2666f41976	100644	8b80dbbcebd9109f5f5ec5b68c04ce2666f41976	product_exact
evidence/markdown-reader-a1-20260910/terra/README.md	other	100644	7af2c4a060dc60289c5d073d7fb54a20836c4a22	100644	7af2c4a060dc60289c5d073d7fb54a20836c4a22	product_exact
evidence/markdown-reader-a1-20260910/terra/browser.mjs	other	100644	1140eef3066a19a4be18891d95f2fe2227f349a4	100644	1140eef3066a19a4be18891d95f2fe2227f349a4	product_exact
evidence/markdown-reader-a1-20260910/terra/checks.json	other	100644	ff04d6f8202bf454912a2428c4bc8344ea51e23a	100644	ff04d6f8202bf454912a2428c4bc8344ea51e23a	product_exact
evidence/markdown-reader-a1-20260910/terra/checks.mjs	other	100644	c9bb0798308680212aef324620ea9cef203f0919	100644	c9bb0798308680212aef324620ea9cef203f0919	product_exact
evidence/markdown-reader-a1-20260910/terra/fixture.html	other	100644	b66b308c4f4ea5cf440ac981211d764b1ac04f64	100644	b66b308c4f4ea5cf440ac981211d764b1ac04f64	product_exact
evidence/markdown-reader-a1-20260910/terra/reader-1440-dark.png	other	100644	a478d30529e183bb9296491edfd0ed5f0a17d96b	100644	a478d30529e183bb9296491edfd0ed5f0a17d96b	product_exact
evidence/markdown-reader-a1-20260910/terra/reader-1440-light-source.png	other	100644	bb405913f5fd13c46fe5d5229d9281a8d2783cc7	100644	bb405913f5fd13c46fe5d5229d9281a8d2783cc7	product_exact
evidence/markdown-reader-a1-20260910/terra/reader-1440-light.png	other	100644	f92e0a39920d50361fe70b360573926bf2eead1d	100644	f92e0a39920d50361fe70b360573926bf2eead1d	product_exact
evidence/markdown-reader-a1-20260910/terra/reader-390-dark-200.png	other	100644	bdb63cbb43c4079f41b3b71456f2e4775b914969	100644	bdb63cbb43c4079f41b3b71456f2e4775b914969	product_exact
evidence/markdown-reader-a1-20260910/terra/reader-390-light.png	other	100644	f5751740f2201cbd1d528a45dddb4c783cf61713	100644	f5751740f2201cbd1d528a45dddb4c783cf61713	product_exact
evidence/markdown-reader-a1-20260910/terra/reader-740-light.png	other	100644	c52174869953614c17cd8e37a86eb7700d5110b2	100644	c52174869953614c17cd8e37a86eb7700d5110b2	product_exact
evidence/markdown-reader-a1-20260910/terra/static-server.mjs	other	100644	1ec28e81a7cb32c75a3d633c021eaf70edfdf612	100644	1ec28e81a7cb32c75a3d633c021eaf70edfdf612	product_exact
evidence/markdown-reader-a1-20260910/validation/colors.log	other	100644	1c87e2292a3c02d5c813ca21b7e48a67e18cccd2	100644	1c87e2292a3c02d5c813ca21b7e48a67e18cccd2	product_exact
evidence/markdown-reader-a1-20260910/validation/contrast.md	other	100644	cd28f0ff304ee507bb905ac8229a2d176cdb715e	100644	cd28f0ff304ee507bb905ac8229a2d176cdb715e	product_exact
evidence/markdown-reader-a1-20260910/validation/full-tests.log	other	100644	1a78bfc3a78bf80e0f11151042a9c4baef0b49f5	100644	1a78bfc3a78bf80e0f11151042a9c4baef0b49f5	product_exact
evidence/markdown-reader-a1-20260910/validation/materials.log	other	100644	89b1e0b2362496d0821f463c4c461b8008099626	100644	89b1e0b2362496d0821f463c4c461b8008099626	product_exact
evidence/markdown-reader-a1-20260910/validation/output-boundary-green.log	other	100644	1b22f5971c63e0e0df93801175bb1f0ecf55dc31	100644	1b22f5971c63e0e0df93801175bb1f0ecf55dc31	product_exact
evidence/markdown-reader-a1-20260910/validation/smoke.log	other	100644	94693eb2daccc61842c4c1351d2287f484615702	100644	94693eb2daccc61842c4c1351d2287f484615702	product_exact
evidence/markdown-reader-a1-20260910/validation/targeted-final.log	other	100644	4e4eab7f4574db3d6a53ccc56da7807d5079a220	100644	4e4eab7f4574db3d6a53ccc56da7807d5079a220	product_exact
evidence/markdown-review-20260910/README.md	other	100644	5dcb11acd3fb271aa02237320f2f026ea429e9da	100644	5dcb11acd3fb271aa02237320f2f026ea429e9da	product_exact
evidence/markdown-review-20260910/baseline/README.md	other	100644	3e304804f619c1fe2389ce97e0d4d36532038e37	100644	3e304804f619c1fe2389ce97e0d4d36532038e37	product_exact
evidence/markdown-review-20260910/baseline/astra-results.json	other	100644	703e202b54bd0623e50d66b4b5a78b2f3ca16d73	100644	703e202b54bd0623e50d66b4b5a78b2f3ca16d73	product_exact
evidence/markdown-review-20260910/baseline/author-results.json	other	100644	7edd5b444d6e6dd1dbc13772e6a5e2286d036805	100644	7edd5b444d6e6dd1dbc13772e6a5e2286d036805	product_exact
evidence/markdown-review-20260910/baseline/cases.json	other	100644	f680dff63ae24bd6fcac4fd9fba9092de53c244a	100644	f680dff63ae24bd6fcac4fd9fba9092de53c244a	product_exact
evidence/markdown-review-20260910/baseline/fixture.html	other	100644	b5ad18fcd1c5032b23ec467df413bc0126c416da	100644	b5ad18fcd1c5032b23ec467df413bc0126c416da	product_exact
evidence/markdown-review-20260910/baseline/results.json	other	100644	703e202b54bd0623e50d66b4b5a78b2f3ca16d73	100644	703e202b54bd0623e50d66b4b5a78b2f3ca16d73	product_exact
evidence/markdown-review-20260910/baseline/revision-pairs.json	other	100644	564bcf7b5943907e1a405c58d06c3562ec0ef921	100644	564bcf7b5943907e1a405c58d06c3562ec0ef921	product_exact
evidence/markdown-review-20260910/baseline/run.mjs	other	100644	4da977b0d35bf8f6a2f069158871d356f7fa7da3	100644	4da977b0d35bf8f6a2f069158871d356f7fa7da3	product_exact
evidence/markdown-review-20260910/baseline/terra-final-results.json	other	100644	87cf64964cb9b218948805ae772f1e44008f6e09	100644	87cf64964cb9b218948805ae772f1e44008f6e09	product_exact
evidence/markdown-review-20260910/parser-spike/README.md	other	100644	34f38fbb627771174e7b75d95e84e00f710d45f6	100644	34f38fbb627771174e7b75d95e84e00f710d45f6	product_exact
evidence/markdown-review-20260910/parser-spike/package-lock.json	other	100644	18fbc7a895be5e10a0508998c43db0b1e621face	100644	18fbc7a895be5e10a0508998c43db0b1e621face	product_exact
evidence/markdown-review-20260910/parser-spike/package.json	other	100644	3442eea712d669d9bcc1f5c79bca5acf5818b8b1	100644	3442eea712d669d9bcc1f5c79bca5acf5818b8b1	product_exact
evidence/markdown-review-20260910/parser-spike/probe.mjs	other	100644	29a37308184ca5b05059b535a5bda629927f7dee	100644	29a37308184ca5b05059b535a5bda629927f7dee	product_exact
evidence/markdown-review-20260910/parser-spike/results.json	other	100644	0e3b340c04b863cd53b086049aed67c0c795c4cb	100644	0e3b340c04b863cd53b086049aed67c0c795c4cb	product_exact
evidence/markdown-review-20260910/source-coordinates-integration/README.md	other	100644	039e858b8093306ef661a6be2f44c68228693304	100644	039e858b8093306ef661a6be2f44c68228693304	product_exact
evidence/markdown-review-20260910/source-coordinates-integration/after.json	other	100644	b6ce1fd7d2129ba6368a50c5e2e42c30838734e8	100644	b6ce1fd7d2129ba6368a50c5e2e42c30838734e8	product_exact
evidence/markdown-review-20260910/source-coordinates-integration/before.json	other	100644	39e5633a6d45632813ba12ad1fa5df260716a05d	100644	39e5633a6d45632813ba12ad1fa5df260716a05d	product_exact
evidence/markdown-review-20260910/source-coordinates-integration/boundary-check.mjs	other	100644	bc6e7b3702d10f91414192fa1ad16fd47578eb85	100644	bc6e7b3702d10f91414192fa1ad16fd47578eb85	product_exact
evidence/markdown-review-20260910/source-coordinates-integration/luna-independent.json	other	100644	290a48cb8e1612d08ea1d525a63a9e5a9d0df398	100644	290a48cb8e1612d08ea1d525a63a9e5a9d0df398	product_exact
evidence/markdown-review-20260910/source-coordinates-integration/luna-spoof-comparison.json	other	100644	9b493dd04ee7b347dbc2aeabc57038d173f3e650	100644	9b493dd04ee7b347dbc2aeabc57038d173f3e650	product_exact
evidence/markdown-review-20260910/source-coordinates-integration/smoke.log	other	100644	94693eb2daccc61842c4c1351d2287f484615702	100644	94693eb2daccc61842c4c1351d2287f484615702	product_exact
evidence/markdown-review-20260910/source-coordinates-integration/spoof-independent.mjs	other	100644	7c04279754e6c7a77f946b109762420d497c81d6	100644	7c04279754e6c7a77f946b109762420d497c81d6	product_exact
evidence/markdown-review-20260910/source-coordinates-integration/summary.json	other	100644	16d7c11c46b208c781dbdfc3404c93906b58ad64	100644	16d7c11c46b208c781dbdfc3404c93906b58ad64	product_exact
evidence/markdown-review-20260910/source-coordinates-integration/targeted.log	other	100644	320f81209c923b2cc84025b604b500fc0180e10c	100644	320f81209c923b2cc84025b604b500fc0180e10c	product_exact
evidence/markdown-review-20260910/source-coordinates-integration/tests.log	other	100644	ef468a92ef016b4fc516eb10371833215d19821f	100644	ef468a92ef016b4fc516eb10371833215d19821f	product_exact
evidence/markdown-review-20260910/source-coordinates-integration/utf8-parity.log	other	100644	d2b1913026d7b95e3d808b15c0dab809434a1370	100644	d2b1913026d7b95e3d808b15c0dab809434a1370	product_exact
evidence/markdown-review-20260910/source-coordinates/README.md	other	100644	6bcd7a1c45885f6527bbe478c67b3cda2f993fdb	100644	6bcd7a1c45885f6527bbe478c67b3cda2f993fdb	product_exact
evidence/markdown-review-20260910/source-coordinates/probe-utf8-parity.log	other	100644	d2b1913026d7b95e3d808b15c0dab809434a1370	100644	d2b1913026d7b95e3d808b15c0dab809434a1370	product_exact
evidence/markdown-review-20260910/source-coordinates/probe-utf8-parity.mjs	other	100644	d73140fc0e84e99d31cb59ccbc0f714618cdf5f5	100644	d73140fc0e84e99d31cb59ccbc0f714618cdf5f5	product_exact
evidence/markdown-review-20260910/source-coordinates/smoke.log	other	100644	94693eb2daccc61842c4c1351d2287f484615702	100644	94693eb2daccc61842c4c1351d2287f484615702	product_exact
evidence/markdown-review-20260910/source-coordinates/targeted.log	other	100644	8519219de78d27a96c901516b08f46ea181823e8	100644	8519219de78d27a96c901516b08f46ea181823e8	product_exact
evidence/markdown-review-20260910/source-coordinates/tests.log	other	100644	7c3675c2a090ad04a44e0cbce925bc75f1ac9a77	100644	7c3675c2a090ad04a44e0cbce925bc75f1ac9a77	product_exact
evidence/migration-independent/4fab4bd-syntax-diffcheck.txt	other	100644	7fc693fe7956b7c6991c4b37097af5492dcd2fa6	100644	7fc693fe7956b7c6991c4b37097af5492dcd2fa6	product_exact
evidence/migration-independent/4fab4bd-ui-tests.txt	other	100644	ec6015bcfe4befc2bf819049620882fc3772e16e	100644	ec6015bcfe4befc2bf819049620882fc3772e16e	product_exact
evidence/migration-independent/README.md	other	100644	4082ffd23d5a6618070ee91f3996ea86ecad6f34	100644	4082ffd23d5a6618070ee91f3996ea86ecad6f34	product_exact
evidence/migration-independent/permission-setting-counterexample.after-fix.txt	other	100644	485b586b9c43589d3e01ed206ae6eb67f7e7b311	100644	485b586b9c43589d3e01ed206ae6eb67f7e7b311	product_exact
evidence/migration-independent/permission-setting-counterexample.before-fix.txt	other	100644	534ef8354ca9ee3d9d60bf92fdc6ca1d0e5581b5	100644	534ef8354ca9ee3d9d60bf92fdc6ca1d0e5581b5	product_exact
evidence/migration-independent/permission-setting-counterexample.mjs	other	100644	6430033a1b93108b0f6bf76b998cd88bdde8743b	100644	6430033a1b93108b0f6bf76b998cd88bdde8743b	product_exact
evidence/multi-agent-20260910/README.md	other	100644	29b386ca4075bd06d0ffae43e04f7a4d1b0f5fe2	100644	29b386ca4075bd06d0ffae43e04f7a4d1b0f5fe2	product_exact
evidence/multi-agent-20260910/contrast.log	other	100644	8f7c507d1051916a94afb287f6dc36f3f0d1ee7e	100644	8f7c507d1051916a94afb287f6dc36f3f0d1ee7e	product_exact
evidence/multi-agent-20260910/doc-links-final.log	other	100644	3793e496b04d85762cc4671d5a0e7d27b49ce989	100644	3793e496b04d85762cc4671d5a0e7d27b49ce989	product_exact
evidence/multi-agent-20260910/doc-links.log	other	100644	e2ed78c445792692d5af30345893deb9cb9aca89	100644	e2ed78c445792692d5af30345893deb9cb9aca89	product_exact
evidence/multi-agent-20260910/focused-final.log	other	100644	91db03d5994a80266723790423f605db8114532b	100644	91db03d5994a80266723790423f605db8114532b	product_exact
evidence/multi-agent-20260910/integration-tests.log	other	100644	c8dc0be62add4266b2e29b8eea253d98b1979d11	100644	c8dc0be62add4266b2e29b8eea253d98b1979d11	product_exact
evidence/multi-agent-20260910/log-projection.json	other	100644	369d2d2f0a7bec5aae78d3cbb81dc3234200e80e	100644	369d2d2f0a7bec5aae78d3cbb81dc3234200e80e	product_exact
evidence/multi-agent-20260910/luna-review.md	other	100644	174198040838b9b03362341bdfc5d47c30702b21	100644	174198040838b9b03362341bdfc5d47c30702b21	product_exact
evidence/multi-agent-20260910/scope-final.log	other	100644	b2ba7457d40b36b3f0275bed8c4edf60c017c994	100644	b2ba7457d40b36b3f0275bed8c4edf60c017c994	product_exact
evidence/multi-agent-20260910/smoke-final.log	other	100644	94693eb2daccc61842c4c1351d2287f484615702	100644	94693eb2daccc61842c4c1351d2287f484615702	product_exact
evidence/multi-agent-20260910/smoke.log	other	100644	94693eb2daccc61842c4c1351d2287f484615702	100644	94693eb2daccc61842c4c1351d2287f484615702	product_exact
evidence/multi-agent-20260910/tests-final.log	other	100644	348f2f45554c096dadb7fc7ec1b8f5038fab5e47	100644	348f2f45554c096dadb7fc7ec1b8f5038fab5e47	product_exact
evidence/multi-agent-20260910/tests.log	other	100644	4e3673cb3ae44fed9ee4199fccff7d7f801927d2	100644	4e3673cb3ae44fed9ee4199fccff7d7f801927d2	product_exact
evidence/node2-independent/README.md	other	100644	1afd72c914f326f36473acf970a2f372d8e6808e	100644	1afd72c914f326f36473acf970a2f372d8e6808e	product_exact
evidence/node2-independent/be-readonly-review.md	other	100644	e840431f7633c6b12a7f4dc4b653fd88522866d8	100644	e840431f7633c6b12a7f4dc4b653fd88522866d8	product_exact
evidence/node2-independent/contrast.txt	other	100644	cd28f0ff304ee507bb905ac8229a2d176cdb715e	100644	cd28f0ff304ee507bb905ac8229a2d176cdb715e	product_exact
evidence/node2-independent/document-intake.json	other	100644	757c9fc3befe43778a102e40b4003c77fc5a0a44	100644	757c9fc3befe43778a102e40b4003c77fc5a0a44	product_exact
evidence/node2-independent/home-checks.txt	other	100644	d80546becaf11ee4c645523ff9eb49e73a55bdda	100644	d80546becaf11ee4c645523ff9eb49e73a55bdda	product_exact
evidence/node2-independent/home/home-interaction-checks.mjs	other	100644	296b5701a91898cc1f7587f46008540188e60bc8	100644	296b5701a91898cc1f7587f46008540188e60bc8	product_exact
evidence/node2-independent/layout-checks.txt	other	100644	b12d5b363a6b9723bdf09d9c3f528530d630a4f7	100644	b12d5b363a6b9723bdf09d9c3f528530d630a4f7	product_exact
evidence/node2-independent/layout/dom-assertions.json	other	100644	cecadaa9d566bcb1e3c7e7589128e3b6abdef2a3	100644	cecadaa9d566bcb1e3c7e7589128e3b6abdef2a3	product_exact
evidence/node2-independent/layout/dom-assertions.mjs	other	100644	7a9c4aea37e43b2d56daf8be1944d79a463bc0e1	100644	7a9c4aea37e43b2d56daf8be1944d79a463bc0e1	product_exact
evidence/node2-independent/layout/home-1200-dark.png	other	100644	8641eb139239c1d4612c743f1528f8c8d8790b35	100644	8641eb139239c1d4612c743f1528f8c8d8790b35	product_exact
evidence/node2-independent/layout/home-1200-light.png	other	100644	92a199e46761ac82067ca8d5e411dc12c33053c0	100644	92a199e46761ac82067ca8d5e411dc12c33053c0	product_exact
evidence/node2-independent/layout/home-1440-dark.png	other	100644	e86493e3669b68d736d38f282eac778b8db05d77	100644	e86493e3669b68d736d38f282eac778b8db05d77	product_exact
evidence/node2-independent/layout/home-1440-light.png	other	100644	d3e3882438c5fd898d0ba138b9a975798ddfb5cc	100644	d3e3882438c5fd898d0ba138b9a975798ddfb5cc	product_exact
evidence/node2-independent/layout/home-390-dark.png	other	100644	4e595fb2de05923e6939f0f350393fabe37754a1	100644	4e595fb2de05923e6939f0f350393fabe37754a1	product_exact
evidence/node2-independent/layout/home-390-light.png	other	100644	d99a3790921ca49a06d7364b7ba9694cb7302325	100644	d99a3790921ca49a06d7364b7ba9694cb7302325	product_exact
evidence/node2-independent/layout/session-collapsed-1200-dark.png	other	100644	069d1cecbacae41c5725298eb97345b225b2eeb5	100644	069d1cecbacae41c5725298eb97345b225b2eeb5	product_exact
evidence/node2-independent/layout/session-collapsed-1200-light.png	other	100644	364895bb17c4eb96208e0e1f860a2f1a8e30b520	100644	364895bb17c4eb96208e0e1f860a2f1a8e30b520	product_exact
evidence/node2-independent/layout/session-collapsed-1440-dark.png	other	100644	9b2c59b1fb3f4d59cab090c0048c870b5dbfa3a2	100644	9b2c59b1fb3f4d59cab090c0048c870b5dbfa3a2	product_exact
evidence/node2-independent/layout/session-collapsed-1440-light.png	other	100644	70f242122cb915a3eed761d647d38bf5086dbe55	100644	70f242122cb915a3eed761d647d38bf5086dbe55	product_exact
evidence/node2-independent/layout/session-collapsed-1440-reduced-motion.png	other	100644	1934011f5a60af0ea47af8eff95cdc41ec5fdab2	100644	1934011f5a60af0ea47af8eff95cdc41ec5fdab2	product_exact
evidence/node2-independent/layout/session-collapsed-390-dark.png	other	100644	5cd9859cb1e173424c6bf16987eaab29b86450c8	100644	5cd9859cb1e173424c6bf16987eaab29b86450c8	product_exact
evidence/node2-independent/layout/session-collapsed-390-light.png	other	100644	10ad50586124cbe139c91da64acd34835406d5fc	100644	10ad50586124cbe139c91da64acd34835406d5fc	product_exact
evidence/node2-independent/layout/session-expanded-1200-dark.png	other	100644	e885a1231ec12698f94031a422bc4857f6693384	100644	e885a1231ec12698f94031a422bc4857f6693384	product_exact
evidence/node2-independent/layout/session-expanded-1200-light.png	other	100644	8fb3999a86454544e7101146bb121ceba132967d	100644	8fb3999a86454544e7101146bb121ceba132967d	product_exact
evidence/node2-independent/layout/session-expanded-1440-dark.png	other	100644	bed6033d30ee690887f4627712cfde178efc5d8d	100644	bed6033d30ee690887f4627712cfde178efc5d8d	product_exact
evidence/node2-independent/layout/session-expanded-1440-light.png	other	100644	10eceb26d666e288f2db58ebe177b87be890506c	100644	10eceb26d666e288f2db58ebe177b87be890506c	product_exact
evidence/node2-independent/layout/session-expanded-390-dark.png	other	100644	e5b903d696e4a98e64087f4bbd1dfe2fd8d311ad	100644	e5b903d696e4a98e64087f4bbd1dfe2fd8d311ad	product_exact
evidence/node2-independent/layout/session-expanded-390-light.png	other	100644	a60f95e4049c3e1bb1199395ed4d4080e4180a6d	100644	a60f95e4049c3e1bb1199395ed4d4080e4180a6d	product_exact
evidence/node2-independent/layout/shoot.mjs	other	100644	85a4064d16f8fc61b54083f30b2c83e876d25c2c	100644	85a4064d16f8fc61b54083f30b2c83e876d25c2c	product_exact
evidence/node2-independent/mcp-api-baseline.json	other	100644	a4963e5e5a88e440ffd394144d27956def896b36	100644	a4963e5e5a88e440ffd394144d27956def896b36	product_exact
evidence/node2-independent/rc-before-seam-fix.txt	other	100644	5132a1d3aa2df69699b0c40538e72e8d6a743cc6	100644	5132a1d3aa2df69699b0c40538e72e8d6a743cc6	product_exact
evidence/node2-independent/rc-contract-final.txt	other	100644	71797919f71dbbec3067aa1e52092c4f43049ef5	100644	71797919f71dbbec3067aa1e52092c4f43049ef5	product_exact
evidence/node2-independent/rc-final.txt	other	100644	ed75d7d78ca3c19795c2ad27b6d44f50bd494a0f	100644	ed75d7d78ca3c19795c2ad27b6d44f50bd494a0f	product_exact
evidence/node2-independent/rc/mcp-fixture.mjs	other	100644	6176b27950bbff42a372f7e05c22559e69e4d2c7	100644	6176b27950bbff42a372f7e05c22559e69e4d2c7	product_exact
evidence/node2-independent/rc/runtime-ui-checks.json	other	100644	02962eca81aefbd858bcf748a580b99306e44652	100644	02962eca81aefbd858bcf748a580b99306e44652	product_exact
evidence/node2-independent/rc/runtime-ui-checks.mjs	other	100644	cfec0166f014e631792747a1f4b5e536e0d8d97b	100644	cfec0166f014e631792747a1f4b5e536e0d8d97b	product_exact
evidence/node2-independent/rc/runtime-ui-counterexamples.json	other	100644	e87a46f303eca1b8809235b0ee8bc0f8ca336d34	100644	e87a46f303eca1b8809235b0ee8bc0f8ca336d34	product_exact
evidence/node2-independent/rc/runtime-ui-counterexamples.mjs	other	100644	a8ff6fd09a4540d7c09dae3b44cb3d348064ccad	100644	a8ff6fd09a4540d7c09dae3b44cb3d348064ccad	product_exact
evidence/node2-independent/rc/runtime-ui-viewport.json	other	100644	977a0761e2488dd3e03770e8f764dcd0acb16ea3	100644	977a0761e2488dd3e03770e8f764dcd0acb16ea3	product_exact
evidence/node2-independent/rc/runtime-ui-viewport.mjs	other	100644	9f95eb16c2d0e2cd149b58d7fcac62611d697f86	100644	9f95eb16c2d0e2cd149b58d7fcac62611d697f86	product_exact
evidence/node2-independent/rc/seed-fixture.mjs	other	100644	78f682ea18324941c71544aac3922c46ce6d7cc2	100644	78f682ea18324941c71544aac3922c46ce6d7cc2	product_exact
evidence/node2-independent/rc/verify.mjs	other	100644	e5c36fe391b4816447c6adc326c0ab286f264313	100644	e5c36fe391b4816447c6adc326c0ab286f264313	product_exact
evidence/node2-independent/screenshots.txt	other	100644	ce3f9d26bca8024600028cd478aaf53ed281827f	100644	ce3f9d26bca8024600028cd478aaf53ed281827f	product_exact
evidence/node2-independent/seam-independent-review.md	other	100644	ff9f99195c6e294c6831d72277fb78ec43341a09	100644	ff9f99195c6e294c6831d72277fb78ec43341a09	product_exact
evidence/node2-independent/seed-final.json	other	100644	cb79d3d3c42431e2db49ad3292c7c87f5be56a40	100644	cb79d3d3c42431e2db49ad3292c7c87f5be56a40	product_exact
evidence/node2-independent/seed.json	other	100644	23794d0ee8e1a80222d5489ea1d1a58bcc3486a4	100644	23794d0ee8e1a80222d5489ea1d1a58bcc3486a4	product_exact
evidence/node2-independent/source-manifest.json	other	100644	477e6da4614b431b18e19ee13869d7d49e7b6a7b	100644	477e6da4614b431b18e19ee13869d7d49e7b6a7b	product_exact
evidence/node2-independent/tests-baseline.txt	other	100644	3580bec45a0ec26994fde6b4f1afb6bdc3031be0	100644	3580bec45a0ec26994fde6b4f1afb6bdc3031be0	product_exact
evidence/node2-independent/tests-final.txt	other	100644	90c1234a048219975c779677619973a982554389	100644	90c1234a048219975c779677619973a982554389	product_exact
evidence/node2-independent/tests-projection-final.txt	other	100644	5712f291902f7b3dd1a31939a5d405cc61176b09	100644	5712f291902f7b3dd1a31939a5d405cc61176b09	product_exact
evidence/node2-independent/tests-repeat.txt	other	100644	6caa91d3cfb95613ce305cb9e6d5ff009200e538	100644	6caa91d3cfb95613ce305cb9e6d5ff009200e538	product_exact
evidence/node2-independent/tests-seams.txt	other	100644	027c6b08290a63609fcd2f0e708f8f2a5bac3f2f	100644	027c6b08290a63609fcd2f0e708f8f2a5bac3f2f	product_exact
evidence/pages-first-edition-20260910/README.md	other	100644	22eaf97b684a910793a73f85e8aff167b4b82da5	100644	22eaf97b684a910793a73f85e8aff167b4b82da5	product_exact
evidence/pages-first-edition-20260910/composer/README.md	other	100644	c7c5856d2de40517f235b1e3aa6240462137a594	100644	c7c5856d2de40517f235b1e3aa6240462137a594	product_exact
evidence/pages-first-edition-20260910/composer/answer-after-response.png	other	100644	365a0c66d36fca2a4442a8f0d4f11794f71a925f	100644	365a0c66d36fca2a4442a8f0d4f11794f71a925f	product_exact
evidence/pages-first-edition-20260910/composer/chat-after-cancel.png	other	100644	b42c238bd15735ce103bb158898d451ad13c56e8	100644	b42c238bd15735ce103bb158898d451ad13c56e8	product_exact
evidence/pages-first-edition-20260910/composer/chat-after-failure.png	other	100644	44ee636eb0ac42525fb9602e1b0f318f2586820d	100644	44ee636eb0ac42525fb9602e1b0f318f2586820d	product_exact
evidence/pages-first-edition-20260910/composer/home-resting.png	other	100644	999f9168d531c717828e3288d2a8e276c09e1b7a	100644	999f9168d531c717828e3288d2a8e276c09e1b7a	product_exact
evidence/pages-first-edition-20260910/composer/seed.mjs	other	100644	fc90ca47a3b755a6dd74048610203096456a887e	100644	fc90ca47a3b755a6dd74048610203096456a887e	product_exact
evidence/pages-first-edition-20260910/composer/verification.json	other	100644	bdcb1b1d78943288a1cd9609f8fffb597f314ea7	100644	bdcb1b1d78943288a1cd9609f8fffb597f314ea7	product_exact
evidence/pages-first-edition-20260910/composer/verify.mjs	other	100644	e1cad0ed6d033546bd1c4106a224b62337f8a482	100644	e1cad0ed6d033546bd1c4106a224b62337f8a482	product_exact
evidence/pages-first-edition-20260910/composer/work-resting.png	other	100644	0a5d9388039e113e38a76fca71e45a6dac658f8d	100644	0a5d9388039e113e38a76fca71e45a6dac658f8d	product_exact
evidence/pages-first-edition-20260910/independent-review.json	other	100644	03a99ca4055a537b5e4275bc47517a9aea43526d	100644	03a99ca4055a537b5e4275bc47517a9aea43526d	product_exact
evidence/pages-first-edition-20260910/independent-review.md	other	100644	af38ab92b125464404d69f201efb23333fd0a4fe	100644	af38ab92b125464404d69f201efb23333fd0a4fe	product_exact
evidence/pages-first-edition-20260910/integration-tests.log	other	100644	1ef6658f162efe3340c19b806064caad352f9f25	100644	1ef6658f162efe3340c19b806064caad352f9f25	product_exact
evidence/pages-first-edition-20260910/live-verification.json	other	100644	ef5402d5edaef02027746334d17dbf559ddb97d8	100644	ef5402d5edaef02027746334d17dbf559ddb97d8	product_exact
evidence/pages-main-20260910/README.md	other	100644	992dd4cd01fde22de348be3bfc1c9281b5d2d858	100644	992dd4cd01fde22de348be3bfc1c9281b5d2d858	product_exact
evidence/pages-main-visual-20260910/README.md	other	100644	e473f5919a2a53f09e5bd645eab1384386a675c2	100644	e473f5919a2a53f09e5bd645eab1384386a675c2	product_exact
evidence/pages-main-visual-20260910/browser-checks.json	other	100644	c2db1d6634f7f18a32130c44268043cde227f340	100644	c2db1d6634f7f18a32130c44268043cde227f340	product_exact
evidence/pages-main-visual-20260910/build-checks.json	other	100644	c6035fc398877112e5d33d9f76383db18973cd8e	100644	c6035fc398877112e5d33d9f76383db18973cd8e	product_exact
evidence/pages-main-visual-20260910/changelog-desktop.jpg	other	100644	caf03355dd79b167df66aca8a08f0c3ff0a0a1b4	100644	caf03355dd79b167df66aca8a08f0c3ff0a0a1b4	product_exact
evidence/pages-main-visual-20260910/changelog-mobile.jpg	other	100644	9bc336f16c731b0855120bf57592c9b7edf8ea80	100644	9bc336f16c731b0855120bf57592c9b7edf8ea80	product_exact
evidence/pages-main-visual-20260910/cli-desktop.jpg	other	100644	e85d25c94708ce557ea4cd533abc19f5fe4959b2	100644	e85d25c94708ce557ea4cd533abc19f5fe4959b2	product_exact
evidence/pages-main-visual-20260910/cli-mobile.jpg	other	100644	20fea3377369fc4965e6cfa83b8600d37224eb33	100644	20fea3377369fc4965e6cfa83b8600d37224eb33	product_exact
evidence/pages-main-visual-20260910/cli-review.jpg	other	100644	0d2e5a293832847678e2eabb1616c205ece96471	100644	0d2e5a293832847678e2eabb1616c205ece96471	product_exact
evidence/pages-main-visual-20260910/coordination-crash-tests.log	other	100644	59dcf5457cd440488b8287b1a3d9aa8280666595	100644	59dcf5457cd440488b8287b1a3d9aa8280666595	product_exact
evidence/pages-main-visual-20260910/data-desktop.jpg	other	100644	91980c0f470ceefb3d70a1cc31418bcb9b2815e1	100644	91980c0f470ceefb3d70a1cc31418bcb9b2815e1	product_exact
evidence/pages-main-visual-20260910/data-mobile.jpg	other	100644	6066ccd2809b1b7303ce4d8d1793c96dc5c4878f	100644	6066ccd2809b1b7303ce4d8d1793c96dc5c4878f	product_exact
evidence/pages-main-visual-20260910/download-dialog.jpg	other	100644	e65e5ec48a2f772a2780ce46cd44cbbadf2cde81	100644	e65e5ec48a2f772a2780ce46cd44cbbadf2cde81	product_exact
evidence/pages-main-visual-20260910/full-tests.log	other	100644	33c905b3d5411455ab5959fe5699f3fa47248854	100644	33c905b3d5411455ab5959fe5699f3fa47248854	product_exact
evidence/pages-main-visual-20260910/get-desktop.jpg	other	100644	ecd6f16b0a0e6ef1879ebea96b0563bb0134f7fd	100644	ecd6f16b0a0e6ef1879ebea96b0563bb0134f7fd	product_exact
evidence/pages-main-visual-20260910/get-mobile.jpg	other	100644	176485b192d5ea05dec9c16eb3b4579470538355	100644	176485b192d5ea05dec9c16eb3b4579470538355	product_exact
evidence/pages-main-visual-20260910/home-desktop.jpg	other	100644	41c1a50f30e657f0b575cefb9caba49b3ad6a70d	100644	41c1a50f30e657f0b575cefb9caba49b3ad6a70d	product_exact
evidence/pages-main-visual-20260910/home-product-desktop.jpg	other	100644	dec0035879917fdb4feee4811b9ea2f49f3dd8f3	100644	dec0035879917fdb4feee4811b9ea2f49f3dd8f3	product_exact
evidence/pages-main-visual-20260910/index-mobile.jpg	other	100644	6cd1d1e3cf1b38103022d36e65530fc694b8cc45	100644	6cd1d1e3cf1b38103022d36e65530fc694b8cc45	product_exact
evidence/pages-main-visual-20260910/initial-interrupted-tests.log	other	100644	ddac0fe091125d94b4f8c3ff18249c7d82e4580a	100644	ddac0fe091125d94b4f8c3ff18249c7d82e4580a	product_exact
evidence/pages-main-visual-20260910/log-projections.json	other	100644	9636e363f5e22a87eef3f9be54619995e1632a05	100644	9636e363f5e22a87eef3f9be54619995e1632a05	product_exact
evidence/pages-main-visual-20260910/luna-schema10.json	other	100644	7659f120845ca781a34bf7f7bb16a972355b7a08	100644	7659f120845ca781a34bf7f7bb16a972355b7a08	product_exact
evidence/pages-main-visual-20260910/models-desktop.jpg	other	100644	e09145af97dad85e87bc990a4df2d60819f00f0c	100644	e09145af97dad85e87bc990a4df2d60819f00f0c	product_exact
evidence/pages-main-visual-20260910/models-mobile.jpg	other	100644	b8f0713698aa6350ee61c7dc60570bc39f6cb240	100644	b8f0713698aa6350ee61c7dc60570bc39f6cb240	product_exact
evidence/pages-main-visual-20260910/philosophy-desktop.jpg	other	100644	d60202e08cad77fa31d935ca12576c0c74ad1da4	100644	d60202e08cad77fa31d935ca12576c0c74ad1da4	product_exact
evidence/pages-main-visual-20260910/philosophy-mobile.jpg	other	100644	69d187d919e7814c8b3504080bc2d4363b68b939	100644	69d187d919e7814c8b3504080bc2d4363b68b939	product_exact
evidence/pages-main-visual-20260910/prior-full-tests.log	other	100644	f13ad2fdb0b71104720f3f15a3f7bbf1ca0e91f7	100644	f13ad2fdb0b71104720f3f15a3f7bbf1ca0e91f7	product_exact
evidence/pages-main-visual-20260910/schema10-tests.log	other	100644	f99253a917810898ca2b7b3985627a4df9e92a04	100644	f99253a917810898ca2b7b3985627a4df9e92a04	product_exact
evidence/pages-main-visual-20260910/settings-tests.log	other	100644	ffa1cf5251aff103fdcc2c35f14359d7c426bb06	100644	ffa1cf5251aff103fdcc2c35f14359d7c426bb06	product_exact
evidence/pages-main-visual-20260910/smoke.json	other	100644	94693eb2daccc61842c4c1351d2287f484615702	100644	94693eb2daccc61842c4c1351d2287f484615702	product_exact
evidence/pages-main-visual-20260910/tour-desktop.jpg	other	100644	4db2a696d65bebce7698bd180284bf5849e26e26	100644	4db2a696d65bebce7698bd180284bf5849e26e26	product_exact
evidence/pages-main-visual-20260910/tour-mobile.jpg	other	100644	9f0376aadddcb97b0da31b19e55c77886323d4d6	100644	9f0376aadddcb97b0da31b19e55c77886323d4d6	product_exact
evidence/pages-polish-20260910/README.md	other	100644	42a93c62cb927599e03053c9acd44961aedddcfa	100644	42a93c62cb927599e03053c9acd44961aedddcfa	product_exact
evidence/pages-polish-20260910/browser.json	other	100644	6be5720147e36ad626b3e8eba36c40dbe4a089a2	100644	6be5720147e36ad626b3e8eba36c40dbe4a089a2	product_exact
evidence/pages-polish-20260910/page-1440-light.png	other	100644	0a7f0c6c86d3c32ae94fc6e10580803b23e218af	100644	0a7f0c6c86d3c32ae94fc6e10580803b23e218af	product_exact
evidence/pages-polish-20260910/page-390-light.png	other	100644	50264283dc8886babbd576b50a63cd7510370345	100644	50264283dc8886babbd576b50a63cd7510370345	product_exact
evidence/pages-primary-entries-20260910/README.md	other	100644	d8271104033091cceb883872f70782bc20e4c3e5	100644	d8271104033091cceb883872f70782bc20e4c3e5	product_exact
evidence/pages-primary-entries-20260910/browser-checks.json	other	100644	f12289a4269c67b8978bf40f8424e42eb897470a	100644	f12289a4269c67b8978bf40f8424e42eb897470a	product_exact
evidence/pages-primary-entries-20260910/cards-balanced-checks.json	other	100644	303ce3e26b2c69effbdd1970445ecb237680b88e	100644	303ce3e26b2c69effbdd1970445ecb237680b88e	product_exact
evidence/pages-primary-entries-20260910/cards-balanced-desktop.jpg	other	100644	69922c06234089638c725fc0760e0d5c1de155da	100644	69922c06234089638c725fc0760e0d5c1de155da	product_exact
evidence/pages-primary-entries-20260910/checks.json	other	100644	9745c442035a66a67a22bdeb1d946d72680860c0	100644	9745c442035a66a67a22bdeb1d946d72680860c0	product_exact
evidence/pages-primary-entries-20260910/paper-expanded-desktop.jpg	other	100644	4deb13df2fa7c4d4b36f68084b5d70a04363e082	100644	4deb13df2fa7c4d4b36f68084b5d70a04363e082	product_exact
evidence/pages-primary-entries-20260910/paper-mobile.jpg	other	100644	079ffbb4bc898e9aca878eb6e9d525a2eeb44615	100644	079ffbb4bc898e9aca878eb6e9d525a2eeb44615	product_exact
evidence/pages-primary-entries-20260910/toc-aligned-desktop.jpg	other	100644	1db04e28a2d65f8f3caade87e94ea7a13e2b8b22	100644	1db04e28a2d65f8f3caade87e94ea7a13e2b8b22	product_exact
evidence/pages-primary-entries-20260910/toc-checks.json	other	100644	f22530882a1349270fbb3bb6114412d24cf48239	100644	f22530882a1349270fbb3bb6114412d24cf48239	product_exact
evidence/pages-primary-entries-20260910/tour-expanded-desktop.jpg	other	100644	9a127a6050d7316359d43ca2ff3e1a5560560f67	100644	9a127a6050d7316359d43ca2ff3e1a5560560f67	product_exact
evidence/pages-primary-entries-20260910/tour-mobile.jpg	other	100644	e932d1aeb4bc6799b658b6459886495144990258	100644	e932d1aeb4bc6799b658b6459886495144990258	product_exact
evidence/pages-primary-entries-20260910/tour-path-desktop.jpg	other	100644	f97573909d0b03b741b3249dcf93fb27328b1cd8	100644	f97573909d0b03b741b3249dcf93fb27328b1cd8	product_exact
evidence/pages-primary-entries-20260910/tour-path-mobile.jpg	other	100644	3566d3aab20d93eab1b8fec17155fe569e975c01	100644	3566d3aab20d93eab1b8fec17155fe569e975c01	product_exact
evidence/pages-product-life-20260910/README.md	other	100644	035dec786a745e728a2e84ec76d6bb2443f42dfb	100644	035dec786a745e728a2e84ec76d6bb2443f42dfb	product_exact
evidence/pages-product-life-20260910/browser.json	other	100644	609adb3ab9327d9dede8a98392baeaddbe45980d	100644	609adb3ab9327d9dede8a98392baeaddbe45980d	product_exact
evidence/pages-product-life-20260910/cli-1440.png	other	100644	2a0b07a41d2699ffb3bfe818381b87d8306cca1e	100644	2a0b07a41d2699ffb3bfe818381b87d8306cca1e	product_exact
evidence/pages-product-life-20260910/get-1440.png	other	100644	a86e4c826fbeeb43d438835dc4a07efffaa2669c	100644	a86e4c826fbeeb43d438835dc4a07efffaa2669c	product_exact
evidence/pages-product-life-20260910/home-browser.json	other	100644	494f876184b615d16b78f2829c65193eefe4d786	100644	494f876184b615d16b78f2829c65193eefe4d786	product_exact
evidence/pro-review-remediation-20260908/README.md	other	100644	118b530e0744dfb767122ebe9c480c9ab3128e2d	100644	118b530e0744dfb767122ebe9c480c9ab3128e2d	product_exact
evidence/pro-review-remediation-20260908/d1-calibration.attempts.json	other	100644	ab588649beecbf2914d32407dee8119d925147bc	100644	ab588649beecbf2914d32407dee8119d925147bc	product_exact
evidence/pro-review-remediation-20260908/d1-calibration.json	other	100644	663a2c3bcb20ba50346fd0d0b8771388f41fcd01	100644	663a2c3bcb20ba50346fd0d0b8771388f41fcd01	product_exact
evidence/pro-review-remediation-20260908/d1-final-tests.log	other	100644	bd9ae348e274e5946f56a190a5130cdbf12598ec	100644	bd9ae348e274e5946f56a190a5130cdbf12598ec	product_exact
evidence/pro-review-remediation-20260908/d1-final.attempts.json	other	100644	36d2ea7ed63ec935faae28f3bb09412b4690165f	100644	36d2ea7ed63ec935faae28f3bb09412b4690165f	product_exact
evidence/pro-review-remediation-20260908/d1-final.journal.jsonl	other	100644	4503f90eb0872741cb1b49d16041050720820f58	100644	4503f90eb0872741cb1b49d16041050720820f58	product_exact
evidence/pro-review-remediation-20260908/d1-final.json	other	100644	cace14fc1011e9300e88be57bfea8d19655738cc	100644	cace14fc1011e9300e88be57bfea8d19655738cc	product_exact
evidence/pro-review-remediation-20260908/d1-first.json	other	100644	73b56e0ee01d7186a996822f32013401d15275dd	100644	73b56e0ee01d7186a996822f32013401d15275dd	product_exact
evidence/pro-review-remediation-20260908/d1-linked.attempts.json	other	100644	c4472d0364cbfee4b90a0d9919499926ffd60da7	100644	c4472d0364cbfee4b90a0d9919499926ffd60da7	product_exact
evidence/pro-review-remediation-20260908/d1-linked.journal.jsonl	other	100644	da390faed7378f0a40a4d66d6738b625222022a2	100644	da390faed7378f0a40a4d66d6738b625222022a2	product_exact
evidence/pro-review-remediation-20260908/d1-linked.json	other	100644	577977f229499fb7efda5dca7172ec1c4b0ebfb5	100644	577977f229499fb7efda5dca7172ec1c4b0ebfb5	product_exact
evidence/pro-review-remediation-20260908/d1-receipt-tests.log	other	100644	6560b05d3c5dfc31b771b9b2e81b1c648d579f22	100644	6560b05d3c5dfc31b771b9b2e81b1c648d579f22	product_exact
evidence/pro-review-remediation-20260908/d1-tests.log	other	100644	414bef1688192e4282d46d7ecff4efc74c04fdfd	100644	414bef1688192e4282d46d7ecff4efc74c04fdfd	product_exact
evidence/pro-review-remediation-20260908/d2-durable-observer.log	other	100644	2b691c1f72b0605d429674a1bd0b1c6481f7b155	100644	2b691c1f72b0605d429674a1bd0b1c6481f7b155	product_exact
evidence/pro-review-remediation-20260908/d2-focused.log	other	100644	ed432232495523c92d5475a3ffa4a958c190100f	100644	ed432232495523c92d5475a3ffa4a958c190100f	product_exact
evidence/pro-review-remediation-20260908/full-tests-first.log	other	100644	daccb687e08c0db8a9df55b198ae1dbb9d2d119f	100644	daccb687e08c0db8a9df55b198ae1dbb9d2d119f	product_exact
evidence/pro-review-remediation-20260908/independent-review.md	other	100644	31f47cc62bdf45b114b6f808173c213aa6d91f3d	100644	31f47cc62bdf45b114b6f808173c213aa6d91f3d	product_exact
evidence/pro-review-remediation-20260908/luna-d1-receipt-closed.log	other	100644	caff2a84b776b704224c4e5ec5833afa14567562	100644	caff2a84b776b704224c4e5ec5833afa14567562	product_exact
evidence/pro-review-remediation-20260908/luna-d1-receipt-gap.log	other	100644	56c508bf4f1029f702fcfed7dfce5ac1ecca6b25	100644	56c508bf4f1029f702fcfed7dfce5ac1ecca6b25	product_exact
evidence/pro-review-remediation-20260908/luna-d1-tests.log	other	100644	b3fe7d8d29912afc0fabebac179f00b0a269ee11	100644	b3fe7d8d29912afc0fabebac179f00b0a269ee11	product_exact
evidence/pro-review-remediation-20260908/luna-d2-focused.log	other	100644	5b8a533489bb3ba964686096941254ad009041ab	100644	5b8a533489bb3ba964686096941254ad009041ab	product_exact
evidence/pro-review-remediation-20260908/merged-smoke.log	other	100644	94693eb2daccc61842c4c1351d2287f484615702	100644	94693eb2daccc61842c4c1351d2287f484615702	product_exact
evidence/pro-review-remediation-20260908/merged-tests.log	other	100644	0c079b8efbe61235a2095927db7f1e4d29fd5d88	100644	0c079b8efbe61235a2095927db7f1e4d29fd5d88	product_exact
evidence/pro-review-remediation-20260908/old-adapter-reproduction.json	other	100644	0427ad0c81bee375655b89c2424ea285aeebd029	100644	0427ad0c81bee375655b89c2424ea285aeebd029	product_exact
evidence/pro-review-remediation-20260908/pro-original/pro-review-d879e2f.md	other	100644	bad014ad5404411890f2b9c9ef70ec07f7ac5e40	100644	bad014ad5404411890f2b9c9ef70ec07f7ac5e40	product_exact
evidence/pro-review-remediation-20260908/pro-original/probes/README.md	other	100644	f50dce2d27b6796cd1ca97eca841278fb82864a4	100644	f50dce2d27b6796cd1ca97eca841278fb82864a4	product_exact
evidence/pro-review-remediation-20260908/pro-original/probes/cases.json	other	100644	5d04a352ed34a6995f1fe9cbcc343b1c56b79de6	100644	5d04a352ed34a6995f1fe9cbcc343b1c56b79de6	product_exact
evidence/pro-review-remediation-20260908/pro-original/probes/context-probes.mjs	other	100644	165a6fda5de500d588dc5407d8a9d955d3012a65	100644	165a6fda5de500d588dc5407d8a9d955d3012a65	product_exact
evidence/pro-review-remediation-20260908/pro-original/probes/context-results.json	other	100644	8a5c6ac79983c6408d49d34f7235ea0219ee142a	100644	8a5c6ac79983c6408d49d34f7235ea0219ee142a	product_exact
evidence/pro-review-remediation-20260908/pro-original/probes/grade.mjs	other	100644	f2f98794cc4cfa446da9cbb7780545af659486fb	100644	f2f98794cc4cfa446da9cbb7780545af659486fb	product_exact
evidence/pro-review-remediation-20260908/pro-original/probes/grade.test.mjs	other	100644	2373421526af9ff14a69540b0f65fa98412402d3	100644	2373421526af9ff14a69540b0f65fa98412402d3	product_exact
evidence/pro-review-remediation-20260908/pro-original/probes/mutation-probes.mjs	other	100644	74d59b4f0d3a0532a5daf0f4616357f4e2f79a92	100644	74d59b4f0d3a0532a5daf0f4616357f4e2f79a92	product_exact
evidence/pro-review-remediation-20260908/pro-original/probes/mutation-results.json	other	100644	0c9a2b8644ac138ae2b2ab34818961f1135d2de1	100644	0c9a2b8644ac138ae2b2ab34818961f1135d2de1	product_exact
evidence/pro-review-remediation-20260908/pro-original/probes/original-grade-test.log	other	100644	789ca333360fd3d840ffe671d36f5af35f33c479	100644	789ca333360fd3d840ffe671d36f5af35f33c479	product_exact
evidence/pro-review-remediation-20260908/pro-original/probes/owner-original.mjs	other	100644	581b1cd04568c90213393de66365ade4b12abe86	100644	581b1cd04568c90213393de66365ade4b12abe86	product_exact
evidence/pro-review-remediation-20260908/pro-original/probes/source-manifest.json	other	100644	c43ba0f05b9753e66142eebb7158d8a410428b73	100644	c43ba0f05b9753e66142eebb7158d8a410428b73	product_exact
evidence/pro-review-remediation-20260908/pro-original/probes/verify_sources.py	other	100644	9ba67e2c2e623f534aed63bc199c05d8defac13c	100644	9ba67e2c2e623f534aed63bc199c05d8defac13c	product_exact
evidence/pro-review-remediation-20260908/pro-original/review-manifest.json	other	100644	a5b7219b1bd7646bbf1ecda14850a298f007fe82	100644	a5b7219b1bd7646bbf1ecda14850a298f007fe82	product_exact
evidence/pro-review-remediation-20260908/pro-review-d879e2f.md	other	100644	bad014ad5404411890f2b9c9ef70ec07f7ac5e40	100644	bad014ad5404411890f2b9c9ef70ec07f7ac5e40	product_exact
evidence/pro-review-remediation-20260908/probes/reproduce-old-adapter.mjs	other	100644	f5956b428b708fd5c03a8e714674e3611d9336d3	100644	f5956b428b708fd5c03a8e714674e3611d9336d3	product_exact
evidence/pro-review-remediation-20260908/smoke.log	other	100644	94693eb2daccc61842c4c1351d2287f484615702	100644	94693eb2daccc61842c4c1351d2287f484615702	product_exact
evidence/pro-review-remediation-20260908/source-state.json	other	100644	3a066271f6fe62da9dff41a95a2054c3ea65ea24	100644	3a066271f6fe62da9dff41a95a2054c3ea65ea24	product_exact
evidence/public-repository-cleanup-20260910/README.md	other	100644	47d62b9d1c1bfcd6da77c1df8c444154eda40b44	100644	47d62b9d1c1bfcd6da77c1df8c444154eda40b44	product_exact
evidence/public-repository-cleanup-20260910/audit-summary.json	other	100644	4bbd14c6c57a1c0cf797571e575219acc236d464	100644	4bbd14c6c57a1c0cf797571e575219acc236d464	product_exact
evidence/public-repository-cleanup-20260910/browser-verification.json	other	100644	61054c8fd48ba23f3d1db547cb81a6923d9cb4df	100644	61054c8fd48ba23f3d1db547cb81a6923d9cb4df	product_exact
evidence/public-repository-cleanup-20260910/document-path-review.json	other	100644	6398970907887bef7369ebbdeac0b292da06529e	100644	6398970907887bef7369ebbdeac0b292da06529e	product_exact
evidence/public-repository-cleanup-20260910/independent-verification.json	other	100644	e272540b7cf9a3812c246a56cf1d5a46e5468923	100644	e272540b7cf9a3812c246a56cf1d5a46e5468923	product_exact
evidence/public-repository-cleanup-20260910/live-verification.json	other	100644	05b4ac6e8cf704cd2c9b582f5ecf4aedc0bf3b94	100644	05b4ac6e8cf704cd2c9b582f5ecf4aedc0bf3b94	product_exact
evidence/public-repository-cleanup-20260910/specimen-redaction.json	other	100644	4b3cefae332d4665aaccaaaab159ee087a6d490e	100644	4b3cefae332d4665aaccaaaab159ee087a6d490e	product_exact
evidence/publishing-surface-2026-09-09/README.md	other	100644	4385eeaf9619b6b37525800b401183d575490718	100644	4385eeaf9619b6b37525800b401183d575490718	product_exact
evidence/publishing-surface-2026-09-09/continuity-172130e.json	other	100644	7936cd993cfd449a2b98250fa717cc5c7da10636	100644	7936cd993cfd449a2b98250fa717cc5c7da10636	product_exact
evidence/publishing-surface-2026-09-09/continuity-172130e.json.attempts.json	other	100644	ff99cc4a7462a02d9fea31e319c5c0f1f8812ba6	100644	ff99cc4a7462a02d9fea31e319c5c0f1f8812ba6	product_exact
evidence/publishing-surface-2026-09-09/continuity-172130e.json.journal.jsonl	other	100644	fdcff36905d92dfd8c2abd7bfa8cd04a9c449159	100644	fdcff36905d92dfd8c2abd7bfa8cd04a9c449159	product_exact
evidence/publishing-surface-2026-09-09/continuity-9e5384f.json	other	100644	dff9180f7b07e75665d67638f1b01530409a9501	100644	dff9180f7b07e75665d67638f1b01530409a9501	product_exact
evidence/publishing-surface-2026-09-09/continuity-9e5384f.json.attempts.json	other	100644	6b73846737567db7df3fa53387dc399e9adc7270	100644	6b73846737567db7df3fa53387dc399e9adc7270	product_exact
evidence/publishing-surface-2026-09-09/continuity-9e5384f.json.journal.jsonl	other	100644	09e7f27190d4a8ed8d90aefbe8910869bc3eeb42	100644	09e7f27190d4a8ed8d90aefbe8910869bc3eeb42	product_exact
evidence/publishing-surface-2026-09-09/tests.log	other	100644	d96ae560640bd689c09db084d6c046182ea2f7cb	100644	d96ae560640bd689c09db084d6c046182ea2f7cb	product_exact
evidence/pv-be02/npm-ci.txt	other	100644	eecbcfc6725e112584fe0a1c28de815f887dc1fc	100644	eecbcfc6725e112584fe0a1c28de815f887dc1fc	product_exact
evidence/pv-be02/npm-smoke.json	other	100644	94693eb2daccc61842c4c1351d2287f484615702	100644	94693eb2daccc61842c4c1351d2287f484615702	product_exact
evidence/pv-be02/npm-test.txt	other	100644	36c2bd3d28e5806b565da391ccaee4b82594db2c	100644	36c2bd3d28e5806b565da391ccaee4b82594db2c	product_exact
evidence/pv-fe01/README.md	other	100644	a05829810a9fe3fa503217a276ed61cc4ca3a949	100644	a05829810a9fe3fa503217a276ed61cc4ca3a949	product_exact
evidence/pv-fe01/browser.mjs	other	100644	4f7697767af95b9deb91d63585cffbf7248c2817	100644	4f7697767af95b9deb91d63585cffbf7248c2817	product_exact
evidence/pv-fe01/contrast.log	other	100644	ee9183fc57d42c2eb4683cd66642ef321b4078e9	100644	ee9183fc57d42c2eb4683cd66642ef321b4078e9	product_exact
evidence/pv-fe01/directory-fixture.mjs	other	100644	aacccfbfacecbcca801ba8452cdee8dbc3629454	100644	aacccfbfacecbcca801ba8452cdee8dbc3629454	product_exact
evidence/pv-fe01/fixture.log	other	100644	6eea846524b48dd5138f9d1758690b7908dcfe07	100644	6eea846524b48dd5138f9d1758690b7908dcfe07	product_exact
evidence/pv-fe01/lint-colors.log	other	100644	e4939e6e04541150e606d34b0f4a9d405ac186e9	100644	e4939e6e04541150e606d34b0f4a9d405ac186e9	product_exact
evidence/pv-fe01/lint-materials.log	other	100644	89b1e0b2362496d0821f463c4c461b8008099626	100644	89b1e0b2362496d0821f463c4c461b8008099626	product_exact
evidence/pv-fe01/model-picker-1440-light-groups.png	other	100644	5ddc4f6b11471faf58864a182d04e913eb892c3e	100644	5ddc4f6b11471faf58864a182d04e913eb892c3e	product_exact
evidence/pv-fe01/npm-ci.txt	other	100644	eecbcfc6725e112584fe0a1c28de815f887dc1fc	100644	eecbcfc6725e112584fe0a1c28de815f887dc1fc	product_exact
evidence/pv-fe01/npm-test.txt	other	100644	3cf043f17011302efaf06da2398ccbf6c3fbe635	100644	3cf043f17011302efaf06da2398ccbf6c3fbe635	product_exact
evidence/pv-fe01/pv-checks.json	other	100644	8260954806185d69105eb181c8179aa0a718e0a2	100644	8260954806185d69105eb181c8179aa0a718e0a2	product_exact
evidence/pv-fe01/pv-checks.log	other	100644	ae63a1ff2f7e6e73227177edf80930b780c04b81	100644	ae63a1ff2f7e6e73227177edf80930b780c04b81	product_exact
evidence/pv-fe01/pv-checks.mjs	other	100644	d5b6d8056580d6a1d4890b4daa0c7d1843d8515a	100644	d5b6d8056580d6a1d4890b4daa0c7d1843d8515a	product_exact
evidence/pv-fe01/server.log	other	100644	afc204151dd5403b1c0b6cfa4a68a78a1f24447f	100644	afc204151dd5403b1c0b6cfa4a68a78a1f24447f	product_exact
evidence/pv-fe01/settings-models-1440-light-before.png	other	100644	340737bd82fb890a0073fe445fa9dc9caa3657ca	100644	340737bd82fb890a0073fe445fa9dc9caa3657ca	product_exact
evidence/pv-fe01/settings-models-1440-light-discovered.png	other	100644	efaaded951114bb64ed5af37a49b8f052094eb6b	100644	efaaded951114bb64ed5af37a49b8f052094eb6b	product_exact
evidence/pv-fe01/settings-models-1440-light-saved.png	other	100644	b09e8603cc8113bbac2a937ffcc16219e9fcd881	100644	b09e8603cc8113bbac2a937ffcc16219e9fcd881	product_exact
evidence/pv-fe01/settings-models-1440-light-user-window.png	other	100644	5a482dcfbf274c1a79b90c74dbfcfa53e8cd1415	100644	5a482dcfbf274c1a79b90c74dbfcfa53e8cd1415	product_exact
evidence/pv-fe01/smoke.log	other	100644	94693eb2daccc61842c4c1351d2287f484615702	100644	94693eb2daccc61842c4c1351d2287f484615702	product_exact
evidence/rc/README.md	other	100644	a664078ca8bff9c8d93f8629d36f22f85627a77a	100644	a664078ca8bff9c8d93f8629d36f22f85627a77a	product_exact
evidence/rc/app-tests.txt	other	100644	a9022573d48dd29144d0cd4e0d0d120c1d99912f	100644	a9022573d48dd29144d0cd4e0d0d120c1d99912f	product_exact
evidence/rc/manifest.json	other	100644	29f6e4d61835a02a644b701140fd995e9cab861d	100644	29f6e4d61835a02a644b701140fd995e9cab861d	product_exact
evidence/rc/mcp-fixture.mjs	other	100644	6176b27950bbff42a372f7e05c22559e69e4d2c7	100644	6176b27950bbff42a372f7e05c22559e69e4d2c7	product_exact
evidence/rc/planned-fixture.html	other	100644	e5af60f594c4a2bade3678ef5840d066ed2abc93	100644	e5af60f594c4a2bade3678ef5840d066ed2abc93	product_exact
evidence/rc/run-recorded-context-1440-light.png	other	100644	edbe6fd11e9d1c29f2868e538906fea5e8e4f88e	100644	edbe6fd11e9d1c29f2868e538906fea5e8e4f88e	product_exact
evidence/rc/runtime-mcp-1440-light.png	other	100644	5a00f438c5584e221e63f03fc7e3f9c78db68451	100644	5a00f438c5584e221e63f03fc7e3f9c78db68451	product_exact
evidence/rc/runtime-module-1440-dark.png	other	100644	3fd3cbfe4e3d8bc86be6ab22293517237878e834	100644	3fd3cbfe4e3d8bc86be6ab22293517237878e834	product_exact
evidence/rc/runtime-module-1440-light.png	other	100644	58ca3475d48017704d1fa6e5f82b6286cedfc9ef	100644	58ca3475d48017704d1fa6e5f82b6286cedfc9ef	product_exact
evidence/rc/runtime-module-390-dark.png	other	100644	a9f0908d673d9b9d661e90ac53171592052b2573	100644	a9f0908d673d9b9d661e90ac53171592052b2573	product_exact
evidence/rc/runtime-module-390-light.png	other	100644	a9f0908d673d9b9d661e90ac53171592052b2573	100644	a9f0908d673d9b9d661e90ac53171592052b2573	product_exact
evidence/rc/runtime-ui-checks.json	other	100644	1996c976cca7efe229570bc4d4597f020e027777	100644	1996c976cca7efe229570bc4d4597f020e027777	product_exact
evidence/rc/runtime-ui-checks.mjs	other	100644	f3cc0f4257431012a4146b2846b4dee3908450c2	100644	f3cc0f4257431012a4146b2846b4dee3908450c2	product_exact
evidence/rc/runtime-ui-counterexamples.json	other	100644	ec175f531a5d76341e8f00dd0b04e1499fdb9190	100644	ec175f531a5d76341e8f00dd0b04e1499fdb9190	product_exact
evidence/rc/runtime-ui-counterexamples.mjs	other	100644	a8ff6fd09a4540d7c09dae3b44cb3d348064ccad	100644	a8ff6fd09a4540d7c09dae3b44cb3d348064ccad	product_exact
evidence/rc/runtime-ui-viewport.json	other	100644	c1bf7a2e4dae5add5632c0981753e924360d77d1	100644	c1bf7a2e4dae5add5632c0981753e924360d77d1	product_exact
evidence/rc/runtime-ui-viewport.mjs	other	100644	9f95eb16c2d0e2cd149b58d7fcac62611d697f86	100644	9f95eb16c2d0e2cd149b58d7fcac62611d697f86	product_exact
evidence/rc/seed-fixture.mjs	other	100644	ba7885c88bf88a903b955822a28c99c8665b4dcd	100644	ba7885c88bf88a903b955822a28c99c8665b4dcd	product_exact
evidence/rc/settings-context-1440-dark.png	other	100644	5da6bbd6ac7a8909a29d64148ab21f64862799d6	100644	5da6bbd6ac7a8909a29d64148ab21f64862799d6	product_exact
evidence/rc/settings-context-1440-light.png	other	100644	5da6bbd6ac7a8909a29d64148ab21f64862799d6	100644	5da6bbd6ac7a8909a29d64148ab21f64862799d6	product_exact
evidence/rc/settings-context-390-dark.png	other	100644	5230d9c2fb2c085ad549786ab5005b074c4dad9f	100644	5230d9c2fb2c085ad549786ab5005b074c4dad9f	product_exact
evidence/rc/settings-context-390-light.png	other	100644	5230d9c2fb2c085ad549786ab5005b074c4dad9f	100644	5230d9c2fb2c085ad549786ab5005b074c4dad9f	product_exact
evidence/rc/settings-planned-1440-light.png	other	100644	4713e68117a4d71d1b5d0062f008532225067c24	100644	4713e68117a4d71d1b5d0062f008532225067c24	product_exact
evidence/rc/shoot.mjs	other	100644	59422f909fd3322ed6d86db3abd6ed5d2caba387	100644	59422f909fd3322ed6d86db3abd6ed5d2caba387	product_exact
evidence/rc/verify.mjs	other	100644	39d213e0eb7ea0f33dbe3af415ddbd42c8470593	100644	39d213e0eb7ea0f33dbe3af415ddbd42c8470593	product_exact
evidence/reconciliation-20260908/README.md	other	100644	6da64209fc5c7f921b386e07710f3f748b98cc94	100644	6da64209fc5c7f921b386e07710f3f748b98cc94	product_exact
evidence/reconciliation-20260908/private-archive-hashes.json	other	100644	51c7c6742b031cf643fb7c193b1e15e1843262ed	100644	51c7c6742b031cf643fb7c193b1e15e1843262ed	product_exact
evidence/reconciliation-20260908/sources.json	other	100644	9c51b447722c500883f4332f74120a62db6904ec	100644	9c51b447722c500883f4332f74120a62db6904ec	product_exact
evidence/remote-recovery-20260908/README.md	other	100644	b149acfcb8172bfd6648dddb29f79a20b9b86009	100644	b149acfcb8172bfd6648dddb29f79a20b9b86009	product_exact
evidence/remote-recovery-20260908/install.txt	other	100644	eecbcfc6725e112584fe0a1c28de815f887dc1fc	100644	eecbcfc6725e112584fe0a1c28de815f887dc1fc	product_exact
evidence/remote-recovery-20260908/receipt.json	other	100644	98ffe58e584201cba0434bed97ac7e05cf95374c	100644	98ffe58e584201cba0434bed97ac7e05cf95374c	product_exact
evidence/remote-recovery-20260908/smoke.txt	other	100644	94693eb2daccc61842c4c1351d2287f484615702	100644	94693eb2daccc61842c4c1351d2287f484615702	product_exact
evidence/remote-recovery-20260908/tests.txt	other	100644	2825b1dee0eccc69cb4af92d708ce13dda01a437	100644	2825b1dee0eccc69cb4af92d708ce13dda01a437	product_exact
evidence/runtime-resolver-20260908/README.md	other	100644	63707d682e0a0c2efe24b5cb514fe2f4f4888dd9	100644	63707d682e0a0c2efe24b5cb514fe2f4f4888dd9	product_exact
evidence/runtime-resolver-20260908/independent-review.md	other	100644	fd1677c409b980617f1fc0a84c6d09713a236266	100644	fd1677c409b980617f1fc0a84c6d09713a236266	product_exact
evidence/runtime-resolver-20260908/install.txt	other	100644	eecbcfc6725e112584fe0a1c28de815f887dc1fc	100644	eecbcfc6725e112584fe0a1c28de815f887dc1fc	product_exact
evidence/runtime-resolver-20260908/source-manifest.json	other	100644	710c5d555bf4e89939ac0b5ae37a5df5cfcc9d8c	100644	710c5d555bf4e89939ac0b5ae37a5df5cfcc9d8c	product_exact
evidence/runtime-resolver-20260908/tests-final.txt	other	100644	03c608e0219527871b395801d7a61f2c8ef050eb	100644	03c608e0219527871b395801d7a61f2c8ef050eb	product_exact
evidence/runtime-resolver-20260908/tests-focused.txt	other	100644	358b41055c5c3ea5471f21e4769ddf22d7f54134	100644	358b41055c5c3ea5471f21e4769ddf22d7f54134	product_exact
evidence/runtime-resolver-20260908/tests-full.txt	other	100644	1316958dc99a17d2c8ae6126ea3d3323a1b2f9f4	100644	1316958dc99a17d2c8ae6126ea3d3323a1b2f9f4	product_exact
evidence/runtime-source-service-20260910/README.md	other	100644	b43af46e0f418878f5f09c812612a739452b318c	100644	b43af46e0f418878f5f09c812612a739452b318c	product_exact
evidence/runtime-source-service-20260910/capture-http-examples.mjs	other	100644	5de6e06d18c2af12e0f643fcefbed3d85f0aefd5	100644	5de6e06d18c2af12e0f643fcefbed3d85f0aefd5	product_exact
evidence/runtime-source-service-20260910/smoke.txt	other	100644	94693eb2daccc61842c4c1351d2287f484615702	100644	94693eb2daccc61842c4c1351d2287f484615702	product_exact
evidence/runtime-source-service-20260910/tests-focused.txt	other	100644	0595523f8b18c8a23b23787f6e3fac67cc13c9b2	100644	0595523f8b18c8a23b23787f6e3fac67cc13c9b2	product_exact
evidence/runtime-source-service-20260910/tests-full.txt	other	100644	bfa41bf4c4b49b568477ef9212c63943b4b71aa6	100644	bfa41bf4c4b49b568477ef9212c63943b4b71aa6	product_exact
evidence/runtime-source-service-20260910/transcript.txt	other	100644	bb2f8f723e49ba8d0619440866e2e63e42a733cc	100644	bb2f8f723e49ba8d0619440866e2e63e42a733cc	product_exact
evidence/runtime-source-service-integration-20260910/README.md	other	100644	8ab31217ffa00799b15354decdf571251965d994	100644	8ab31217ffa00799b15354decdf571251965d994	product_exact
evidence/runtime-source-service-integration-20260910/independent.log	other	100644	7ddc942a0ce3bdc20177337c937a3b1264000a74	100644	7ddc942a0ce3bdc20177337c937a3b1264000a74	product_exact
evidence/runtime-source-service-integration-20260910/independent.test.mjs	other	100644	071968552c9b39bbbf841186f53b670d7d38c63a	100644	071968552c9b39bbbf841186f53b670d7d38c63a	product_exact
evidence/runtime-source-service-integration-20260910/smoke.log	other	100644	94693eb2daccc61842c4c1351d2287f484615702	100644	94693eb2daccc61842c4c1351d2287f484615702	product_exact
evidence/runtime-source-service-integration-20260910/tests.log	other	100644	4855188edbf571d203db3bf31f4e2c4ab4ecb4e4	100644	4855188edbf571d203db3bf31f4e2c4ab4ecb4e4	product_exact
evidence/rv26-20260910/README.md	other	100644	e9bab8c4ec1f301ec09d784d3c3bc4b613661840	100644	e9bab8c4ec1f301ec09d784d3c3bc4b613661840	product_exact
evidence/rv26-20260910/doc-links.log	other	100644	6af8316d52fa88fadcf33536d6aa83c7557ae0b6	100644	6af8316d52fa88fadcf33536d6aa83c7557ae0b6	product_exact
evidence/rv26-20260910/integration.json	other	100644	db5d95ceb1580af0ca882df805774b8ca14d3780	100644	db5d95ceb1580af0ca882df805774b8ca14d3780	product_exact
evidence/rv26-20260910/ledger-verification.json	other	100644	42b525cdacda8290893132e4425d620e7e2cfa9e	100644	42b525cdacda8290893132e4425d620e7e2cfa9e	product_exact
evidence/rv26-20260910/q01/baseline-timing.log	other	100644	294f15da0a38123f4c1b638fbb9822a6a21d6f04	100644	294f15da0a38123f4c1b638fbb9822a6a21d6f04	product_exact
evidence/rv26-20260910/q01/budget-recheck.log	other	100644	90fdf3abcfa13f1c2f60dd70a30e6f17a336cc15	100644	90fdf3abcfa13f1c2f60dd70a30e6f17a336cc15	product_exact
evidence/rv26-20260910/q01/core-tests-serial.log	other	100644	3fccfa69c7796fe94f52d7d0d4eeb47c29d6225f	100644	3fccfa69c7796fe94f52d7d0d4eeb47c29d6225f	product_exact
evidence/rv26-20260910/q01/core-tests.log	other	100644	b2f256a511095ec5965167c5ad7b671c7eb09f3c	100644	b2f256a511095ec5965167c5ad7b671c7eb09f3c	product_exact
evidence/rv26-20260910/q01/file-compatibility.log	other	100644	f43347136f2e679ec22e6dfcce29eba3fd2da79a	100644	f43347136f2e679ec22e6dfcce29eba3fd2da79a	product_exact
evidence/rv26-20260910/q01/full-tests-confirmation.log	other	100644	c8820cfaa063e2b0cd2919ac6049318f6bad7cff	100644	c8820cfaa063e2b0cd2919ac6049318f6bad7cff	product_exact
evidence/rv26-20260910/q01/full-tests-final.log	other	100644	659bf09dce8be42b93b357aaa6a7935f73dca5fd	100644	659bf09dce8be42b93b357aaa6a7935f73dca5fd	product_exact
evidence/rv26-20260910/q01/full-tests.log	other	100644	79f2678b5ea70363f678ee8e05f8e409bb022d24	100644	79f2678b5ea70363f678ee8e05f8e409bb022d24	product_exact
evidence/rv26-20260910/q01/independent-lifecycle.log	other	100644	98c69cabfc3fc39d93a27c361cc053bf6c22781d	100644	98c69cabfc3fc39d93a27c361cc053bf6c22781d	product_exact
evidence/rv26-20260910/q01/lifecycle-green.log	other	100644	6f42ffc82064e26ac3363cf9211b47f979d8fcc5	100644	6f42ffc82064e26ac3363cf9211b47f979d8fcc5	product_exact
evidence/rv26-20260910/q01/lifecycle-red.log	other	100644	ac20e1b359534edd660d762691e863beaaccab66	100644	ac20e1b359534edd660d762691e863beaaccab66	product_exact
evidence/rv26-20260910/q01/lifecycle-service-recheck.log	other	100644	8d955d655f0479547fe21d946abe9774b1365ffb	100644	8d955d655f0479547fe21d946abe9774b1365ffb	product_exact
evidence/rv26-20260910/q01/manifest.json	other	100644	1bc48bf5b82543d6f555b0c4c35d25b3494f5a1c	100644	1bc48bf5b82543d6f555b0c4c35d25b3494f5a1c	product_exact
evidence/rv26-20260910/q01/markdown-read-recheck.log	other	100644	fe68367a9d032a0ce3a3ef64fdf556967b32dbf4	100644	fe68367a9d032a0ce3a3ef64fdf556967b32dbf4	product_exact
evidence/rv26-20260910/q01/restart-recheck.log	other	100644	ae7a9970af837a673b2c0e92920acf6ec0bf4c53	100644	ae7a9970af837a673b2c0e92920acf6ec0bf4c53	product_exact
evidence/rv26-20260910/q01/smoke-final.log	other	100644	94693eb2daccc61842c4c1351d2287f484615702	100644	94693eb2daccc61842c4c1351d2287f484615702	product_exact
evidence/rv26-20260910/q01/smoke.log	other	100644	94693eb2daccc61842c4c1351d2287f484615702	100644	94693eb2daccc61842c4c1351d2287f484615702	product_exact
evidence/rv26-20260910/worktree-occupancy.txt	other	100644	271315b1efe4e0a497600ae28a686cf35d5923ff	100644	271315b1efe4e0a497600ae28a686cf35d5923ff	product_exact
evidence/rv26-q02-20260910/README.md	other	100644	17183be2eac60a88959a93a64d65cb5920bea8fc	100644	17183be2eac60a88959a93a64d65cb5920bea8fc	product_exact
evidence/rv26-q02-20260910/SHA256SUMS	other	100644	3b613dea5b066b46bd95da18af8c4ab3004c9de1	100644	3b613dea5b066b46bd95da18af8c4ab3004c9de1	product_exact
evidence/rv26-q02-20260910/author-full-551-of-553.log	other	100644	3e4fbe37a4581693e70771d3465322c5f13ecf39	100644	3e4fbe37a4581693e70771d3465322c5f13ecf39	product_exact
evidence/rv26-q02-20260910/author-full-initial-incomplete.log	other	100644	f14abf9c66c175b70a3160cfc19ee269d4a8c7d8	100644	f14abf9c66c175b70a3160cfc19ee269d4a8c7d8	product_exact
evidence/rv26-q02-20260910/author-migration-portable.log	other	100644	1fcdbac94c15b46f4b48e9140555539eb7a520e8	100644	1fcdbac94c15b46f4b48e9140555539eb7a520e8	product_exact
evidence/rv26-q02-20260910/author-provider-existing.log	other	100644	855b8b87ae12a5baa4a1096df8ddb498cace685b	100644	855b8b87ae12a5baa4a1096df8ddb498cace685b	product_exact
evidence/rv26-q02-20260910/author-q02-focused.log	other	100644	021857b5722cf53defd3d20f7f1516148adb4c71	100644	021857b5722cf53defd3d20f7f1516148adb4c71	product_exact
evidence/rv26-q02-20260910/author-smoke.log	other	100644	d0aa2f0bae8fba4f7021f50669cfe01fec5a6369	100644	d0aa2f0bae8fba4f7021f50669cfe01fec5a6369	product_exact
evidence/rv26-q02-20260910/author-summary-fixture-2-of-2.log	other	100644	2038c923e4504ef762bbcf668fd74a2b267d3a83	100644	2038c923e4504ef762bbcf668fd74a2b267d3a83	product_exact
evidence/rv26-q02-20260910/doc-links.log	other	100644	811ff798fcdcb8f5f6d75813a40fe2075c472905	100644	811ff798fcdcb8f5f6d75813a40fe2075c472905	product_exact
evidence/rv26-q02-20260910/independent-edge-loader-initial-failure.log	other	100644	1c9e598863680233f6a3da594f811d05c907c5fb	100644	1c9e598863680233f6a3da594f811d05c907c5fb	product_exact
evidence/rv26-q02-20260910/independent-edges-initial.log	other	100644	2889a97212aac5869b087fe161dc7b6bdde51046	100644	2889a97212aac5869b087fe161dc7b6bdde51046	product_exact
evidence/rv26-q02-20260910/independent-edges.log	other	100644	368ade0b5a8425b2db7eed9da9cda5fd7965a11c	100644	368ade0b5a8425b2db7eed9da9cda5fd7965a11c	product_exact
evidence/rv26-q02-20260910/independent-migration.log	other	100644	3bafeb27ffbc0ee1c84df2450a6603cc4745cc98	100644	3bafeb27ffbc0ee1c84df2450a6603cc4745cc98	product_exact
evidence/rv26-q02-20260910/independent-provider.log	other	100644	346de8713de02b2ecb59dc38a8aa763911ad892a	100644	346de8713de02b2ecb59dc38a8aa763911ad892a	product_exact
evidence/rv26-q02-20260910/independent-roundtrip.log	other	100644	92f860c20838398f4530d764522a4a1b47e9d6cc	100644	92f860c20838398f4530d764522a4a1b47e9d6cc	product_exact
evidence/rv26-q02-20260910/independent-summary-fixture.log	other	100644	d56e5e76bd2997ffeb0542942eb871a19ca94d5e	100644	d56e5e76bd2997ffeb0542942eb871a19ca94d5e	product_exact
evidence/rv26-q02-20260910/receipt.json	other	100644	2e03e9f9f4f24f579463b38a4e8a3f6d42572be1	100644	2e03e9f9f4f24f579463b38a4e8a3f6d42572be1	product_exact
evidence/rv26-q02-independent/edge-check.mjs	other	100644	a26dc01a087107d06d31a8420c2c263dba0ef42c	100644	a26dc01a087107d06d31a8420c2c263dba0ef42c	product_exact
evidence/se-continuity-20260908/README.md	other	100644	a7d7b3c29e9ca198521a6caf8e4dbbb58267c355	100644	a7d7b3c29e9ca198521a6caf8e4dbbb58267c355	product_exact
evidence/se-continuity-20260908/author-first.json	other	100644	36659c08f0a62e9d60e14b3297718fa73315a812	100644	36659c08f0a62e9d60e14b3297718fa73315a812	product_exact
evidence/se-continuity-20260908/checks.log	other	100644	0e84f13efbaee642fa77aa620faa5f38a9f8af6f	100644	0e84f13efbaee642fa77aa620faa5f38a9f8af6f	product_exact
evidence/se-continuity-20260908/luna-independent.json	other	100644	029abf88ecd7b8d7e84d3b5cd79dcabbacd9b7a3	100644	029abf88ecd7b8d7e84d3b5cd79dcabbacd9b7a3	product_exact
evidence/se-continuity-20260908/luna-review.md	other	100644	03794c54dde0b42f0c7c4d07e6ae4eb49866d0bd	100644	03794c54dde0b42f0c7c4d07e6ae4eb49866d0bd	product_exact
evidence/skin-boundary-sk2-20260910/README.md	other	100644	16379fe06ef03bbe31a30b61e2275646b8dcfd97	100644	16379fe06ef03bbe31a30b61e2275646b8dcfd97	product_exact
evidence/skin-boundary-sk2-20260910/appearance-dark-1280.png	other	100644	6d514ac44a7e79a46a706091e40033740868c9cc	100644	6d514ac44a7e79a46a706091e40033740868c9cc	product_exact
evidence/skin-boundary-sk2-20260910/appearance-dark-1440.png	other	100644	e7b0e34bef339d5a7878fdaf57b8097ea40284eb	100644	e7b0e34bef339d5a7878fdaf57b8097ea40284eb	product_exact
evidence/skin-boundary-sk2-20260910/appearance-dark-390.png	other	100644	e69870007a28048653363eeaec94b3e6a387227b	100644	e69870007a28048653363eeaec94b3e6a387227b	product_exact
evidence/skin-boundary-sk2-20260910/appearance-light-1280.png	other	100644	8c4ad2935daa082cd33b5d7544bbb40356ceacf5	100644	8c4ad2935daa082cd33b5d7544bbb40356ceacf5	product_exact
evidence/skin-boundary-sk2-20260910/appearance-light-1440.png	other	100644	cbac9f98d6c5c598896d0c096d2dc26ebd544e16	100644	cbac9f98d6c5c598896d0c096d2dc26ebd544e16	product_exact
evidence/skin-boundary-sk2-20260910/appearance-light-390.png	other	100644	b49e58ef771baf1b6892f8e41e5eb85e100f3b51	100644	b49e58ef771baf1b6892f8e41e5eb85e100f3b51	product_exact
evidence/skin-boundary-sk2-20260910/browser.mjs	other	100644	dbcfb204a98f3d3ebef2f7815325dec110197b7c	100644	dbcfb204a98f3d3ebef2f7815325dec110197b7c	product_exact
evidence/skin-boundary-sk2-20260910/checks-editor.mjs	other	100644	4194a729cbe6eac4ad5b5c7c49d83bbfe9554a6d	100644	4194a729cbe6eac4ad5b5c7c49d83bbfe9554a6d	product_exact
evidence/skin-boundary-sk2-20260910/checks-layout.mjs	other	100644	10f463fd5ea1075efe11109a81e4c16991ad26e0	100644	10f463fd5ea1075efe11109a81e4c16991ad26e0	product_exact
evidence/skin-boundary-sk2-20260910/checks-policy.mjs	other	100644	ced16382a1e014a300a5c8040f48c4c55d83f600	100644	ced16382a1e014a300a5c8040f48c4c55d83f600	product_exact
evidence/skin-boundary-sk2-20260910/contrast.md	other	100644	217ce24b40cda7f668133ece2c2a24b4d7278562	100644	217ce24b40cda7f668133ece2c2a24b4d7278562	product_exact
evidence/skin-boundary-sk2-20260910/editor-browser.json	other	100644	a8a0ede48f944c1edf17b1eedab7856bdf7042c4	100644	a8a0ede48f944c1edf17b1eedab7856bdf7042c4	product_exact
evidence/skin-boundary-sk2-20260910/editor-dark-1280.png	other	100644	11b9e997d8bd9d7ac5559b41a9eaad61686498bf	100644	11b9e997d8bd9d7ac5559b41a9eaad61686498bf	product_exact
evidence/skin-boundary-sk2-20260910/editor-dark-1440.png	other	100644	6ad9ae1c3051378208a7adfad065c27757ca184a	100644	6ad9ae1c3051378208a7adfad065c27757ca184a	product_exact
evidence/skin-boundary-sk2-20260910/editor-dark-390.png	other	100644	c1495ae528f902bb6067632e0b430447e17acbc6	100644	c1495ae528f902bb6067632e0b430447e17acbc6	product_exact
evidence/skin-boundary-sk2-20260910/editor-forced-colors.png	other	100644	fa24099bc4cae6faf1bef6726631852a536c491d	100644	fa24099bc4cae6faf1bef6726631852a536c491d	product_exact
evidence/skin-boundary-sk2-20260910/editor-light-1280.png	other	100644	3bc00db91375fd19edcd440c3aa0bb6ea42b824f	100644	3bc00db91375fd19edcd440c3aa0bb6ea42b824f	product_exact
evidence/skin-boundary-sk2-20260910/editor-light-1440.png	other	100644	831b63d47a530c1016b09e723cd13535243aa868	100644	831b63d47a530c1016b09e723cd13535243aa868	product_exact
evidence/skin-boundary-sk2-20260910/editor-light-390.png	other	100644	417811ba969878219b46c1df7985c354a8797e95	100644	417811ba969878219b46c1df7985c354a8797e95	product_exact
evidence/skin-boundary-sk2-20260910/editor-zoom-200.png	other	100644	186d18e8645ba004e4da95cc4836f828006ed7b7	100644	186d18e8645ba004e4da95cc4836f828006ed7b7	product_exact
evidence/skin-boundary-sk2-20260910/layout-browser.json	other	100644	7025cbb7d266b9f07e2df9bc564bb9e45f28e876	100644	7025cbb7d266b9f07e2df9bc564bb9e45f28e876	product_exact
evidence/skin-boundary-sk2-20260910/policy-browser.json	other	100644	c3155b1587c30d27122f35236bc2d1c0ffdc5807	100644	c3155b1587c30d27122f35236bc2d1c0ffdc5807	product_exact
evidence/skin-boundary-sk2-20260910/tests.log	other	100644	7341eff4d2104d7ee18a58f56ffccf01bd7c27c6	100644	7341eff4d2104d7ee18a58f56ffccf01bd7c27c6	product_exact
evidence/skin-review-sk1-20260910/README.md	other	100644	d7f91c3e13116960817abcd52b3942cbb1c5693d	100644	d7f91c3e13116960817abcd52b3942cbb1c5693d	product_exact
evidence/skin-review-sk1-20260910/browser.json	other	100644	7abbc4f956bfba110d9886aae203e62203ca4fbb	100644	7abbc4f956bfba110d9886aae203e62203ca4fbb	product_exact
evidence/skin-review-sk1-20260910/browser.mjs	other	100644	ab4b6c427f019d98cb261ddf0b35671570b53b27	100644	ab4b6c427f019d98cb261ddf0b35671570b53b27	product_exact
evidence/skin-review-sk1-20260910/contrast.md	other	100644	2aeb8b4c1d3f969e47769542f90da63b40210429	100644	2aeb8b4c1d3f969e47769542f90da63b40210429	product_exact
evidence/skin-review-sk1-20260910/tests.log	other	100644	52b9545e0af4fe6d4cb661948bd31dbf86d8c443	100644	52b9545e0af4fe6d4cb661948bd31dbf86d8c443	product_exact
evidence/spark-delivery-20260910/README.md	other	100644	cec775e2285efc89a0d7b58fc7f8baddaf7c7740	100644	cec775e2285efc89a0d7b58fc7f8baddaf7c7740	product_exact
evidence/spark-delivery-20260910/browser-regressions-before.json	other	100644	66f4cc7ed5e5c6a12011964bd31afbaa67dd6f85	100644	66f4cc7ed5e5c6a12011964bd31afbaa67dd6f85	product_exact
evidence/spark-delivery-20260910/browser-regressions.json	other	100644	dc2c417690f276829a7f0e530c967e243226e9b6	100644	dc2c417690f276829a7f0e530c967e243226e9b6	product_exact
evidence/spark-delivery-20260910/browser-regressions.mjs	other	100644	62d18ee6559665124fbc2ba63a42970f66e1944e	100644	62d18ee6559665124fbc2ba63a42970f66e1944e	product_exact
evidence/spark-delivery-20260910/lint-shapes.log	other	100644	dfcd1056d6cc48b5646d47a2d3cddb13d1723ded	100644	dfcd1056d6cc48b5646d47a2d3cddb13d1723ded	product_exact
evidence/spark-delivery-20260910/routing-unit-before.log	other	100644	4d2e2b1d431c501a6b5337c0e69d087040f2af16	100644	4d2e2b1d431c501a6b5337c0e69d087040f2af16	product_exact
evidence/spark-delivery-20260910/routing-unit.log	other	100644	e4d7e68174fea952807869990b2ed3b81d270853	100644	e4d7e68174fea952807869990b2ed3b81d270853	product_exact
evidence/spark-delivery-20260910/unit.log	other	100644	8fb01e891046812c7cc188f41bc73c77be9883bd	100644	8fb01e891046812c7cc188f41bc73c77be9883bd	product_exact
evidence/ui-maturity/README.md	other	100644	575aa62d3ffd206a47162242e8e3c7cc18958db7	100644	575aa62d3ffd206a47162242e8e3c7cc18958db7	product_exact
evidence/ui-maturity/baseline-regression-results.txt	other	100644	f5b17e936cf587fe71c451f95068e12fe7464d0c	100644	f5b17e936cf587fe71c451f95068e12fe7464d0c	product_exact
evidence/ui-maturity/controller-results.txt	other	100644	d13397d4828c7bc5f32bff0b62a2fb131884d6bf	100644	d13397d4828c7bc5f32bff0b62a2fb131884d6bf	product_exact
evidence/ui-maturity/current/README.md	other	100644	bad7e57f144b4a10e0e0755ac87fdc12fdb97a37	100644	bad7e57f144b4a10e0e0755ac87fdc12fdb97a37	product_exact
evidence/ui-maturity/current/composition-1440.png	other	100644	28d717929febd9a058c4c76b730e24b121b3c0f9	100644	28d717929febd9a058c4c76b730e24b121b3c0f9	product_exact
evidence/ui-maturity/current/controller-tests.txt	other	100644	5161bc321581be8bdcefdbeae375bb8501cd2c1d	100644	5161bc321581be8bdcefdbeae375bb8501cd2c1d	product_exact
evidence/ui-maturity/current/current-file-390.png	other	100644	4a15ba476ebc5e1f16cb63aca2e49b0b9bd4e6f9	100644	4a15ba476ebc5e1f16cb63aca2e49b0b9bd4e6f9	product_exact
evidence/ui-maturity/current/file-1440.png	other	100644	b9fede03d318b3c374bee607bc4fd2e54fa4d2e1	100644	b9fede03d318b3c374bee607bc4fd2e54fa4d2e1	product_exact
evidence/ui-maturity/current/file-390.png	other	100644	e3ae05bc01f50d4f4f92d9db74c9715397538849	100644	e3ae05bc01f50d4f4f92d9db74c9715397538849	product_exact
evidence/ui-maturity/current/file-430.png	other	100644	f0924e8a3bf4b96632ee42565e101846d3890a42	100644	f0924e8a3bf4b96632ee42565e101846d3890a42	product_exact
evidence/ui-maturity/current/home-1440.png	other	100644	abad2c77e60e69e4c700c19a3d07209bf8cdbc76	100644	abad2c77e60e69e4c700c19a3d07209bf8cdbc76	product_exact
evidence/ui-maturity/current/manifest.json	other	100644	0c604ec0fb93da233011794e7b6b209e05ab7284	100644	0c604ec0fb93da233011794e7b6b209e05ab7284	product_exact
evidence/ui-maturity/current/runtime-tests.txt	other	100644	5109b6ce7c1cb0dca03eaa01c6597bf5b974236a	100644	5109b6ce7c1cb0dca03eaa01c6597bf5b974236a	product_exact
evidence/ui-maturity/current/summary-1440.png	other	100644	aca9799cb1f6bcce7af9a7f60529ca0bddc9ce1f	100644	aca9799cb1f6bcce7af9a7f60529ca0bddc9ce1f	product_exact
evidence/ui-maturity/current/viewport-checks.json	other	100644	95403f9f4b9f02b7699059bef46b93ebaeefdb6b	100644	95403f9f4b9f02b7699059bef46b93ebaeefdb6b	product_exact
evidence/ui-maturity/current/visual-followup.md	other	100644	9733cca48e1f45094b160acb7243edb110c89a69	100644	9733cca48e1f45094b160acb7243edb110c89a69	product_exact
evidence/ui-maturity/manifest.json	other	100644	e0e82a02aa5042336dbe284582380dff41fdd18d	100644	e0e82a02aa5042336dbe284582380dff41fdd18d	product_exact
evidence/ui-maturity/message-edit-counterexamples.mjs	other	100644	e972458f7564576ae70105ae52dfb615ecbea422	100644	e972458f7564576ae70105ae52dfb615ecbea422	product_exact
evidence/ui-maturity/modules/active-390.png	other	100644	b1bc2218314c78630ff6a5d20c153b69c6291f4d	100644	b1bc2218314c78630ff6a5d20c153b69c6291f4d	product_exact
evidence/ui-maturity/modules/overview-1440.png	other	100644	9db16c42b8976883334131f906f71eac7e9a9c7a	100644	9db16c42b8976883334131f906f71eac7e9a9c7a	product_exact
evidence/ui-maturity/modules/thread-390.png	other	100644	b1ca982efb78b86f2f1f013a1747c4522db54acc	100644	b1ca982efb78b86f2f1f013a1747c4522db54acc	product_exact
evidence/ui-maturity/modules/workspace-390.png	other	100644	8356290128229940bebf38a19ea50b60f89457a0	100644	8356290128229940bebf38a19ea50b60f89457a0	product_exact
evidence/ui-maturity/reading-marks/file-1440.png	other	100644	38dc3e76fad40fc6e274e007a7d3ec86711b098a	100644	38dc3e76fad40fc6e274e007a7d3ec86711b098a	product_exact
evidence/ui-maturity/reading-marks/file-390.png	other	100644	bb54ba58c9298600a6db61ffc61a033591f98314	100644	bb54ba58c9298600a6db61ffc61a033591f98314	product_exact
evidence/ui-maturity/run-receipt-counterexamples.mjs	other	100644	5458e556135e80e3349b019deee7693057823c77	100644	5458e556135e80e3349b019deee7693057823c77	product_exact
evidence/ui-maturity/surface-counterexamples.mjs	other	100644	f9d9aaf6be21d5965efed81f3f971b966c3fcf20	100644	f9d9aaf6be21d5965efed81f3f971b966c3fcf20	product_exact
evidence/ui-maturity/typography/file-1440.png	other	100644	8a71b39611cddbb9e4b19cbe63a5bc02205dde8e	100644	8a71b39611cddbb9e4b19cbe63a5bc02205dde8e	product_exact
evidence/ui-maturity/typography/file-390.png	other	100644	c2eb8d0e7110f48dfea26c0f60a931869b2c66c6	100644	c2eb8d0e7110f48dfea26c0f60a931869b2c66c6	product_exact
evidence/ui-maturity/typography/image-study.png	other	100644	408807ed060cae63c4e68a69594ae50e1b958d07	100644	408807ed060cae63c4e68a69594ae50e1b958d07	product_exact
evidence/ui-maturity/typography/thread-1440.png	other	100644	77a0daed3ded5e6f39d65eaef411600f9b3e175d	100644	77a0daed3ded5e6f39d65eaef411600f9b3e175d	product_exact
evidence/ui-maturity/typography/thread-390.png	other	100644	3fb047559249bce720fda704e22fa9026f3666a3	100644	3fb047559249bce720fda704e22fa9026f3666a3	product_exact
evidence/wk10a-r2/README.md	other	100644	b12c048345828ec71ccfeaac4d9ed859e5e1171d	100644	b12c048345828ec71ccfeaac4d9ed859e5e1171d	product_exact
evidence/wk10a-r2/dom-assertions.json	other	100644	56761a76727278b8280ad385496bc1c3c09646ac	100644	56761a76727278b8280ad385496bc1c3c09646ac	product_exact
evidence/wk10a-r2/dom-assertions.mjs	other	100644	7a9c4aea37e43b2d56daf8be1944d79a463bc0e1	100644	7a9c4aea37e43b2d56daf8be1944d79a463bc0e1	product_exact
evidence/wk10a-r2/home-1200-dark.png	other	100644	8fe693258555ccf824d2f9ac04498f4d5a34efcd	100644	8fe693258555ccf824d2f9ac04498f4d5a34efcd	product_exact
evidence/wk10a-r2/home-1200-light.png	other	100644	873bc402e17a9161edd2c7e8be2dbe2d0754f76e	100644	873bc402e17a9161edd2c7e8be2dbe2d0754f76e	product_exact
evidence/wk10a-r2/home-1440-dark.png	other	100644	149d0202cd22f512ef268b58c9518384e4c02775	100644	149d0202cd22f512ef268b58c9518384e4c02775	product_exact
evidence/wk10a-r2/home-1440-light.png	other	100644	9a510809f941fd4bc918bda8defaf8544ad31a73	100644	9a510809f941fd4bc918bda8defaf8544ad31a73	product_exact
evidence/wk10a-r2/home-390-dark.png	other	100644	1f422d7a2ab27add37e2cc05c7c0cbb0eac16279	100644	1f422d7a2ab27add37e2cc05c7c0cbb0eac16279	product_exact
evidence/wk10a-r2/home-390-light.png	other	100644	cb4b98465b781150b44eec0ea1ce31a4051646f2	100644	cb4b98465b781150b44eec0ea1ce31a4051646f2	product_exact
evidence/wk10a-r2/rc-runtime-ui-checks.json	other	100644	d89f2a5c85ef468dde4ba014a89f8d9a9719f2f3	100644	d89f2a5c85ef468dde4ba014a89f8d9a9719f2f3	product_exact
evidence/wk10a-r2/rc-runtime-ui-counterexamples.json	other	100644	044d04ae2020b32482587bc0039302fe78955f38	100644	044d04ae2020b32482587bc0039302fe78955f38	product_exact
evidence/wk10a-r2/rc-runtime-ui-viewport.json	other	100644	dd73e874cf6ecef5d28ffe5f5f27e196b48e34c9	100644	dd73e874cf6ecef5d28ffe5f5f27e196b48e34c9	product_exact
evidence/wk10a-r2/session-collapsed-1200-dark.png	other	100644	e9701e0f20dee0ff98edd42c89a4561d348858a2	100644	e9701e0f20dee0ff98edd42c89a4561d348858a2	product_exact
evidence/wk10a-r2/session-collapsed-1200-light.png	other	100644	77f00ef911cc1d1e29c192ad1ea1c6e3255df6b2	100644	77f00ef911cc1d1e29c192ad1ea1c6e3255df6b2	product_exact
evidence/wk10a-r2/session-collapsed-1440-dark.png	other	100644	612318080983a09fe3983eeda03a15ce0a940b90	100644	612318080983a09fe3983eeda03a15ce0a940b90	product_exact
evidence/wk10a-r2/session-collapsed-1440-light.png	other	100644	f81d0b5aef9166f853717bcf5324f1b017702222	100644	f81d0b5aef9166f853717bcf5324f1b017702222	product_exact
evidence/wk10a-r2/session-collapsed-1440-reduced-motion.png	other	100644	c76b12d128496527ee8de54fa1240506758132b6	100644	c76b12d128496527ee8de54fa1240506758132b6	product_exact
evidence/wk10a-r2/session-collapsed-390-dark.png	other	100644	9ef3b83921d178f7250ba130146f1d6d1e275012	100644	9ef3b83921d178f7250ba130146f1d6d1e275012	product_exact
evidence/wk10a-r2/session-collapsed-390-light.png	other	100644	e4c9362e5e420d504f75383695711166393ae6b4	100644	e4c9362e5e420d504f75383695711166393ae6b4	product_exact
evidence/wk10a-r2/session-expanded-1200-dark.png	other	100644	3ac854f6911c828923bd41d54cdf934f52b1bb61	100644	3ac854f6911c828923bd41d54cdf934f52b1bb61	product_exact
evidence/wk10a-r2/session-expanded-1200-light.png	other	100644	cc4497c45917e7c6fad4c7d0002fd0c3d36a9132	100644	cc4497c45917e7c6fad4c7d0002fd0c3d36a9132	product_exact
evidence/wk10a-r2/session-expanded-1440-dark.png	other	100644	d7c2b809cd2d24cdbb54114638f60a89266ddfbd	100644	d7c2b809cd2d24cdbb54114638f60a89266ddfbd	product_exact
evidence/wk10a-r2/session-expanded-1440-light.png	other	100644	323f257a6b0bc01640f6fc10d900c77ff6575826	100644	323f257a6b0bc01640f6fc10d900c77ff6575826	product_exact
evidence/wk10a-r2/session-expanded-390-dark.png	other	100644	e5b903d696e4a98e64087f4bbd1dfe2fd8d311ad	100644	e5b903d696e4a98e64087f4bbd1dfe2fd8d311ad	product_exact
evidence/wk10a-r2/session-expanded-390-light.png	other	100644	64de87a983cac3baa4ee93df81b805d19575e8dd	100644	64de87a983cac3baa4ee93df81b805d19575e8dd	product_exact
evidence/wk10a-r2/shoot.mjs	other	100644	85a4064d16f8fc61b54083f30b2c83e876d25c2c	100644	85a4064d16f8fc61b54083f30b2c83e876d25c2c	product_exact
evidence/wk10a/README.md	other	100644	bed0e5480720c8c1211e341ec76c1754650d9eba	100644	bed0e5480720c8c1211e341ec76c1754650d9eba	product_exact
evidence/wk10a/dom-assertions.json	other	100644	86bf5ff693b30ad6c2e0b9f0b97189729ff3ce41	100644	86bf5ff693b30ad6c2e0b9f0b97189729ff3ce41	product_exact
evidence/wk10a/dom-assertions.mjs	other	100644	dcd1a08da077d4a363d87eab63fd3ed964e15f24	100644	dcd1a08da077d4a363d87eab63fd3ed964e15f24	product_exact
evidence/wk10a/home-1440-dark.png	other	100644	d14241b2c91f2e3ff511b9dd35a7ab146c57515f	100644	d14241b2c91f2e3ff511b9dd35a7ab146c57515f	product_exact
evidence/wk10a/home-1440-light.png	other	100644	3b8e70b82eb88397d43b1378074e7ee65cd17a2a	100644	3b8e70b82eb88397d43b1378074e7ee65cd17a2a	product_exact
evidence/wk10a/home-390-dark.png	other	100644	a7e5fdbc5c8c3792bf8e0e0d2e0fbe5c9318b6c2	100644	a7e5fdbc5c8c3792bf8e0e0d2e0fbe5c9318b6c2	product_exact
evidence/wk10a/home-390-light.png	other	100644	02faef5ebdeeff36442bd51631bcc637fd5f2a2c	100644	02faef5ebdeeff36442bd51631bcc637fd5f2a2c	product_exact
evidence/wk10a/session-collapsed-1440-dark.png	other	100644	4276859701e3615212875d77f0091d9fdb18c201	100644	4276859701e3615212875d77f0091d9fdb18c201	product_exact
evidence/wk10a/session-collapsed-1440-light.png	other	100644	3df3cc31de8e192e80c75403cbb0511467c7e7e4	100644	3df3cc31de8e192e80c75403cbb0511467c7e7e4	product_exact
evidence/wk10a/session-collapsed-1440-reduced-motion.png	other	100644	259b0777367ff6cedc9d68e3088c90d276d403f0	100644	259b0777367ff6cedc9d68e3088c90d276d403f0	product_exact
evidence/wk10a/session-collapsed-390-dark.png	other	100644	9f255a6eb3a75dafb7c4432485e1e8342b9c79cf	100644	9f255a6eb3a75dafb7c4432485e1e8342b9c79cf	product_exact
evidence/wk10a/session-collapsed-390-light.png	other	100644	c4e70970c67745c9252ee79f72e114941c0b046e	100644	c4e70970c67745c9252ee79f72e114941c0b046e	product_exact
evidence/wk10a/session-expanded-1440-dark.png	other	100644	dc64594549b371ba2ff75a336a88bb276b7d94d5	100644	dc64594549b371ba2ff75a336a88bb276b7d94d5	product_exact
evidence/wk10a/session-expanded-1440-light.png	other	100644	6d7fd57d2d037d3df140ab4b89ee064410144faa	100644	6d7fd57d2d037d3df140ab4b89ee064410144faa	product_exact
evidence/wk10a/session-expanded-390-dark.png	other	100644	258080fb51d05dd6ee8ff6f7a5272bc6d39d50f7	100644	258080fb51d05dd6ee8ff6f7a5272bc6d39d50f7	product_exact
evidence/wk10a/session-expanded-390-light.png	other	100644	6c17f5a312a1b4c07cf44cbf386cff98f69cb631	100644	6c17f5a312a1b4c07cf44cbf386cff98f69cb631	product_exact
evidence/wk10a/shoot.mjs	other	100644	c92ed09f3dab1e84396a72df5a0b1a2409200882	100644	c92ed09f3dab1e84396a72df5a0b1a2409200882	product_exact
evidence/wk10b-main-integration-20260908/README.md	other	100644	6cf97cbd270fda8a72070891f91cdfbc1aa1ea0b	100644	6cf97cbd270fda8a72070891f91cdfbc1aa1ea0b	product_exact
evidence/wk10b-main-integration-20260908/bind.mjs	other	100644	cad8254199fa64c221aed2928341d1c885b35142	100644	cad8254199fa64c221aed2928341d1c885b35142	product_exact
evidence/wk10b-main-integration-20260908/browser.log	other	100644	dc8fb71c78d16309077d1cf7ae897bcd87287491	100644	dc8fb71c78d16309077d1cf7ae897bcd87287491	product_exact
evidence/wk10b-main-integration-20260908/checks-before-fix.json	other	100644	27892654e7f00ebe472c0dfd34c57085d96eb909	100644	27892654e7f00ebe472c0dfd34c57085d96eb909	product_exact
evidence/wk10b-main-integration-20260908/checks.json	other	100644	9e61f7db8801259a47ceee9c5ce0dc87b8430eb0	100644	9e61f7db8801259a47ceee9c5ce0dc87b8430eb0	product_exact
evidence/wk10b-main-integration-20260908/checks.mjs	other	100644	02d1ad3144a6f1b9dd91c7d08daa8a739ecfff1c	100644	02d1ad3144a6f1b9dd91c7d08daa8a739ecfff1c	product_exact
evidence/wk10b-main-integration-20260908/contrast.log	other	100644	62f7783083541320f1dc8f60d6c273a3de1690a8	100644	62f7783083541320f1dc8f60d6c273a3de1690a8	product_exact
evidence/wk10b-main-integration-20260908/harness.mjs	other	100644	fe1451f8b9754a2b6002346d5a8cfe05629f2385	100644	fe1451f8b9754a2b6002346d5a8cfe05629f2385	product_exact
evidence/wk10b-main-integration-20260908/independent-review.md	other	100644	2e4b52abd5af436416cac5a7533e8d9d2d2684bc	100644	2e4b52abd5af436416cac5a7533e8d9d2d2684bc	product_exact
evidence/wk10b-main-integration-20260908/lint.log	other	100644	c3382d339e70082d7e22e8462704a707019b0008	100644	c3382d339e70082d7e22e8462704a707019b0008	product_exact
evidence/wk10b-main-integration-20260908/overlay.json	other	100644	3be87f04cad02a22a94fa2f0ca000bda5cd8f64a	100644	3be87f04cad02a22a94fa2f0ca000bda5cd8f64a	product_exact
evidence/wk10b-main-integration-20260908/overlay.mjs	other	100644	f4dc3b4ecbc31a2a751ef2979d60c6b5c4883571	100644	f4dc3b4ecbc31a2a751ef2979d60c6b5c4883571	product_exact
evidence/wk10b-main-integration-20260908/seed.json	other	100644	058dcdcee0f71d3d4eac4acc0428af0a08a7c36a	100644	058dcdcee0f71d3d4eac4acc0428af0a08a7c36a	product_exact
evidence/wk10b-main-integration-20260908/seed.mjs	other	100644	5cc2149e7884ad9896b4ea9b55f2e4356f334e9b	100644	5cc2149e7884ad9896b4ea9b55f2e4356f334e9b	product_exact
evidence/wk10b-main-integration-20260908/smoke.log	other	100644	94693eb2daccc61842c4c1351d2287f484615702	100644	94693eb2daccc61842c4c1351d2287f484615702	product_exact
evidence/wk10b-main-integration-20260908/tests.log	other	100644	0c779c50fa8261094254a1a10207d41721ca030e	100644	0c779c50fa8261094254a1a10207d41721ca030e	product_exact
evidence/wk10b2-main-integration-20260908/README.md	other	100644	fe6d839318df12af6205052a0746940e1c6575a5	100644	fe6d839318df12af6205052a0746940e1c6575a5	product_exact
evidence/wk10b2-main-integration-20260908/browser-loading.json	other	100644	555fd3fcb9a5e512b1da89009131944ab94a1315	100644	555fd3fcb9a5e512b1da89009131944ab94a1315	product_exact
evidence/wk10b2-main-integration-20260908/checks.json	other	100644	004e169a952f2f40657a279851581e6df0b186db	100644	004e169a952f2f40657a279851581e6df0b186db	product_exact
evidence/wk10b2-main-integration-20260908/checks.log	other	100644	45bd94cf0e685f871739fe6dea677132e84341c4	100644	45bd94cf0e685f871739fe6dea677132e84341c4	product_exact
evidence/wk10b2-main-integration-20260908/checks.mjs	other	100644	bc3ce10b3361e71faea5cdd51d17d599b3403d57	100644	bc3ce10b3361e71faea5cdd51d17d599b3403d57	product_exact
evidence/wk10b2-main-integration-20260908/contrast.log	other	100644	62f7783083541320f1dc8f60d6c273a3de1690a8	100644	62f7783083541320f1dc8f60d6c273a3de1690a8	product_exact
evidence/wk10b2-main-integration-20260908/fallbacks.json	other	100644	d5a30795c0e31d92498813054dbf25f5761d9ccd	100644	d5a30795c0e31d92498813054dbf25f5761d9ccd	product_exact
evidence/wk10b2-main-integration-20260908/fallbacks.log	other	100644	5772972dd8085979afa36b8e9b4d72c322d0e04f	100644	5772972dd8085979afa36b8e9b4d72c322d0e04f	product_exact
evidence/wk10b2-main-integration-20260908/fallbacks.mjs	other	100644	d0b8d03e7c0bdb6abfc6edb3fa5c79f1dbc2b124	100644	d0b8d03e7c0bdb6abfc6edb3fa5c79f1dbc2b124	product_exact
evidence/wk10b2-main-integration-20260908/harness.mjs	other	100644	c02a840796d7a2590a5906146cb1fb704946df8c	100644	c02a840796d7a2590a5906146cb1fb704946df8c	product_exact
evidence/wk10b2-main-integration-20260908/lint.log	other	100644	c3382d339e70082d7e22e8462704a707019b0008	100644	c3382d339e70082d7e22e8462704a707019b0008	product_exact
evidence/wk10b2-main-integration-20260908/run-chain.json	other	100644	389a430477d8bb06d5081fb80e562272c67f16a5	100644	389a430477d8bb06d5081fb80e562272c67f16a5	product_exact
evidence/wk10b2-main-integration-20260908/run-chain.log	other	100644	fbec3684b3df362587df06cc927d1a55fa0ebeb1	100644	fbec3684b3df362587df06cc927d1a55fa0ebeb1	product_exact
evidence/wk10b2-main-integration-20260908/run-chain.mjs	other	100644	dcc538e78ecd355e5b25f2e55e9324148e3914b9	100644	dcc538e78ecd355e5b25f2e55e9324148e3914b9	product_exact
evidence/wk10b2-main-integration-20260908/run-chain.png	other	100644	c7f4aad8c3f2288961f5fe6a9a365d126d0cb3c0	100644	c7f4aad8c3f2288961f5fe6a9a365d126d0cb3c0	product_exact
evidence/wk10b2-main-integration-20260908/seed.json	other	100644	3be95a87610994d78295656b433572cd98e81d3f	100644	3be95a87610994d78295656b433572cd98e81d3f	product_exact
evidence/wk10b2-main-integration-20260908/seed.log	other	100644	6b703c3d37d5d5583be64146d5d3abb55efc1570	100644	6b703c3d37d5d5583be64146d5d3abb55efc1570	product_exact
evidence/wk10b2-main-integration-20260908/seed.mjs	other	100644	a3c38baf7be7d6fee0150f1b32dcd629e50b0080	100644	a3c38baf7be7d6fee0150f1b32dcd629e50b0080	product_exact
evidence/wk10b2-main-integration-20260908/smoke.log	other	100644	94693eb2daccc61842c4c1351d2287f484615702	100644	94693eb2daccc61842c4c1351d2287f484615702	product_exact
evidence/wk10b2-main-integration-20260908/tests.log	other	100644	e876ae9f681f3472d73aaf5a686bfd45c20217e0	100644	e876ae9f681f3472d73aaf5a686bfd45c20217e0	product_exact
evidence/wk11-main-integration-20260909/README.md	other	100644	1d6e307e0caeb968f11fef133f27112605ac3ce6	100644	1d6e307e0caeb968f11fef133f27112605ac3ce6	product_exact
evidence/wk11-main-integration-20260909/browser.mjs	other	100644	e9131dd60ca99da49b2a6931af3289b4e8106232	100644	e9131dd60ca99da49b2a6931af3289b4e8106232	product_exact
evidence/wk11-main-integration-20260909/contrast.log	other	100644	62f7783083541320f1dc8f60d6c273a3de1690a8	100644	62f7783083541320f1dc8f60d6c273a3de1690a8	product_exact
evidence/wk11-main-integration-20260909/fe-t03.json	other	100644	c0b8f4fe9b93b162a0e229c250eee8bf554cc51b	100644	c0b8f4fe9b93b162a0e229c250eee8bf554cc51b	product_exact
evidence/wk11-main-integration-20260909/fe-t03.log	other	100644	9c630be4a96fd1be4640814a9e09c5031d36dd8d	100644	9c630be4a96fd1be4640814a9e09c5031d36dd8d	product_exact
evidence/wk11-main-integration-20260909/fe-t03.mjs	other	100644	49dc0ab853ee6efd25f1ae17c7b85365fae7f002	100644	49dc0ab853ee6efd25f1ae17c7b85365fae7f002	product_exact
evidence/wk11-main-integration-20260909/install.log	other	100644	eecbcfc6725e112584fe0a1c28de815f887dc1fc	100644	eecbcfc6725e112584fe0a1c28de815f887dc1fc	product_exact
evidence/wk11-main-integration-20260909/lint.log	other	100644	526be9bc786fa00f2a7e7bfe6a5ed50a34d37416	100644	526be9bc786fa00f2a7e7bfe6a5ed50a34d37416	product_exact
evidence/wk11-main-integration-20260909/mcp-permission.png	other	100644	d3058e71bcbdb3b6c9105da24c9e36b7e7c0f8bb	100644	d3058e71bcbdb3b6c9105da24c9e36b7e7c0f8bb	product_exact
evidence/wk11-main-integration-20260909/mcp-seed.json	other	100644	d6785f45919f1b2ee38c57252f2acc410259b7e2	100644	d6785f45919f1b2ee38c57252f2acc410259b7e2	product_exact
evidence/wk11-main-integration-20260909/mcp-unknown.json	other	100644	4c490662bd5b97f20a96741584829d9edffe75c2	100644	4c490662bd5b97f20a96741584829d9edffe75c2	product_exact
evidence/wk11-main-integration-20260909/mcp-unknown.log	other	100644	e69de29bb2d1d6434b8b29ae775ad8c2e48c5391	100644	e69de29bb2d1d6434b8b29ae775ad8c2e48c5391	product_exact
evidence/wk11-main-integration-20260909/mcp-unknown.mjs	other	100644	d8911e1195c852abdca6593a367fcd3afe5a4227	100644	d8911e1195c852abdca6593a367fcd3afe5a4227	product_exact
evidence/wk11-main-integration-20260909/mcp-unknown.png	other	100644	8ac5dd403d64560d7bfbab5b14fa5f2b01f725c0	100644	8ac5dd403d64560d7bfbab5b14fa5f2b01f725c0	product_exact
evidence/wk11-main-integration-20260909/rc/mcp-fixture.mjs	other	100644	6176b27950bbff42a372f7e05c22559e69e4d2c7	100644	6176b27950bbff42a372f7e05c22559e69e4d2c7	product_exact
evidence/wk11-main-integration-20260909/rc/reset-fixture.mjs	other	100644	d4a62bedbb6b97a54d5bd440f6582f2eb989a461	100644	d4a62bedbb6b97a54d5bd440f6582f2eb989a461	product_exact
evidence/wk11-main-integration-20260909/rc/reset.json	other	100644	37034281ea42daeb83f0442165f5ce431b5eaa85	100644	37034281ea42daeb83f0442165f5ce431b5eaa85	product_exact
evidence/wk11-main-integration-20260909/rc/runtime-ui-checks.json	other	100644	67142232854c85480a75bf012e0c1ff911dc34ca	100644	67142232854c85480a75bf012e0c1ff911dc34ca	product_exact
evidence/wk11-main-integration-20260909/rc/runtime-ui-checks.mjs	other	100644	fd7f62bbf105d295f936f310324032111ea903dd	100644	fd7f62bbf105d295f936f310324032111ea903dd	product_exact
evidence/wk11-main-integration-20260909/rc/runtime-ui-counterexamples.json	other	100644	f9279d8b0da59005269b981bd0684b107915cf55	100644	f9279d8b0da59005269b981bd0684b107915cf55	product_exact
evidence/wk11-main-integration-20260909/rc/runtime-ui-counterexamples.mjs	other	100644	e69a5b9082a11f7f0e91ddeacaa1e9ad12f7042c	100644	e69a5b9082a11f7f0e91ddeacaa1e9ad12f7042c	product_exact
evidence/wk11-main-integration-20260909/rc/runtime-ui-viewport.json	other	100644	b7ec15230367ee4c093b804b8b866845c9e2a5e3	100644	b7ec15230367ee4c093b804b8b866845c9e2a5e3	product_exact
evidence/wk11-main-integration-20260909/rc/runtime-ui-viewport.mjs	other	100644	5a0aba53e3b895148c2e9bf27f276c729f38b088	100644	5a0aba53e3b895148c2e9bf27f276c729f38b088	product_exact
evidence/wk11-main-integration-20260909/rc/seed-fixture.mjs	other	100644	4526c7c88e830c038a38b9c160b34061998f2fa0	100644	4526c7c88e830c038a38b9c160b34061998f2fa0	product_exact
evidence/wk11-main-integration-20260909/rc/seed.json	other	100644	66713ba22dcd7bd055b7426d5681426eda19b96e	100644	66713ba22dcd7bd055b7426d5681426eda19b96e	product_exact
evidence/wk11-main-integration-20260909/rc/verify.log	other	100644	41f2a855db80d60b90554c633492da4fb95f00f0	100644	41f2a855db80d60b90554c633492da4fb95f00f0	product_exact
evidence/wk11-main-integration-20260909/rc/verify.mjs	other	100644	ea39d15351057736ab9ea68c413355a62f38c77e	100644	ea39d15351057736ab9ea68c413355a62f38c77e	product_exact
evidence/wk11-main-integration-20260909/smoke.log	other	100644	94693eb2daccc61842c4c1351d2287f484615702	100644	94693eb2daccc61842c4c1351d2287f484615702	product_exact
evidence/wk11-main-integration-20260909/tests.log	other	100644	c06975fdd77e2e29f1ceefc25632075d61094e4e	100644	c06975fdd77e2e29f1ceefc25632075d61094e4e	product_exact
evidence/wk12-main-integration-20260909/README.md	other	100644	3399e583c24869227b8a61a0f7d8c930f92c9dc5	100644	3399e583c24869227b8a61a0f7d8c930f92c9dc5	product_exact
evidence/wk12-main-integration-20260909/appearance-1440-dark.png	other	100644	87047d11ffedb42a98adc2b6673056c73313abc2	100644	87047d11ffedb42a98adc2b6673056c73313abc2	product_exact
evidence/wk12-main-integration-20260909/appearance-200pct-light.png	other	100644	d7d670979262a2fc230e9ed5f942342cea41cf22	100644	d7d670979262a2fc230e9ed5f942342cea41cf22	product_exact
evidence/wk12-main-integration-20260909/appearance-390-dark.png	other	100644	f16832aeb0812d7108369e86536ddfe853ea59b8	100644	f16832aeb0812d7108369e86536ddfe853ea59b8	product_exact
evidence/wk12-main-integration-20260909/appearance-390-light.png	other	100644	0b9506f4b2f07ef4cefd5feec900e7ab378344aa	100644	0b9506f4b2f07ef4cefd5feec900e7ab378344aa	product_exact
evidence/wk12-main-integration-20260909/appearance-reduced-motion-1440-light.png	other	100644	eabffef12069484cd0d8366466e35d3e51b1a3e3	100644	eabffef12069484cd0d8366466e35d3e51b1a3e3	product_exact
evidence/wk12-main-integration-20260909/appearance-text-large-1440-light.png	other	100644	1b94073dc1d48012dfe4493f448abe79a91363c7	100644	1b94073dc1d48012dfe4493f448abe79a91363c7	product_exact
evidence/wk12-main-integration-20260909/appearance-text-medium-1440-light.png	other	100644	2a1164e427414c57dddc999857ebf32f81246ff4	100644	2a1164e427414c57dddc999857ebf32f81246ff4	product_exact
evidence/wk12-main-integration-20260909/appearance-text-small-1440-light.png	other	100644	64ab5eaafa728d80b9f299d9aae9ad3f8028282f	100644	64ab5eaafa728d80b9f299d9aae9ad3f8028282f	product_exact
evidence/wk12-main-integration-20260909/browser.mjs	other	100644	e9131dd60ca99da49b2a6931af3289b4e8106232	100644	e9131dd60ca99da49b2a6931af3289b4e8106232	product_exact
evidence/wk12-main-integration-20260909/checks-appearance.json	other	100644	203acbda7718cfdea05297e362d34167cf33f3f9	100644	203acbda7718cfdea05297e362d34167cf33f3f9	product_exact
evidence/wk12-main-integration-20260909/checks-appearance.log	other	100644	319209180ee6434488ccd323b0a156f6a160ae68	100644	319209180ee6434488ccd323b0a156f6a160ae68	product_exact
evidence/wk12-main-integration-20260909/checks-appearance.mjs	other	100644	39509184263cd548fdbf57e078d3a412bab558b4	100644	39509184263cd548fdbf57e078d3a412bab558b4	product_exact
evidence/wk12-main-integration-20260909/checks-fe-t09.json	other	100644	5d98b51d96b58465cbf5e8f63798359cf2e11ed5	100644	5d98b51d96b58465cbf5e8f63798359cf2e11ed5	product_exact
evidence/wk12-main-integration-20260909/checks-fe-t09.log	other	100644	b1a545e107fee9caa68ab01600d950f03e134376	100644	b1a545e107fee9caa68ab01600d950f03e134376	product_exact
evidence/wk12-main-integration-20260909/checks-fe-t09.mjs	other	100644	417d480513759143cb7f84f10d601222ab10290e	100644	417d480513759143cb7f84f10d601222ab10290e	product_exact
evidence/wk12-main-integration-20260909/checks-fe-t10.json	other	100644	3a2fc2097168a15b3d32139025166d23f0e2b8b8	100644	3a2fc2097168a15b3d32139025166d23f0e2b8b8	product_exact
evidence/wk12-main-integration-20260909/checks-fe-t10.log	other	100644	bc7eea5d9e2df247b1eacfcfdb0a3d04f476c736	100644	bc7eea5d9e2df247b1eacfcfdb0a3d04f476c736	product_exact
evidence/wk12-main-integration-20260909/checks-fe-t10.mjs	other	100644	17cf51d7866f7f74f3da1cd751ccd00fe648f430	100644	17cf51d7866f7f74f3da1cd751ccd00fe648f430	product_exact
evidence/wk12-main-integration-20260909/checks-groups.json	other	100644	0a06eb278dee2ae7c88424678565851864efbe0c	100644	0a06eb278dee2ae7c88424678565851864efbe0c	product_exact
evidence/wk12-main-integration-20260909/checks-groups.log	other	100644	f6d05cd5551cf7f6858c421fa50c7303935b96b1	100644	f6d05cd5551cf7f6858c421fa50c7303935b96b1	product_exact
evidence/wk12-main-integration-20260909/checks-groups.mjs	other	100644	5d2c990a9fd7c84f38b527d574a86ccdd4c42034	100644	5d2c990a9fd7c84f38b527d574a86ccdd4c42034	product_exact
evidence/wk12-main-integration-20260909/checks-noflash.json	other	100644	a911f56e31e021a86dba4bad94fa92c7525708df	100644	a911f56e31e021a86dba4bad94fa92c7525708df	product_exact
evidence/wk12-main-integration-20260909/checks-noflash.log	other	100644	a5e4d4687f852c052f19781126ee2d9cd9a2b6aa	100644	a5e4d4687f852c052f19781126ee2d9cd9a2b6aa	product_exact
evidence/wk12-main-integration-20260909/checks-noflash.mjs	other	100644	77bf8b6a4dd6a7f0f04526cdd73daa8dfb879339	100644	77bf8b6a4dd6a7f0f04526cdd73daa8dfb879339	product_exact
evidence/wk12-main-integration-20260909/checks-shell.json	other	100644	19bc1036807bcf7af15bd6a832b250720028a155	100644	19bc1036807bcf7af15bd6a832b250720028a155	product_exact
evidence/wk12-main-integration-20260909/checks-shell.log	other	100644	c1c015cfe3264eeaf462e12ee7dbb3a53ff7e563	100644	c1c015cfe3264eeaf462e12ee7dbb3a53ff7e563	product_exact
evidence/wk12-main-integration-20260909/checks-shell.mjs	other	100644	85ff8ad1183a5569f271f43491c5096a44520ca8	100644	85ff8ad1183a5569f271f43491c5096a44520ca8	product_exact
evidence/wk12-main-integration-20260909/contrast.log	other	100644	62f7783083541320f1dc8f60d6c273a3de1690a8	100644	62f7783083541320f1dc8f60d6c273a3de1690a8	product_exact
evidence/wk12-main-integration-20260909/group-appearance-1440-light.png	other	100644	cc3d16f79d6c17701497287e2b471108fd702772	100644	cc3d16f79d6c17701497287e2b471108fd702772	product_exact
evidence/wk12-main-integration-20260909/group-developer-1440-light.png	other	100644	e2ce7eaafd87c14b346938e1030785583e33a0bb	100644	e2ce7eaafd87c14b346938e1030785583e33a0bb	product_exact
evidence/wk12-main-integration-20260909/group-general-1440-light.png	other	100644	55548853ee01b91a79b8b2834bc3b3b6d4e3539e	100644	55548853ee01b91a79b8b2834bc3b3b6d4e3539e	product_exact
evidence/wk12-main-integration-20260909/group-general-390-light.png	other	100644	a536f1fe1bc855315497696a536ec0241bb56192	100644	a536f1fe1bc855315497696a536ec0241bb56192	product_exact
evidence/wk12-main-integration-20260909/group-keyboard-1440-light.png	other	100644	9d9d35c66124dfd801280f8519e01dffb0e0bc13	100644	9d9d35c66124dfd801280f8519e01dffb0e0bc13	product_exact
evidence/wk12-main-integration-20260909/group-runtime-1440-light.png	other	100644	6ce9081a607e2d1c60a49e0297770b60c7bb8e1b	100644	6ce9081a607e2d1c60a49e0297770b60c7bb8e1b	product_exact
evidence/wk12-main-integration-20260909/harness.mjs	other	100644	76bfea5e452eb9cf5fea4232e07324f85225bf57	100644	76bfea5e452eb9cf5fea4232e07324f85225bf57	product_exact
evidence/wk12-main-integration-20260909/lint.log	other	100644	526be9bc786fa00f2a7e7bfe6a5ed50a34d37416	100644	526be9bc786fa00f2a7e7bfe6a5ed50a34d37416	product_exact
evidence/wk12-main-integration-20260909/preview-gray-steel-1440-light.png	other	100644	4c42b28dea38bb059b00042c5ea4da027bfe6be9	100644	4c42b28dea38bb059b00042c5ea4da027bfe6be9	product_exact
evidence/wk12-main-integration-20260909/preview-slate-1440-light.png	other	100644	ff1213e4a214ea9ae45ecc5809c7249fb5fc3318	100644	ff1213e4a214ea9ae45ecc5809c7249fb5fc3318	product_exact
evidence/wk12-main-integration-20260909/preview-user-tokens-1440-light.png	other	100644	50772a2758ba525e7bfdc7874076216f9c269f42	100644	50772a2758ba525e7bfdc7874076216f9c269f42	product_exact
evidence/wk12-main-integration-20260909/preview-user-tokens-rejected-1440-light.png	other	100644	dc53c32680ef62ee6fcd6a3b7aa8295d68e7c86e	100644	dc53c32680ef62ee6fcd6a3b7aa8295d68e7c86e	product_exact
evidence/wk12-main-integration-20260909/shots.json	other	100644	9d2b3034da4f19be38502a9e0bca5d878fd14087	100644	9d2b3034da4f19be38502a9e0bca5d878fd14087	product_exact
evidence/wk12-main-integration-20260909/shots.log	other	100644	235c68ec755e092f0f04aeb11249bc38ac31e7f3	100644	235c68ec755e092f0f04aeb11249bc38ac31e7f3	product_exact
evidence/wk12-main-integration-20260909/shots.mjs	other	100644	4d59561f553a0002cc6b934ebebb1b3a086baf71	100644	4d59561f553a0002cc6b934ebebb1b3a086baf71	product_exact
evidence/wk12-main-integration-20260909/smoke.log	other	100644	94693eb2daccc61842c4c1351d2287f484615702	100644	94693eb2daccc61842c4c1351d2287f484615702	product_exact
evidence/wk12-main-integration-20260909/tests.log	other	100644	81c9813becdce958cd860998c313b51d1c1212ba	100644	81c9813becdce958cd860998c313b51d1c1212ba	product_exact
evidence/wk13-main-integration-20260908/README.md	other	100644	796b867ba51b0a21840c45ce6efc82f320a95b02	100644	796b867ba51b0a21840c45ce6efc82f320a95b02	product_exact
evidence/wk13-main-integration-20260908/browser.mjs	other	100644	e9131dd60ca99da49b2a6931af3289b4e8106232	100644	e9131dd60ca99da49b2a6931af3289b4e8106232	product_exact
evidence/wk13-main-integration-20260908/configure-fixture.mjs	other	100644	2975c595678be1990e0197bdf46b3b3dc3774749	100644	2975c595678be1990e0197bdf46b3b3dc3774749	product_exact
evidence/wk13-main-integration-20260908/contrast.log	other	100644	62f7783083541320f1dc8f60d6c273a3de1690a8	100644	62f7783083541320f1dc8f60d6c273a3de1690a8	product_exact
evidence/wk13-main-integration-20260908/home-cards-1440-light.png	other	100644	ea1e628f12691d4a75b4ab4430f486b141f3ca7f	100644	ea1e628f12691d4a75b4ab4430f486b141f3ca7f	product_exact
evidence/wk13-main-integration-20260908/home-checks.json	other	100644	ee07805dce2533d6e2d3a120dfff1f9933e9b124	100644	ee07805dce2533d6e2d3a120dfff1f9933e9b124	product_exact
evidence/wk13-main-integration-20260908/home-checks.log	other	100644	a497fa64726856fda84be881172e38823d03b3ee	100644	a497fa64726856fda84be881172e38823d03b3ee	product_exact
evidence/wk13-main-integration-20260908/home-checks.mjs	other	100644	afd0beb136a322a42b64dbfc20eb0a80df90223c	100644	afd0beb136a322a42b64dbfc20eb0a80df90223c	product_exact
evidence/wk13-main-integration-20260908/home-empty-1440-light.png	other	100644	6e3a4f9accf057a12fafdb2bb320f4f18555eaf4	100644	6e3a4f9accf057a12fafdb2bb320f4f18555eaf4	product_exact
evidence/wk13-main-integration-20260908/home-read-failure-1440-light.png	other	100644	383d4647489bf0b84a0da1f9ded6835baccaebfa	100644	383d4647489bf0b84a0da1f9ded6835baccaebfa	product_exact
evidence/wk13-main-integration-20260908/home-rows-1440-dark.png	other	100644	8329bf9c731ebfdebb68cf0e0540b5f7f8da5254	100644	8329bf9c731ebfdebb68cf0e0540b5f7f8da5254	product_exact
evidence/wk13-main-integration-20260908/home-rows-1440-light.png	other	100644	83d7d753ddc37d1c9034264011b542506c82bdfd	100644	83d7d753ddc37d1c9034264011b542506c82bdfd	product_exact
evidence/wk13-main-integration-20260908/home-rows-200pct-light.png	other	100644	26c9a75e71962bae4335d4aad6ef0150ff410d33	100644	26c9a75e71962bae4335d4aad6ef0150ff410d33	product_exact
evidence/wk13-main-integration-20260908/home-rows-390-dark.png	other	100644	a0b05ca9b49d8bab1b66a560d2d39f298059c430	100644	a0b05ca9b49d8bab1b66a560d2d39f298059c430	product_exact
evidence/wk13-main-integration-20260908/home-rows-390-light.png	other	100644	fdb5faaef1fa0f0854f74a62e38a638dff8d908b	100644	fdb5faaef1fa0f0854f74a62e38a638dff8d908b	product_exact
evidence/wk13-main-integration-20260908/home-states-empty.json	other	100644	3bd83aeb13bc3418067248dda404a847451e7047	100644	3bd83aeb13bc3418067248dda404a847451e7047	product_exact
evidence/wk13-main-integration-20260908/home-states-empty.log	other	100644	eaa75600e59e645862b0861225de898134b7b8f5	100644	eaa75600e59e645862b0861225de898134b7b8f5	product_exact
evidence/wk13-main-integration-20260908/home-states-rows.json	other	100644	97b3a3dcb6de8fd612d6bc3bc1ea45753ca15051	100644	97b3a3dcb6de8fd612d6bc3bc1ea45753ca15051	product_exact
evidence/wk13-main-integration-20260908/home-states-rows.log	other	100644	ec33e213ae2b1163ae5d1888f374ef03abc6a7e8	100644	ec33e213ae2b1163ae5d1888f374ef03abc6a7e8	product_exact
evidence/wk13-main-integration-20260908/home-states-truncate.json	other	100644	da73701505a643cee855635729e7b41cbfef6cc9	100644	da73701505a643cee855635729e7b41cbfef6cc9	product_exact
evidence/wk13-main-integration-20260908/home-states-truncate.log	other	100644	db852d0be22012124d61b90d3177c69c6f0490e0	100644	db852d0be22012124d61b90d3177c69c6f0490e0	product_exact
evidence/wk13-main-integration-20260908/home-states.mjs	other	100644	80dd86ca8354592ac7e2f08b9d7c233b76764ff4	100644	80dd86ca8354592ac7e2f08b9d7c233b76764ff4	product_exact
evidence/wk13-main-integration-20260908/home-truncated-1440-light.png	other	100644	4c0cecadcb33d4fa4ed34490d6cd3bad89549f15	100644	4c0cecadcb33d4fa4ed34490d6cd3bad89549f15	product_exact
evidence/wk13-main-integration-20260908/lint.log	other	100644	526be9bc786fa00f2a7e7bfe6a5ed50a34d37416	100644	526be9bc786fa00f2a7e7bfe6a5ed50a34d37416	product_exact
evidence/wk13-main-integration-20260908/regression/empty.log	other	100644	05a0270d6eee252f2051384d7de28f5206766557	100644	05a0270d6eee252f2051384d7de28f5206766557	product_exact
evidence/wk13-main-integration-20260908/regression/home-checks.log	other	100644	f04fa001b4952b09c3d6d69da63ca89a2eb3b32e	100644	f04fa001b4952b09c3d6d69da63ca89a2eb3b32e	product_exact
evidence/wk13-main-integration-20260908/regression/home-checks.mjs	other	100644	e9727d6bf5e9fddc29bf2cb75cff427f74f95299	100644	e9727d6bf5e9fddc29bf2cb75cff427f74f95299	product_exact
evidence/wk13-main-integration-20260908/regression/home-empty-1440-dark.png	other	100644	a642f068005e4419818a0271ecbf6ca5c6af90b5	100644	a642f068005e4419818a0271ecbf6ca5c6af90b5	product_exact
evidence/wk13-main-integration-20260908/regression/home-empty-1440-light.png	other	100644	6e3a4f9accf057a12fafdb2bb320f4f18555eaf4	100644	6e3a4f9accf057a12fafdb2bb320f4f18555eaf4	product_exact
evidence/wk13-main-integration-20260908/regression/home-empty-390-dark.png	other	100644	c62a30cc935dbe4f274ca4915c5658e6c158bd17	100644	c62a30cc935dbe4f274ca4915c5658e6c158bd17	product_exact
evidence/wk13-main-integration-20260908/regression/home-empty-390-light.png	other	100644	79a8c354acbafdb0ff99307f2cea8ed84da0d945	100644	79a8c354acbafdb0ff99307f2cea8ed84da0d945	product_exact
evidence/wk13-main-integration-20260908/regression/home-empty-geometry.json	other	100644	bc0cbd4f8ffc41155d14631c8d75ca8bac39cb4b	100644	bc0cbd4f8ffc41155d14631c8d75ca8bac39cb4b	product_exact
evidence/wk13-main-integration-20260908/regression/home-geometry.mjs	other	100644	8c159846ef50366a059a9ed0cb30c3ad353e8b68	100644	8c159846ef50366a059a9ed0cb30c3ad353e8b68	product_exact
evidence/wk13-main-integration-20260908/regression/home-rows-1440-dark.png	other	100644	8329bf9c731ebfdebb68cf0e0540b5f7f8da5254	100644	8329bf9c731ebfdebb68cf0e0540b5f7f8da5254	product_exact
evidence/wk13-main-integration-20260908/regression/home-rows-1440-light.png	other	100644	83d7d753ddc37d1c9034264011b542506c82bdfd	100644	83d7d753ddc37d1c9034264011b542506c82bdfd	product_exact
evidence/wk13-main-integration-20260908/regression/home-rows-390-dark.png	other	100644	a0b05ca9b49d8bab1b66a560d2d39f298059c430	100644	a0b05ca9b49d8bab1b66a560d2d39f298059c430	product_exact
evidence/wk13-main-integration-20260908/regression/home-rows-390-light.png	other	100644	fdb5faaef1fa0f0854f74a62e38a638dff8d908b	100644	fdb5faaef1fa0f0854f74a62e38a638dff8d908b	product_exact
evidence/wk13-main-integration-20260908/regression/home-rows-geometry.json	other	100644	3aadbda01160da6209aadc84bfdea4080c8700c2	100644	3aadbda01160da6209aadc84bfdea4080c8700c2	product_exact
evidence/wk13-main-integration-20260908/regression/rows.log	other	100644	11c82963c2c6e3d1cfa22ec9050dd7ce5ff94f7b	100644	11c82963c2c6e3d1cfa22ec9050dd7ce5ff94f7b	product_exact
evidence/wk13-main-integration-20260908/seed-rows.log	other	100644	6999336f160ec345d8a2d125a350b85b1856d3fb	100644	6999336f160ec345d8a2d125a350b85b1856d3fb	product_exact
evidence/wk13-main-integration-20260908/seed-truncate.log	other	100644	42e3462553e5c78f0d1421b258059c65c573f42e	100644	42e3462553e5c78f0d1421b258059c65c573f42e	product_exact
evidence/wk13-main-integration-20260908/seed.mjs	other	100644	160a02da465cf9c5c1052124a0005a54fafc92bc	100644	160a02da465cf9c5c1052124a0005a54fafc92bc	product_exact
evidence/wk13-main-integration-20260908/session-unbound-1440-light.png	other	100644	cec590bf14e34224a9a9b5e17a17e44633718537	100644	cec590bf14e34224a9a9b5e17a17e44633718537	product_exact
evidence/wk13-main-integration-20260908/smoke.log	other	100644	94693eb2daccc61842c4c1351d2287f484615702	100644	94693eb2daccc61842c4c1351d2287f484615702	product_exact
evidence/wk13-main-integration-20260908/static.json	other	100644	b4fc0f5066577b954b48ee66ecd20c80362efe1c	100644	b4fc0f5066577b954b48ee66ecd20c80362efe1c	product_exact
evidence/wk13-main-integration-20260908/tests.log	other	100644	2f7cfba1d4f342a61292f1aa7ea8983605029502	100644	2f7cfba1d4f342a61292f1aa7ea8983605029502	product_exact
evidence/wk6/README.md	other	100644	6aebb17fd488881de51025777334cd416ef42297	100644	6aebb17fd488881de51025777334cd416ef42297	product_exact
evidence/wk6/capture-wk6.mjs	other	100644	ffb04734df14bee13c668d54f298c388dfe4016e	100644	ffb04734df14bee13c668d54f298c388dfe4016e	product_exact
evidence/wk6/empty-1440.png	other	100644	35e200231a8d0c7c04546c54e998bad7ef111971	100644	35e200231a8d0c7c04546c54e998bad7ef111971	product_exact
evidence/wk6/empty-390.png	other	100644	8f2871a42f81fc0c521fa94980a5ebfaedc5a6d5	100644	8f2871a42f81fc0c521fa94980a5ebfaedc5a6d5	product_exact
evidence/wk6/home-interaction-checks.mjs	other	100644	296b5701a91898cc1f7587f46008540188e60bc8	100644	296b5701a91898cc1f7587f46008540188e60bc8	product_exact
evidence/wk6/home-interaction-results.json	other	100644	cfd7a1949ab3df674db48a65792b8f87e7c3def9	100644	cfd7a1949ab3df674db48a65792b8f87e7c3def9	product_exact
evidence/wk6/list-1440-reduced-motion.png	other	100644	a722e6e96d760057935c302b3986e323e4784135	100644	a722e6e96d760057935c302b3986e323e4784135	product_exact
evidence/wk6/list-1440.png	other	100644	a722e6e96d760057935c302b3986e323e4784135	100644	a722e6e96d760057935c302b3986e323e4784135	product_exact
evidence/wk6/list-390.png	other	100644	0f142d787a91c59cd738d6b2199e1341cbfe0224	100644	0f142d787a91c59cd738d6b2199e1341cbfe0224	product_exact
evidence/wk6/verification-log.txt	other	100644	4d57c2b333e4e446d2bb663beee6d92742a1ea92	100644	4d57c2b333e4e446d2bb663beee6d92742a1ea92	product_exact
evidence/wk7/README.md	other	100644	6890da969aa6c67897ca772d2d9e465ddfd9d1d9	100644	6890da969aa6c67897ca772d2d9e465ddfd9d1d9	product_exact
evidence/wk7/computed.md	other	100644	24e71f99bd120dcbf4e7ca5cebed348065803d82	100644	24e71f99bd120dcbf4e7ca5cebed348065803d82	product_exact
evidence/wk7/contrast.md	other	100644	dd43b31ff4e7ba00bdbee00d294b0654ab4d143b	100644	dd43b31ff4e7ba00bdbee00d294b0654ab4d143b	product_exact
evidence/work-review-actions-20260908/README.md	other	100644	37245ec39597fe383e6fea53af4abd02f5adf8f3	100644	37245ec39597fe383e6fea53af4abd02f5adf8f3	product_exact
evidence/work-review-actions-20260908/full-tests.log	other	100644	6c5b9cc5b2061764faf7820e80a6e2dccaf25f30	100644	6c5b9cc5b2061764faf7820e80a6e2dccaf25f30	product_exact
evidence/work-review-actions-20260908/independent.md	other	100644	6c3a9f765a323c9c7ac9e6567e064dbf4b65c797	100644	6c3a9f765a323c9c7ac9e6567e064dbf4b65c797	product_exact
evidence/work-review-actions-20260908/install.log	other	100644	6bcc3dd47a59a84c9be838cb726e1cd87940db9f	100644	6bcc3dd47a59a84c9be838cb726e1cd87940db9f	product_exact
evidence/work-review-actions-20260908/smoke.log	other	100644	94693eb2daccc61842c4c1351d2287f484615702	100644	94693eb2daccc61842c4c1351d2287f484615702	product_exact
evidence/work-review-actions-20260908/targeted-tests.log	other	100644	70cb26e602c0d40c97f8e5bdd636d5a9714a92b3	100644	70cb26e602c0d40c97f8e5bdd636d5a9714a92b3	product_exact
site/README.md	other	100644	6c3984ca56f986f40a919cf83414c84867c54b4f	100644	6c3984ca56f986f40a919cf83414c84867c54b4f	product_exact
site/build.mjs	other	100644	c8e801d80978a1146a5283a144696ddc9e28b470	100644	c8e801d80978a1146a5283a144696ddc9e28b470	product_exact
site/media/chat-approval-1440-light.png	other	100644	48d126356f86e7e6678b8e959976741bb9c6a741	100644	48d126356f86e7e6678b8e959976741bb9c6a741	product_exact
site/media/chat-file-1440-light.png	other	100644	cd5a8c42b6f6a87fc8ba9d71662aba35c3a2039a	100644	cd5a8c42b6f6a87fc8ba9d71662aba35c3a2039a	product_exact
site/media/chat-question-1440-light.png	other	100644	e8402c18458cd5a291a34ab52342f82c209ede1a	100644	e8402c18458cd5a291a34ab52342f82c209ede1a	product_exact
site/media/continue-in-work-1440-light.png	other	100644	eedf2b31879c3d2e9dd913538175485e67a78546	100644	eedf2b31879c3d2e9dd913538175485e67a78546	product_exact
site/media/home-1440-dark.png	other	100644	f760bd884101e0b6554c088bde067150479df16f	100644	f760bd884101e0b6554c088bde067150479df16f	product_exact
site/media/home-1440-light.png	other	100644	0b026e4f855f4a8649c41dfebb8f035f17bdc4b9	100644	0b026e4f855f4a8649c41dfebb8f035f17bdc4b9	product_exact
site/media/home-390-light.png	other	100644	455d65344077fa08669057046b4f3ffd488b22c7	100644	455d65344077fa08669057046b4f3ffd488b22c7	product_exact
site/media/main/attention-conversation-1440-light.jpg	other	100644	263352dda6f84e7544716531b52cc59c5ff22217	100644	263352dda6f84e7544716531b52cc59c5ff22217	product_exact
site/media/main/chat-approval-1440-light.jpg	other	100644	da0f8913a1f14147405fb80ac58e94dfeed15be8	100644	da0f8913a1f14147405fb80ac58e94dfeed15be8	product_exact
site/media/main/chat-file-1440-light.jpg	other	100644	e6037ef8201673a3b56b0db847b63d345a04b963	100644	e6037ef8201673a3b56b0db847b63d345a04b963	product_exact
site/media/main/chat-question-1440-light.jpg	other	100644	1e812eaae18da4b892992f49e0f382011d0ac748	100644	1e812eaae18da4b892992f49e0f382011d0ac748	product_exact
site/media/main/continue-in-work-1440-light.jpg	other	100644	54498729938d455c8ec932c916d798eb03e656dc	100644	54498729938d455c8ec932c916d798eb03e656dc	product_exact
site/media/main/home-1440-dark.jpg	other	100644	48f3009eed3f5279ed77d0c3bea05fd305599271	100644	48f3009eed3f5279ed77d0c3bea05fd305599271	product_exact
site/media/main/home-1440-light.jpg	other	100644	049b60b212ed69c38f39694daa53fdd450ebf124	100644	049b60b212ed69c38f39694daa53fdd450ebf124	product_exact
site/media/main/home-390-light.jpg	other	100644	c6d97fb693b267a143f5a8c4c9aa6d13774a1d53	100644	c6d97fb693b267a143f5a8c4c9aa6d13774a1d53	product_exact
site/media/main/manifest.json	other	100644	0f3d79c5c2e74f35ff70e62c7f82cfe9211575ed	100644	0f3d79c5c2e74f35ff70e62c7f82cfe9211575ed	product_exact
site/media/main/review-1440-dark.jpg	other	100644	27f01e5d79c504fe5b9dd38feafac5363c38f128	100644	27f01e5d79c504fe5b9dd38feafac5363c38f128	product_exact
site/media/main/review-1440-light.jpg	other	100644	2bb15342111301cfc2492508923d0a1e9d8bcf47	100644	2bb15342111301cfc2492508923d0a1e9d8bcf47	product_exact
site/media/main/review-390-light.jpg	other	100644	1ac88ed1aacc6a79c1963f07dbcfde6e6671395d	100644	1ac88ed1aacc6a79c1963f07dbcfde6e6671395d	product_exact
site/media/main/settings-appearance-1440-light.jpg	other	100644	5195468f553c9320827d727e9105ee983420cfac	100644	5195468f553c9320827d727e9105ee983420cfac	product_exact
site/media/main/settings-integrations-1440-light.jpg	other	100644	8f167aadabc074c9d1a192ef9c815636fe28ee88	100644	8f167aadabc074c9d1a192ef9c815636fe28ee88	product_exact
site/media/main/settings-models-1440-dark.jpg	other	100644	2d155adfbf834b5192a6ce79a2de088aee036d81	100644	2d155adfbf834b5192a6ce79a2de088aee036d81	product_exact
site/media/main/settings-models-1440-light.jpg	other	100644	d6568e6cb377a4cd81474e84adb49fe7248946b8	100644	d6568e6cb377a4cd81474e84adb49fe7248946b8	product_exact
site/media/manifest.json	other	100644	c777d41ce4f4a2aa1d0b9631a393036f8b7a27a1	100644	c777d41ce4f4a2aa1d0b9631a393036f8b7a27a1	product_exact
site/media/review-1440-dark.png	other	100644	0c85c3c024268118d323fccd163937e85f51b739	100644	0c85c3c024268118d323fccd163937e85f51b739	product_exact
site/media/review-1440-light.png	other	100644	3f8e27b7bfebf533ef380a59239c3b991ea8f4f1	100644	3f8e27b7bfebf533ef380a59239c3b991ea8f4f1	product_exact
site/media/review-390-light.png	other	100644	2d6ddd3ae6d3bc0290eb864be6a8bccd6b49a4d2	100644	2d6ddd3ae6d3bc0290eb864be6a8bccd6b49a4d2	product_exact
site/media/settings-models-1440-dark.png	other	100644	53c359dab42a2c053acaeb3fe4ef59ed8776b705	100644	53c359dab42a2c053acaeb3fe4ef59ed8776b705	product_exact
site/media/settings-models-1440-light.png	other	100644	544711a8de56b19871ab529f8428d7e21f230b17	100644	544711a8de56b19871ab529f8428d7e21f230b17	product_exact
site/release.json	other	100644	8d24e7d22ffdff1fd9ea334a6d596188aca38cbd	100644	8d24e7d22ffdff1fd9ea334a6d596188aca38cbd	product_exact
site/scripts/capture-media.mjs	other	100644	089b87bb918308ef10da0fb31e104588ad2158fd	100644	089b87bb918308ef10da0fb31e104588ad2158fd	product_exact
site/scripts/capture-specimen.mjs	other	100644	2dacfa97f0569657af1be15e792350813a5ba8d7	100644	2dacfa97f0569657af1be15e792350813a5ba8d7	product_exact
site/scripts/check-links.mjs	other	100644	08a93a2175234a77c473b8b5413b36497b849f3b	100644	08a93a2175234a77c473b8b5413b36497b849f3b	product_exact
site/scripts/check-material.mjs	other	100644	c7c5632d02824cae9af1ef1a23557760acbdc498	100644	c7c5632d02824cae9af1ef1a23557760acbdc498	product_exact
site/scripts/check-specimen.mjs	other	100644	762c7a8659ed31a779ee28489c8509facf13fd1c	100644	762c7a8659ed31a779ee28489c8509facf13fd1c	product_exact
site/scripts/evidence.mjs	other	100644	b1cef6680e02ec6c044e7441224bd19600b8668b	100644	b1cef6680e02ec6c044e7441224bd19600b8668b	product_exact
site/scripts/preview.mjs	other	100644	5255ad268edaff6b6b91b664d4e0a3d6875e6d38	100644	5255ad268edaff6b6b91b664d4e0a3d6875e6d38	product_exact
site/scripts/public-data.mjs	other	100644	3c529e1913ccc200fc3d3ab47cb47936a779d5f1	100644	3c529e1913ccc200fc3d3ab47cb47936a779d5f1	product_exact
site/scripts/public-data.test.mjs	other	100644	1f3f0597fe8b4e5b35b34e47190163e601e8f1c1	100644	1f3f0597fe8b4e5b35b34e47190163e601e8f1c1	product_exact
site/scripts/release.mjs	other	100644	b7aff15233afb5d1ebe265e8f8979bcb123dd2a7	100644	b7aff15233afb5d1ebe265e8f8979bcb123dd2a7	product_exact
site/scripts/tokens.mjs	other	100644	82dfcbe7aa87daa4a044e8023ceef8f6d0c89638	100644	82dfcbe7aa87daa4a044e8023ceef8f6d0c89638	product_exact
site/scripts/vendor-product.mjs	other	100644	6265fab17101f647f2cad9e38dbc5814f8788047	100644	6265fab17101f647f2cad9e38dbc5814f8788047	product_exact
site/scripts/verify-product-pages.mjs	other	100644	50b0990dd7592bf5a0ce8a9549e1183a489c238b	100644	50b0990dd7592bf5a0ce8a9549e1183a489c238b	product_exact
site/scripts/verify.mjs	other	100644	a815939661ab75d64eb52547f6302b4977f7ac67	100644	a815939661ab75d64eb52547f6302b4977f7ac67	product_exact
site/specimen/9e5384f.json	other	100644	0db32cafca4310ee18e9a171bdc9a32b8f9e1b4d	100644	0db32cafca4310ee18e9a171bdc9a32b8f9e1b4d	product_exact
site/specimen/capture.json	other	100644	876d6f0894ed0cc85c46a2d878a74ec135683a2a	100644	876d6f0894ed0cc85c46a2d878a74ec135683a2a	product_exact
site/specimen/recorded-source.mjs	other	100644	1de9740655791cfdee1fe1b9839694dbabc009f6	100644	1de9740655791cfdee1fe1b9839694dbabc009f6	product_exact
site/specimen/shell.mjs	other	100644	0d94d838def664bcc995944103154cfecc13494b	100644	0d94d838def664bcc995944103154cfecc13494b	product_exact
site/specimen/specimen.css	other	100644	6ddd696468782eb41332d9d296c9abfaa1ee669a	100644	6ddd696468782eb41332d9d296c9abfaa1ee669a	product_exact
site/src/assets/diagram.svg	other	100644	f279fbd1121eb285d5fdb329e85c82ea2be629f0	100644	f279fbd1121eb285d5fdb329e85c82ea2be629f0	product_exact
site/src/copy.mjs	other	100644	3de8b88a712860d0628f1c44f685091c3f5fda93	100644	3de8b88a712860d0628f1c44f685091c3f5fda93	product_exact
site/src/page.mjs	other	100644	519391f02c4df1ecc987d2ea0c6034c42f57d656	100644	519391f02c4df1ecc987d2ea0c6034c42f57d656	product_exact
site/src/pricing.css	other	100644	93f0f152f7f83cdd4a49a429f195d2cd2d9f1680	100644	93f0f152f7f83cdd4a49a429f195d2cd2d9f1680	product_exact
site/src/pricing.mjs	other	100644	08cb4f908a9dee8f450436c28e8fbad47f54285f	100644	08cb4f908a9dee8f450436c28e8fbad47f54285f	product_exact
site/src/product-interactions.mjs	other	100644	6f1b9f2e4aa2f160e30158e4330b3f391b282ecf	100644	6f1b9f2e4aa2f160e30158e4330b3f391b282ecf	product_exact
site/src/product-pages.css	other	100644	a77d83c66d5111b313aa2bdabe1ecaddf9fe179f	100644	a77d83c66d5111b313aa2bdabe1ecaddf9fe179f	product_exact
site/src/product-pages.mjs	other	100644	3843ce66163fee3b3de45f12c5c95b7b199660b9	100644	3843ce66163fee3b3de45f12c5c95b7b199660b9	product_exact
site/src/readme.mjs	other	100644	96d445da2a62932cdef6d4790d1eb2bae66a9706	100644	96d445da2a62932cdef6d4790d1eb2bae66a9706	product_exact
site/src/site.css	other	100644	e7a3e35c1439ca6fd593a3f566597e946ab4c8b1	100644	e7a3e35c1439ca6fd593a3f566597e946ab4c8b1	product_exact
site/src/site.mjs	other	100644	886c28da9723c17a2941e34cebb3c4cd5535874b	100644	886c28da9723c17a2941e34cebb3c4cd5535874b	product_exact
site/src/specimen-page.mjs	other	100644	87aea582a5b48e11a08faab791e8c0d218fbcb70	100644	87aea582a5b48e11a08faab791e8c0d218fbcb70	product_exact
site/src/steps.mjs	other	100644	220fe6f443fab32133f3b688bb1bf9a02b1cefcf	100644	220fe6f443fab32133f3b688bb1bf9a02b1cefcf	product_exact
site/verification/architecture-focus.png	other	100644	6718089c20bbd9e55711f57c7d94c6a32b792697	100644	6718089c20bbd9e55711f57c7d94c6a32b792697	product_exact
site/verification/contrast.json	other	100644	c18cc5f1450f2ee1cdd104ed756add705dcb9833	100644	c18cc5f1450f2ee1cdd104ed756add705dcb9833	product_exact
site/verification/links.json	other	100644	380e3331ede76be8688dd0f3b52b196a35367497	100644	380e3331ede76be8688dd0f3b52b196a35367497	product_exact
site/verification/material.json	other	100644	88c852c6324add0323819473c307f5419dc6bd05	100644	88c852c6324add0323819473c307f5419dc6bd05	product_exact
site/verification/page-1440-dark.png	other	100644	ee6876e7bf1942d68e0415021c69a5e3d19630ee	100644	ee6876e7bf1942d68e0415021c69a5e3d19630ee	product_exact
site/verification/page-1440-light-zoom200.png	other	100644	989af2abe3cc77280e95d0c810c9f64a110af019	100644	989af2abe3cc77280e95d0c810c9f64a110af019	product_exact
site/verification/page-1440-light.png	other	100644	ef229208719b9c26846c0740595688ef8a215ee4	100644	ef229208719b9c26846c0740595688ef8a215ee4	product_exact
site/verification/page-390-dark.png	other	100644	954d621bf948b370fb16b62a9e816bc4087683b6	100644	954d621bf948b370fb16b62a9e816bc4087683b6	product_exact
site/verification/page-390-light.png	other	100644	083e97cd43839d2308fbc7de5f773459186686a6	100644	083e97cd43839d2308fbc7de5f773459186686a6	product_exact
site/verification/pricing-1440-dark.png	other	100644	eeec261b61ae9a3a33970fba567436b7be290ca6	100644	eeec261b61ae9a3a33970fba567436b7be290ca6	product_exact
site/verification/pricing-1440-light-zoom200.png	other	100644	ca59972415c126d20cbf574685423cd556fcc4d7	100644	ca59972415c126d20cbf574685423cd556fcc4d7	product_exact
site/verification/pricing-1440-light.png	other	100644	1310c8df34ec98838390687394a2e9e3a1a907b8	100644	1310c8df34ec98838390687394a2e9e3a1a907b8	product_exact
site/verification/pricing-390-dark.png	other	100644	ddbbdb2b5e9c45a9b401c130f13939617668ac93	100644	ddbbdb2b5e9c45a9b401c130f13939617668ac93	product_exact
site/verification/pricing-390-light.png	other	100644	34d51f6d6bf011872b13cf76d6185bbab927c7e2	100644	34d51f6d6bf011872b13cf76d6185bbab927c7e2	product_exact
site/verification/product-pages-main-20260910/changelog-1440.png	other	100644	1b9fc5bb2764fce04076f18cba4c024bff660ca6	100644	1b9fc5bb2764fce04076f18cba4c024bff660ca6	product_exact
site/verification/product-pages-main-20260910/cli-1440.png	other	100644	a303d93b83cde45d2b266fdccefd9ce30e73bb5f	100644	a303d93b83cde45d2b266fdccefd9ce30e73bb5f	product_exact
site/verification/product-pages-main-20260910/data-1440.png	other	100644	ed90a146ef1659405dc461869901ea43dcc239f8	100644	ed90a146ef1659405dc461869901ea43dcc239f8	product_exact
site/verification/product-pages-main-20260910/get-1440.png	other	100644	798402259cad4f7bfe093c1b17603ca014a1c516	100644	798402259cad4f7bfe093c1b17603ca014a1c516	product_exact
site/verification/product-pages-main-20260910/models-1440.png	other	100644	b190c5bc9ea06f7d1bf6945800b46754189ebcf3	100644	b190c5bc9ea06f7d1bf6945800b46754189ebcf3	product_exact
site/verification/product-pages-main-20260910/tour-1440.png	other	100644	7bb6debd0c0717e67a8279ee0dc417ff4d0366ce	100644	7bb6debd0c0717e67a8279ee0dc417ff4d0366ce	product_exact
site/verification/product-pages-main-20260910/verify.json	other	100644	e77050ede5c49b13002e7825c74ca303ed0efcd1	100644	e77050ede5c49b13002e7825c74ca303ed0efcd1	product_exact
site/verification/reproducibility.json	other	100644	6187ab7bb38df1bdfd6817dbed466ff84f0b86e0	100644	6187ab7bb38df1bdfd6817dbed466ff84f0b86e0	product_exact
site/verification/specimen-recapture.json	other	100644	0223168c0ea09a462f60e8c778991e25f1026196	100644	0223168c0ea09a462f60e8c778991e25f1026196	product_exact
site/verification/syntax.json	other	100644	ffb56d5e389a0f9a3a6003f028e1589709881662	100644	ffb56d5e389a0f9a3a6003f028e1589709881662	product_exact
site/verification/verify.json	other	100644	6581b4df739480942381cd6745710173af83dbe3	100644	6581b4df739480942381cd6745710173af83dbe3	product_exact
tests/color-governance.test.mjs	full-test-glob	100644	eb1e6110a2271ae7978131467cdca96a1d8072bf	100644	eb1e6110a2271ae7978131467cdca96a1d8072bf	product_exact
tests/extension-renderer.test.mjs	full-test-glob	100644	05633714d323f023af8a0c0e32529fd137b470dd	100644	05633714d323f023af8a0c0e32529fd137b470dd	product_exact
tests/extension.test.mjs	full-test-glob	100644	b4fe04440fc7ce83d9f13c444f8944b41d86ddcd	100644	b4fe04440fc7ce83d9f13c444f8944b41d86ddcd	product_exact
tests/runtime-lock.test.mjs	full-test-glob	100644	885814676f94fe6a593ca6977079d1e12e5b402e	100644	885814676f94fe6a593ca6977079d1e12e5b402e	product_exact
tools/README.md	tools	100644	08c20e5fe77fcc46fcad44d35ebbf35aacc37031	100644	08c20e5fe77fcc46fcad44d35ebbf35aacc37031	product_exact
tools/check-doc-links.mjs	tools	100644	5099502aacd41533e027e889ef8e5a0e6e496980	100644	5099502aacd41533e027e889ef8e5a0e6e496980	product_exact
tools/contrast-report.mjs	tools	100644	9b6da350c81c0586bcff161fff0b6dd8d0a383a4	100644	9b6da350c81c0586bcff161fff0b6dd8d0a383a4	product_exact
tools/lint-colors.mjs	tools	100644	562fb629a6e04651a6fc8c761143a6d0c11ca539	100644	562fb629a6e04651a6fc8c761143a6d0c11ca539	product_exact
tools/lint-interaction.mjs	tools	100644	e4959adeaaa2adeb058b234d06a383e0ba53dcb2	100644	e4959adeaaa2adeb058b234d06a383e0ba53dcb2	product_exact
tools/lint-materials.mjs	tools	100644	a8468cdab4f9aa8649b949761741a2920d21f478	100644	a8468cdab4f9aa8649b949761741a2920d21f478	product_exact
tools/lint-shapes.mjs	tools	100644	7ca9170b05565754556869c790e1e409f17be24e	100644	7ca9170b05565754556869c790e1e409f17be24e	product_exact
tools/markdown-vendor/README.md	tools	100644	5b28bbac11e1b769276083ae99f631f2e89ea1f8	100644	5b28bbac11e1b769276083ae99f631f2e89ea1f8	product_exact
tools/markdown-vendor/build.mjs	tools	100644	f26672b079fdc4c755aa4173366aefb5ace9988d	100644	f26672b079fdc4c755aa4173366aefb5ace9988d	product_exact
tools/markdown-vendor/entry.mjs	tools	100644	3971c28ad9d8418861ee10cd17f1de1fd23eadb4	100644	3971c28ad9d8418861ee10cd17f1de1fd23eadb4	product_exact
tools/markdown-vendor/package-lock.json	tools	100644	7bc2de2908045b5219edd5f850d94a22a29fd48d	100644	7bc2de2908045b5219edd5f850d94a22a29fd48d	product_exact
tools/markdown-vendor/package.json	tools	100644	28496b3666e0f34804b8ce5dc2180e37a6e912e8	100644	28496b3666e0f34804b8ce5dc2180e37a6e912e8	product_exact
tools/ui-vendor/README.md	tools	100644	3d430bac742690a00acd7257e6b7f2df7dffb033	100644	3d430bac742690a00acd7257e6b7f2df7dffb033	product_exact
tools/ui-vendor/build.mjs	tools	100644	0975e29a04292d02b96e3d05b5290335179c11e1	100644	0975e29a04292d02b96e3d05b5290335179c11e1	product_exact
tools/ui-vendor/lucide/LICENSE	tools	100644	718bb3f0e44153809972abed31839375804bf652	100644	718bb3f0e44153809972abed31839375804bf652	product_exact
tools/ui-vendor/lucide/activity.svg	tools	100644	629b81c9fd020f3afec659daa5c9c7e5a1d07445	100644	629b81c9fd020f3afec659daa5c9c7e5a1d07445	product_exact
tools/ui-vendor/lucide/arrow-down.svg	tools	100644	3244b63e3147e5e8b359f20458106bc74572d331	100644	3244b63e3147e5e8b359f20458106bc74572d331	product_exact
tools/ui-vendor/lucide/arrow-up.svg	tools	100644	50a81cb370d77bccdab4e91c1aeff36b763cdfbf	100644	50a81cb370d77bccdab4e91c1aeff36b763cdfbf	product_exact
tools/ui-vendor/lucide/chevron-down.svg	tools	100644	e70d30b88399a721cd5d20d0d26756608cf8c42b	100644	e70d30b88399a721cd5d20d0d26756608cf8c42b	product_exact
tools/ui-vendor/lucide/chevron-right.svg	tools	100644	db62a0c20181edd6173722b2a483e0b85e30f240	100644	db62a0c20181edd6173722b2a483e0b85e30f240	product_exact
tools/ui-vendor/lucide/copy.svg	tools	100644	f62ce99c1f34989a5f70cd15192f8adf9140f4ed	100644	f62ce99c1f34989a5f70cd15192f8adf9140f4ed	product_exact
tools/ui-vendor/lucide/external-link.svg	tools	100644	a73a9ba286ebaac4c7fc65bf9303a2fb9624ae76	100644	a73a9ba286ebaac4c7fc65bf9303a2fb9624ae76	product_exact
tools/ui-vendor/lucide/file-text.svg	tools	100644	67dc5b9d1a07a1b501ba87d62563b914c059096e	100644	67dc5b9d1a07a1b501ba87d62563b914c059096e	product_exact
tools/ui-vendor/lucide/folder.svg	tools	100644	ef69b345f200f1542ad9a2dfca7d41d036910f4b	100644	ef69b345f200f1542ad9a2dfca7d41d036910f4b	product_exact
tools/ui-vendor/lucide/house.svg	tools	100644	10e4097e290fdb2f1f919b264bf4e3095348de7c	100644	10e4097e290fdb2f1f919b264bf4e3095348de7c	product_exact
tools/ui-vendor/lucide/maximize-2.svg	tools	100644	790d25383b0f59620553f01c06c472be343257f7	100644	790d25383b0f59620553f01c06c472be343257f7	product_exact
tools/ui-vendor/lucide/message-square.svg	tools	100644	5044bc7eff0567b1a3aee3242b8f628f88559ff1	100644	5044bc7eff0567b1a3aee3242b8f628f88559ff1	product_exact
tools/ui-vendor/lucide/minimize-2.svg	tools	100644	f15d72cd4a08a6f6baa62687c0fac7e647d8b55a	100644	f15d72cd4a08a6f6baa62687c0fac7e647d8b55a	product_exact
tools/ui-vendor/lucide/panel-left.svg	tools	100644	60642c396f98cf4ed79689d86b1dc0377e190aa5	100644	60642c396f98cf4ed79689d86b1dc0377e190aa5	product_exact
tools/ui-vendor/lucide/panel-right.svg	tools	100644	53ba1e6120eb638530de38ca5b696741dfcaa6ad	100644	53ba1e6120eb638530de38ca5b696741dfcaa6ad	product_exact
tools/ui-vendor/lucide/paperclip.svg	tools	100644	74bf51832569c9605e29107d50f192986770a367	100644	74bf51832569c9605e29107d50f192986770a367	product_exact
tools/ui-vendor/lucide/plug.svg	tools	100644	f28b6f0abef77a6e843dfa99f81731332c72db64	100644	f28b6f0abef77a6e843dfa99f81731332c72db64	product_exact
tools/ui-vendor/lucide/plus.svg	tools	100644	41f92bb93eb6626368d71c9884127bbcf7d3ccdf	100644	41f92bb93eb6626368d71c9884127bbcf7d3ccdf	product_exact
tools/ui-vendor/lucide/refresh-cw.svg	tools	100644	c27b3a9677e35fb2353167b01553d3d4cc4e3091	100644	c27b3a9677e35fb2353167b01553d3d4cc4e3091	product_exact
tools/ui-vendor/lucide/search.svg	tools	100644	03e442a5440cff92c219fe3a3c1f2b0788d30701	100644	03e442a5440cff92c219fe3a3c1f2b0788d30701	product_exact
tools/ui-vendor/lucide/settings-2.svg	tools	100644	0a9d29d77781e7d2f7f6db6a8fe4371ae6ff4f84	100644	0a9d29d77781e7d2f7f6db6a8fe4371ae6ff4f84	product_exact
tools/ui-vendor/lucide/sources.json	tools	100644	f7a7df49584ab57f80f87eba348ba2cf19004864	100644	f7a7df49584ab57f80f87eba348ba2cf19004864	product_exact
tools/ui-vendor/lucide/square-pen.svg	tools	100644	20855d75b93db713da7d5708a7ff1ba1bab944ae	100644	20855d75b93db713da7d5708a7ff1ba1bab944ae	product_exact
tools/ui-vendor/lucide/square.svg	tools	100644	7862733557b3a069a22721196e0bd6c5c92b9339	100644	7862733557b3a069a22721196e0bd6c5c92b9339	product_exact
tools/ui-vendor/lucide/x.svg	tools	100644	e31794349d3eecea1b3ae8e974b68bb8f4becda7	100644	e31794349d3eecea1b3ae8e974b68bb8f4becda7	product_exact
tools/ui-vendor/package-lock.json	tools	100644	e129e5c66359995fa7c2f7febc434dc9c6aef82a	100644	e129e5c66359995fa7c2f7febc434dc9c6aef82a	product_exact
tools/ui-vendor/package.json	tools	100644	4c9c36d46209efea2f0e334c081e8888e0bf7b61	100644	4c9c36d46209efea2f0e334c081e8888e0bf7b61	product_exact
