round	source_label	source_base	source_commit	target	target_commit	target_description	delta_status	path	source_mode	source_blob	target_mode	target_blob	comparison	later_owner	later_commits	invariant	detail
B0	baseline	2e9da09bd163ca128e3cd2f4c91ef61ceec2fc2f	df9fc18b9f1a8374d72fa071c2b9c1e61e0010d1	T055	055cffcbc18eb26d15f3818aada50b82a4bd0fa8	accepted ATT/material HEAD	M	AGENTS.md	100644	2b6ab1895af89bf72565ed7034b023373034b8a9	100644	2b6ab1895af89bf72565ed7034b023373034b8a9	retained_exact	-	-	source mode/blob equals target mode/blob	-
B0	baseline	2e9da09bd163ca128e3cd2f4c91ef61ceec2fc2f	df9fc18b9f1a8374d72fa071c2b9c1e61e0010d1	T055	055cffcbc18eb26d15f3818aada50b82a4bd0fa8	accepted ATT/material HEAD	M	app/README.md	100644	5fb6f5084c29a1d6f20804f02e4842279c714b00	100644	5fb6f5084c29a1d6f20804f02e4842279c714b00	retained_exact	-	-	source mode/blob equals target mode/blob	-
B0	baseline	2e9da09bd163ca128e3cd2f4c91ef61ceec2fc2f	df9fc18b9f1a8374d72fa071c2b9c1e61e0010d1	T055	055cffcbc18eb26d15f3818aada50b82a4bd0fa8	accepted ATT/material HEAD	M	app/core/client.mjs	100644	46575f9adbd05ffcfa0167e206fe52d32261b8f0	100644	46575f9adbd05ffcfa0167e206fe52d32261b8f0	retained_exact	-	-	source mode/blob equals target mode/blob	-
B0	baseline	2e9da09bd163ca128e3cd2f4c91ef61ceec2fc2f	df9fc18b9f1a8374d72fa071c2b9c1e61e0010d1	T055	055cffcbc18eb26d15f3818aada50b82a4bd0fa8	accepted ATT/material HEAD	M	app/docs/runtime-foundation.md	100644	14a8adc02175b7143df8f4208b954b845bcb6d8a	100644	14a8adc02175b7143df8f4208b954b845bcb6d8a	retained_exact	-	-	source mode/blob equals target mode/blob	-
B0	baseline	2e9da09bd163ca128e3cd2f4c91ef61ceec2fc2f	df9fc18b9f1a8374d72fa071c2b9c1e61e0010d1	T055	055cffcbc18eb26d15f3818aada50b82a4bd0fa8	accepted ATT/material HEAD	M	app/server/credential-file.mjs	100644	06a060f13a4d4ddcb82030819ce489f9ac5d9bb3	100644	06a060f13a4d4ddcb82030819ce489f9ac5d9bb3	retained_exact	-	-	source mode/blob equals target mode/blob	-
B0	baseline	2e9da09bd163ca128e3cd2f4c91ef61ceec2fc2f	df9fc18b9f1a8374d72fa071c2b9c1e61e0010d1	T055	055cffcbc18eb26d15f3818aada50b82a4bd0fa8	accepted ATT/material HEAD	M	app/server/index.mjs	100644	be1a0d8e6e35318e8d1e3d841819ac7dda149f7d	100644	be1a0d8e6e35318e8d1e3d841819ac7dda149f7d	retained_exact	-	-	source mode/blob equals target mode/blob	-
B0	baseline	2e9da09bd163ca128e3cd2f4c91ef61ceec2fc2f	df9fc18b9f1a8374d72fa071c2b9c1e61e0010d1	T055	055cffcbc18eb26d15f3818aada50b82a4bd0fa8	accepted ATT/material HEAD	M	app/server/provider-connections.mjs	100644	7527cff9d151d9dae67f768f386bf2ab18cdfe1a	100644	7527cff9d151d9dae67f768f386bf2ab18cdfe1a	retained_exact	-	-	source mode/blob equals target mode/blob	-
B0	baseline	2e9da09bd163ca128e3cd2f4c91ef61ceec2fc2f	df9fc18b9f1a8374d72fa071c2b9c1e61e0010d1	T055	055cffcbc18eb26d15f3818aada50b82a4bd0fa8	accepted ATT/material HEAD	A	app/server/provider-fields.mjs	100644	de931d5ef2b154926461806aa84ba44994650121	100644	de931d5ef2b154926461806aa84ba44994650121	retained_exact	-	-	source mode/blob equals target mode/blob	-
B0	baseline	2e9da09bd163ca128e3cd2f4c91ef61ceec2fc2f	df9fc18b9f1a8374d72fa071c2b9c1e61e0010d1	T055	055cffcbc18eb26d15f3818aada50b82a4bd0fa8	accepted ATT/material HEAD	M	app/server/service.mjs	100644	605dbd5179f7c03591dad6b6f0a2a4f0ada64044	100644	605dbd5179f7c03591dad6b6f0a2a4f0ada64044	retained_exact	-	-	source mode/blob equals target mode/blob	-
B0	baseline	2e9da09bd163ca128e3cd2f4c91ef61ceec2fc2f	df9fc18b9f1a8374d72fa071c2b9c1e61e0010d1	T055	055cffcbc18eb26d15f3818aada50b82a4bd0fa8	accepted ATT/material HEAD	M	app/server/store.mjs	100644	b9cc4cb0c3bc7171ccb4392ab3645473fe97fc57	100644	b9cc4cb0c3bc7171ccb4392ab3645473fe97fc57	retained_exact	-	-	source mode/blob equals target mode/blob	-
B0	baseline	2e9da09bd163ca128e3cd2f4c91ef61ceec2fc2f	df9fc18b9f1a8374d72fa071c2b9c1e61e0010d1	T055	055cffcbc18eb26d15f3818aada50b82a4bd0fa8	accepted ATT/material HEAD	M	app/tests/async-boundaries-independent.test.mjs	100644	26921d4c0299798f310ff65269e256af30a8f056	100644	26921d4c0299798f310ff65269e256af30a8f056	retained_exact	-	-	source mode/blob equals target mode/blob	-
B0	baseline	2e9da09bd163ca128e3cd2f4c91ef61ceec2fc2f	df9fc18b9f1a8374d72fa071c2b9c1e61e0010d1	T055	055cffcbc18eb26d15f3818aada50b82a4bd0fa8	accepted ATT/material HEAD	M	app/tests/async-recovery-independent.test.mjs	100644	80f23815f25923248a70c2fe538973ea7f84e5d1	100644	80f23815f25923248a70c2fe538973ea7f84e5d1	retained_exact	-	-	source mode/blob equals target mode/blob	-
B0	baseline	2e9da09bd163ca128e3cd2f4c91ef61ceec2fc2f	df9fc18b9f1a8374d72fa071c2b9c1e61e0010d1	T055	055cffcbc18eb26d15f3818aada50b82a4bd0fa8	accepted ATT/material HEAD	M	app/tests/async-tasks.test.mjs	100644	d56e6ac0cf44687b7292d220e883b695cdc5ba35	100644	d56e6ac0cf44687b7292d220e883b695cdc5ba35	retained_exact	-	-	source mode/blob equals target mode/blob	-
B0	baseline	2e9da09bd163ca128e3cd2f4c91ef61ceec2fc2f	df9fc18b9f1a8374d72fa071c2b9c1e61e0010d1	T055	055cffcbc18eb26d15f3818aada50b82a4bd0fa8	accepted ATT/material HEAD	M	app/tests/attention-agent.test.mjs	100644	eeb3cb898c1b9ac7aa2e8d168538b390eec0cba5	100644	eeb3cb898c1b9ac7aa2e8d168538b390eec0cba5	retained_exact	-	-	source mode/blob equals target mode/blob	-
B0	baseline	2e9da09bd163ca128e3cd2f4c91ef61ceec2fc2f	df9fc18b9f1a8374d72fa071c2b9c1e61e0010d1	T055	055cffcbc18eb26d15f3818aada50b82a4bd0fa8	accepted ATT/material HEAD	M	app/tests/control-plane.test.mjs	100644	010bdd8296539d301a0a1cb905cf90af4575b94b	100644	010bdd8296539d301a0a1cb905cf90af4575b94b	retained_exact	-	-	source mode/blob equals target mode/blob	-
B0	baseline	2e9da09bd163ca128e3cd2f4c91ef61ceec2fc2f	df9fc18b9f1a8374d72fa071c2b9c1e61e0010d1	T055	055cffcbc18eb26d15f3818aada50b82a4bd0fa8	accepted ATT/material HEAD	M	app/tests/coordination.test.mjs	100644	a84ba572cd9d9b437c73128791423f3cee4139a6	100644	a84ba572cd9d9b437c73128791423f3cee4139a6	retained_exact	-	-	source mode/blob equals target mode/blob	-
B0	baseline	2e9da09bd163ca128e3cd2f4c91ef61ceec2fc2f	df9fc18b9f1a8374d72fa071c2b9c1e61e0010d1	T055	055cffcbc18eb26d15f3818aada50b82a4bd0fa8	accepted ATT/material HEAD	M	app/tests/durability.test.mjs	100644	dbc8f7c7122176359557adc4041e6a50c7b0b5b4	100644	dbc8f7c7122176359557adc4041e6a50c7b0b5b4	retained_exact	-	-	source mode/blob equals target mode/blob	-
B0	baseline	2e9da09bd163ca128e3cd2f4c91ef61ceec2fc2f	df9fc18b9f1a8374d72fa071c2b9c1e61e0010d1	T055	055cffcbc18eb26d15f3818aada50b82a4bd0fa8	accepted ATT/material HEAD	A	app/tests/fixtures/review-core-client/worker.py	100755	7386de4e1d45e96983e2e0227789f0ec102b14ca	100755	7386de4e1d45e96983e2e0227789f0ec102b14ca	retained_exact	-	-	source mode/blob equals target mode/blob	-
B0	baseline	2e9da09bd163ca128e3cd2f4c91ef61ceec2fc2f	df9fc18b9f1a8374d72fa071c2b9c1e61e0010d1	T055	055cffcbc18eb26d15f3818aada50b82a4bd0fa8	accepted ATT/material HEAD	A	app/tests/fixtures/review-provider/loopback.mjs	100644	16faff88a5017a60f3bb139a547f8b98a18f0dff	100644	16faff88a5017a60f3bb139a547f8b98a18f0dff	retained_exact	-	-	source mode/blob equals target mode/blob	-
B0	baseline	2e9da09bd163ca128e3cd2f4c91ef61ceec2fc2f	df9fc18b9f1a8374d72fa071c2b9c1e61e0010d1	T055	055cffcbc18eb26d15f3818aada50b82a4bd0fa8	accepted ATT/material HEAD	M	app/tests/home-presentation.test.mjs	100644	cec24c55b4bc61ca7a9d9078f9f558b6d5d187fb	100644	e0b95bb3f69fe59bfa2ee55256c61d3c750f1d4f	authorized_later	ATT	9db6fc4362a07dc8ff20e1914e2ac471f20b62c1	TinyDOM helpers move to tiny-dom.mjs for ATT coverage	later owner/hunk recorded in shared-invariants.tsv
B0	baseline	2e9da09bd163ca128e3cd2f4c91ef61ceec2fc2f	df9fc18b9f1a8374d72fa071c2b9c1e61e0010d1	T055	055cffcbc18eb26d15f3818aada50b82a4bd0fa8	accepted ATT/material HEAD	M	app/tests/request-telemetry.test.mjs	100644	732ef3dd74cac27632d8b8f2d7cd05c08ab247e0	100644	732ef3dd74cac27632d8b8f2d7cd05c08ab247e0	retained_exact	-	-	source mode/blob equals target mode/blob	-
B0	baseline	2e9da09bd163ca128e3cd2f4c91ef61ceec2fc2f	df9fc18b9f1a8374d72fa071c2b9c1e61e0010d1	T055	055cffcbc18eb26d15f3818aada50b82a4bd0fa8	accepted ATT/material HEAD	A	app/tests/review-core-client-lifecycle.test.mjs	100644	aecd8d40b943cf521f44c356f8f929927d7dd442	100644	aecd8d40b943cf521f44c356f8f929927d7dd442	retained_exact	-	-	source mode/blob equals target mode/blob	-
B0	baseline	2e9da09bd163ca128e3cd2f4c91ef61ceec2fc2f	df9fc18b9f1a8374d72fa071c2b9c1e61e0010d1	T055	055cffcbc18eb26d15f3818aada50b82a4bd0fa8	accepted ATT/material HEAD	A	app/tests/review-provider-publication-migration.test.mjs	100644	64f6527f9ebdbeae269acd99d06e2b0386930b71	100644	64f6527f9ebdbeae269acd99d06e2b0386930b71	retained_exact	-	-	source mode/blob equals target mode/blob	-
B0	baseline	2e9da09bd163ca128e3cd2f4c91ef61ceec2fc2f	df9fc18b9f1a8374d72fa071c2b9c1e61e0010d1	T055	055cffcbc18eb26d15f3818aada50b82a4bd0fa8	accepted ATT/material HEAD	A	app/tests/review-provider-roundtrip.test.mjs	100644	12ce475582687541b4425f71e98a72b6a243c9a6	100644	12ce475582687541b4425f71e98a72b6a243c9a6	retained_exact	-	-	source mode/blob equals target mode/blob	-
B0	baseline	2e9da09bd163ca128e3cd2f4c91ef61ceec2fc2f	df9fc18b9f1a8374d72fa071c2b9c1e61e0010d1	T055	055cffcbc18eb26d15f3818aada50b82a4bd0fa8	accepted ATT/material HEAD	M	app/tests/run-lineage.test.mjs	100644	3e57f12a98582afb868ae51038490deff9868c3b	100644	3e57f12a98582afb868ae51038490deff9868c3b	retained_exact	-	-	source mode/blob equals target mode/blob	-
B0	baseline	2e9da09bd163ca128e3cd2f4c91ef61ceec2fc2f	df9fc18b9f1a8374d72fa071c2b9c1e61e0010d1	T055	055cffcbc18eb26d15f3818aada50b82a4bd0fa8	accepted ATT/material HEAD	M	app/tests/runtime.test.mjs	100644	7b9e6838594b40949e0aaeff8678423b4c9eb282	100644	7b9e6838594b40949e0aaeff8678423b4c9eb282	retained_exact	-	-	source mode/blob equals target mode/blob	-
B0	baseline	2e9da09bd163ca128e3cd2f4c91ef61ceec2fc2f	df9fc18b9f1a8374d72fa071c2b9c1e61e0010d1	T055	055cffcbc18eb26d15f3818aada50b82a4bd0fa8	accepted ATT/material HEAD	M	app/tests/settings-preferences.test.mjs	100644	6e636a06cc65088c770887152908cf4cd9ec2b3f	100644	6e636a06cc65088c770887152908cf4cd9ec2b3f	retained_exact	-	-	source mode/blob equals target mode/blob	-
B0	baseline	2e9da09bd163ca128e3cd2f4c91ef61ceec2fc2f	df9fc18b9f1a8374d72fa071c2b9c1e61e0010d1	T055	055cffcbc18eb26d15f3818aada50b82a4bd0fa8	accepted ATT/material HEAD	A	app/tests/skin-policy.test.mjs	100644	8a196ea33443dcc68f1eb9b57dfadaf3a76a469f	100644	8a196ea33443dcc68f1eb9b57dfadaf3a76a469f	retained_exact	-	-	source mode/blob equals target mode/blob	-
B0	baseline	2e9da09bd163ca128e3cd2f4c91ef61ceec2fc2f	df9fc18b9f1a8374d72fa071c2b9c1e61e0010d1	T055	055cffcbc18eb26d15f3818aada50b82a4bd0fa8	accepted ATT/material HEAD	A	app/tests/skin-presets.test.mjs	100644	64f548440ee5f7eed19ebf64b5aae298eb3de844	100644	64f548440ee5f7eed19ebf64b5aae298eb3de844	retained_exact	-	-	source mode/blob equals target mode/blob	-
B0	baseline	2e9da09bd163ca128e3cd2f4c91ef61ceec2fc2f	df9fc18b9f1a8374d72fa071c2b9c1e61e0010d1	T055	055cffcbc18eb26d15f3818aada50b82a4bd0fa8	accepted ATT/material HEAD	M	app/tests/static-web-manifest.test.mjs	100644	7f4dd2bc0d69dc78dae39928e816bbf5037a6891	100644	eebfe052536fd8a20e17ef076f7b607e948419ed	authorized_later	ICON	3667641179e2829151004293ae921b5e0a17d8dd	icon allowlist/sprite/manifest/source/hash parity tests	later owner/hunk recorded in shared-invariants.tsv
B0	baseline	2e9da09bd163ca128e3cd2f4c91ef61ceec2fc2f	df9fc18b9f1a8374d72fa071c2b9c1e61e0010d1	T055	055cffcbc18eb26d15f3818aada50b82a4bd0fa8	accepted ATT/material HEAD	M	app/tests/work-summary-consistency.test.mjs	100644	6da5ca781515393188dc06736409e752793a36b1	100644	6da5ca781515393188dc06736409e752793a36b1	retained_exact	-	-	source mode/blob equals target mode/blob	-
B0	baseline	2e9da09bd163ca128e3cd2f4c91ef61ceec2fc2f	df9fc18b9f1a8374d72fa071c2b9c1e61e0010d1	T055	055cffcbc18eb26d15f3818aada50b82a4bd0fa8	accepted ATT/material HEAD	M	app/web/app.mjs	100644	61dc2fe6b6965971700605c32d3934ddcdf928ab	100644	61dc2fe6b6965971700605c32d3934ddcdf928ab	retained_exact	-	-	source mode/blob equals target mode/blob	-
B0	baseline	2e9da09bd163ca128e3cd2f4c91ef61ceec2fc2f	df9fc18b9f1a8374d72fa071c2b9c1e61e0010d1	T055	055cffcbc18eb26d15f3818aada50b82a4bd0fa8	accepted ATT/material HEAD	M	app/web/attention-view.mjs	100644	2d0a26b570cfe280887e0f571f00d1e3fa7246ca	100644	051c814a46653507c73ecd95b801bac76c4af1e9	authorized_later	ATT	9db6fc4362a07dc8ff20e1914e2ac471f20b62c1	typed action descriptors, six views, refusal/focus/retry semantics	later owner/hunk recorded in shared-invariants.tsv
B0	baseline	2e9da09bd163ca128e3cd2f4c91ef61ceec2fc2f	df9fc18b9f1a8374d72fa071c2b9c1e61e0010d1	T055	055cffcbc18eb26d15f3818aada50b82a4bd0fa8	accepted ATT/material HEAD	M	app/web/home-view.mjs	100644	eda427e1638ee63c7cc2a4c5a739f610826952da	100644	ffe8ebfb561c81c2ecbc0cecda98c041e62c003a	authorized_later	FE05a	0879b32727a379d59de3499c603e84cb8b4e6e22	M-15/M-16 shared gutter and action anatomy	later owner/hunk recorded in shared-invariants.tsv
B0	baseline	2e9da09bd163ca128e3cd2f4c91ef61ceec2fc2f	df9fc18b9f1a8374d72fa071c2b9c1e61e0010d1	T055	055cffcbc18eb26d15f3818aada50b82a4bd0fa8	accepted ATT/material HEAD	M	app/web/index.html	100644	f2eb1e0ef2277d6e30b01e59b0bad47f089cc6dd	100644	f2eb1e0ef2277d6e30b01e59b0bad47f089cc6dd	retained_exact	-	-	source mode/blob equals target mode/blob	-
B0	baseline	2e9da09bd163ca128e3cd2f4c91ef61ceec2fc2f	df9fc18b9f1a8374d72fa071c2b9c1e61e0010d1	T055	055cffcbc18eb26d15f3818aada50b82a4bd0fa8	accepted ATT/material HEAD	M	app/web/settings-view.mjs	100644	71ec853b245ecc4ff51749e168eb3707f3a3b0f1	100644	7b45b285885716c22f80f643f8bb57149933cb2b	authorized_later	FE05a	915cca9d0225e2e581f764849cfc8dd12569f304	WK-128 context-card shape grammar	later owner/hunk recorded in shared-invariants.tsv
B0	baseline	2e9da09bd163ca128e3cd2f4c91ef61ceec2fc2f	df9fc18b9f1a8374d72fa071c2b9c1e61e0010d1	T055	055cffcbc18eb26d15f3818aada50b82a4bd0fa8	accepted ATT/material HEAD	A	app/web/skin-policy.js	100644	7623c1168ce7b75fa5246408221f34481b40a969	100644	7623c1168ce7b75fa5246408221f34481b40a969	retained_exact	-	-	source mode/blob equals target mode/blob	-
B0	baseline	2e9da09bd163ca128e3cd2f4c91ef61ceec2fc2f	df9fc18b9f1a8374d72fa071c2b9c1e61e0010d1	T055	055cffcbc18eb26d15f3818aada50b82a4bd0fa8	accepted ATT/material HEAD	M	app/web/styles.css	100644	61becf05c5af3c7f622c62d88aef9b2e9ff0333f	100644	9dcf36e6fe58cac8b9c2e5f4071e6ba7de8eb30a	authorized_later	FE05a+ATT+Spark	0879b32727a379d59de3499c603e84cb8b4e6e22;915cca9d0225e2e581f764849cfc8dd12569f304;c1a4052e2f3c3276ff1067d9f2ba39c8b2c051e8;9db6fc4362a07dc8ff20e1914e2ac471f20b62c1;0082fef883e49fd19538c369f20a04c111d8c602;20d8330dc6555d073a6bdec7ebf1e6bafc7aee99	FE05a tokens/density; ATT views/actions/mobile target; Spark dialog/chips	later owner/hunk recorded in shared-invariants.tsv
B0	baseline	2e9da09bd163ca128e3cd2f4c91ef61ceec2fc2f	df9fc18b9f1a8374d72fa071c2b9c1e61e0010d1	T055	055cffcbc18eb26d15f3818aada50b82a4bd0fa8	accepted ATT/material HEAD	M	docs/runtime-control/architecture.md	100644	3fdb5e7aa1b6993839c5ce7d4a3cae40985daedd	100644	3fdb5e7aa1b6993839c5ce7d4a3cae40985daedd	retained_exact	-	-	source mode/blob equals target mode/blob	-
B0	baseline	2e9da09bd163ca128e3cd2f4c91ef61ceec2fc2f	df9fc18b9f1a8374d72fa071c2b9c1e61e0010d1	T055	055cffcbc18eb26d15f3818aada50b82a4bd0fa8	accepted ATT/material HEAD	M	docs/work-core/contract.md	100644	9ccbc479be11ecb8c3f29eb04b00f212ee02aa15	100644	9ccbc479be11ecb8c3f29eb04b00f212ee02aa15	retained_exact	-	-	source mode/blob equals target mode/blob	-
B0	baseline	2e9da09bd163ca128e3cd2f4c91ef61ceec2fc2f	df9fc18b9f1a8374d72fa071c2b9c1e61e0010d1	T055	055cffcbc18eb26d15f3818aada50b82a4bd0fa8	accepted ATT/material HEAD	M	engineering/architecture.md	100644	d9fbefaba196f769ba7de9665149313033aa1754	100644	d9fbefaba196f769ba7de9665149313033aa1754	retained_exact	-	-	source mode/blob equals target mode/blob	-
B0	baseline	2e9da09bd163ca128e3cd2f4c91ef61ceec2fc2f	df9fc18b9f1a8374d72fa071c2b9c1e61e0010d1	T055	055cffcbc18eb26d15f3818aada50b82a4bd0fa8	accepted ATT/material HEAD	M	engineering/current.md	100644	b5a0cd991598b9750f90195c6bff96f83b7ef729	100644	433dce416cecff7129f9ba030f9be1783ecca5bb	authorized_later	ICON	e2ab3f5ef106b6bcbbbb5a7574282a40904d3faf	WK-163 and icon provenance ledger update	later owner/hunk recorded in shared-invariants.tsv
B0	baseline	2e9da09bd163ca128e3cd2f4c91ef61ceec2fc2f	df9fc18b9f1a8374d72fa071c2b9c1e61e0010d1	T055	055cffcbc18eb26d15f3818aada50b82a4bd0fa8	accepted ATT/material HEAD	M	engineering/design/agent-interface-2026-09-10/README.md	100644	c67d9cc6d061954d3b82a1ca1811c8424113fdf1	100644	c67d9cc6d061954d3b82a1ca1811c8424113fdf1	retained_exact	-	-	source mode/blob equals target mode/blob	-
B0	baseline	2e9da09bd163ca128e3cd2f4c91ef61ceec2fc2f	df9fc18b9f1a8374d72fa071c2b9c1e61e0010d1	T055	055cffcbc18eb26d15f3818aada50b82a4bd0fa8	accepted ATT/material HEAD	A	engineering/design/agent-interface-2026-09-10/change-template.md	100644	caf690f3ce3b3646d02b04c386fe0f944f1a54eb	100644	caf690f3ce3b3646d02b04c386fe0f944f1a54eb	retained_exact	-	-	source mode/blob equals target mode/blob	-
B0	baseline	2e9da09bd163ca128e3cd2f4c91ef61ceec2fc2f	df9fc18b9f1a8374d72fa071c2b9c1e61e0010d1	T055	055cffcbc18eb26d15f3818aada50b82a4bd0fa8	accepted ATT/material HEAD	A	engineering/design/agent-interface-2026-09-10/continuity-checklist.md	100644	c4a7f740ede8709c7aba0cade90e70bce695346f	100644	c4a7f740ede8709c7aba0cade90e70bce695346f	retained_exact	-	-	source mode/blob equals target mode/blob	-
B0	baseline	2e9da09bd163ca128e3cd2f4c91ef61ceec2fc2f	df9fc18b9f1a8374d72fa071c2b9c1e61e0010d1	T055	055cffcbc18eb26d15f3818aada50b82a4bd0fa8	accepted ATT/material HEAD	A	engineering/design/agent-interface-2026-09-10/frontend-contract.md	100644	bcd4a450658559f2b8f5257b9a6b30b59718021a	100644	bcd4a450658559f2b8f5257b9a6b30b59718021a	retained_exact	-	-	source mode/blob equals target mode/blob	-
B0	baseline	2e9da09bd163ca128e3cd2f4c91ef61ceec2fc2f	df9fc18b9f1a8374d72fa071c2b9c1e61e0010d1	T055	055cffcbc18eb26d15f3818aada50b82a4bd0fa8	accepted ATT/material HEAD	A	engineering/design/agent-interface-2026-09-10/input-conversation.md	100644	b51e4101196bc2910da489fac9401ac926188395	100644	b51e4101196bc2910da489fac9401ac926188395	retained_exact	-	-	source mode/blob equals target mode/blob	-
B0	baseline	2e9da09bd163ca128e3cd2f4c91ef61ceec2fc2f	df9fc18b9f1a8374d72fa071c2b9c1e61e0010d1	T055	055cffcbc18eb26d15f3818aada50b82a4bd0fa8	accepted ATT/material HEAD	A	engineering/design/agent-interface-2026-09-10/precedent-map.md	100644	183f2072e2939faacc33cc6c8f09f5943cd487a0	100644	183f2072e2939faacc33cc6c8f09f5943cd487a0	retained_exact	-	-	source mode/blob equals target mode/blob	-
B0	baseline	2e9da09bd163ca128e3cd2f4c91ef61ceec2fc2f	df9fc18b9f1a8374d72fa071c2b9c1e61e0010d1	T055	055cffcbc18eb26d15f3818aada50b82a4bd0fa8	accepted ATT/material HEAD	A	engineering/design/agent-interface-2026-09-10/precedents.md	100644	b9d6c5a64111cc80554040ba180303634f74fc9d	100644	b9d6c5a64111cc80554040ba180303634f74fc9d	retained_exact	-	-	source mode/blob equals target mode/blob	-
B0	baseline	2e9da09bd163ca128e3cd2f4c91ef61ceec2fc2f	df9fc18b9f1a8374d72fa071c2b9c1e61e0010d1	T055	055cffcbc18eb26d15f3818aada50b82a4bd0fa8	accepted ATT/material HEAD	A	engineering/design/agent-interface-2026-09-10/sources-review.md	100644	7f246aac501d1932b992e84eaa83b4dc5ae802eb	100644	7f246aac501d1932b992e84eaa83b4dc5ae802eb	retained_exact	-	-	source mode/blob equals target mode/blob	-
B0	baseline	2e9da09bd163ca128e3cd2f4c91ef61ceec2fc2f	df9fc18b9f1a8374d72fa071c2b9c1e61e0010d1	T055	055cffcbc18eb26d15f3818aada50b82a4bd0fa8	accepted ATT/material HEAD	M	engineering/design/atlas/README.md	100644	1f7a8c2801c71e9ac881aee9f93a2bd312b265aa	100644	9e39963827eb41443b27761abd1cc718e160bb9a	authorized_later	ICON	e2ab3f5ef106b6bcbbbb5a7574282a40904d3faf	WK-163 icon source/canonical-family update	later owner/hunk recorded in shared-invariants.tsv
B0	baseline	2e9da09bd163ca128e3cd2f4c91ef61ceec2fc2f	df9fc18b9f1a8374d72fa071c2b9c1e61e0010d1	T055	055cffcbc18eb26d15f3818aada50b82a4bd0fa8	accepted ATT/material HEAD	M	engineering/design/home-composition-2026-09-10/README.md	100644	c5d29c981ec4e5875564280dabf50df54a5bd50d	100644	c5d29c981ec4e5875564280dabf50df54a5bd50d	retained_exact	-	-	source mode/blob equals target mode/blob	-
B0	baseline	2e9da09bd163ca128e3cd2f4c91ef61ceec2fc2f	df9fc18b9f1a8374d72fa071c2b9c1e61e0010d1	T055	055cffcbc18eb26d15f3818aada50b82a4bd0fa8	accepted ATT/material HEAD	M	engineering/design/home-composition-2026-09-10/material-grammar.md	100644	38bae90f3cc42f9a43d8f533400183efdfe7cc86	100644	38bae90f3cc42f9a43d8f533400183efdfe7cc86	retained_exact	-	-	source mode/blob equals target mode/blob	-
B0	baseline	2e9da09bd163ca128e3cd2f4c91ef61ceec2fc2f	df9fc18b9f1a8374d72fa071c2b9c1e61e0010d1	T055	055cffcbc18eb26d15f3818aada50b82a4bd0fa8	accepted ATT/material HEAD	A	engineering/design/skin-injection-2026-09-10/README.md	100644	dde9a87b73b0e6ec38b690748348f1702840d2ba	100644	dde9a87b73b0e6ec38b690748348f1702840d2ba	retained_exact	-	-	source mode/blob equals target mode/blob	-
B0	baseline	2e9da09bd163ca128e3cd2f4c91ef61ceec2fc2f	df9fc18b9f1a8374d72fa071c2b9c1e61e0010d1	T055	055cffcbc18eb26d15f3818aada50b82a4bd0fa8	accepted ATT/material HEAD	A	engineering/design/skin-injection-2026-09-10/autonomous-loop.md	100644	0171d04c1d22a1a4965f1d97e4118d8659bbb42f	100644	0171d04c1d22a1a4965f1d97e4118d8659bbb42f	retained_exact	-	-	source mode/blob equals target mode/blob	-
B0	baseline	2e9da09bd163ca128e3cd2f4c91ef61ceec2fc2f	df9fc18b9f1a8374d72fa071c2b9c1e61e0010d1	T055	055cffcbc18eb26d15f3818aada50b82a4bd0fa8	accepted ATT/material HEAD	A	engineering/design/skin-injection-2026-09-10/external-index.md	100644	2a8504ed00481976db90435da9f7a753d90b8c01	100644	2a8504ed00481976db90435da9f7a753d90b8c01	retained_exact	-	-	source mode/blob equals target mode/blob	-
B0	baseline	2e9da09bd163ca128e3cd2f4c91ef61ceec2fc2f	df9fc18b9f1a8374d72fa071c2b9c1e61e0010d1	T055	055cffcbc18eb26d15f3818aada50b82a4bd0fa8	accepted ATT/material HEAD	A	engineering/design/skin-injection-2026-09-10/input-conversation.md	100644	a9a175e1eb0234a54867be47b50c1e07b3df773b	100644	a9a175e1eb0234a54867be47b50c1e07b3df773b	retained_exact	-	-	source mode/blob equals target mode/blob	-
B0	baseline	2e9da09bd163ca128e3cd2f4c91ef61ceec2fc2f	df9fc18b9f1a8374d72fa071c2b9c1e61e0010d1	T055	055cffcbc18eb26d15f3818aada50b82a4bd0fa8	accepted ATT/material HEAD	A	engineering/design/skin-injection-2026-09-10/migration-notes.md	100644	d1037491ccdfff676a827a745ea1360883f41344	100644	d1037491ccdfff676a827a745ea1360883f41344	retained_exact	-	-	source mode/blob equals target mode/blob	-
B0	baseline	2e9da09bd163ca128e3cd2f4c91ef61ceec2fc2f	df9fc18b9f1a8374d72fa071c2b9c1e61e0010d1	T055	055cffcbc18eb26d15f3818aada50b82a4bd0fa8	accepted ATT/material HEAD	A	engineering/design/skin-injection-2026-09-10/repo-inventory.md	100644	6ed271712cf762c706b83e9e312e0d2d1cfd5a9c	100644	6ed271712cf762c706b83e9e312e0d2d1cfd5a9c	retained_exact	-	-	source mode/blob equals target mode/blob	-
B0	baseline	2e9da09bd163ca128e3cd2f4c91ef61ceec2fc2f	df9fc18b9f1a8374d72fa071c2b9c1e61e0010d1	T055	055cffcbc18eb26d15f3818aada50b82a4bd0fa8	accepted ATT/material HEAD	A	engineering/design/skin-injection-2026-09-10/skin-constitution.md	100644	e9e0645103671b9a1c91aed8399951e6cfd187e9	100644	e9e0645103671b9a1c91aed8399951e6cfd187e9	retained_exact	-	-	source mode/blob equals target mode/blob	-
B0	baseline	2e9da09bd163ca128e3cd2f4c91ef61ceec2fc2f	df9fc18b9f1a8374d72fa071c2b9c1e61e0010d1	T055	055cffcbc18eb26d15f3818aada50b82a4bd0fa8	accepted ATT/material HEAD	A	engineering/design/skin-injection-2026-09-10/specimen-proposals.md	100644	1dc49c2564ffa7ca5ad7c95f48e371480212e035	100644	1dc49c2564ffa7ca5ad7c95f48e371480212e035	retained_exact	-	-	source mode/blob equals target mode/blob	-
B0	baseline	2e9da09bd163ca128e3cd2f4c91ef61ceec2fc2f	df9fc18b9f1a8374d72fa071c2b9c1e61e0010d1	T055	055cffcbc18eb26d15f3818aada50b82a4bd0fa8	accepted ATT/material HEAD	A	engineering/design/skin-injection-2026-09-10/verification.md	100644	24a1e01279da7e3c110331e7749976b4c712bc61	100644	24a1e01279da7e3c110331e7749976b4c712bc61	retained_exact	-	-	source mode/blob equals target mode/blob	-
B0	baseline	2e9da09bd163ca128e3cd2f4c91ef61ceec2fc2f	df9fc18b9f1a8374d72fa071c2b9c1e61e0010d1	T055	055cffcbc18eb26d15f3818aada50b82a4bd0fa8	accepted ATT/material HEAD	M	engineering/design/sources.md	100644	6eca7e1888e2775befc1c22f780c06502f15def9	100644	87a736d183dd0040b91ab84be186d32b6f77185f	authorized_later	ICON	e2ab3f5ef106b6bcbbbb5a7574282a40904d3faf	S17 source ledger and EX-IC1/WK-163 update	later owner/hunk recorded in shared-invariants.tsv
B0	baseline	2e9da09bd163ca128e3cd2f4c91ef61ceec2fc2f	df9fc18b9f1a8374d72fa071c2b9c1e61e0010d1	T055	055cffcbc18eb26d15f3818aada50b82a4bd0fa8	accepted ATT/material HEAD	M	engineering/design/web-gpt-design-handoff-20260910.md	100644	164d45b483fbf33d9e027b2e7995a6131a10c765	100644	164d45b483fbf33d9e027b2e7995a6131a10c765	retained_exact	-	-	source mode/blob equals target mode/blob	-
B0	baseline	2e9da09bd163ca128e3cd2f4c91ef61ceec2fc2f	df9fc18b9f1a8374d72fa071c2b9c1e61e0010d1	T055	055cffcbc18eb26d15f3818aada50b82a4bd0fa8	accepted ATT/material HEAD	M	engineering/mvp/execution/work-surface-kit/backend-requests.md	100644	40057c4f92bfb1ee67f2022aa933dd57db3e67b1	100644	40057c4f92bfb1ee67f2022aa933dd57db3e67b1	retained_exact	-	-	source mode/blob equals target mode/blob	-
B0	baseline	2e9da09bd163ca128e3cd2f4c91ef61ceec2fc2f	df9fc18b9f1a8374d72fa071c2b9c1e61e0010d1	T055	055cffcbc18eb26d15f3818aada50b82a4bd0fa8	accepted ATT/material HEAD	M	engineering/mvp/execution/work-surface-kit/contracts/color-governance.md	100644	0085cc0bf15d913539f9a80be232bc4e0aab837a	100644	0085cc0bf15d913539f9a80be232bc4e0aab837a	retained_exact	-	-	source mode/blob equals target mode/blob	-
B0	baseline	2e9da09bd163ca128e3cd2f4c91ef61ceec2fc2f	df9fc18b9f1a8374d72fa071c2b9c1e61e0010d1	T055	055cffcbc18eb26d15f3818aada50b82a4bd0fa8	accepted ATT/material HEAD	M	engineering/mvp/execution/work-surface-kit/inputs/control-grammar-supplement-2026-09-10.md	100644	e9990d48fb7829d996a34ca98408148b98b06c18	100644	e9990d48fb7829d996a34ca98408148b98b06c18	retained_exact	-	-	source mode/blob equals target mode/blob	-
B0	baseline	2e9da09bd163ca128e3cd2f4c91ef61ceec2fc2f	df9fc18b9f1a8374d72fa071c2b9c1e61e0010d1	T055	055cffcbc18eb26d15f3818aada50b82a4bd0fa8	accepted ATT/material HEAD	A	engineering/reviews/2026-09-10/README.md	100644	8aca896c8897f90cd2d686862f4b469958972690	100644	8aca896c8897f90cd2d686862f4b469958972690	retained_exact	-	-	source mode/blob equals target mode/blob	-
B0	baseline	2e9da09bd163ca128e3cd2f4c91ef61ceec2fc2f	df9fc18b9f1a8374d72fa071c2b9c1e61e0010d1	T055	055cffcbc18eb26d15f3818aada50b82a4bd0fa8	accepted ATT/material HEAD	A	engineering/reviews/2026-09-10/baseline.json	100644	b23ac2367ffe38810e06413f16c172608f6e4060	100644	b23ac2367ffe38810e06413f16c172608f6e4060	retained_exact	-	-	source mode/blob equals target mode/blob	-
B0	baseline	2e9da09bd163ca128e3cd2f4c91ef61ceec2fc2f	df9fc18b9f1a8374d72fa071c2b9c1e61e0010d1	T055	055cffcbc18eb26d15f3818aada50b82a4bd0fa8	accepted ATT/material HEAD	A	engineering/reviews/2026-09-10/courtwork-implementation-plan-20260910/BACKLOG-DISPOSITION.md	100644	171b93992fbce2fa2c609ff669adbfd42a4f687a	100644	171b93992fbce2fa2c609ff669adbfd42a4f687a	retained_exact	-	-	source mode/blob equals target mode/blob	-
B0	baseline	2e9da09bd163ca128e3cd2f4c91ef61ceec2fc2f	df9fc18b9f1a8374d72fa071c2b9c1e61e0010d1	T055	055cffcbc18eb26d15f3818aada50b82a4bd0fa8	accepted ATT/material HEAD	A	engineering/reviews/2026-09-10/courtwork-implementation-plan-20260910/IMPLEMENTATION-PLAN.md	100644	5106deabc025928bbf6778d25a1520afa663c4be	100644	5106deabc025928bbf6778d25a1520afa663c4be	retained_exact	-	-	source mode/blob equals target mode/blob	-
B0	baseline	2e9da09bd163ca128e3cd2f4c91ef61ceec2fc2f	df9fc18b9f1a8374d72fa071c2b9c1e61e0010d1	T055	055cffcbc18eb26d15f3818aada50b82a4bd0fa8	accepted ATT/material HEAD	A	engineering/reviews/2026-09-10/courtwork-implementation-plan-20260910/PACKAGE-VERIFICATION.json	100644	115a96843519b5a9dd8b8b6e1c05dace247b4b9f	100644	115a96843519b5a9dd8b8b6e1c05dace247b4b9f	retained_exact	-	-	source mode/blob equals target mode/blob	-
B0	baseline	2e9da09bd163ca128e3cd2f4c91ef61ceec2fc2f	df9fc18b9f1a8374d72fa071c2b9c1e61e0010d1	T055	055cffcbc18eb26d15f3818aada50b82a4bd0fa8	accepted ATT/material HEAD	A	engineering/reviews/2026-09-10/courtwork-implementation-plan-20260910/README.md	100644	aef42aa46f9bd5dd078c68af7a43b5a28e75407d	100644	aef42aa46f9bd5dd078c68af7a43b5a28e75407d	retained_exact	-	-	source mode/blob equals target mode/blob	-
B0	baseline	2e9da09bd163ca128e3cd2f4c91ef61ceec2fc2f	df9fc18b9f1a8374d72fa071c2b9c1e61e0010d1	T055	055cffcbc18eb26d15f3818aada50b82a4bd0fa8	accepted ATT/material HEAD	A	engineering/reviews/2026-09-10/courtwork-implementation-plan-20260910/SHA256SUMS.txt	100644	3a71e0d8551fbe9b299d35b2582229a86d25db80	100644	3a71e0d8551fbe9b299d35b2582229a86d25db80	retained_exact	-	-	source mode/blob equals target mode/blob	-
B0	baseline	2e9da09bd163ca128e3cd2f4c91ef61ceec2fc2f	df9fc18b9f1a8374d72fa071c2b9c1e61e0010d1	T055	055cffcbc18eb26d15f3818aada50b82a4bd0fa8	accepted ATT/material HEAD	A	engineering/reviews/2026-09-10/courtwork-implementation-plan-20260910/SOURCE-INDEX.md	100644	0642c914e34c93e34d4d74b76e455dd54dcfd0e8	100644	0642c914e34c93e34d4d74b76e455dd54dcfd0e8	retained_exact	-	-	source mode/blob equals target mode/blob	-
B0	baseline	2e9da09bd163ca128e3cd2f4c91ef61ceec2fc2f	df9fc18b9f1a8374d72fa071c2b9c1e61e0010d1	T055	055cffcbc18eb26d15f3818aada50b82a4bd0fa8	accepted ATT/material HEAD	A	engineering/reviews/2026-09-10/courtwork-implementation-plan-20260910/contracts/PROPOSED-DTOS.md	100644	fc65e1cfceb4b95ca344442546153d5ce085ac9f	100644	fc65e1cfceb4b95ca344442546153d5ce085ac9f	retained_exact	-	-	source mode/blob equals target mode/blob	-
B0	baseline	2e9da09bd163ca128e3cd2f4c91ef61ceec2fc2f	df9fc18b9f1a8374d72fa071c2b9c1e61e0010d1	T055	055cffcbc18eb26d15f3818aada50b82a4bd0fa8	accepted ATT/material HEAD	A	engineering/reviews/2026-09-10/courtwork-implementation-plan-20260910/evidence/README.md	100644	cbcdd092a75d2892bf68e8a21d6038dc84c63457	100644	cbcdd092a75d2892bf68e8a21d6038dc84c63457	retained_exact	-	-	source mode/blob equals target mode/blob	-
B0	baseline	2e9da09bd163ca128e3cd2f4c91ef61ceec2fc2f	df9fc18b9f1a8374d72fa071c2b9c1e61e0010d1	T055	055cffcbc18eb26d15f3818aada50b82a4bd0fa8	accepted ATT/material HEAD	A	engineering/reviews/2026-09-10/courtwork-implementation-plan-20260910/evidence/core-client-lifecycle-result.json	100644	00dae01ae609332c80adf691969309029cb9c1a0	100644	00dae01ae609332c80adf691969309029cb9c1a0	retained_exact	-	-	source mode/blob equals target mode/blob	-
B0	baseline	2e9da09bd163ca128e3cd2f4c91ef61ceec2fc2f	df9fc18b9f1a8374d72fa071c2b9c1e61e0010d1	T055	055cffcbc18eb26d15f3818aada50b82a4bd0fa8	accepted ATT/material HEAD	A	engineering/reviews/2026-09-10/courtwork-implementation-plan-20260910/scripts/core-client-lifecycle.mjs	100644	4e42f2dcca71e425faf9661b0de725035ef34b67	100644	4e42f2dcca71e425faf9661b0de725035ef34b67	retained_exact	-	-	source mode/blob equals target mode/blob	-
B0	baseline	2e9da09bd163ca128e3cd2f4c91ef61ceec2fc2f	df9fc18b9f1a8374d72fa071c2b9c1e61e0010d1	T055	055cffcbc18eb26d15f3818aada50b82a4bd0fa8	accepted ATT/material HEAD	A	engineering/reviews/2026-09-10/courtwork-implementation-plan-20260910/scripts/preflight.sh	100755	a14648a593f3e4bd0a75ec4de4b57f1512be561c	100755	a14648a593f3e4bd0a75ec4de4b57f1512be561c	retained_exact	-	-	source mode/blob equals target mode/blob	-
B0	baseline	2e9da09bd163ca128e3cd2f4c91ef61ceec2fc2f	df9fc18b9f1a8374d72fa071c2b9c1e61e0010d1	T055	055cffcbc18eb26d15f3818aada50b82a4bd0fa8	accepted ATT/material HEAD	A	engineering/reviews/2026-09-10/courtwork-implementation-plan-20260910/tickets.json	100644	097a4ebd04991a9f3d8e8045d67e62fe4012334a	100644	097a4ebd04991a9f3d8e8045d67e62fe4012334a	retained_exact	-	-	source mode/blob equals target mode/blob	-
B0	baseline	2e9da09bd163ca128e3cd2f4c91ef61ceec2fc2f	df9fc18b9f1a8374d72fa071c2b9c1e61e0010d1	T055	055cffcbc18eb26d15f3818aada50b82a4bd0fa8	accepted ATT/material HEAD	A	engineering/reviews/2026-09-10/courtwork-implementation-plan-20260910/work-orders/RV26-00.md	100644	90cf0c5aee12fe1b504d08dad3767236caccb3cd	100644	90cf0c5aee12fe1b504d08dad3767236caccb3cd	retained_exact	-	-	source mode/blob equals target mode/blob	-
B0	baseline	2e9da09bd163ca128e3cd2f4c91ef61ceec2fc2f	df9fc18b9f1a8374d72fa071c2b9c1e61e0010d1	T055	055cffcbc18eb26d15f3818aada50b82a4bd0fa8	accepted ATT/material HEAD	A	engineering/reviews/2026-09-10/courtwork-implementation-plan-20260910/work-orders/RV26-AT01.md	100644	30a18f8d8ca4596f8c99324534fef1a4e3093759	100644	30a18f8d8ca4596f8c99324534fef1a4e3093759	retained_exact	-	-	source mode/blob equals target mode/blob	-
B0	baseline	2e9da09bd163ca128e3cd2f4c91ef61ceec2fc2f	df9fc18b9f1a8374d72fa071c2b9c1e61e0010d1	T055	055cffcbc18eb26d15f3818aada50b82a4bd0fa8	accepted ATT/material HEAD	A	engineering/reviews/2026-09-10/courtwork-implementation-plan-20260910/work-orders/RV26-AT02.md	100644	580f7827abd7ce65dbd11784aa0773c16d1559b8	100644	580f7827abd7ce65dbd11784aa0773c16d1559b8	retained_exact	-	-	source mode/blob equals target mode/blob	-
B0	baseline	2e9da09bd163ca128e3cd2f4c91ef61ceec2fc2f	df9fc18b9f1a8374d72fa071c2b9c1e61e0010d1	T055	055cffcbc18eb26d15f3818aada50b82a4bd0fa8	accepted ATT/material HEAD	A	engineering/reviews/2026-09-10/courtwork-implementation-plan-20260910/work-orders/RV26-EV01.md	100644	d90c07c64b942012a322e39e9f216b4410457d01	100644	d90c07c64b942012a322e39e9f216b4410457d01	retained_exact	-	-	source mode/blob equals target mode/blob	-
B0	baseline	2e9da09bd163ca128e3cd2f4c91ef61ceec2fc2f	df9fc18b9f1a8374d72fa071c2b9c1e61e0010d1	T055	055cffcbc18eb26d15f3818aada50b82a4bd0fa8	accepted ATT/material HEAD	A	engineering/reviews/2026-09-10/courtwork-implementation-plan-20260910/work-orders/RV26-FE01.md	100644	e8bba87bf3a32ae80ffe0caa25e7154920ea2dd5	100644	e8bba87bf3a32ae80ffe0caa25e7154920ea2dd5	retained_exact	-	-	source mode/blob equals target mode/blob	-
B0	baseline	2e9da09bd163ca128e3cd2f4c91ef61ceec2fc2f	df9fc18b9f1a8374d72fa071c2b9c1e61e0010d1	T055	055cffcbc18eb26d15f3818aada50b82a4bd0fa8	accepted ATT/material HEAD	A	engineering/reviews/2026-09-10/courtwork-implementation-plan-20260910/work-orders/RV26-FE02.md	100644	16e15806562e5d9a4f5c2706747a98e1b5bc6611	100644	16e15806562e5d9a4f5c2706747a98e1b5bc6611	retained_exact	-	-	source mode/blob equals target mode/blob	-
B0	baseline	2e9da09bd163ca128e3cd2f4c91ef61ceec2fc2f	df9fc18b9f1a8374d72fa071c2b9c1e61e0010d1	T055	055cffcbc18eb26d15f3818aada50b82a4bd0fa8	accepted ATT/material HEAD	A	engineering/reviews/2026-09-10/courtwork-implementation-plan-20260910/work-orders/RV26-FE03.md	100644	4e7f7c8364348d3025ad78c9a577281f27f2514c	100644	4e7f7c8364348d3025ad78c9a577281f27f2514c	retained_exact	-	-	source mode/blob equals target mode/blob	-
B0	baseline	2e9da09bd163ca128e3cd2f4c91ef61ceec2fc2f	df9fc18b9f1a8374d72fa071c2b9c1e61e0010d1	T055	055cffcbc18eb26d15f3818aada50b82a4bd0fa8	accepted ATT/material HEAD	A	engineering/reviews/2026-09-10/courtwork-implementation-plan-20260910/work-orders/RV26-FE04.md	100644	0e90262098ce9f90ffc75882fd7cb003abbe9b14	100644	0e90262098ce9f90ffc75882fd7cb003abbe9b14	retained_exact	-	-	source mode/blob equals target mode/blob	-
B0	baseline	2e9da09bd163ca128e3cd2f4c91ef61ceec2fc2f	df9fc18b9f1a8374d72fa071c2b9c1e61e0010d1	T055	055cffcbc18eb26d15f3818aada50b82a4bd0fa8	accepted ATT/material HEAD	A	engineering/reviews/2026-09-10/courtwork-implementation-plan-20260910/work-orders/RV26-HC01.md	100644	5f2c582f96af76ce4d92d73ec5b46c38865cdf1d	100644	5f2c582f96af76ce4d92d73ec5b46c38865cdf1d	retained_exact	-	-	source mode/blob equals target mode/blob	-
B0	baseline	2e9da09bd163ca128e3cd2f4c91ef61ceec2fc2f	df9fc18b9f1a8374d72fa071c2b9c1e61e0010d1	T055	055cffcbc18eb26d15f3818aada50b82a4bd0fa8	accepted ATT/material HEAD	A	engineering/reviews/2026-09-10/courtwork-implementation-plan-20260910/work-orders/RV26-HC02.md	100644	fd3a47d60224687605d773c4daac5d85a661ce99	100644	fd3a47d60224687605d773c4daac5d85a661ce99	retained_exact	-	-	source mode/blob equals target mode/blob	-
B0	baseline	2e9da09bd163ca128e3cd2f4c91ef61ceec2fc2f	df9fc18b9f1a8374d72fa071c2b9c1e61e0010d1	T055	055cffcbc18eb26d15f3818aada50b82a4bd0fa8	accepted ATT/material HEAD	A	engineering/reviews/2026-09-10/courtwork-implementation-plan-20260910/work-orders/RV26-HC03.md	100644	b2e7dec1a462cd456e8aea13b6cba0ecb8092b90	100644	b2e7dec1a462cd456e8aea13b6cba0ecb8092b90	retained_exact	-	-	source mode/blob equals target mode/blob	-
B0	baseline	2e9da09bd163ca128e3cd2f4c91ef61ceec2fc2f	df9fc18b9f1a8374d72fa071c2b9c1e61e0010d1	T055	055cffcbc18eb26d15f3818aada50b82a4bd0fa8	accepted ATT/material HEAD	A	engineering/reviews/2026-09-10/courtwork-implementation-plan-20260910/work-orders/RV26-HC04.md	100644	e72eacb04ae0196777cbdf0735453757a211f9f2	100644	e72eacb04ae0196777cbdf0735453757a211f9f2	retained_exact	-	-	source mode/blob equals target mode/blob	-
B0	baseline	2e9da09bd163ca128e3cd2f4c91ef61ceec2fc2f	df9fc18b9f1a8374d72fa071c2b9c1e61e0010d1	T055	055cffcbc18eb26d15f3818aada50b82a4bd0fa8	accepted ATT/material HEAD	A	engineering/reviews/2026-09-10/courtwork-implementation-plan-20260910/work-orders/RV26-LG00.md	100644	84bc69367cf2b5846859cf8eaea19935e92d9f34	100644	84bc69367cf2b5846859cf8eaea19935e92d9f34	retained_exact	-	-	source mode/blob equals target mode/blob	-
B0	baseline	2e9da09bd163ca128e3cd2f4c91ef61ceec2fc2f	df9fc18b9f1a8374d72fa071c2b9c1e61e0010d1	T055	055cffcbc18eb26d15f3818aada50b82a4bd0fa8	accepted ATT/material HEAD	A	engineering/reviews/2026-09-10/courtwork-implementation-plan-20260910/work-orders/RV26-LG01A.md	100644	dbd1a2d336f6a17b897186be623d75210d73c71a	100644	dbd1a2d336f6a17b897186be623d75210d73c71a	retained_exact	-	-	source mode/blob equals target mode/blob	-
B0	baseline	2e9da09bd163ca128e3cd2f4c91ef61ceec2fc2f	df9fc18b9f1a8374d72fa071c2b9c1e61e0010d1	T055	055cffcbc18eb26d15f3818aada50b82a4bd0fa8	accepted ATT/material HEAD	A	engineering/reviews/2026-09-10/courtwork-implementation-plan-20260910/work-orders/RV26-LG01B.md	100644	f45bf41ab58129b90cfc25fafa7e053bb2a9131e	100644	f45bf41ab58129b90cfc25fafa7e053bb2a9131e	retained_exact	-	-	source mode/blob equals target mode/blob	-
B0	baseline	2e9da09bd163ca128e3cd2f4c91ef61ceec2fc2f	df9fc18b9f1a8374d72fa071c2b9c1e61e0010d1	T055	055cffcbc18eb26d15f3818aada50b82a4bd0fa8	accepted ATT/material HEAD	A	engineering/reviews/2026-09-10/courtwork-implementation-plan-20260910/work-orders/RV26-LG01C.md	100644	45ada037f4c99ea2c21286f43e3feb3a525c9580	100644	45ada037f4c99ea2c21286f43e3feb3a525c9580	retained_exact	-	-	source mode/blob equals target mode/blob	-
B0	baseline	2e9da09bd163ca128e3cd2f4c91ef61ceec2fc2f	df9fc18b9f1a8374d72fa071c2b9c1e61e0010d1	T055	055cffcbc18eb26d15f3818aada50b82a4bd0fa8	accepted ATT/material HEAD	A	engineering/reviews/2026-09-10/courtwork-implementation-plan-20260910/work-orders/RV26-LG02A.md	100644	bbeeb21cfe4f480a97328a69f170b606e67b77fb	100644	bbeeb21cfe4f480a97328a69f170b606e67b77fb	retained_exact	-	-	source mode/blob equals target mode/blob	-
B0	baseline	2e9da09bd163ca128e3cd2f4c91ef61ceec2fc2f	df9fc18b9f1a8374d72fa071c2b9c1e61e0010d1	T055	055cffcbc18eb26d15f3818aada50b82a4bd0fa8	accepted ATT/material HEAD	A	engineering/reviews/2026-09-10/courtwork-implementation-plan-20260910/work-orders/RV26-LG02B.md	100644	5a9ed7fccbea80a4f5a808051a78ee538c7d92dc	100644	5a9ed7fccbea80a4f5a808051a78ee538c7d92dc	retained_exact	-	-	source mode/blob equals target mode/blob	-
B0	baseline	2e9da09bd163ca128e3cd2f4c91ef61ceec2fc2f	df9fc18b9f1a8374d72fa071c2b9c1e61e0010d1	T055	055cffcbc18eb26d15f3818aada50b82a4bd0fa8	accepted ATT/material HEAD	A	engineering/reviews/2026-09-10/courtwork-implementation-plan-20260910/work-orders/RV26-LG04.md	100644	bb8e5abb8bb3319d23b1076be358f2566def8e29	100644	bb8e5abb8bb3319d23b1076be358f2566def8e29	retained_exact	-	-	source mode/blob equals target mode/blob	-
B0	baseline	2e9da09bd163ca128e3cd2f4c91ef61ceec2fc2f	df9fc18b9f1a8374d72fa071c2b9c1e61e0010d1	T055	055cffcbc18eb26d15f3818aada50b82a4bd0fa8	accepted ATT/material HEAD	A	engineering/reviews/2026-09-10/courtwork-implementation-plan-20260910/work-orders/RV26-OPT01.md	100644	2578192f6ce8d9b7953f9bd9d9f9c8d4cf6c06c7	100644	2578192f6ce8d9b7953f9bd9d9f9c8d4cf6c06c7	retained_exact	-	-	source mode/blob equals target mode/blob	-
B0	baseline	2e9da09bd163ca128e3cd2f4c91ef61ceec2fc2f	df9fc18b9f1a8374d72fa071c2b9c1e61e0010d1	T055	055cffcbc18eb26d15f3818aada50b82a4bd0fa8	accepted ATT/material HEAD	A	engineering/reviews/2026-09-10/courtwork-implementation-plan-20260910/work-orders/RV26-OPT02.md	100644	782138bcd506d5dc06bcccbac6e77622e3402a8b	100644	782138bcd506d5dc06bcccbac6e77622e3402a8b	retained_exact	-	-	source mode/blob equals target mode/blob	-
B0	baseline	2e9da09bd163ca128e3cd2f4c91ef61ceec2fc2f	df9fc18b9f1a8374d72fa071c2b9c1e61e0010d1	T055	055cffcbc18eb26d15f3818aada50b82a4bd0fa8	accepted ATT/material HEAD	A	engineering/reviews/2026-09-10/courtwork-implementation-plan-20260910/work-orders/RV26-OPT03.md	100644	2707ecc8888341d6143afacc65566bcf872d85f3	100644	2707ecc8888341d6143afacc65566bcf872d85f3	retained_exact	-	-	source mode/blob equals target mode/blob	-
B0	baseline	2e9da09bd163ca128e3cd2f4c91ef61ceec2fc2f	df9fc18b9f1a8374d72fa071c2b9c1e61e0010d1	T055	055cffcbc18eb26d15f3818aada50b82a4bd0fa8	accepted ATT/material HEAD	A	engineering/reviews/2026-09-10/courtwork-implementation-plan-20260910/work-orders/RV26-OPT04.md	100644	01e7ea50550b2e3a537ce6ed609cf9aa93a08b04	100644	01e7ea50550b2e3a537ce6ed609cf9aa93a08b04	retained_exact	-	-	source mode/blob equals target mode/blob	-
B0	baseline	2e9da09bd163ca128e3cd2f4c91ef61ceec2fc2f	df9fc18b9f1a8374d72fa071c2b9c1e61e0010d1	T055	055cffcbc18eb26d15f3818aada50b82a4bd0fa8	accepted ATT/material HEAD	A	engineering/reviews/2026-09-10/courtwork-implementation-plan-20260910/work-orders/RV26-OPT05.md	100644	240aaff139a07f145025e4b27b81bf8de9f8982d	100644	240aaff139a07f145025e4b27b81bf8de9f8982d	retained_exact	-	-	source mode/blob equals target mode/blob	-
B0	baseline	2e9da09bd163ca128e3cd2f4c91ef61ceec2fc2f	df9fc18b9f1a8374d72fa071c2b9c1e61e0010d1	T055	055cffcbc18eb26d15f3818aada50b82a4bd0fa8	accepted ATT/material HEAD	A	engineering/reviews/2026-09-10/courtwork-implementation-plan-20260910/work-orders/RV26-OUT01.md	100644	6afa34060b765e4ed16331ea9105f2db8bac7437	100644	6afa34060b765e4ed16331ea9105f2db8bac7437	retained_exact	-	-	source mode/blob equals target mode/blob	-
B0	baseline	2e9da09bd163ca128e3cd2f4c91ef61ceec2fc2f	df9fc18b9f1a8374d72fa071c2b9c1e61e0010d1	T055	055cffcbc18eb26d15f3818aada50b82a4bd0fa8	accepted ATT/material HEAD	A	engineering/reviews/2026-09-10/courtwork-implementation-plan-20260910/work-orders/RV26-PV01.md	100644	8dfea6fcb6b65920735ee3a43b987b3b97132a31	100644	8dfea6fcb6b65920735ee3a43b987b3b97132a31	retained_exact	-	-	source mode/blob equals target mode/blob	-
B0	baseline	2e9da09bd163ca128e3cd2f4c91ef61ceec2fc2f	df9fc18b9f1a8374d72fa071c2b9c1e61e0010d1	T055	055cffcbc18eb26d15f3818aada50b82a4bd0fa8	accepted ATT/material HEAD	A	engineering/reviews/2026-09-10/courtwork-implementation-plan-20260910/work-orders/RV26-Q01.md	100644	edc3e74d867fe142ccb33edcbc5a66b5f498b58a	100644	edc3e74d867fe142ccb33edcbc5a66b5f498b58a	retained_exact	-	-	source mode/blob equals target mode/blob	-
B0	baseline	2e9da09bd163ca128e3cd2f4c91ef61ceec2fc2f	df9fc18b9f1a8374d72fa071c2b9c1e61e0010d1	T055	055cffcbc18eb26d15f3818aada50b82a4bd0fa8	accepted ATT/material HEAD	A	engineering/reviews/2026-09-10/courtwork-implementation-plan-20260910/work-orders/RV26-Q02.md	100644	f973a3fce4741a711a76f9609edb7e76f56e25d3	100644	f973a3fce4741a711a76f9609edb7e76f56e25d3	retained_exact	-	-	source mode/blob equals target mode/blob	-
B0	baseline	2e9da09bd163ca128e3cd2f4c91ef61ceec2fc2f	df9fc18b9f1a8374d72fa071c2b9c1e61e0010d1	T055	055cffcbc18eb26d15f3818aada50b82a4bd0fa8	accepted ATT/material HEAD	A	engineering/reviews/2026-09-10/courtwork-implementation-plan-20260910/work-orders/RV26-Q03.md	100644	03f1019de814b5d171bc58e0ca05eae425cc010c	100644	03f1019de814b5d171bc58e0ca05eae425cc010c	retained_exact	-	-	source mode/blob equals target mode/blob	-
B0	baseline	2e9da09bd163ca128e3cd2f4c91ef61ceec2fc2f	df9fc18b9f1a8374d72fa071c2b9c1e61e0010d1	T055	055cffcbc18eb26d15f3818aada50b82a4bd0fa8	accepted ATT/material HEAD	A	engineering/reviews/2026-09-10/courtwork-implementation-plan-20260910/work-orders/RV26-Q04.md	100644	c8453cac68d805e55b77469d3d899e31c2f4c1ad	100644	c8453cac68d805e55b77469d3d899e31c2f4c1ad	retained_exact	-	-	source mode/blob equals target mode/blob	-
B0	baseline	2e9da09bd163ca128e3cd2f4c91ef61ceec2fc2f	df9fc18b9f1a8374d72fa071c2b9c1e61e0010d1	T055	055cffcbc18eb26d15f3818aada50b82a4bd0fa8	accepted ATT/material HEAD	A	engineering/reviews/2026-09-10/courtwork-implementation-plan-20260910/work-orders/RV26-Q05.md	100644	04c98b0f395d0265817cf2e4b3444b697b920bcd	100644	04c98b0f395d0265817cf2e4b3444b697b920bcd	retained_exact	-	-	source mode/blob equals target mode/blob	-
B0	baseline	2e9da09bd163ca128e3cd2f4c91ef61ceec2fc2f	df9fc18b9f1a8374d72fa071c2b9c1e61e0010d1	T055	055cffcbc18eb26d15f3818aada50b82a4bd0fa8	accepted ATT/material HEAD	A	engineering/reviews/2026-09-10/courtwork-implementation-plan-20260910/work-orders/RV26-REL01.md	100644	0bb9862ba4488b9da8777a2d38e16e3e6e22e575	100644	0bb9862ba4488b9da8777a2d38e16e3e6e22e575	retained_exact	-	-	source mode/blob equals target mode/blob	-
B0	baseline	2e9da09bd163ca128e3cd2f4c91ef61ceec2fc2f	df9fc18b9f1a8374d72fa071c2b9c1e61e0010d1	T055	055cffcbc18eb26d15f3818aada50b82a4bd0fa8	accepted ATT/material HEAD	A	engineering/reviews/2026-09-10/courtwork-implementation-plan-20260910/work-orders/RV26-SP01.md	100644	a6210af07da903b9e70b452aa1e0d9705aa1a738	100644	a6210af07da903b9e70b452aa1e0d9705aa1a738	retained_exact	-	-	source mode/blob equals target mode/blob	-
B0	baseline	2e9da09bd163ca128e3cd2f4c91ef61ceec2fc2f	df9fc18b9f1a8374d72fa071c2b9c1e61e0010d1	T055	055cffcbc18eb26d15f3818aada50b82a4bd0fa8	accepted ATT/material HEAD	A	engineering/reviews/2026-09-10/dispatch.json	100644	8da0a79aee599c71b783ad308c9d61aa75ecef54	100644	8da0a79aee599c71b783ad308c9d61aa75ecef54	retained_exact	-	-	source mode/blob equals target mode/blob	-
B0	baseline	2e9da09bd163ca128e3cd2f4c91ef61ceec2fc2f	df9fc18b9f1a8374d72fa071c2b9c1e61e0010d1	T055	055cffcbc18eb26d15f3818aada50b82a4bd0fa8	accepted ATT/material HEAD	A	engineering/reviews/2026-09-10/q02/README.md	100644	54756ee8b691c879579bd17eb25ae33b8991ce4a	100644	54756ee8b691c879579bd17eb25ae33b8991ce4a	retained_exact	-	-	source mode/blob equals target mode/blob	-
B0	baseline	2e9da09bd163ca128e3cd2f4c91ef61ceec2fc2f	df9fc18b9f1a8374d72fa071c2b9c1e61e0010d1	T055	055cffcbc18eb26d15f3818aada50b82a4bd0fa8	accepted ATT/material HEAD	A	engineering/reviews/2026-09-10/verify-ledger.mjs	100644	3fe3a5670f7c1990aac92d11fb8407f979997d49	100644	3fe3a5670f7c1990aac92d11fb8407f979997d49	retained_exact	-	-	source mode/blob equals target mode/blob	-
B0	baseline	2e9da09bd163ca128e3cd2f4c91ef61ceec2fc2f	df9fc18b9f1a8374d72fa071c2b9c1e61e0010d1	T055	055cffcbc18eb26d15f3818aada50b82a4bd0fa8	accepted ATT/material HEAD	A	evidence/dystopia-sk3-20260910/README.md	100644	4dbdd863a5c56ea20548fb77244a3ba172343dc2	100644	4dbdd863a5c56ea20548fb77244a3ba172343dc2	retained_exact	-	-	source mode/blob equals target mode/blob	-
B0	baseline	2e9da09bd163ca128e3cd2f4c91ef61ceec2fc2f	df9fc18b9f1a8374d72fa071c2b9c1e61e0010d1	T055	055cffcbc18eb26d15f3818aada50b82a4bd0fa8	accepted ATT/material HEAD	A	evidence/dystopia-sk3-20260910/attention-dystopia-dark-1280.png	100644	b823052afa17e1d3de8fdfb2014de7c9c8d54067	100644	b823052afa17e1d3de8fdfb2014de7c9c8d54067	retained_exact	-	-	source mode/blob equals target mode/blob	-
B0	baseline	2e9da09bd163ca128e3cd2f4c91ef61ceec2fc2f	df9fc18b9f1a8374d72fa071c2b9c1e61e0010d1	T055	055cffcbc18eb26d15f3818aada50b82a4bd0fa8	accepted ATT/material HEAD	A	evidence/dystopia-sk3-20260910/attention-dystopia-dark-1440.png	100644	af325d7f25a8927a222d6ef2aae02a04597b7737	100644	af325d7f25a8927a222d6ef2aae02a04597b7737	retained_exact	-	-	source mode/blob equals target mode/blob	-
B0	baseline	2e9da09bd163ca128e3cd2f4c91ef61ceec2fc2f	df9fc18b9f1a8374d72fa071c2b9c1e61e0010d1	T055	055cffcbc18eb26d15f3818aada50b82a4bd0fa8	accepted ATT/material HEAD	A	evidence/dystopia-sk3-20260910/attention-dystopia-dark-390.png	100644	a830d8be11dd6e46d642357b9780a27d600e3f2e	100644	a830d8be11dd6e46d642357b9780a27d600e3f2e	retained_exact	-	-	source mode/blob equals target mode/blob	-
B0	baseline	2e9da09bd163ca128e3cd2f4c91ef61ceec2fc2f	df9fc18b9f1a8374d72fa071c2b9c1e61e0010d1	T055	055cffcbc18eb26d15f3818aada50b82a4bd0fa8	accepted ATT/material HEAD	A	evidence/dystopia-sk3-20260910/attention-dystopia-light-1280.png	100644	b56348b5732fb4875d915af411a11e0e69221237	100644	b56348b5732fb4875d915af411a11e0e69221237	retained_exact	-	-	source mode/blob equals target mode/blob	-
B0	baseline	2e9da09bd163ca128e3cd2f4c91ef61ceec2fc2f	df9fc18b9f1a8374d72fa071c2b9c1e61e0010d1	T055	055cffcbc18eb26d15f3818aada50b82a4bd0fa8	accepted ATT/material HEAD	A	evidence/dystopia-sk3-20260910/attention-dystopia-light-1440.png	100644	700789ac606e77f9aa9407fbea750e39aa086915	100644	700789ac606e77f9aa9407fbea750e39aa086915	retained_exact	-	-	source mode/blob equals target mode/blob	-
B0	baseline	2e9da09bd163ca128e3cd2f4c91ef61ceec2fc2f	df9fc18b9f1a8374d72fa071c2b9c1e61e0010d1	T055	055cffcbc18eb26d15f3818aada50b82a4bd0fa8	accepted ATT/material HEAD	A	evidence/dystopia-sk3-20260910/attention-dystopia-light-390.png	100644	5a70e9df7ef71623fb0b1b75ae4413be2fae57e5	100644	5a70e9df7ef71623fb0b1b75ae4413be2fae57e5	retained_exact	-	-	source mode/blob equals target mode/blob	-
B0	baseline	2e9da09bd163ca128e3cd2f4c91ef61ceec2fc2f	df9fc18b9f1a8374d72fa071c2b9c1e61e0010d1	T055	055cffcbc18eb26d15f3818aada50b82a4bd0fa8	accepted ATT/material HEAD	A	evidence/dystopia-sk3-20260910/attention-load-failure-slate-light-1440.png	100644	2e51bc1ccb8312502f0e7ca6a80b01ade7ed8802	100644	2e51bc1ccb8312502f0e7ca6a80b01ade7ed8802	retained_exact	-	-	source mode/blob equals target mode/blob	-
B0	baseline	2e9da09bd163ca128e3cd2f4c91ef61ceec2fc2f	df9fc18b9f1a8374d72fa071c2b9c1e61e0010d1	T055	055cffcbc18eb26d15f3818aada50b82a4bd0fa8	accepted ATT/material HEAD	A	evidence/dystopia-sk3-20260910/attention-slate-dark-1280.png	100644	dc21c94a1400d443aa13193eba6b0925be2f1916	100644	dc21c94a1400d443aa13193eba6b0925be2f1916	retained_exact	-	-	source mode/blob equals target mode/blob	-
B0	baseline	2e9da09bd163ca128e3cd2f4c91ef61ceec2fc2f	df9fc18b9f1a8374d72fa071c2b9c1e61e0010d1	T055	055cffcbc18eb26d15f3818aada50b82a4bd0fa8	accepted ATT/material HEAD	A	evidence/dystopia-sk3-20260910/attention-slate-dark-1440.png	100644	3af27f6e9eebe0eaf3fad1dd604a10109e1996a5	100644	3af27f6e9eebe0eaf3fad1dd604a10109e1996a5	retained_exact	-	-	source mode/blob equals target mode/blob	-
B0	baseline	2e9da09bd163ca128e3cd2f4c91ef61ceec2fc2f	df9fc18b9f1a8374d72fa071c2b9c1e61e0010d1	T055	055cffcbc18eb26d15f3818aada50b82a4bd0fa8	accepted ATT/material HEAD	A	evidence/dystopia-sk3-20260910/attention-slate-dark-390.png	100644	2083e79adaf27abd9719676adb557a3520500064	100644	2083e79adaf27abd9719676adb557a3520500064	retained_exact	-	-	source mode/blob equals target mode/blob	-
B0	baseline	2e9da09bd163ca128e3cd2f4c91ef61ceec2fc2f	df9fc18b9f1a8374d72fa071c2b9c1e61e0010d1	T055	055cffcbc18eb26d15f3818aada50b82a4bd0fa8	accepted ATT/material HEAD	A	evidence/dystopia-sk3-20260910/attention-slate-light-1280.png	100644	8ed692ae36abd2a05d7aa90a67d1834099f4a942	100644	8ed692ae36abd2a05d7aa90a67d1834099f4a942	retained_exact	-	-	source mode/blob equals target mode/blob	-
B0	baseline	2e9da09bd163ca128e3cd2f4c91ef61ceec2fc2f	df9fc18b9f1a8374d72fa071c2b9c1e61e0010d1	T055	055cffcbc18eb26d15f3818aada50b82a4bd0fa8	accepted ATT/material HEAD	A	evidence/dystopia-sk3-20260910/attention-slate-light-1440.png	100644	2703dbff9676f0a3b0b7832e92a3b3eb9f9bb746	100644	2703dbff9676f0a3b0b7832e92a3b3eb9f9bb746	retained_exact	-	-	source mode/blob equals target mode/blob	-
B0	baseline	2e9da09bd163ca128e3cd2f4c91ef61ceec2fc2f	df9fc18b9f1a8374d72fa071c2b9c1e61e0010d1	T055	055cffcbc18eb26d15f3818aada50b82a4bd0fa8	accepted ATT/material HEAD	A	evidence/dystopia-sk3-20260910/attention-slate-light-390.png	100644	13e464bd1f55a031bf7fb10d14eebf3dc058fa13	100644	13e464bd1f55a031bf7fb10d14eebf3dc058fa13	retained_exact	-	-	source mode/blob equals target mode/blob	-
B0	baseline	2e9da09bd163ca128e3cd2f4c91ef61ceec2fc2f	df9fc18b9f1a8374d72fa071c2b9c1e61e0010d1	T055	055cffcbc18eb26d15f3818aada50b82a4bd0fa8	accepted ATT/material HEAD	A	evidence/dystopia-sk3-20260910/browser.mjs	100644	c7c9bd07cc4246b61800e4154acf1bd2920a7025	100644	c7c9bd07cc4246b61800e4154acf1bd2920a7025	retained_exact	-	-	source mode/blob equals target mode/blob	-
B0	baseline	2e9da09bd163ca128e3cd2f4c91ef61ceec2fc2f	df9fc18b9f1a8374d72fa071c2b9c1e61e0010d1	T055	055cffcbc18eb26d15f3818aada50b82a4bd0fa8	accepted ATT/material HEAD	A	evidence/dystopia-sk3-20260910/checks-integration.mjs	100644	0051acaf2ba840ab7ce041cf21a640fc6f51d04d	100644	0051acaf2ba840ab7ce041cf21a640fc6f51d04d	retained_exact	-	-	source mode/blob equals target mode/blob	-
B0	baseline	2e9da09bd163ca128e3cd2f4c91ef61ceec2fc2f	df9fc18b9f1a8374d72fa071c2b9c1e61e0010d1	T055	055cffcbc18eb26d15f3818aada50b82a4bd0fa8	accepted ATT/material HEAD	A	evidence/dystopia-sk3-20260910/checks-material.mjs	100644	0f3da8980fef24b2d008567721f0b1552e0e7d7f	100644	0f3da8980fef24b2d008567721f0b1552e0e7d7f	retained_exact	-	-	source mode/blob equals target mode/blob	-
B0	baseline	2e9da09bd163ca128e3cd2f4c91ef61ceec2fc2f	df9fc18b9f1a8374d72fa071c2b9c1e61e0010d1	T055	055cffcbc18eb26d15f3818aada50b82a4bd0fa8	accepted ATT/material HEAD	A	evidence/dystopia-sk3-20260910/checks-presets.mjs	100644	7d699ef53f2848e93b8a313ae513f463f8e09e2d	100644	7d699ef53f2848e93b8a313ae513f463f8e09e2d	retained_exact	-	-	source mode/blob equals target mode/blob	-
B0	baseline	2e9da09bd163ca128e3cd2f4c91ef61ceec2fc2f	df9fc18b9f1a8374d72fa071c2b9c1e61e0010d1	T055	055cffcbc18eb26d15f3818aada50b82a4bd0fa8	accepted ATT/material HEAD	A	evidence/dystopia-sk3-20260910/checks-settings.mjs	100644	382d57966eb9f883dea7d8fa03be8a660614b682	100644	382d57966eb9f883dea7d8fa03be8a660614b682	retained_exact	-	-	source mode/blob equals target mode/blob	-
B0	baseline	2e9da09bd163ca128e3cd2f4c91ef61ceec2fc2f	df9fc18b9f1a8374d72fa071c2b9c1e61e0010d1	T055	055cffcbc18eb26d15f3818aada50b82a4bd0fa8	accepted ATT/material HEAD	A	evidence/dystopia-sk3-20260910/checks-surfaces.json	100644	37a2f5ffdd8f588e77b85a56f810f649c40b3200	100644	37a2f5ffdd8f588e77b85a56f810f649c40b3200	retained_exact	-	-	source mode/blob equals target mode/blob	-
B0	baseline	2e9da09bd163ca128e3cd2f4c91ef61ceec2fc2f	df9fc18b9f1a8374d72fa071c2b9c1e61e0010d1	T055	055cffcbc18eb26d15f3818aada50b82a4bd0fa8	accepted ATT/material HEAD	A	evidence/dystopia-sk3-20260910/checks-surfaces.mjs	100644	eca827d62569a2cfecea0b7405edf3f129b4e06b	100644	eca827d62569a2cfecea0b7405edf3f129b4e06b	retained_exact	-	-	source mode/blob equals target mode/blob	-
B0	baseline	2e9da09bd163ca128e3cd2f4c91ef61ceec2fc2f	df9fc18b9f1a8374d72fa071c2b9c1e61e0010d1	T055	055cffcbc18eb26d15f3818aada50b82a4bd0fa8	accepted ATT/material HEAD	A	evidence/dystopia-sk3-20260910/checks-theme.mjs	100644	d2553ad5594fab7bad430ea49372c611763e1326	100644	d2553ad5594fab7bad430ea49372c611763e1326	retained_exact	-	-	source mode/blob equals target mode/blob	-
B0	baseline	2e9da09bd163ca128e3cd2f4c91ef61ceec2fc2f	df9fc18b9f1a8374d72fa071c2b9c1e61e0010d1	T055	055cffcbc18eb26d15f3818aada50b82a4bd0fa8	accepted ATT/material HEAD	A	evidence/dystopia-sk3-20260910/contrast.md	100644	f92d90ab5696419660a9571e04643f1d8b18cc98	100644	f92d90ab5696419660a9571e04643f1d8b18cc98	retained_exact	-	-	source mode/blob equals target mode/blob	-
B0	baseline	2e9da09bd163ca128e3cd2f4c91ef61ceec2fc2f	df9fc18b9f1a8374d72fa071c2b9c1e61e0010d1	T055	055cffcbc18eb26d15f3818aada50b82a4bd0fa8	accepted ATT/material HEAD	A	evidence/dystopia-sk3-20260910/focus-tests.log	100644	2bf85799858d3f35324b0c60816f2b6912c36b22	100644	2bf85799858d3f35324b0c60816f2b6912c36b22	retained_exact	-	-	source mode/blob equals target mode/blob	-
B0	baseline	2e9da09bd163ca128e3cd2f4c91ef61ceec2fc2f	df9fc18b9f1a8374d72fa071c2b9c1e61e0010d1	T055	055cffcbc18eb26d15f3818aada50b82a4bd0fa8	accepted ATT/material HEAD	A	evidence/dystopia-sk3-20260910/home-dystopia-dark-1280.png	100644	70a76cc48f70de7ca0b4b2f638afaee12336af52	100644	70a76cc48f70de7ca0b4b2f638afaee12336af52	retained_exact	-	-	source mode/blob equals target mode/blob	-
B0	baseline	2e9da09bd163ca128e3cd2f4c91ef61ceec2fc2f	df9fc18b9f1a8374d72fa071c2b9c1e61e0010d1	T055	055cffcbc18eb26d15f3818aada50b82a4bd0fa8	accepted ATT/material HEAD	A	evidence/dystopia-sk3-20260910/home-dystopia-dark-1440.png	100644	634f38d9edcbe4c666c7d4fc4bc4f7aaee5f5222	100644	634f38d9edcbe4c666c7d4fc4bc4f7aaee5f5222	retained_exact	-	-	source mode/blob equals target mode/blob	-
B0	baseline	2e9da09bd163ca128e3cd2f4c91ef61ceec2fc2f	df9fc18b9f1a8374d72fa071c2b9c1e61e0010d1	T055	055cffcbc18eb26d15f3818aada50b82a4bd0fa8	accepted ATT/material HEAD	A	evidence/dystopia-sk3-20260910/home-dystopia-dark-390.png	100644	772c16aa0674da408b6064cd6df931cd8d489625	100644	772c16aa0674da408b6064cd6df931cd8d489625	retained_exact	-	-	source mode/blob equals target mode/blob	-
B0	baseline	2e9da09bd163ca128e3cd2f4c91ef61ceec2fc2f	df9fc18b9f1a8374d72fa071c2b9c1e61e0010d1	T055	055cffcbc18eb26d15f3818aada50b82a4bd0fa8	accepted ATT/material HEAD	A	evidence/dystopia-sk3-20260910/home-dystopia-light-1280.png	100644	336a95f3f62702bdc83936d82e6d81dae91a3b31	100644	336a95f3f62702bdc83936d82e6d81dae91a3b31	retained_exact	-	-	source mode/blob equals target mode/blob	-
B0	baseline	2e9da09bd163ca128e3cd2f4c91ef61ceec2fc2f	df9fc18b9f1a8374d72fa071c2b9c1e61e0010d1	T055	055cffcbc18eb26d15f3818aada50b82a4bd0fa8	accepted ATT/material HEAD	A	evidence/dystopia-sk3-20260910/home-dystopia-light-1440.png	100644	dd62afb508d4ebf3a08ebe203796398f12268771	100644	dd62afb508d4ebf3a08ebe203796398f12268771	retained_exact	-	-	source mode/blob equals target mode/blob	-
B0	baseline	2e9da09bd163ca128e3cd2f4c91ef61ceec2fc2f	df9fc18b9f1a8374d72fa071c2b9c1e61e0010d1	T055	055cffcbc18eb26d15f3818aada50b82a4bd0fa8	accepted ATT/material HEAD	A	evidence/dystopia-sk3-20260910/home-dystopia-light-390.png	100644	5d6771665ac0990219cfbceed15bb828083ff08e	100644	5d6771665ac0990219cfbceed15bb828083ff08e	retained_exact	-	-	source mode/blob equals target mode/blob	-
B0	baseline	2e9da09bd163ca128e3cd2f4c91ef61ceec2fc2f	df9fc18b9f1a8374d72fa071c2b9c1e61e0010d1	T055	055cffcbc18eb26d15f3818aada50b82a4bd0fa8	accepted ATT/material HEAD	A	evidence/dystopia-sk3-20260910/home-empty-slate-light-1440.png	100644	cc4047de61414ed49ebf57b75ad88b3b64327538	100644	cc4047de61414ed49ebf57b75ad88b3b64327538	retained_exact	-	-	source mode/blob equals target mode/blob	-
B0	baseline	2e9da09bd163ca128e3cd2f4c91ef61ceec2fc2f	df9fc18b9f1a8374d72fa071c2b9c1e61e0010d1	T055	055cffcbc18eb26d15f3818aada50b82a4bd0fa8	accepted ATT/material HEAD	A	evidence/dystopia-sk3-20260910/home-load-failure-slate-light-1440.png	100644	88955566ccd0f99b828a07c1f85c324359249110	100644	88955566ccd0f99b828a07c1f85c324359249110	retained_exact	-	-	source mode/blob equals target mode/blob	-
B0	baseline	2e9da09bd163ca128e3cd2f4c91ef61ceec2fc2f	df9fc18b9f1a8374d72fa071c2b9c1e61e0010d1	T055	055cffcbc18eb26d15f3818aada50b82a4bd0fa8	accepted ATT/material HEAD	A	evidence/dystopia-sk3-20260910/home-resolved-slate-light-1440.png	100644	92cb3b7bf370bc9aa7e35935864710804fa844db	100644	92cb3b7bf370bc9aa7e35935864710804fa844db	retained_exact	-	-	source mode/blob equals target mode/blob	-
B0	baseline	2e9da09bd163ca128e3cd2f4c91ef61ceec2fc2f	df9fc18b9f1a8374d72fa071c2b9c1e61e0010d1	T055	055cffcbc18eb26d15f3818aada50b82a4bd0fa8	accepted ATT/material HEAD	A	evidence/dystopia-sk3-20260910/home-slate-dark-1280.png	100644	fc75c4200c0724aa6a167e06123cdbc15bdfe338	100644	fc75c4200c0724aa6a167e06123cdbc15bdfe338	retained_exact	-	-	source mode/blob equals target mode/blob	-
B0	baseline	2e9da09bd163ca128e3cd2f4c91ef61ceec2fc2f	df9fc18b9f1a8374d72fa071c2b9c1e61e0010d1	T055	055cffcbc18eb26d15f3818aada50b82a4bd0fa8	accepted ATT/material HEAD	A	evidence/dystopia-sk3-20260910/home-slate-dark-1440.png	100644	3399ac1461808f312e5f8cd38beea17fb2471a7a	100644	3399ac1461808f312e5f8cd38beea17fb2471a7a	retained_exact	-	-	source mode/blob equals target mode/blob	-
B0	baseline	2e9da09bd163ca128e3cd2f4c91ef61ceec2fc2f	df9fc18b9f1a8374d72fa071c2b9c1e61e0010d1	T055	055cffcbc18eb26d15f3818aada50b82a4bd0fa8	accepted ATT/material HEAD	A	evidence/dystopia-sk3-20260910/home-slate-dark-390.png	100644	cfa1b0b8e907a470793dd528f678eeaacae5e451	100644	cfa1b0b8e907a470793dd528f678eeaacae5e451	retained_exact	-	-	source mode/blob equals target mode/blob	-
B0	baseline	2e9da09bd163ca128e3cd2f4c91ef61ceec2fc2f	df9fc18b9f1a8374d72fa071c2b9c1e61e0010d1	T055	055cffcbc18eb26d15f3818aada50b82a4bd0fa8	accepted ATT/material HEAD	A	evidence/dystopia-sk3-20260910/home-slate-light-1280.png	100644	05c6fa4ac8a469afbcf7b7dc3f61c66bb78678f8	100644	05c6fa4ac8a469afbcf7b7dc3f61c66bb78678f8	retained_exact	-	-	source mode/blob equals target mode/blob	-
B0	baseline	2e9da09bd163ca128e3cd2f4c91ef61ceec2fc2f	df9fc18b9f1a8374d72fa071c2b9c1e61e0010d1	T055	055cffcbc18eb26d15f3818aada50b82a4bd0fa8	accepted ATT/material HEAD	A	evidence/dystopia-sk3-20260910/home-slate-light-1440.png	100644	b6be571661c571230b05cd4bbe176008ffd73acb	100644	b6be571661c571230b05cd4bbe176008ffd73acb	retained_exact	-	-	source mode/blob equals target mode/blob	-
B0	baseline	2e9da09bd163ca128e3cd2f4c91ef61ceec2fc2f	df9fc18b9f1a8374d72fa071c2b9c1e61e0010d1	T055	055cffcbc18eb26d15f3818aada50b82a4bd0fa8	accepted ATT/material HEAD	A	evidence/dystopia-sk3-20260910/home-slate-light-390.png	100644	9c30f1c1b9b575c320aa3ca6f255196f122ddea9	100644	9c30f1c1b9b575c320aa3ca6f255196f122ddea9	retained_exact	-	-	source mode/blob equals target mode/blob	-
B0	baseline	2e9da09bd163ca128e3cd2f4c91ef61ceec2fc2f	df9fc18b9f1a8374d72fa071c2b9c1e61e0010d1	T055	055cffcbc18eb26d15f3818aada50b82a4bd0fa8	accepted ATT/material HEAD	A	evidence/dystopia-sk3-20260910/independent-review.md	100644	62847f84daf205513c719c884edd9a478cd6eb91	100644	62847f84daf205513c719c884edd9a478cd6eb91	retained_exact	-	-	source mode/blob equals target mode/blob	-
B0	baseline	2e9da09bd163ca128e3cd2f4c91ef61ceec2fc2f	df9fc18b9f1a8374d72fa071c2b9c1e61e0010d1	T055	055cffcbc18eb26d15f3818aada50b82a4bd0fa8	accepted ATT/material HEAD	A	evidence/dystopia-sk3-20260910/integrated-browser.json	100644	d522c7392b4bfea319961b28db0a61e568e35014	100644	d522c7392b4bfea319961b28db0a61e568e35014	retained_exact	-	-	source mode/blob equals target mode/blob	-
B0	baseline	2e9da09bd163ca128e3cd2f4c91ef61ceec2fc2f	df9fc18b9f1a8374d72fa071c2b9c1e61e0010d1	T055	055cffcbc18eb26d15f3818aada50b82a4bd0fa8	accepted ATT/material HEAD	A	evidence/dystopia-sk3-20260910/integrated-models.png	100644	257b07dec43f694001282edb141491e4410596bb	100644	257b07dec43f694001282edb141491e4410596bb	retained_exact	-	-	source mode/blob equals target mode/blob	-
B0	baseline	2e9da09bd163ca128e3cd2f4c91ef61ceec2fc2f	df9fc18b9f1a8374d72fa071c2b9c1e61e0010d1	T055	055cffcbc18eb26d15f3818aada50b82a4bd0fa8	accepted ATT/material HEAD	A	evidence/dystopia-sk3-20260910/integrated-smoke.log	100644	d0aa2f0bae8fba4f7021f50669cfe01fec5a6369	100644	d0aa2f0bae8fba4f7021f50669cfe01fec5a6369	retained_exact	-	-	source mode/blob equals target mode/blob	-
B0	baseline	2e9da09bd163ca128e3cd2f4c91ef61ceec2fc2f	df9fc18b9f1a8374d72fa071c2b9c1e61e0010d1	T055	055cffcbc18eb26d15f3818aada50b82a4bd0fa8	accepted ATT/material HEAD	A	evidence/dystopia-sk3-20260910/integrated-tests.log	100644	21a25b9507b9c9ddd698ae4ca7f88d6a9f11fba2	100644	21a25b9507b9c9ddd698ae4ca7f88d6a9f11fba2	retained_exact	-	-	source mode/blob equals target mode/blob	-
B0	baseline	2e9da09bd163ca128e3cd2f4c91ef61ceec2fc2f	df9fc18b9f1a8374d72fa071c2b9c1e61e0010d1	T055	055cffcbc18eb26d15f3818aada50b82a4bd0fa8	accepted ATT/material HEAD	A	evidence/dystopia-sk3-20260910/material-browser.json	100644	aef4ad0591ba189860f04bd6d0ecad3dda28cc00	100644	aef4ad0591ba189860f04bd6d0ecad3dda28cc00	retained_exact	-	-	source mode/blob equals target mode/blob	-
B0	baseline	2e9da09bd163ca128e3cd2f4c91ef61ceec2fc2f	df9fc18b9f1a8374d72fa071c2b9c1e61e0010d1	T055	055cffcbc18eb26d15f3818aada50b82a4bd0fa8	accepted ATT/material HEAD	A	evidence/dystopia-sk3-20260910/presets-browser.json	100644	6e068e01a4eb46ace390f2486bb231deb72eeec4	100644	6e068e01a4eb46ace390f2486bb231deb72eeec4	retained_exact	-	-	source mode/blob equals target mode/blob	-
B0	baseline	2e9da09bd163ca128e3cd2f4c91ef61ceec2fc2f	df9fc18b9f1a8374d72fa071c2b9c1e61e0010d1	T055	055cffcbc18eb26d15f3818aada50b82a4bd0fa8	accepted ATT/material HEAD	A	evidence/dystopia-sk3-20260910/settings-appearance-dark-1280.png	100644	a38e93f75dc42438dfdd260da0e7829bf38a3429	100644	a38e93f75dc42438dfdd260da0e7829bf38a3429	retained_exact	-	-	source mode/blob equals target mode/blob	-
B0	baseline	2e9da09bd163ca128e3cd2f4c91ef61ceec2fc2f	df9fc18b9f1a8374d72fa071c2b9c1e61e0010d1	T055	055cffcbc18eb26d15f3818aada50b82a4bd0fa8	accepted ATT/material HEAD	A	evidence/dystopia-sk3-20260910/settings-appearance-dark-1440.png	100644	5237c77afa96b00806a980beefaec15f020a07b0	100644	5237c77afa96b00806a980beefaec15f020a07b0	retained_exact	-	-	source mode/blob equals target mode/blob	-
B0	baseline	2e9da09bd163ca128e3cd2f4c91ef61ceec2fc2f	df9fc18b9f1a8374d72fa071c2b9c1e61e0010d1	T055	055cffcbc18eb26d15f3818aada50b82a4bd0fa8	accepted ATT/material HEAD	A	evidence/dystopia-sk3-20260910/settings-appearance-dark-390.png	100644	32b28fa23e1ca5ba1304c7ebfb55793332b76663	100644	32b28fa23e1ca5ba1304c7ebfb55793332b76663	retained_exact	-	-	source mode/blob equals target mode/blob	-
B0	baseline	2e9da09bd163ca128e3cd2f4c91ef61ceec2fc2f	df9fc18b9f1a8374d72fa071c2b9c1e61e0010d1	T055	055cffcbc18eb26d15f3818aada50b82a4bd0fa8	accepted ATT/material HEAD	A	evidence/dystopia-sk3-20260910/settings-appearance-light-1280.png	100644	e6e8fb0136bd4d18e03976fd57c282a20e305e8e	100644	e6e8fb0136bd4d18e03976fd57c282a20e305e8e	retained_exact	-	-	source mode/blob equals target mode/blob	-
B0	baseline	2e9da09bd163ca128e3cd2f4c91ef61ceec2fc2f	df9fc18b9f1a8374d72fa071c2b9c1e61e0010d1	T055	055cffcbc18eb26d15f3818aada50b82a4bd0fa8	accepted ATT/material HEAD	A	evidence/dystopia-sk3-20260910/settings-appearance-light-1440.png	100644	4f63687b28a50addd0574902516fea72b9becf31	100644	4f63687b28a50addd0574902516fea72b9becf31	retained_exact	-	-	source mode/blob equals target mode/blob	-
B0	baseline	2e9da09bd163ca128e3cd2f4c91ef61ceec2fc2f	df9fc18b9f1a8374d72fa071c2b9c1e61e0010d1	T055	055cffcbc18eb26d15f3818aada50b82a4bd0fa8	accepted ATT/material HEAD	A	evidence/dystopia-sk3-20260910/settings-appearance-light-390.png	100644	2a27cb50e102806d1c8ef7a9a455242f6bfee0c1	100644	2a27cb50e102806d1c8ef7a9a455242f6bfee0c1	retained_exact	-	-	source mode/blob equals target mode/blob	-
B0	baseline	2e9da09bd163ca128e3cd2f4c91ef61ceec2fc2f	df9fc18b9f1a8374d72fa071c2b9c1e61e0010d1	T055	055cffcbc18eb26d15f3818aada50b82a4bd0fa8	accepted ATT/material HEAD	A	evidence/dystopia-sk3-20260910/settings-browser.json	100644	252c8089b71893acf15dd89184b0979a66c5e4fc	100644	252c8089b71893acf15dd89184b0979a66c5e4fc	retained_exact	-	-	source mode/blob equals target mode/blob	-
B0	baseline	2e9da09bd163ca128e3cd2f4c91ef61ceec2fc2f	df9fc18b9f1a8374d72fa071c2b9c1e61e0010d1	T055	055cffcbc18eb26d15f3818aada50b82a4bd0fa8	accepted ATT/material HEAD	A	evidence/dystopia-sk3-20260910/settings-forced-colors.png	100644	7222fcbe08d936f30a39a8a54ac1d480919f6ea0	100644	7222fcbe08d936f30a39a8a54ac1d480919f6ea0	retained_exact	-	-	source mode/blob equals target mode/blob	-
B0	baseline	2e9da09bd163ca128e3cd2f4c91ef61ceec2fc2f	df9fc18b9f1a8374d72fa071c2b9c1e61e0010d1	T055	055cffcbc18eb26d15f3818aada50b82a4bd0fa8	accepted ATT/material HEAD	A	evidence/dystopia-sk3-20260910/settings-general-dark-1280.png	100644	c929b400bd55be0a2beddff69b968e3d1cc0c329	100644	c929b400bd55be0a2beddff69b968e3d1cc0c329	retained_exact	-	-	source mode/blob equals target mode/blob	-
B0	baseline	2e9da09bd163ca128e3cd2f4c91ef61ceec2fc2f	df9fc18b9f1a8374d72fa071c2b9c1e61e0010d1	T055	055cffcbc18eb26d15f3818aada50b82a4bd0fa8	accepted ATT/material HEAD	A	evidence/dystopia-sk3-20260910/settings-general-dark-1440.png	100644	7a8df562ba59a7cc1ac4c4e67b574493be37c957	100644	7a8df562ba59a7cc1ac4c4e67b574493be37c957	retained_exact	-	-	source mode/blob equals target mode/blob	-
B0	baseline	2e9da09bd163ca128e3cd2f4c91ef61ceec2fc2f	df9fc18b9f1a8374d72fa071c2b9c1e61e0010d1	T055	055cffcbc18eb26d15f3818aada50b82a4bd0fa8	accepted ATT/material HEAD	A	evidence/dystopia-sk3-20260910/settings-general-dark-390.png	100644	52bc30e70f94fd58fbcef1ccb1ae53f5bec413d6	100644	52bc30e70f94fd58fbcef1ccb1ae53f5bec413d6	retained_exact	-	-	source mode/blob equals target mode/blob	-
B0	baseline	2e9da09bd163ca128e3cd2f4c91ef61ceec2fc2f	df9fc18b9f1a8374d72fa071c2b9c1e61e0010d1	T055	055cffcbc18eb26d15f3818aada50b82a4bd0fa8	accepted ATT/material HEAD	A	evidence/dystopia-sk3-20260910/settings-general-light-1280.png	100644	c6657a36301c61bccd8cd9e96fb6dc0b974bbc66	100644	c6657a36301c61bccd8cd9e96fb6dc0b974bbc66	retained_exact	-	-	source mode/blob equals target mode/blob	-
B0	baseline	2e9da09bd163ca128e3cd2f4c91ef61ceec2fc2f	df9fc18b9f1a8374d72fa071c2b9c1e61e0010d1	T055	055cffcbc18eb26d15f3818aada50b82a4bd0fa8	accepted ATT/material HEAD	A	evidence/dystopia-sk3-20260910/settings-general-light-1440.png	100644	64c6c55106ef124de44d4d5abcfc78a381dce415	100644	64c6c55106ef124de44d4d5abcfc78a381dce415	retained_exact	-	-	source mode/blob equals target mode/blob	-
B0	baseline	2e9da09bd163ca128e3cd2f4c91ef61ceec2fc2f	df9fc18b9f1a8374d72fa071c2b9c1e61e0010d1	T055	055cffcbc18eb26d15f3818aada50b82a4bd0fa8	accepted ATT/material HEAD	A	evidence/dystopia-sk3-20260910/settings-general-light-390.png	100644	d94634d3e819e60af5e4a4c9ebbe79c2cd5417b4	100644	d94634d3e819e60af5e4a4c9ebbe79c2cd5417b4	retained_exact	-	-	source mode/blob equals target mode/blob	-
B0	baseline	2e9da09bd163ca128e3cd2f4c91ef61ceec2fc2f	df9fc18b9f1a8374d72fa071c2b9c1e61e0010d1	T055	055cffcbc18eb26d15f3818aada50b82a4bd0fa8	accepted ATT/material HEAD	A	evidence/dystopia-sk3-20260910/settings-keyboard-dark-1280.png	100644	aa5e728209a935615ad25c6c0d8d947031333e30	100644	aa5e728209a935615ad25c6c0d8d947031333e30	retained_exact	-	-	source mode/blob equals target mode/blob	-
B0	baseline	2e9da09bd163ca128e3cd2f4c91ef61ceec2fc2f	df9fc18b9f1a8374d72fa071c2b9c1e61e0010d1	T055	055cffcbc18eb26d15f3818aada50b82a4bd0fa8	accepted ATT/material HEAD	A	evidence/dystopia-sk3-20260910/settings-keyboard-dark-1440.png	100644	d4ee3887627922e3e9a01dbcb39269c8a9081b91	100644	d4ee3887627922e3e9a01dbcb39269c8a9081b91	retained_exact	-	-	source mode/blob equals target mode/blob	-
B0	baseline	2e9da09bd163ca128e3cd2f4c91ef61ceec2fc2f	df9fc18b9f1a8374d72fa071c2b9c1e61e0010d1	T055	055cffcbc18eb26d15f3818aada50b82a4bd0fa8	accepted ATT/material HEAD	A	evidence/dystopia-sk3-20260910/settings-keyboard-dark-390.png	100644	484097f9482ea370b6ca6c5057e007339b8fb526	100644	484097f9482ea370b6ca6c5057e007339b8fb526	retained_exact	-	-	source mode/blob equals target mode/blob	-
B0	baseline	2e9da09bd163ca128e3cd2f4c91ef61ceec2fc2f	df9fc18b9f1a8374d72fa071c2b9c1e61e0010d1	T055	055cffcbc18eb26d15f3818aada50b82a4bd0fa8	accepted ATT/material HEAD	A	evidence/dystopia-sk3-20260910/settings-keyboard-light-1280.png	100644	73eba020aa1154bc3c91f10f84f42ac9b7526e96	100644	73eba020aa1154bc3c91f10f84f42ac9b7526e96	retained_exact	-	-	source mode/blob equals target mode/blob	-
B0	baseline	2e9da09bd163ca128e3cd2f4c91ef61ceec2fc2f	df9fc18b9f1a8374d72fa071c2b9c1e61e0010d1	T055	055cffcbc18eb26d15f3818aada50b82a4bd0fa8	accepted ATT/material HEAD	A	evidence/dystopia-sk3-20260910/settings-keyboard-light-1440.png	100644	233c7cada0734ff0957f685a87548c199a69e31a	100644	233c7cada0734ff0957f685a87548c199a69e31a	retained_exact	-	-	source mode/blob equals target mode/blob	-
B0	baseline	2e9da09bd163ca128e3cd2f4c91ef61ceec2fc2f	df9fc18b9f1a8374d72fa071c2b9c1e61e0010d1	T055	055cffcbc18eb26d15f3818aada50b82a4bd0fa8	accepted ATT/material HEAD	A	evidence/dystopia-sk3-20260910/settings-keyboard-light-390.png	100644	065093ce35a382a6731e1a8493d26ebd645bc8e0	100644	065093ce35a382a6731e1a8493d26ebd645bc8e0	retained_exact	-	-	source mode/blob equals target mode/blob	-
B0	baseline	2e9da09bd163ca128e3cd2f4c91ef61ceec2fc2f	df9fc18b9f1a8374d72fa071c2b9c1e61e0010d1	T055	055cffcbc18eb26d15f3818aada50b82a4bd0fa8	accepted ATT/material HEAD	A	evidence/dystopia-sk3-20260910/settings-models-dark-1280.png	100644	e7b903336d7fea72b10053b6a1f2e73202561745	100644	e7b903336d7fea72b10053b6a1f2e73202561745	retained_exact	-	-	source mode/blob equals target mode/blob	-
B0	baseline	2e9da09bd163ca128e3cd2f4c91ef61ceec2fc2f	df9fc18b9f1a8374d72fa071c2b9c1e61e0010d1	T055	055cffcbc18eb26d15f3818aada50b82a4bd0fa8	accepted ATT/material HEAD	A	evidence/dystopia-sk3-20260910/settings-models-dark-1440.png	100644	4cdf84fca8c2d34efd713dae7ff41ba33a6a37ef	100644	4cdf84fca8c2d34efd713dae7ff41ba33a6a37ef	retained_exact	-	-	source mode/blob equals target mode/blob	-
B0	baseline	2e9da09bd163ca128e3cd2f4c91ef61ceec2fc2f	df9fc18b9f1a8374d72fa071c2b9c1e61e0010d1	T055	055cffcbc18eb26d15f3818aada50b82a4bd0fa8	accepted ATT/material HEAD	A	evidence/dystopia-sk3-20260910/settings-models-dark-390.png	100644	607b108fb9c27225a4a306a018f7d3ca97b9cff7	100644	607b108fb9c27225a4a306a018f7d3ca97b9cff7	retained_exact	-	-	source mode/blob equals target mode/blob	-
B0	baseline	2e9da09bd163ca128e3cd2f4c91ef61ceec2fc2f	df9fc18b9f1a8374d72fa071c2b9c1e61e0010d1	T055	055cffcbc18eb26d15f3818aada50b82a4bd0fa8	accepted ATT/material HEAD	A	evidence/dystopia-sk3-20260910/settings-models-light-1280.png	100644	3803cc662cb7260604df917e779cde97cc0c5b2a	100644	3803cc662cb7260604df917e779cde97cc0c5b2a	retained_exact	-	-	source mode/blob equals target mode/blob	-
B0	baseline	2e9da09bd163ca128e3cd2f4c91ef61ceec2fc2f	df9fc18b9f1a8374d72fa071c2b9c1e61e0010d1	T055	055cffcbc18eb26d15f3818aada50b82a4bd0fa8	accepted ATT/material HEAD	A	evidence/dystopia-sk3-20260910/settings-models-light-1440.png	100644	69ae9f0f6c6e361f90d5f886b2932c45ced579fa	100644	69ae9f0f6c6e361f90d5f886b2932c45ced579fa	retained_exact	-	-	source mode/blob equals target mode/blob	-
B0	baseline	2e9da09bd163ca128e3cd2f4c91ef61ceec2fc2f	df9fc18b9f1a8374d72fa071c2b9c1e61e0010d1	T055	055cffcbc18eb26d15f3818aada50b82a4bd0fa8	accepted ATT/material HEAD	A	evidence/dystopia-sk3-20260910/settings-models-light-390.png	100644	b73e2f23df203a3e689c6f8dd5eb4f85a22665d3	100644	b73e2f23df203a3e689c6f8dd5eb4f85a22665d3	retained_exact	-	-	source mode/blob equals target mode/blob	-
B0	baseline	2e9da09bd163ca128e3cd2f4c91ef61ceec2fc2f	df9fc18b9f1a8374d72fa071c2b9c1e61e0010d1	T055	055cffcbc18eb26d15f3818aada50b82a4bd0fa8	accepted ATT/material HEAD	A	evidence/dystopia-sk3-20260910/settings-zoom-200.png	100644	805fcd544896b607da575683178fc75afec8d75b	100644	805fcd544896b607da575683178fc75afec8d75b	retained_exact	-	-	source mode/blob equals target mode/blob	-
B0	baseline	2e9da09bd163ca128e3cd2f4c91ef61ceec2fc2f	df9fc18b9f1a8374d72fa071c2b9c1e61e0010d1	T055	055cffcbc18eb26d15f3818aada50b82a4bd0fa8	accepted ATT/material HEAD	A	evidence/dystopia-sk3-20260910/tests.log	100644	a59dfc751f915eaf8a1b894c476d2fd827d56f6e	100644	a59dfc751f915eaf8a1b894c476d2fd827d56f6e	retained_exact	-	-	source mode/blob equals target mode/blob	-
B0	baseline	2e9da09bd163ca128e3cd2f4c91ef61ceec2fc2f	df9fc18b9f1a8374d72fa071c2b9c1e61e0010d1	T055	055cffcbc18eb26d15f3818aada50b82a4bd0fa8	accepted ATT/material HEAD	A	evidence/dystopia-sk3-20260910/theme-live-before.json	100644	a4c7a4824e050e7adf7292e01e8f22a38babbd79	100644	a4c7a4824e050e7adf7292e01e8f22a38babbd79	retained_exact	-	-	source mode/blob equals target mode/blob	-
B0	baseline	2e9da09bd163ca128e3cd2f4c91ef61ceec2fc2f	df9fc18b9f1a8374d72fa071c2b9c1e61e0010d1	T055	055cffcbc18eb26d15f3818aada50b82a4bd0fa8	accepted ATT/material HEAD	A	evidence/dystopia-sk3-20260910/theme-live.json	100644	4dfd0a572ba9fd0c44505859103da5486fab3de6	100644	4dfd0a572ba9fd0c44505859103da5486fab3de6	retained_exact	-	-	source mode/blob equals target mode/blob	-
B0	baseline	2e9da09bd163ca128e3cd2f4c91ef61ceec2fc2f	df9fc18b9f1a8374d72fa071c2b9c1e61e0010d1	T055	055cffcbc18eb26d15f3818aada50b82a4bd0fa8	accepted ATT/material HEAD	A	evidence/rv26-20260910/README.md	100644	e9bab8c4ec1f301ec09d784d3c3bc4b613661840	100644	e9bab8c4ec1f301ec09d784d3c3bc4b613661840	retained_exact	-	-	source mode/blob equals target mode/blob	-
B0	baseline	2e9da09bd163ca128e3cd2f4c91ef61ceec2fc2f	df9fc18b9f1a8374d72fa071c2b9c1e61e0010d1	T055	055cffcbc18eb26d15f3818aada50b82a4bd0fa8	accepted ATT/material HEAD	A	evidence/rv26-20260910/doc-links.log	100644	6af8316d52fa88fadcf33536d6aa83c7557ae0b6	100644	6af8316d52fa88fadcf33536d6aa83c7557ae0b6	retained_exact	-	-	source mode/blob equals target mode/blob	-
B0	baseline	2e9da09bd163ca128e3cd2f4c91ef61ceec2fc2f	df9fc18b9f1a8374d72fa071c2b9c1e61e0010d1	T055	055cffcbc18eb26d15f3818aada50b82a4bd0fa8	accepted ATT/material HEAD	A	evidence/rv26-20260910/integration.json	100644	db5d95ceb1580af0ca882df805774b8ca14d3780	100644	db5d95ceb1580af0ca882df805774b8ca14d3780	retained_exact	-	-	source mode/blob equals target mode/blob	-
B0	baseline	2e9da09bd163ca128e3cd2f4c91ef61ceec2fc2f	df9fc18b9f1a8374d72fa071c2b9c1e61e0010d1	T055	055cffcbc18eb26d15f3818aada50b82a4bd0fa8	accepted ATT/material HEAD	A	evidence/rv26-20260910/ledger-verification.json	100644	42b525cdacda8290893132e4425d620e7e2cfa9e	100644	42b525cdacda8290893132e4425d620e7e2cfa9e	retained_exact	-	-	source mode/blob equals target mode/blob	-
B0	baseline	2e9da09bd163ca128e3cd2f4c91ef61ceec2fc2f	df9fc18b9f1a8374d72fa071c2b9c1e61e0010d1	T055	055cffcbc18eb26d15f3818aada50b82a4bd0fa8	accepted ATT/material HEAD	A	evidence/rv26-20260910/q01/baseline-timing.log	100644	294f15da0a38123f4c1b638fbb9822a6a21d6f04	100644	294f15da0a38123f4c1b638fbb9822a6a21d6f04	retained_exact	-	-	source mode/blob equals target mode/blob	-
B0	baseline	2e9da09bd163ca128e3cd2f4c91ef61ceec2fc2f	df9fc18b9f1a8374d72fa071c2b9c1e61e0010d1	T055	055cffcbc18eb26d15f3818aada50b82a4bd0fa8	accepted ATT/material HEAD	A	evidence/rv26-20260910/q01/budget-recheck.log	100644	90fdf3abcfa13f1c2f60dd70a30e6f17a336cc15	100644	90fdf3abcfa13f1c2f60dd70a30e6f17a336cc15	retained_exact	-	-	source mode/blob equals target mode/blob	-
B0	baseline	2e9da09bd163ca128e3cd2f4c91ef61ceec2fc2f	df9fc18b9f1a8374d72fa071c2b9c1e61e0010d1	T055	055cffcbc18eb26d15f3818aada50b82a4bd0fa8	accepted ATT/material HEAD	A	evidence/rv26-20260910/q01/core-tests-serial.log	100644	3fccfa69c7796fe94f52d7d0d4eeb47c29d6225f	100644	3fccfa69c7796fe94f52d7d0d4eeb47c29d6225f	retained_exact	-	-	source mode/blob equals target mode/blob	-
B0	baseline	2e9da09bd163ca128e3cd2f4c91ef61ceec2fc2f	df9fc18b9f1a8374d72fa071c2b9c1e61e0010d1	T055	055cffcbc18eb26d15f3818aada50b82a4bd0fa8	accepted ATT/material HEAD	A	evidence/rv26-20260910/q01/core-tests.log	100644	b2f256a511095ec5965167c5ad7b671c7eb09f3c	100644	b2f256a511095ec5965167c5ad7b671c7eb09f3c	retained_exact	-	-	source mode/blob equals target mode/blob	-
B0	baseline	2e9da09bd163ca128e3cd2f4c91ef61ceec2fc2f	df9fc18b9f1a8374d72fa071c2b9c1e61e0010d1	T055	055cffcbc18eb26d15f3818aada50b82a4bd0fa8	accepted ATT/material HEAD	A	evidence/rv26-20260910/q01/file-compatibility.log	100644	f43347136f2e679ec22e6dfcce29eba3fd2da79a	100644	f43347136f2e679ec22e6dfcce29eba3fd2da79a	retained_exact	-	-	source mode/blob equals target mode/blob	-
B0	baseline	2e9da09bd163ca128e3cd2f4c91ef61ceec2fc2f	df9fc18b9f1a8374d72fa071c2b9c1e61e0010d1	T055	055cffcbc18eb26d15f3818aada50b82a4bd0fa8	accepted ATT/material HEAD	A	evidence/rv26-20260910/q01/full-tests-confirmation.log	100644	c8820cfaa063e2b0cd2919ac6049318f6bad7cff	100644	c8820cfaa063e2b0cd2919ac6049318f6bad7cff	retained_exact	-	-	source mode/blob equals target mode/blob	-
B0	baseline	2e9da09bd163ca128e3cd2f4c91ef61ceec2fc2f	df9fc18b9f1a8374d72fa071c2b9c1e61e0010d1	T055	055cffcbc18eb26d15f3818aada50b82a4bd0fa8	accepted ATT/material HEAD	A	evidence/rv26-20260910/q01/full-tests-final.log	100644	659bf09dce8be42b93b357aaa6a7935f73dca5fd	100644	659bf09dce8be42b93b357aaa6a7935f73dca5fd	retained_exact	-	-	source mode/blob equals target mode/blob	-
B0	baseline	2e9da09bd163ca128e3cd2f4c91ef61ceec2fc2f	df9fc18b9f1a8374d72fa071c2b9c1e61e0010d1	T055	055cffcbc18eb26d15f3818aada50b82a4bd0fa8	accepted ATT/material HEAD	A	evidence/rv26-20260910/q01/full-tests.log	100644	79f2678b5ea70363f678ee8e05f8e409bb022d24	100644	79f2678b5ea70363f678ee8e05f8e409bb022d24	retained_exact	-	-	source mode/blob equals target mode/blob	-
B0	baseline	2e9da09bd163ca128e3cd2f4c91ef61ceec2fc2f	df9fc18b9f1a8374d72fa071c2b9c1e61e0010d1	T055	055cffcbc18eb26d15f3818aada50b82a4bd0fa8	accepted ATT/material HEAD	A	evidence/rv26-20260910/q01/independent-lifecycle.log	100644	98c69cabfc3fc39d93a27c361cc053bf6c22781d	100644	98c69cabfc3fc39d93a27c361cc053bf6c22781d	retained_exact	-	-	source mode/blob equals target mode/blob	-
B0	baseline	2e9da09bd163ca128e3cd2f4c91ef61ceec2fc2f	df9fc18b9f1a8374d72fa071c2b9c1e61e0010d1	T055	055cffcbc18eb26d15f3818aada50b82a4bd0fa8	accepted ATT/material HEAD	A	evidence/rv26-20260910/q01/lifecycle-green.log	100644	6f42ffc82064e26ac3363cf9211b47f979d8fcc5	100644	6f42ffc82064e26ac3363cf9211b47f979d8fcc5	retained_exact	-	-	source mode/blob equals target mode/blob	-
B0	baseline	2e9da09bd163ca128e3cd2f4c91ef61ceec2fc2f	df9fc18b9f1a8374d72fa071c2b9c1e61e0010d1	T055	055cffcbc18eb26d15f3818aada50b82a4bd0fa8	accepted ATT/material HEAD	A	evidence/rv26-20260910/q01/lifecycle-red.log	100644	ac20e1b359534edd660d762691e863beaaccab66	100644	ac20e1b359534edd660d762691e863beaaccab66	retained_exact	-	-	source mode/blob equals target mode/blob	-
B0	baseline	2e9da09bd163ca128e3cd2f4c91ef61ceec2fc2f	df9fc18b9f1a8374d72fa071c2b9c1e61e0010d1	T055	055cffcbc18eb26d15f3818aada50b82a4bd0fa8	accepted ATT/material HEAD	A	evidence/rv26-20260910/q01/lifecycle-service-recheck.log	100644	8d955d655f0479547fe21d946abe9774b1365ffb	100644	8d955d655f0479547fe21d946abe9774b1365ffb	retained_exact	-	-	source mode/blob equals target mode/blob	-
B0	baseline	2e9da09bd163ca128e3cd2f4c91ef61ceec2fc2f	df9fc18b9f1a8374d72fa071c2b9c1e61e0010d1	T055	055cffcbc18eb26d15f3818aada50b82a4bd0fa8	accepted ATT/material HEAD	A	evidence/rv26-20260910/q01/manifest.json	100644	1bc48bf5b82543d6f555b0c4c35d25b3494f5a1c	100644	1bc48bf5b82543d6f555b0c4c35d25b3494f5a1c	retained_exact	-	-	source mode/blob equals target mode/blob	-
B0	baseline	2e9da09bd163ca128e3cd2f4c91ef61ceec2fc2f	df9fc18b9f1a8374d72fa071c2b9c1e61e0010d1	T055	055cffcbc18eb26d15f3818aada50b82a4bd0fa8	accepted ATT/material HEAD	A	evidence/rv26-20260910/q01/markdown-read-recheck.log	100644	fe68367a9d032a0ce3a3ef64fdf556967b32dbf4	100644	fe68367a9d032a0ce3a3ef64fdf556967b32dbf4	retained_exact	-	-	source mode/blob equals target mode/blob	-
B0	baseline	2e9da09bd163ca128e3cd2f4c91ef61ceec2fc2f	df9fc18b9f1a8374d72fa071c2b9c1e61e0010d1	T055	055cffcbc18eb26d15f3818aada50b82a4bd0fa8	accepted ATT/material HEAD	A	evidence/rv26-20260910/q01/restart-recheck.log	100644	ae7a9970af837a673b2c0e92920acf6ec0bf4c53	100644	ae7a9970af837a673b2c0e92920acf6ec0bf4c53	retained_exact	-	-	source mode/blob equals target mode/blob	-
B0	baseline	2e9da09bd163ca128e3cd2f4c91ef61ceec2fc2f	df9fc18b9f1a8374d72fa071c2b9c1e61e0010d1	T055	055cffcbc18eb26d15f3818aada50b82a4bd0fa8	accepted ATT/material HEAD	A	evidence/rv26-20260910/q01/smoke-final.log	100644	94693eb2daccc61842c4c1351d2287f484615702	100644	94693eb2daccc61842c4c1351d2287f484615702	retained_exact	-	-	source mode/blob equals target mode/blob	-
B0	baseline	2e9da09bd163ca128e3cd2f4c91ef61ceec2fc2f	df9fc18b9f1a8374d72fa071c2b9c1e61e0010d1	T055	055cffcbc18eb26d15f3818aada50b82a4bd0fa8	accepted ATT/material HEAD	A	evidence/rv26-20260910/q01/smoke.log	100644	94693eb2daccc61842c4c1351d2287f484615702	100644	94693eb2daccc61842c4c1351d2287f484615702	retained_exact	-	-	source mode/blob equals target mode/blob	-
B0	baseline	2e9da09bd163ca128e3cd2f4c91ef61ceec2fc2f	df9fc18b9f1a8374d72fa071c2b9c1e61e0010d1	T055	055cffcbc18eb26d15f3818aada50b82a4bd0fa8	accepted ATT/material HEAD	A	evidence/rv26-20260910/worktree-occupancy.txt	100644	271315b1efe4e0a497600ae28a686cf35d5923ff	100644	271315b1efe4e0a497600ae28a686cf35d5923ff	retained_exact	-	-	source mode/blob equals target mode/blob	-
B0	baseline	2e9da09bd163ca128e3cd2f4c91ef61ceec2fc2f	df9fc18b9f1a8374d72fa071c2b9c1e61e0010d1	T055	055cffcbc18eb26d15f3818aada50b82a4bd0fa8	accepted ATT/material HEAD	A	evidence/rv26-q02-20260910/README.md	100644	17183be2eac60a88959a93a64d65cb5920bea8fc	100644	17183be2eac60a88959a93a64d65cb5920bea8fc	retained_exact	-	-	source mode/blob equals target mode/blob	-
B0	baseline	2e9da09bd163ca128e3cd2f4c91ef61ceec2fc2f	df9fc18b9f1a8374d72fa071c2b9c1e61e0010d1	T055	055cffcbc18eb26d15f3818aada50b82a4bd0fa8	accepted ATT/material HEAD	A	evidence/rv26-q02-20260910/SHA256SUMS	100644	3b613dea5b066b46bd95da18af8c4ab3004c9de1	100644	3b613dea5b066b46bd95da18af8c4ab3004c9de1	retained_exact	-	-	source mode/blob equals target mode/blob	-
B0	baseline	2e9da09bd163ca128e3cd2f4c91ef61ceec2fc2f	df9fc18b9f1a8374d72fa071c2b9c1e61e0010d1	T055	055cffcbc18eb26d15f3818aada50b82a4bd0fa8	accepted ATT/material HEAD	A	evidence/rv26-q02-20260910/author-full-551-of-553.log	100644	3e4fbe37a4581693e70771d3465322c5f13ecf39	100644	3e4fbe37a4581693e70771d3465322c5f13ecf39	retained_exact	-	-	source mode/blob equals target mode/blob	-
B0	baseline	2e9da09bd163ca128e3cd2f4c91ef61ceec2fc2f	df9fc18b9f1a8374d72fa071c2b9c1e61e0010d1	T055	055cffcbc18eb26d15f3818aada50b82a4bd0fa8	accepted ATT/material HEAD	A	evidence/rv26-q02-20260910/author-full-initial-incomplete.log	100644	f14abf9c66c175b70a3160cfc19ee269d4a8c7d8	100644	f14abf9c66c175b70a3160cfc19ee269d4a8c7d8	retained_exact	-	-	source mode/blob equals target mode/blob	-
B0	baseline	2e9da09bd163ca128e3cd2f4c91ef61ceec2fc2f	df9fc18b9f1a8374d72fa071c2b9c1e61e0010d1	T055	055cffcbc18eb26d15f3818aada50b82a4bd0fa8	accepted ATT/material HEAD	A	evidence/rv26-q02-20260910/author-migration-portable.log	100644	1fcdbac94c15b46f4b48e9140555539eb7a520e8	100644	1fcdbac94c15b46f4b48e9140555539eb7a520e8	retained_exact	-	-	source mode/blob equals target mode/blob	-
B0	baseline	2e9da09bd163ca128e3cd2f4c91ef61ceec2fc2f	df9fc18b9f1a8374d72fa071c2b9c1e61e0010d1	T055	055cffcbc18eb26d15f3818aada50b82a4bd0fa8	accepted ATT/material HEAD	A	evidence/rv26-q02-20260910/author-provider-existing.log	100644	855b8b87ae12a5baa4a1096df8ddb498cace685b	100644	855b8b87ae12a5baa4a1096df8ddb498cace685b	retained_exact	-	-	source mode/blob equals target mode/blob	-
B0	baseline	2e9da09bd163ca128e3cd2f4c91ef61ceec2fc2f	df9fc18b9f1a8374d72fa071c2b9c1e61e0010d1	T055	055cffcbc18eb26d15f3818aada50b82a4bd0fa8	accepted ATT/material HEAD	A	evidence/rv26-q02-20260910/author-q02-focused.log	100644	021857b5722cf53defd3d20f7f1516148adb4c71	100644	021857b5722cf53defd3d20f7f1516148adb4c71	retained_exact	-	-	source mode/blob equals target mode/blob	-
B0	baseline	2e9da09bd163ca128e3cd2f4c91ef61ceec2fc2f	df9fc18b9f1a8374d72fa071c2b9c1e61e0010d1	T055	055cffcbc18eb26d15f3818aada50b82a4bd0fa8	accepted ATT/material HEAD	A	evidence/rv26-q02-20260910/author-smoke.log	100644	d0aa2f0bae8fba4f7021f50669cfe01fec5a6369	100644	d0aa2f0bae8fba4f7021f50669cfe01fec5a6369	retained_exact	-	-	source mode/blob equals target mode/blob	-
B0	baseline	2e9da09bd163ca128e3cd2f4c91ef61ceec2fc2f	df9fc18b9f1a8374d72fa071c2b9c1e61e0010d1	T055	055cffcbc18eb26d15f3818aada50b82a4bd0fa8	accepted ATT/material HEAD	A	evidence/rv26-q02-20260910/author-summary-fixture-2-of-2.log	100644	2038c923e4504ef762bbcf668fd74a2b267d3a83	100644	2038c923e4504ef762bbcf668fd74a2b267d3a83	retained_exact	-	-	source mode/blob equals target mode/blob	-
B0	baseline	2e9da09bd163ca128e3cd2f4c91ef61ceec2fc2f	df9fc18b9f1a8374d72fa071c2b9c1e61e0010d1	T055	055cffcbc18eb26d15f3818aada50b82a4bd0fa8	accepted ATT/material HEAD	A	evidence/rv26-q02-20260910/doc-links.log	100644	811ff798fcdcb8f5f6d75813a40fe2075c472905	100644	811ff798fcdcb8f5f6d75813a40fe2075c472905	retained_exact	-	-	source mode/blob equals target mode/blob	-
B0	baseline	2e9da09bd163ca128e3cd2f4c91ef61ceec2fc2f	df9fc18b9f1a8374d72fa071c2b9c1e61e0010d1	T055	055cffcbc18eb26d15f3818aada50b82a4bd0fa8	accepted ATT/material HEAD	A	evidence/rv26-q02-20260910/independent-edge-loader-initial-failure.log	100644	1c9e598863680233f6a3da594f811d05c907c5fb	100644	1c9e598863680233f6a3da594f811d05c907c5fb	retained_exact	-	-	source mode/blob equals target mode/blob	-
B0	baseline	2e9da09bd163ca128e3cd2f4c91ef61ceec2fc2f	df9fc18b9f1a8374d72fa071c2b9c1e61e0010d1	T055	055cffcbc18eb26d15f3818aada50b82a4bd0fa8	accepted ATT/material HEAD	A	evidence/rv26-q02-20260910/independent-edges-initial.log	100644	2889a97212aac5869b087fe161dc7b6bdde51046	100644	2889a97212aac5869b087fe161dc7b6bdde51046	retained_exact	-	-	source mode/blob equals target mode/blob	-
B0	baseline	2e9da09bd163ca128e3cd2f4c91ef61ceec2fc2f	df9fc18b9f1a8374d72fa071c2b9c1e61e0010d1	T055	055cffcbc18eb26d15f3818aada50b82a4bd0fa8	accepted ATT/material HEAD	A	evidence/rv26-q02-20260910/independent-edges.log	100644	368ade0b5a8425b2db7eed9da9cda5fd7965a11c	100644	368ade0b5a8425b2db7eed9da9cda5fd7965a11c	retained_exact	-	-	source mode/blob equals target mode/blob	-
B0	baseline	2e9da09bd163ca128e3cd2f4c91ef61ceec2fc2f	df9fc18b9f1a8374d72fa071c2b9c1e61e0010d1	T055	055cffcbc18eb26d15f3818aada50b82a4bd0fa8	accepted ATT/material HEAD	A	evidence/rv26-q02-20260910/independent-migration.log	100644	3bafeb27ffbc0ee1c84df2450a6603cc4745cc98	100644	3bafeb27ffbc0ee1c84df2450a6603cc4745cc98	retained_exact	-	-	source mode/blob equals target mode/blob	-
B0	baseline	2e9da09bd163ca128e3cd2f4c91ef61ceec2fc2f	df9fc18b9f1a8374d72fa071c2b9c1e61e0010d1	T055	055cffcbc18eb26d15f3818aada50b82a4bd0fa8	accepted ATT/material HEAD	A	evidence/rv26-q02-20260910/independent-provider.log	100644	346de8713de02b2ecb59dc38a8aa763911ad892a	100644	346de8713de02b2ecb59dc38a8aa763911ad892a	retained_exact	-	-	source mode/blob equals target mode/blob	-
B0	baseline	2e9da09bd163ca128e3cd2f4c91ef61ceec2fc2f	df9fc18b9f1a8374d72fa071c2b9c1e61e0010d1	T055	055cffcbc18eb26d15f3818aada50b82a4bd0fa8	accepted ATT/material HEAD	A	evidence/rv26-q02-20260910/independent-roundtrip.log	100644	92f860c20838398f4530d764522a4a1b47e9d6cc	100644	92f860c20838398f4530d764522a4a1b47e9d6cc	retained_exact	-	-	source mode/blob equals target mode/blob	-
B0	baseline	2e9da09bd163ca128e3cd2f4c91ef61ceec2fc2f	df9fc18b9f1a8374d72fa071c2b9c1e61e0010d1	T055	055cffcbc18eb26d15f3818aada50b82a4bd0fa8	accepted ATT/material HEAD	A	evidence/rv26-q02-20260910/independent-summary-fixture.log	100644	d56e5e76bd2997ffeb0542942eb871a19ca94d5e	100644	d56e5e76bd2997ffeb0542942eb871a19ca94d5e	retained_exact	-	-	source mode/blob equals target mode/blob	-
B0	baseline	2e9da09bd163ca128e3cd2f4c91ef61ceec2fc2f	df9fc18b9f1a8374d72fa071c2b9c1e61e0010d1	T055	055cffcbc18eb26d15f3818aada50b82a4bd0fa8	accepted ATT/material HEAD	A	evidence/rv26-q02-20260910/receipt.json	100644	2e03e9f9f4f24f579463b38a4e8a3f6d42572be1	100644	2e03e9f9f4f24f579463b38a4e8a3f6d42572be1	retained_exact	-	-	source mode/blob equals target mode/blob	-
B0	baseline	2e9da09bd163ca128e3cd2f4c91ef61ceec2fc2f	df9fc18b9f1a8374d72fa071c2b9c1e61e0010d1	T055	055cffcbc18eb26d15f3818aada50b82a4bd0fa8	accepted ATT/material HEAD	A	evidence/rv26-q02-independent/edge-check.mjs	100644	a26dc01a087107d06d31a8420c2c263dba0ef42c	100644	a26dc01a087107d06d31a8420c2c263dba0ef42c	retained_exact	-	-	source mode/blob equals target mode/blob	-
B0	baseline	2e9da09bd163ca128e3cd2f4c91ef61ceec2fc2f	df9fc18b9f1a8374d72fa071c2b9c1e61e0010d1	T055	055cffcbc18eb26d15f3818aada50b82a4bd0fa8	accepted ATT/material HEAD	A	evidence/skin-boundary-sk2-20260910/README.md	100644	16379fe06ef03bbe31a30b61e2275646b8dcfd97	100644	16379fe06ef03bbe31a30b61e2275646b8dcfd97	retained_exact	-	-	source mode/blob equals target mode/blob	-
B0	baseline	2e9da09bd163ca128e3cd2f4c91ef61ceec2fc2f	df9fc18b9f1a8374d72fa071c2b9c1e61e0010d1	T055	055cffcbc18eb26d15f3818aada50b82a4bd0fa8	accepted ATT/material HEAD	A	evidence/skin-boundary-sk2-20260910/appearance-dark-1280.png	100644	6d514ac44a7e79a46a706091e40033740868c9cc	100644	6d514ac44a7e79a46a706091e40033740868c9cc	retained_exact	-	-	source mode/blob equals target mode/blob	-
B0	baseline	2e9da09bd163ca128e3cd2f4c91ef61ceec2fc2f	df9fc18b9f1a8374d72fa071c2b9c1e61e0010d1	T055	055cffcbc18eb26d15f3818aada50b82a4bd0fa8	accepted ATT/material HEAD	A	evidence/skin-boundary-sk2-20260910/appearance-dark-1440.png	100644	e7b0e34bef339d5a7878fdaf57b8097ea40284eb	100644	e7b0e34bef339d5a7878fdaf57b8097ea40284eb	retained_exact	-	-	source mode/blob equals target mode/blob	-
B0	baseline	2e9da09bd163ca128e3cd2f4c91ef61ceec2fc2f	df9fc18b9f1a8374d72fa071c2b9c1e61e0010d1	T055	055cffcbc18eb26d15f3818aada50b82a4bd0fa8	accepted ATT/material HEAD	A	evidence/skin-boundary-sk2-20260910/appearance-dark-390.png	100644	e69870007a28048653363eeaec94b3e6a387227b	100644	e69870007a28048653363eeaec94b3e6a387227b	retained_exact	-	-	source mode/blob equals target mode/blob	-
B0	baseline	2e9da09bd163ca128e3cd2f4c91ef61ceec2fc2f	df9fc18b9f1a8374d72fa071c2b9c1e61e0010d1	T055	055cffcbc18eb26d15f3818aada50b82a4bd0fa8	accepted ATT/material HEAD	A	evidence/skin-boundary-sk2-20260910/appearance-light-1280.png	100644	8c4ad2935daa082cd33b5d7544bbb40356ceacf5	100644	8c4ad2935daa082cd33b5d7544bbb40356ceacf5	retained_exact	-	-	source mode/blob equals target mode/blob	-
B0	baseline	2e9da09bd163ca128e3cd2f4c91ef61ceec2fc2f	df9fc18b9f1a8374d72fa071c2b9c1e61e0010d1	T055	055cffcbc18eb26d15f3818aada50b82a4bd0fa8	accepted ATT/material HEAD	A	evidence/skin-boundary-sk2-20260910/appearance-light-1440.png	100644	cbac9f98d6c5c598896d0c096d2dc26ebd544e16	100644	cbac9f98d6c5c598896d0c096d2dc26ebd544e16	retained_exact	-	-	source mode/blob equals target mode/blob	-
B0	baseline	2e9da09bd163ca128e3cd2f4c91ef61ceec2fc2f	df9fc18b9f1a8374d72fa071c2b9c1e61e0010d1	T055	055cffcbc18eb26d15f3818aada50b82a4bd0fa8	accepted ATT/material HEAD	A	evidence/skin-boundary-sk2-20260910/appearance-light-390.png	100644	b49e58ef771baf1b6892f8e41e5eb85e100f3b51	100644	b49e58ef771baf1b6892f8e41e5eb85e100f3b51	retained_exact	-	-	source mode/blob equals target mode/blob	-
B0	baseline	2e9da09bd163ca128e3cd2f4c91ef61ceec2fc2f	df9fc18b9f1a8374d72fa071c2b9c1e61e0010d1	T055	055cffcbc18eb26d15f3818aada50b82a4bd0fa8	accepted ATT/material HEAD	A	evidence/skin-boundary-sk2-20260910/browser.mjs	100644	dbcfb204a98f3d3ebef2f7815325dec110197b7c	100644	dbcfb204a98f3d3ebef2f7815325dec110197b7c	retained_exact	-	-	source mode/blob equals target mode/blob	-
B0	baseline	2e9da09bd163ca128e3cd2f4c91ef61ceec2fc2f	df9fc18b9f1a8374d72fa071c2b9c1e61e0010d1	T055	055cffcbc18eb26d15f3818aada50b82a4bd0fa8	accepted ATT/material HEAD	A	evidence/skin-boundary-sk2-20260910/checks-editor.mjs	100644	4194a729cbe6eac4ad5b5c7c49d83bbfe9554a6d	100644	4194a729cbe6eac4ad5b5c7c49d83bbfe9554a6d	retained_exact	-	-	source mode/blob equals target mode/blob	-
B0	baseline	2e9da09bd163ca128e3cd2f4c91ef61ceec2fc2f	df9fc18b9f1a8374d72fa071c2b9c1e61e0010d1	T055	055cffcbc18eb26d15f3818aada50b82a4bd0fa8	accepted ATT/material HEAD	A	evidence/skin-boundary-sk2-20260910/checks-layout.mjs	100644	10f463fd5ea1075efe11109a81e4c16991ad26e0	100644	10f463fd5ea1075efe11109a81e4c16991ad26e0	retained_exact	-	-	source mode/blob equals target mode/blob	-
B0	baseline	2e9da09bd163ca128e3cd2f4c91ef61ceec2fc2f	df9fc18b9f1a8374d72fa071c2b9c1e61e0010d1	T055	055cffcbc18eb26d15f3818aada50b82a4bd0fa8	accepted ATT/material HEAD	A	evidence/skin-boundary-sk2-20260910/checks-policy.mjs	100644	ced16382a1e014a300a5c8040f48c4c55d83f600	100644	ced16382a1e014a300a5c8040f48c4c55d83f600	retained_exact	-	-	source mode/blob equals target mode/blob	-
B0	baseline	2e9da09bd163ca128e3cd2f4c91ef61ceec2fc2f	df9fc18b9f1a8374d72fa071c2b9c1e61e0010d1	T055	055cffcbc18eb26d15f3818aada50b82a4bd0fa8	accepted ATT/material HEAD	A	evidence/skin-boundary-sk2-20260910/contrast.md	100644	217ce24b40cda7f668133ece2c2a24b4d7278562	100644	217ce24b40cda7f668133ece2c2a24b4d7278562	retained_exact	-	-	source mode/blob equals target mode/blob	-
B0	baseline	2e9da09bd163ca128e3cd2f4c91ef61ceec2fc2f	df9fc18b9f1a8374d72fa071c2b9c1e61e0010d1	T055	055cffcbc18eb26d15f3818aada50b82a4bd0fa8	accepted ATT/material HEAD	A	evidence/skin-boundary-sk2-20260910/editor-browser.json	100644	a8a0ede48f944c1edf17b1eedab7856bdf7042c4	100644	a8a0ede48f944c1edf17b1eedab7856bdf7042c4	retained_exact	-	-	source mode/blob equals target mode/blob	-
B0	baseline	2e9da09bd163ca128e3cd2f4c91ef61ceec2fc2f	df9fc18b9f1a8374d72fa071c2b9c1e61e0010d1	T055	055cffcbc18eb26d15f3818aada50b82a4bd0fa8	accepted ATT/material HEAD	A	evidence/skin-boundary-sk2-20260910/editor-dark-1280.png	100644	11b9e997d8bd9d7ac5559b41a9eaad61686498bf	100644	11b9e997d8bd9d7ac5559b41a9eaad61686498bf	retained_exact	-	-	source mode/blob equals target mode/blob	-
B0	baseline	2e9da09bd163ca128e3cd2f4c91ef61ceec2fc2f	df9fc18b9f1a8374d72fa071c2b9c1e61e0010d1	T055	055cffcbc18eb26d15f3818aada50b82a4bd0fa8	accepted ATT/material HEAD	A	evidence/skin-boundary-sk2-20260910/editor-dark-1440.png	100644	6ad9ae1c3051378208a7adfad065c27757ca184a	100644	6ad9ae1c3051378208a7adfad065c27757ca184a	retained_exact	-	-	source mode/blob equals target mode/blob	-
B0	baseline	2e9da09bd163ca128e3cd2f4c91ef61ceec2fc2f	df9fc18b9f1a8374d72fa071c2b9c1e61e0010d1	T055	055cffcbc18eb26d15f3818aada50b82a4bd0fa8	accepted ATT/material HEAD	A	evidence/skin-boundary-sk2-20260910/editor-dark-390.png	100644	c1495ae528f902bb6067632e0b430447e17acbc6	100644	c1495ae528f902bb6067632e0b430447e17acbc6	retained_exact	-	-	source mode/blob equals target mode/blob	-
B0	baseline	2e9da09bd163ca128e3cd2f4c91ef61ceec2fc2f	df9fc18b9f1a8374d72fa071c2b9c1e61e0010d1	T055	055cffcbc18eb26d15f3818aada50b82a4bd0fa8	accepted ATT/material HEAD	A	evidence/skin-boundary-sk2-20260910/editor-forced-colors.png	100644	fa24099bc4cae6faf1bef6726631852a536c491d	100644	fa24099bc4cae6faf1bef6726631852a536c491d	retained_exact	-	-	source mode/blob equals target mode/blob	-
B0	baseline	2e9da09bd163ca128e3cd2f4c91ef61ceec2fc2f	df9fc18b9f1a8374d72fa071c2b9c1e61e0010d1	T055	055cffcbc18eb26d15f3818aada50b82a4bd0fa8	accepted ATT/material HEAD	A	evidence/skin-boundary-sk2-20260910/editor-light-1280.png	100644	3bc00db91375fd19edcd440c3aa0bb6ea42b824f	100644	3bc00db91375fd19edcd440c3aa0bb6ea42b824f	retained_exact	-	-	source mode/blob equals target mode/blob	-
B0	baseline	2e9da09bd163ca128e3cd2f4c91ef61ceec2fc2f	df9fc18b9f1a8374d72fa071c2b9c1e61e0010d1	T055	055cffcbc18eb26d15f3818aada50b82a4bd0fa8	accepted ATT/material HEAD	A	evidence/skin-boundary-sk2-20260910/editor-light-1440.png	100644	831b63d47a530c1016b09e723cd13535243aa868	100644	831b63d47a530c1016b09e723cd13535243aa868	retained_exact	-	-	source mode/blob equals target mode/blob	-
B0	baseline	2e9da09bd163ca128e3cd2f4c91ef61ceec2fc2f	df9fc18b9f1a8374d72fa071c2b9c1e61e0010d1	T055	055cffcbc18eb26d15f3818aada50b82a4bd0fa8	accepted ATT/material HEAD	A	evidence/skin-boundary-sk2-20260910/editor-light-390.png	100644	417811ba969878219b46c1df7985c354a8797e95	100644	417811ba969878219b46c1df7985c354a8797e95	retained_exact	-	-	source mode/blob equals target mode/blob	-
B0	baseline	2e9da09bd163ca128e3cd2f4c91ef61ceec2fc2f	df9fc18b9f1a8374d72fa071c2b9c1e61e0010d1	T055	055cffcbc18eb26d15f3818aada50b82a4bd0fa8	accepted ATT/material HEAD	A	evidence/skin-boundary-sk2-20260910/editor-zoom-200.png	100644	186d18e8645ba004e4da95cc4836f828006ed7b7	100644	186d18e8645ba004e4da95cc4836f828006ed7b7	retained_exact	-	-	source mode/blob equals target mode/blob	-
B0	baseline	2e9da09bd163ca128e3cd2f4c91ef61ceec2fc2f	df9fc18b9f1a8374d72fa071c2b9c1e61e0010d1	T055	055cffcbc18eb26d15f3818aada50b82a4bd0fa8	accepted ATT/material HEAD	A	evidence/skin-boundary-sk2-20260910/layout-browser.json	100644	7025cbb7d266b9f07e2df9bc564bb9e45f28e876	100644	7025cbb7d266b9f07e2df9bc564bb9e45f28e876	retained_exact	-	-	source mode/blob equals target mode/blob	-
B0	baseline	2e9da09bd163ca128e3cd2f4c91ef61ceec2fc2f	df9fc18b9f1a8374d72fa071c2b9c1e61e0010d1	T055	055cffcbc18eb26d15f3818aada50b82a4bd0fa8	accepted ATT/material HEAD	A	evidence/skin-boundary-sk2-20260910/policy-browser.json	100644	c3155b1587c30d27122f35236bc2d1c0ffdc5807	100644	c3155b1587c30d27122f35236bc2d1c0ffdc5807	retained_exact	-	-	source mode/blob equals target mode/blob	-
B0	baseline	2e9da09bd163ca128e3cd2f4c91ef61ceec2fc2f	df9fc18b9f1a8374d72fa071c2b9c1e61e0010d1	T055	055cffcbc18eb26d15f3818aada50b82a4bd0fa8	accepted ATT/material HEAD	A	evidence/skin-boundary-sk2-20260910/tests.log	100644	7341eff4d2104d7ee18a58f56ffccf01bd7c27c6	100644	7341eff4d2104d7ee18a58f56ffccf01bd7c27c6	retained_exact	-	-	source mode/blob equals target mode/blob	-
B0	baseline	2e9da09bd163ca128e3cd2f4c91ef61ceec2fc2f	df9fc18b9f1a8374d72fa071c2b9c1e61e0010d1	T055	055cffcbc18eb26d15f3818aada50b82a4bd0fa8	accepted ATT/material HEAD	A	evidence/skin-review-sk1-20260910/README.md	100644	d7f91c3e13116960817abcd52b3942cbb1c5693d	100644	d7f91c3e13116960817abcd52b3942cbb1c5693d	retained_exact	-	-	source mode/blob equals target mode/blob	-
B0	baseline	2e9da09bd163ca128e3cd2f4c91ef61ceec2fc2f	df9fc18b9f1a8374d72fa071c2b9c1e61e0010d1	T055	055cffcbc18eb26d15f3818aada50b82a4bd0fa8	accepted ATT/material HEAD	A	evidence/skin-review-sk1-20260910/browser.json	100644	7abbc4f956bfba110d9886aae203e62203ca4fbb	100644	7abbc4f956bfba110d9886aae203e62203ca4fbb	retained_exact	-	-	source mode/blob equals target mode/blob	-
B0	baseline	2e9da09bd163ca128e3cd2f4c91ef61ceec2fc2f	df9fc18b9f1a8374d72fa071c2b9c1e61e0010d1	T055	055cffcbc18eb26d15f3818aada50b82a4bd0fa8	accepted ATT/material HEAD	A	evidence/skin-review-sk1-20260910/browser.mjs	100644	ab4b6c427f019d98cb261ddf0b35671570b53b27	100644	ab4b6c427f019d98cb261ddf0b35671570b53b27	retained_exact	-	-	source mode/blob equals target mode/blob	-
B0	baseline	2e9da09bd163ca128e3cd2f4c91ef61ceec2fc2f	df9fc18b9f1a8374d72fa071c2b9c1e61e0010d1	T055	055cffcbc18eb26d15f3818aada50b82a4bd0fa8	accepted ATT/material HEAD	A	evidence/skin-review-sk1-20260910/contrast.md	100644	2aeb8b4c1d3f969e47769542f90da63b40210429	100644	2aeb8b4c1d3f969e47769542f90da63b40210429	retained_exact	-	-	source mode/blob equals target mode/blob	-
B0	baseline	2e9da09bd163ca128e3cd2f4c91ef61ceec2fc2f	df9fc18b9f1a8374d72fa071c2b9c1e61e0010d1	T055	055cffcbc18eb26d15f3818aada50b82a4bd0fa8	accepted ATT/material HEAD	A	evidence/skin-review-sk1-20260910/tests.log	100644	52b9545e0af4fe6d4cb661948bd31dbf86d8c443	100644	52b9545e0af4fe6d4cb661948bd31dbf86d8c443	retained_exact	-	-	source mode/blob equals target mode/blob	-
B0	baseline	2e9da09bd163ca128e3cd2f4c91ef61ceec2fc2f	df9fc18b9f1a8374d72fa071c2b9c1e61e0010d1	T055	055cffcbc18eb26d15f3818aada50b82a4bd0fa8	accepted ATT/material HEAD	M	tools/contrast-report.mjs	100644	9b6da350c81c0586bcff161fff0b6dd8d0a383a4	100644	9b6da350c81c0586bcff161fff0b6dd8d0a383a4	retained_exact	-	-	source mode/blob equals target mode/blob	-
B0	baseline	2e9da09bd163ca128e3cd2f4c91ef61ceec2fc2f	df9fc18b9f1a8374d72fa071c2b9c1e61e0010d1	T4003	4003c548a314246d8c46516c4033fa5602e19c4b	assembled Spark candidate	M	AGENTS.md	100644	2b6ab1895af89bf72565ed7034b023373034b8a9	100644	2b6ab1895af89bf72565ed7034b023373034b8a9	retained_exact	-	-	source mode/blob equals target mode/blob	-
B0	baseline	2e9da09bd163ca128e3cd2f4c91ef61ceec2fc2f	df9fc18b9f1a8374d72fa071c2b9c1e61e0010d1	T4003	4003c548a314246d8c46516c4033fa5602e19c4b	assembled Spark candidate	M	app/README.md	100644	5fb6f5084c29a1d6f20804f02e4842279c714b00	100644	5fb6f5084c29a1d6f20804f02e4842279c714b00	retained_exact	-	-	source mode/blob equals target mode/blob	-
B0	baseline	2e9da09bd163ca128e3cd2f4c91ef61ceec2fc2f	df9fc18b9f1a8374d72fa071c2b9c1e61e0010d1	T4003	4003c548a314246d8c46516c4033fa5602e19c4b	assembled Spark candidate	M	app/core/client.mjs	100644	46575f9adbd05ffcfa0167e206fe52d32261b8f0	100644	46575f9adbd05ffcfa0167e206fe52d32261b8f0	retained_exact	-	-	source mode/blob equals target mode/blob	-
B0	baseline	2e9da09bd163ca128e3cd2f4c91ef61ceec2fc2f	df9fc18b9f1a8374d72fa071c2b9c1e61e0010d1	T4003	4003c548a314246d8c46516c4033fa5602e19c4b	assembled Spark candidate	M	app/docs/runtime-foundation.md	100644	14a8adc02175b7143df8f4208b954b845bcb6d8a	100644	14a8adc02175b7143df8f4208b954b845bcb6d8a	retained_exact	-	-	source mode/blob equals target mode/blob	-
B0	baseline	2e9da09bd163ca128e3cd2f4c91ef61ceec2fc2f	df9fc18b9f1a8374d72fa071c2b9c1e61e0010d1	T4003	4003c548a314246d8c46516c4033fa5602e19c4b	assembled Spark candidate	M	app/server/credential-file.mjs	100644	06a060f13a4d4ddcb82030819ce489f9ac5d9bb3	100644	06a060f13a4d4ddcb82030819ce489f9ac5d9bb3	retained_exact	-	-	source mode/blob equals target mode/blob	-
B0	baseline	2e9da09bd163ca128e3cd2f4c91ef61ceec2fc2f	df9fc18b9f1a8374d72fa071c2b9c1e61e0010d1	T4003	4003c548a314246d8c46516c4033fa5602e19c4b	assembled Spark candidate	M	app/server/index.mjs	100644	be1a0d8e6e35318e8d1e3d841819ac7dda149f7d	100644	60669723b1f5e26f2a1a00d8ee904cbf03c85250	authorized_later	Spark	0082fef883e49fd19538c369f20a04c111d8c602;63840a7df22914e7a13cffcee0f646b8ded6ab9f;9761303450280c8100aec4b0c4617f9d2c55e7bb	static allowlist adds spark-view.mjs and spark-projection.mjs	later owner/hunk recorded in shared-invariants.tsv
B0	baseline	2e9da09bd163ca128e3cd2f4c91ef61ceec2fc2f	df9fc18b9f1a8374d72fa071c2b9c1e61e0010d1	T4003	4003c548a314246d8c46516c4033fa5602e19c4b	assembled Spark candidate	M	app/server/provider-connections.mjs	100644	7527cff9d151d9dae67f768f386bf2ab18cdfe1a	100644	7527cff9d151d9dae67f768f386bf2ab18cdfe1a	retained_exact	-	-	source mode/blob equals target mode/blob	-
B0	baseline	2e9da09bd163ca128e3cd2f4c91ef61ceec2fc2f	df9fc18b9f1a8374d72fa071c2b9c1e61e0010d1	T4003	4003c548a314246d8c46516c4033fa5602e19c4b	assembled Spark candidate	A	app/server/provider-fields.mjs	100644	de931d5ef2b154926461806aa84ba44994650121	100644	de931d5ef2b154926461806aa84ba44994650121	retained_exact	-	-	source mode/blob equals target mode/blob	-
B0	baseline	2e9da09bd163ca128e3cd2f4c91ef61ceec2fc2f	df9fc18b9f1a8374d72fa071c2b9c1e61e0010d1	T4003	4003c548a314246d8c46516c4033fa5602e19c4b	assembled Spark candidate	M	app/server/service.mjs	100644	605dbd5179f7c03591dad6b6f0a2a4f0ada64044	100644	605dbd5179f7c03591dad6b6f0a2a4f0ada64044	retained_exact	-	-	source mode/blob equals target mode/blob	-
B0	baseline	2e9da09bd163ca128e3cd2f4c91ef61ceec2fc2f	df9fc18b9f1a8374d72fa071c2b9c1e61e0010d1	T4003	4003c548a314246d8c46516c4033fa5602e19c4b	assembled Spark candidate	M	app/server/store.mjs	100644	b9cc4cb0c3bc7171ccb4392ab3645473fe97fc57	100644	b9cc4cb0c3bc7171ccb4392ab3645473fe97fc57	retained_exact	-	-	source mode/blob equals target mode/blob	-
B0	baseline	2e9da09bd163ca128e3cd2f4c91ef61ceec2fc2f	df9fc18b9f1a8374d72fa071c2b9c1e61e0010d1	T4003	4003c548a314246d8c46516c4033fa5602e19c4b	assembled Spark candidate	M	app/tests/async-boundaries-independent.test.mjs	100644	26921d4c0299798f310ff65269e256af30a8f056	100644	26921d4c0299798f310ff65269e256af30a8f056	retained_exact	-	-	source mode/blob equals target mode/blob	-
B0	baseline	2e9da09bd163ca128e3cd2f4c91ef61ceec2fc2f	df9fc18b9f1a8374d72fa071c2b9c1e61e0010d1	T4003	4003c548a314246d8c46516c4033fa5602e19c4b	assembled Spark candidate	M	app/tests/async-recovery-independent.test.mjs	100644	80f23815f25923248a70c2fe538973ea7f84e5d1	100644	80f23815f25923248a70c2fe538973ea7f84e5d1	retained_exact	-	-	source mode/blob equals target mode/blob	-
B0	baseline	2e9da09bd163ca128e3cd2f4c91ef61ceec2fc2f	df9fc18b9f1a8374d72fa071c2b9c1e61e0010d1	T4003	4003c548a314246d8c46516c4033fa5602e19c4b	assembled Spark candidate	M	app/tests/async-tasks.test.mjs	100644	d56e6ac0cf44687b7292d220e883b695cdc5ba35	100644	d56e6ac0cf44687b7292d220e883b695cdc5ba35	retained_exact	-	-	source mode/blob equals target mode/blob	-
B0	baseline	2e9da09bd163ca128e3cd2f4c91ef61ceec2fc2f	df9fc18b9f1a8374d72fa071c2b9c1e61e0010d1	T4003	4003c548a314246d8c46516c4033fa5602e19c4b	assembled Spark candidate	M	app/tests/attention-agent.test.mjs	100644	eeb3cb898c1b9ac7aa2e8d168538b390eec0cba5	100644	eeb3cb898c1b9ac7aa2e8d168538b390eec0cba5	retained_exact	-	-	source mode/blob equals target mode/blob	-
B0	baseline	2e9da09bd163ca128e3cd2f4c91ef61ceec2fc2f	df9fc18b9f1a8374d72fa071c2b9c1e61e0010d1	T4003	4003c548a314246d8c46516c4033fa5602e19c4b	assembled Spark candidate	M	app/tests/control-plane.test.mjs	100644	010bdd8296539d301a0a1cb905cf90af4575b94b	100644	010bdd8296539d301a0a1cb905cf90af4575b94b	retained_exact	-	-	source mode/blob equals target mode/blob	-
B0	baseline	2e9da09bd163ca128e3cd2f4c91ef61ceec2fc2f	df9fc18b9f1a8374d72fa071c2b9c1e61e0010d1	T4003	4003c548a314246d8c46516c4033fa5602e19c4b	assembled Spark candidate	M	app/tests/coordination.test.mjs	100644	a84ba572cd9d9b437c73128791423f3cee4139a6	100644	a84ba572cd9d9b437c73128791423f3cee4139a6	retained_exact	-	-	source mode/blob equals target mode/blob	-
B0	baseline	2e9da09bd163ca128e3cd2f4c91ef61ceec2fc2f	df9fc18b9f1a8374d72fa071c2b9c1e61e0010d1	T4003	4003c548a314246d8c46516c4033fa5602e19c4b	assembled Spark candidate	M	app/tests/durability.test.mjs	100644	dbc8f7c7122176359557adc4041e6a50c7b0b5b4	100644	dbc8f7c7122176359557adc4041e6a50c7b0b5b4	retained_exact	-	-	source mode/blob equals target mode/blob	-
B0	baseline	2e9da09bd163ca128e3cd2f4c91ef61ceec2fc2f	df9fc18b9f1a8374d72fa071c2b9c1e61e0010d1	T4003	4003c548a314246d8c46516c4033fa5602e19c4b	assembled Spark candidate	A	app/tests/fixtures/review-core-client/worker.py	100755	7386de4e1d45e96983e2e0227789f0ec102b14ca	100755	7386de4e1d45e96983e2e0227789f0ec102b14ca	retained_exact	-	-	source mode/blob equals target mode/blob	-
B0	baseline	2e9da09bd163ca128e3cd2f4c91ef61ceec2fc2f	df9fc18b9f1a8374d72fa071c2b9c1e61e0010d1	T4003	4003c548a314246d8c46516c4033fa5602e19c4b	assembled Spark candidate	A	app/tests/fixtures/review-provider/loopback.mjs	100644	16faff88a5017a60f3bb139a547f8b98a18f0dff	100644	16faff88a5017a60f3bb139a547f8b98a18f0dff	retained_exact	-	-	source mode/blob equals target mode/blob	-
B0	baseline	2e9da09bd163ca128e3cd2f4c91ef61ceec2fc2f	df9fc18b9f1a8374d72fa071c2b9c1e61e0010d1	T4003	4003c548a314246d8c46516c4033fa5602e19c4b	assembled Spark candidate	M	app/tests/home-presentation.test.mjs	100644	cec24c55b4bc61ca7a9d9078f9f558b6d5d187fb	100644	e0b95bb3f69fe59bfa2ee55256c61d3c750f1d4f	authorized_later	ATT	9db6fc4362a07dc8ff20e1914e2ac471f20b62c1	TinyDOM helpers move to tiny-dom.mjs for ATT coverage	later owner/hunk recorded in shared-invariants.tsv
B0	baseline	2e9da09bd163ca128e3cd2f4c91ef61ceec2fc2f	df9fc18b9f1a8374d72fa071c2b9c1e61e0010d1	T4003	4003c548a314246d8c46516c4033fa5602e19c4b	assembled Spark candidate	M	app/tests/request-telemetry.test.mjs	100644	732ef3dd74cac27632d8b8f2d7cd05c08ab247e0	100644	732ef3dd74cac27632d8b8f2d7cd05c08ab247e0	retained_exact	-	-	source mode/blob equals target mode/blob	-
B0	baseline	2e9da09bd163ca128e3cd2f4c91ef61ceec2fc2f	df9fc18b9f1a8374d72fa071c2b9c1e61e0010d1	T4003	4003c548a314246d8c46516c4033fa5602e19c4b	assembled Spark candidate	A	app/tests/review-core-client-lifecycle.test.mjs	100644	aecd8d40b943cf521f44c356f8f929927d7dd442	100644	aecd8d40b943cf521f44c356f8f929927d7dd442	retained_exact	-	-	source mode/blob equals target mode/blob	-
B0	baseline	2e9da09bd163ca128e3cd2f4c91ef61ceec2fc2f	df9fc18b9f1a8374d72fa071c2b9c1e61e0010d1	T4003	4003c548a314246d8c46516c4033fa5602e19c4b	assembled Spark candidate	A	app/tests/review-provider-publication-migration.test.mjs	100644	64f6527f9ebdbeae269acd99d06e2b0386930b71	100644	64f6527f9ebdbeae269acd99d06e2b0386930b71	retained_exact	-	-	source mode/blob equals target mode/blob	-
B0	baseline	2e9da09bd163ca128e3cd2f4c91ef61ceec2fc2f	df9fc18b9f1a8374d72fa071c2b9c1e61e0010d1	T4003	4003c548a314246d8c46516c4033fa5602e19c4b	assembled Spark candidate	A	app/tests/review-provider-roundtrip.test.mjs	100644	12ce475582687541b4425f71e98a72b6a243c9a6	100644	12ce475582687541b4425f71e98a72b6a243c9a6	retained_exact	-	-	source mode/blob equals target mode/blob	-
B0	baseline	2e9da09bd163ca128e3cd2f4c91ef61ceec2fc2f	df9fc18b9f1a8374d72fa071c2b9c1e61e0010d1	T4003	4003c548a314246d8c46516c4033fa5602e19c4b	assembled Spark candidate	M	app/tests/run-lineage.test.mjs	100644	3e57f12a98582afb868ae51038490deff9868c3b	100644	3e57f12a98582afb868ae51038490deff9868c3b	retained_exact	-	-	source mode/blob equals target mode/blob	-
B0	baseline	2e9da09bd163ca128e3cd2f4c91ef61ceec2fc2f	df9fc18b9f1a8374d72fa071c2b9c1e61e0010d1	T4003	4003c548a314246d8c46516c4033fa5602e19c4b	assembled Spark candidate	M	app/tests/runtime.test.mjs	100644	7b9e6838594b40949e0aaeff8678423b4c9eb282	100644	7b9e6838594b40949e0aaeff8678423b4c9eb282	retained_exact	-	-	source mode/blob equals target mode/blob	-
B0	baseline	2e9da09bd163ca128e3cd2f4c91ef61ceec2fc2f	df9fc18b9f1a8374d72fa071c2b9c1e61e0010d1	T4003	4003c548a314246d8c46516c4033fa5602e19c4b	assembled Spark candidate	M	app/tests/settings-preferences.test.mjs	100644	6e636a06cc65088c770887152908cf4cd9ec2b3f	100644	6e636a06cc65088c770887152908cf4cd9ec2b3f	retained_exact	-	-	source mode/blob equals target mode/blob	-
B0	baseline	2e9da09bd163ca128e3cd2f4c91ef61ceec2fc2f	df9fc18b9f1a8374d72fa071c2b9c1e61e0010d1	T4003	4003c548a314246d8c46516c4033fa5602e19c4b	assembled Spark candidate	A	app/tests/skin-policy.test.mjs	100644	8a196ea33443dcc68f1eb9b57dfadaf3a76a469f	100644	8a196ea33443dcc68f1eb9b57dfadaf3a76a469f	retained_exact	-	-	source mode/blob equals target mode/blob	-
B0	baseline	2e9da09bd163ca128e3cd2f4c91ef61ceec2fc2f	df9fc18b9f1a8374d72fa071c2b9c1e61e0010d1	T4003	4003c548a314246d8c46516c4033fa5602e19c4b	assembled Spark candidate	A	app/tests/skin-presets.test.mjs	100644	64f548440ee5f7eed19ebf64b5aae298eb3de844	100644	64f548440ee5f7eed19ebf64b5aae298eb3de844	retained_exact	-	-	source mode/blob equals target mode/blob	-
B0	baseline	2e9da09bd163ca128e3cd2f4c91ef61ceec2fc2f	df9fc18b9f1a8374d72fa071c2b9c1e61e0010d1	T4003	4003c548a314246d8c46516c4033fa5602e19c4b	assembled Spark candidate	M	app/tests/static-web-manifest.test.mjs	100644	7f4dd2bc0d69dc78dae39928e816bbf5037a6891	100644	eebfe052536fd8a20e17ef076f7b607e948419ed	authorized_later	ICON	3667641179e2829151004293ae921b5e0a17d8dd	icon allowlist/sprite/manifest/source/hash parity tests	later owner/hunk recorded in shared-invariants.tsv
B0	baseline	2e9da09bd163ca128e3cd2f4c91ef61ceec2fc2f	df9fc18b9f1a8374d72fa071c2b9c1e61e0010d1	T4003	4003c548a314246d8c46516c4033fa5602e19c4b	assembled Spark candidate	M	app/tests/work-summary-consistency.test.mjs	100644	6da5ca781515393188dc06736409e752793a36b1	100644	6da5ca781515393188dc06736409e752793a36b1	retained_exact	-	-	source mode/blob equals target mode/blob	-
B0	baseline	2e9da09bd163ca128e3cd2f4c91ef61ceec2fc2f	df9fc18b9f1a8374d72fa071c2b9c1e61e0010d1	T4003	4003c548a314246d8c46516c4033fa5602e19c4b	assembled Spark candidate	M	app/web/app.mjs	100644	61dc2fe6b6965971700605c32d3934ddcdf928ab	100644	4a7aca156b2eb2d9dbba86e4fa524cb50d0ace3e	authorized_later	Spark	0082fef883e49fd19538c369f20a04c111d8c602;63840a7df22914e7a13cffcee0f646b8ded6ab9f	read-only Spark view, existing Matter-bound session reuse, nav/wiring	later owner/hunk recorded in shared-invariants.tsv
B0	baseline	2e9da09bd163ca128e3cd2f4c91ef61ceec2fc2f	df9fc18b9f1a8374d72fa071c2b9c1e61e0010d1	T4003	4003c548a314246d8c46516c4033fa5602e19c4b	assembled Spark candidate	M	app/web/attention-view.mjs	100644	2d0a26b570cfe280887e0f571f00d1e3fa7246ca	100644	051c814a46653507c73ecd95b801bac76c4af1e9	authorized_later	ATT	9db6fc4362a07dc8ff20e1914e2ac471f20b62c1	typed action descriptors, six views, refusal/focus/retry semantics	later owner/hunk recorded in shared-invariants.tsv
B0	baseline	2e9da09bd163ca128e3cd2f4c91ef61ceec2fc2f	df9fc18b9f1a8374d72fa071c2b9c1e61e0010d1	T4003	4003c548a314246d8c46516c4033fa5602e19c4b	assembled Spark candidate	M	app/web/home-view.mjs	100644	eda427e1638ee63c7cc2a4c5a739f610826952da	100644	ffe8ebfb561c81c2ecbc0cecda98c041e62c003a	authorized_later	FE05a	0879b32727a379d59de3499c603e84cb8b4e6e22	M-15/M-16 shared gutter and action anatomy	later owner/hunk recorded in shared-invariants.tsv
B0	baseline	2e9da09bd163ca128e3cd2f4c91ef61ceec2fc2f	df9fc18b9f1a8374d72fa071c2b9c1e61e0010d1	T4003	4003c548a314246d8c46516c4033fa5602e19c4b	assembled Spark candidate	M	app/web/index.html	100644	f2eb1e0ef2277d6e30b01e59b0bad47f089cc6dd	100644	3c33872bc294a6f7f12e3edeff702a3e8cea4aa8	authorized_later	Spark	0082fef883e49fd19538c369f20a04c111d8c602	Spark nav button carries no unread badge	later owner/hunk recorded in shared-invariants.tsv
B0	baseline	2e9da09bd163ca128e3cd2f4c91ef61ceec2fc2f	df9fc18b9f1a8374d72fa071c2b9c1e61e0010d1	T4003	4003c548a314246d8c46516c4033fa5602e19c4b	assembled Spark candidate	M	app/web/settings-view.mjs	100644	71ec853b245ecc4ff51749e168eb3707f3a3b0f1	100644	7b45b285885716c22f80f643f8bb57149933cb2b	authorized_later	FE05a	915cca9d0225e2e581f764849cfc8dd12569f304	WK-128 context-card shape grammar	later owner/hunk recorded in shared-invariants.tsv
B0	baseline	2e9da09bd163ca128e3cd2f4c91ef61ceec2fc2f	df9fc18b9f1a8374d72fa071c2b9c1e61e0010d1	T4003	4003c548a314246d8c46516c4033fa5602e19c4b	assembled Spark candidate	A	app/web/skin-policy.js	100644	7623c1168ce7b75fa5246408221f34481b40a969	100644	7623c1168ce7b75fa5246408221f34481b40a969	retained_exact	-	-	source mode/blob equals target mode/blob	-
B0	baseline	2e9da09bd163ca128e3cd2f4c91ef61ceec2fc2f	df9fc18b9f1a8374d72fa071c2b9c1e61e0010d1	T4003	4003c548a314246d8c46516c4033fa5602e19c4b	assembled Spark candidate	M	app/web/styles.css	100644	61becf05c5af3c7f622c62d88aef9b2e9ff0333f	100644	e710b56594eefa41d925cb617679e0c5caa7c146	authorized_later	FE05a+ATT+Spark	0879b32727a379d59de3499c603e84cb8b4e6e22;915cca9d0225e2e581f764849cfc8dd12569f304;c1a4052e2f3c3276ff1067d9f2ba39c8b2c051e8;9db6fc4362a07dc8ff20e1914e2ac471f20b62c1;0082fef883e49fd19538c369f20a04c111d8c602;20d8330dc6555d073a6bdec7ebf1e6bafc7aee99	FE05a tokens/density; ATT views/actions/mobile target; Spark dialog/chips	later owner/hunk recorded in shared-invariants.tsv
B0	baseline	2e9da09bd163ca128e3cd2f4c91ef61ceec2fc2f	df9fc18b9f1a8374d72fa071c2b9c1e61e0010d1	T4003	4003c548a314246d8c46516c4033fa5602e19c4b	assembled Spark candidate	M	docs/runtime-control/architecture.md	100644	3fdb5e7aa1b6993839c5ce7d4a3cae40985daedd	100644	3fdb5e7aa1b6993839c5ce7d4a3cae40985daedd	retained_exact	-	-	source mode/blob equals target mode/blob	-
B0	baseline	2e9da09bd163ca128e3cd2f4c91ef61ceec2fc2f	df9fc18b9f1a8374d72fa071c2b9c1e61e0010d1	T4003	4003c548a314246d8c46516c4033fa5602e19c4b	assembled Spark candidate	M	docs/work-core/contract.md	100644	9ccbc479be11ecb8c3f29eb04b00f212ee02aa15	100644	9ccbc479be11ecb8c3f29eb04b00f212ee02aa15	retained_exact	-	-	source mode/blob equals target mode/blob	-
B0	baseline	2e9da09bd163ca128e3cd2f4c91ef61ceec2fc2f	df9fc18b9f1a8374d72fa071c2b9c1e61e0010d1	T4003	4003c548a314246d8c46516c4033fa5602e19c4b	assembled Spark candidate	M	engineering/architecture.md	100644	d9fbefaba196f769ba7de9665149313033aa1754	100644	d9fbefaba196f769ba7de9665149313033aa1754	retained_exact	-	-	source mode/blob equals target mode/blob	-
B0	baseline	2e9da09bd163ca128e3cd2f4c91ef61ceec2fc2f	df9fc18b9f1a8374d72fa071c2b9c1e61e0010d1	T4003	4003c548a314246d8c46516c4033fa5602e19c4b	assembled Spark candidate	M	engineering/current.md	100644	b5a0cd991598b9750f90195c6bff96f83b7ef729	100644	433dce416cecff7129f9ba030f9be1783ecca5bb	authorized_later	ICON	e2ab3f5ef106b6bcbbbb5a7574282a40904d3faf	WK-163 and icon provenance ledger update	later owner/hunk recorded in shared-invariants.tsv
B0	baseline	2e9da09bd163ca128e3cd2f4c91ef61ceec2fc2f	df9fc18b9f1a8374d72fa071c2b9c1e61e0010d1	T4003	4003c548a314246d8c46516c4033fa5602e19c4b	assembled Spark candidate	M	engineering/design/agent-interface-2026-09-10/README.md	100644	c67d9cc6d061954d3b82a1ca1811c8424113fdf1	100644	c67d9cc6d061954d3b82a1ca1811c8424113fdf1	retained_exact	-	-	source mode/blob equals target mode/blob	-
B0	baseline	2e9da09bd163ca128e3cd2f4c91ef61ceec2fc2f	df9fc18b9f1a8374d72fa071c2b9c1e61e0010d1	T4003	4003c548a314246d8c46516c4033fa5602e19c4b	assembled Spark candidate	A	engineering/design/agent-interface-2026-09-10/change-template.md	100644	caf690f3ce3b3646d02b04c386fe0f944f1a54eb	100644	caf690f3ce3b3646d02b04c386fe0f944f1a54eb	retained_exact	-	-	source mode/blob equals target mode/blob	-
B0	baseline	2e9da09bd163ca128e3cd2f4c91ef61ceec2fc2f	df9fc18b9f1a8374d72fa071c2b9c1e61e0010d1	T4003	4003c548a314246d8c46516c4033fa5602e19c4b	assembled Spark candidate	A	engineering/design/agent-interface-2026-09-10/continuity-checklist.md	100644	c4a7f740ede8709c7aba0cade90e70bce695346f	100644	c4a7f740ede8709c7aba0cade90e70bce695346f	retained_exact	-	-	source mode/blob equals target mode/blob	-
B0	baseline	2e9da09bd163ca128e3cd2f4c91ef61ceec2fc2f	df9fc18b9f1a8374d72fa071c2b9c1e61e0010d1	T4003	4003c548a314246d8c46516c4033fa5602e19c4b	assembled Spark candidate	A	engineering/design/agent-interface-2026-09-10/frontend-contract.md	100644	bcd4a450658559f2b8f5257b9a6b30b59718021a	100644	bcd4a450658559f2b8f5257b9a6b30b59718021a	retained_exact	-	-	source mode/blob equals target mode/blob	-
B0	baseline	2e9da09bd163ca128e3cd2f4c91ef61ceec2fc2f	df9fc18b9f1a8374d72fa071c2b9c1e61e0010d1	T4003	4003c548a314246d8c46516c4033fa5602e19c4b	assembled Spark candidate	A	engineering/design/agent-interface-2026-09-10/input-conversation.md	100644	b51e4101196bc2910da489fac9401ac926188395	100644	b51e4101196bc2910da489fac9401ac926188395	retained_exact	-	-	source mode/blob equals target mode/blob	-
B0	baseline	2e9da09bd163ca128e3cd2f4c91ef61ceec2fc2f	df9fc18b9f1a8374d72fa071c2b9c1e61e0010d1	T4003	4003c548a314246d8c46516c4033fa5602e19c4b	assembled Spark candidate	A	engineering/design/agent-interface-2026-09-10/precedent-map.md	100644	183f2072e2939faacc33cc6c8f09f5943cd487a0	100644	183f2072e2939faacc33cc6c8f09f5943cd487a0	retained_exact	-	-	source mode/blob equals target mode/blob	-
B0	baseline	2e9da09bd163ca128e3cd2f4c91ef61ceec2fc2f	df9fc18b9f1a8374d72fa071c2b9c1e61e0010d1	T4003	4003c548a314246d8c46516c4033fa5602e19c4b	assembled Spark candidate	A	engineering/design/agent-interface-2026-09-10/precedents.md	100644	b9d6c5a64111cc80554040ba180303634f74fc9d	100644	b9d6c5a64111cc80554040ba180303634f74fc9d	retained_exact	-	-	source mode/blob equals target mode/blob	-
B0	baseline	2e9da09bd163ca128e3cd2f4c91ef61ceec2fc2f	df9fc18b9f1a8374d72fa071c2b9c1e61e0010d1	T4003	4003c548a314246d8c46516c4033fa5602e19c4b	assembled Spark candidate	A	engineering/design/agent-interface-2026-09-10/sources-review.md	100644	7f246aac501d1932b992e84eaa83b4dc5ae802eb	100644	7f246aac501d1932b992e84eaa83b4dc5ae802eb	retained_exact	-	-	source mode/blob equals target mode/blob	-
B0	baseline	2e9da09bd163ca128e3cd2f4c91ef61ceec2fc2f	df9fc18b9f1a8374d72fa071c2b9c1e61e0010d1	T4003	4003c548a314246d8c46516c4033fa5602e19c4b	assembled Spark candidate	M	engineering/design/atlas/README.md	100644	1f7a8c2801c71e9ac881aee9f93a2bd312b265aa	100644	9e39963827eb41443b27761abd1cc718e160bb9a	authorized_later	ICON	e2ab3f5ef106b6bcbbbb5a7574282a40904d3faf	WK-163 icon source/canonical-family update	later owner/hunk recorded in shared-invariants.tsv
B0	baseline	2e9da09bd163ca128e3cd2f4c91ef61ceec2fc2f	df9fc18b9f1a8374d72fa071c2b9c1e61e0010d1	T4003	4003c548a314246d8c46516c4033fa5602e19c4b	assembled Spark candidate	M	engineering/design/home-composition-2026-09-10/README.md	100644	c5d29c981ec4e5875564280dabf50df54a5bd50d	100644	c5d29c981ec4e5875564280dabf50df54a5bd50d	retained_exact	-	-	source mode/blob equals target mode/blob	-
B0	baseline	2e9da09bd163ca128e3cd2f4c91ef61ceec2fc2f	df9fc18b9f1a8374d72fa071c2b9c1e61e0010d1	T4003	4003c548a314246d8c46516c4033fa5602e19c4b	assembled Spark candidate	M	engineering/design/home-composition-2026-09-10/material-grammar.md	100644	38bae90f3cc42f9a43d8f533400183efdfe7cc86	100644	38bae90f3cc42f9a43d8f533400183efdfe7cc86	retained_exact	-	-	source mode/blob equals target mode/blob	-
B0	baseline	2e9da09bd163ca128e3cd2f4c91ef61ceec2fc2f	df9fc18b9f1a8374d72fa071c2b9c1e61e0010d1	T4003	4003c548a314246d8c46516c4033fa5602e19c4b	assembled Spark candidate	A	engineering/design/skin-injection-2026-09-10/README.md	100644	dde9a87b73b0e6ec38b690748348f1702840d2ba	100644	dde9a87b73b0e6ec38b690748348f1702840d2ba	retained_exact	-	-	source mode/blob equals target mode/blob	-
B0	baseline	2e9da09bd163ca128e3cd2f4c91ef61ceec2fc2f	df9fc18b9f1a8374d72fa071c2b9c1e61e0010d1	T4003	4003c548a314246d8c46516c4033fa5602e19c4b	assembled Spark candidate	A	engineering/design/skin-injection-2026-09-10/autonomous-loop.md	100644	0171d04c1d22a1a4965f1d97e4118d8659bbb42f	100644	0171d04c1d22a1a4965f1d97e4118d8659bbb42f	retained_exact	-	-	source mode/blob equals target mode/blob	-
B0	baseline	2e9da09bd163ca128e3cd2f4c91ef61ceec2fc2f	df9fc18b9f1a8374d72fa071c2b9c1e61e0010d1	T4003	4003c548a314246d8c46516c4033fa5602e19c4b	assembled Spark candidate	A	engineering/design/skin-injection-2026-09-10/external-index.md	100644	2a8504ed00481976db90435da9f7a753d90b8c01	100644	2a8504ed00481976db90435da9f7a753d90b8c01	retained_exact	-	-	source mode/blob equals target mode/blob	-
B0	baseline	2e9da09bd163ca128e3cd2f4c91ef61ceec2fc2f	df9fc18b9f1a8374d72fa071c2b9c1e61e0010d1	T4003	4003c548a314246d8c46516c4033fa5602e19c4b	assembled Spark candidate	A	engineering/design/skin-injection-2026-09-10/input-conversation.md	100644	a9a175e1eb0234a54867be47b50c1e07b3df773b	100644	a9a175e1eb0234a54867be47b50c1e07b3df773b	retained_exact	-	-	source mode/blob equals target mode/blob	-
B0	baseline	2e9da09bd163ca128e3cd2f4c91ef61ceec2fc2f	df9fc18b9f1a8374d72fa071c2b9c1e61e0010d1	T4003	4003c548a314246d8c46516c4033fa5602e19c4b	assembled Spark candidate	A	engineering/design/skin-injection-2026-09-10/migration-notes.md	100644	d1037491ccdfff676a827a745ea1360883f41344	100644	d1037491ccdfff676a827a745ea1360883f41344	retained_exact	-	-	source mode/blob equals target mode/blob	-
B0	baseline	2e9da09bd163ca128e3cd2f4c91ef61ceec2fc2f	df9fc18b9f1a8374d72fa071c2b9c1e61e0010d1	T4003	4003c548a314246d8c46516c4033fa5602e19c4b	assembled Spark candidate	A	engineering/design/skin-injection-2026-09-10/repo-inventory.md	100644	6ed271712cf762c706b83e9e312e0d2d1cfd5a9c	100644	6ed271712cf762c706b83e9e312e0d2d1cfd5a9c	retained_exact	-	-	source mode/blob equals target mode/blob	-
B0	baseline	2e9da09bd163ca128e3cd2f4c91ef61ceec2fc2f	df9fc18b9f1a8374d72fa071c2b9c1e61e0010d1	T4003	4003c548a314246d8c46516c4033fa5602e19c4b	assembled Spark candidate	A	engineering/design/skin-injection-2026-09-10/skin-constitution.md	100644	e9e0645103671b9a1c91aed8399951e6cfd187e9	100644	e9e0645103671b9a1c91aed8399951e6cfd187e9	retained_exact	-	-	source mode/blob equals target mode/blob	-
B0	baseline	2e9da09bd163ca128e3cd2f4c91ef61ceec2fc2f	df9fc18b9f1a8374d72fa071c2b9c1e61e0010d1	T4003	4003c548a314246d8c46516c4033fa5602e19c4b	assembled Spark candidate	A	engineering/design/skin-injection-2026-09-10/specimen-proposals.md	100644	1dc49c2564ffa7ca5ad7c95f48e371480212e035	100644	1dc49c2564ffa7ca5ad7c95f48e371480212e035	retained_exact	-	-	source mode/blob equals target mode/blob	-
B0	baseline	2e9da09bd163ca128e3cd2f4c91ef61ceec2fc2f	df9fc18b9f1a8374d72fa071c2b9c1e61e0010d1	T4003	4003c548a314246d8c46516c4033fa5602e19c4b	assembled Spark candidate	A	engineering/design/skin-injection-2026-09-10/verification.md	100644	24a1e01279da7e3c110331e7749976b4c712bc61	100644	24a1e01279da7e3c110331e7749976b4c712bc61	retained_exact	-	-	source mode/blob equals target mode/blob	-
B0	baseline	2e9da09bd163ca128e3cd2f4c91ef61ceec2fc2f	df9fc18b9f1a8374d72fa071c2b9c1e61e0010d1	T4003	4003c548a314246d8c46516c4033fa5602e19c4b	assembled Spark candidate	M	engineering/design/sources.md	100644	6eca7e1888e2775befc1c22f780c06502f15def9	100644	87a736d183dd0040b91ab84be186d32b6f77185f	authorized_later	ICON	e2ab3f5ef106b6bcbbbb5a7574282a40904d3faf	S17 source ledger and EX-IC1/WK-163 update	later owner/hunk recorded in shared-invariants.tsv
B0	baseline	2e9da09bd163ca128e3cd2f4c91ef61ceec2fc2f	df9fc18b9f1a8374d72fa071c2b9c1e61e0010d1	T4003	4003c548a314246d8c46516c4033fa5602e19c4b	assembled Spark candidate	M	engineering/design/web-gpt-design-handoff-20260910.md	100644	164d45b483fbf33d9e027b2e7995a6131a10c765	100644	164d45b483fbf33d9e027b2e7995a6131a10c765	retained_exact	-	-	source mode/blob equals target mode/blob	-
B0	baseline	2e9da09bd163ca128e3cd2f4c91ef61ceec2fc2f	df9fc18b9f1a8374d72fa071c2b9c1e61e0010d1	T4003	4003c548a314246d8c46516c4033fa5602e19c4b	assembled Spark candidate	M	engineering/mvp/execution/work-surface-kit/backend-requests.md	100644	40057c4f92bfb1ee67f2022aa933dd57db3e67b1	100644	40057c4f92bfb1ee67f2022aa933dd57db3e67b1	retained_exact	-	-	source mode/blob equals target mode/blob	-
B0	baseline	2e9da09bd163ca128e3cd2f4c91ef61ceec2fc2f	df9fc18b9f1a8374d72fa071c2b9c1e61e0010d1	T4003	4003c548a314246d8c46516c4033fa5602e19c4b	assembled Spark candidate	M	engineering/mvp/execution/work-surface-kit/contracts/color-governance.md	100644	0085cc0bf15d913539f9a80be232bc4e0aab837a	100644	0085cc0bf15d913539f9a80be232bc4e0aab837a	retained_exact	-	-	source mode/blob equals target mode/blob	-
B0	baseline	2e9da09bd163ca128e3cd2f4c91ef61ceec2fc2f	df9fc18b9f1a8374d72fa071c2b9c1e61e0010d1	T4003	4003c548a314246d8c46516c4033fa5602e19c4b	assembled Spark candidate	M	engineering/mvp/execution/work-surface-kit/inputs/control-grammar-supplement-2026-09-10.md	100644	e9990d48fb7829d996a34ca98408148b98b06c18	100644	e9990d48fb7829d996a34ca98408148b98b06c18	retained_exact	-	-	source mode/blob equals target mode/blob	-
B0	baseline	2e9da09bd163ca128e3cd2f4c91ef61ceec2fc2f	df9fc18b9f1a8374d72fa071c2b9c1e61e0010d1	T4003	4003c548a314246d8c46516c4033fa5602e19c4b	assembled Spark candidate	A	engineering/reviews/2026-09-10/README.md	100644	8aca896c8897f90cd2d686862f4b469958972690	100644	8aca896c8897f90cd2d686862f4b469958972690	retained_exact	-	-	source mode/blob equals target mode/blob	-
B0	baseline	2e9da09bd163ca128e3cd2f4c91ef61ceec2fc2f	df9fc18b9f1a8374d72fa071c2b9c1e61e0010d1	T4003	4003c548a314246d8c46516c4033fa5602e19c4b	assembled Spark candidate	A	engineering/reviews/2026-09-10/baseline.json	100644	b23ac2367ffe38810e06413f16c172608f6e4060	100644	b23ac2367ffe38810e06413f16c172608f6e4060	retained_exact	-	-	source mode/blob equals target mode/blob	-
B0	baseline	2e9da09bd163ca128e3cd2f4c91ef61ceec2fc2f	df9fc18b9f1a8374d72fa071c2b9c1e61e0010d1	T4003	4003c548a314246d8c46516c4033fa5602e19c4b	assembled Spark candidate	A	engineering/reviews/2026-09-10/courtwork-implementation-plan-20260910/BACKLOG-DISPOSITION.md	100644	171b93992fbce2fa2c609ff669adbfd42a4f687a	100644	171b93992fbce2fa2c609ff669adbfd42a4f687a	retained_exact	-	-	source mode/blob equals target mode/blob	-
B0	baseline	2e9da09bd163ca128e3cd2f4c91ef61ceec2fc2f	df9fc18b9f1a8374d72fa071c2b9c1e61e0010d1	T4003	4003c548a314246d8c46516c4033fa5602e19c4b	assembled Spark candidate	A	engineering/reviews/2026-09-10/courtwork-implementation-plan-20260910/IMPLEMENTATION-PLAN.md	100644	5106deabc025928bbf6778d25a1520afa663c4be	100644	5106deabc025928bbf6778d25a1520afa663c4be	retained_exact	-	-	source mode/blob equals target mode/blob	-
B0	baseline	2e9da09bd163ca128e3cd2f4c91ef61ceec2fc2f	df9fc18b9f1a8374d72fa071c2b9c1e61e0010d1	T4003	4003c548a314246d8c46516c4033fa5602e19c4b	assembled Spark candidate	A	engineering/reviews/2026-09-10/courtwork-implementation-plan-20260910/PACKAGE-VERIFICATION.json	100644	115a96843519b5a9dd8b8b6e1c05dace247b4b9f	100644	115a96843519b5a9dd8b8b6e1c05dace247b4b9f	retained_exact	-	-	source mode/blob equals target mode/blob	-
B0	baseline	2e9da09bd163ca128e3cd2f4c91ef61ceec2fc2f	df9fc18b9f1a8374d72fa071c2b9c1e61e0010d1	T4003	4003c548a314246d8c46516c4033fa5602e19c4b	assembled Spark candidate	A	engineering/reviews/2026-09-10/courtwork-implementation-plan-20260910/README.md	100644	aef42aa46f9bd5dd078c68af7a43b5a28e75407d	100644	aef42aa46f9bd5dd078c68af7a43b5a28e75407d	retained_exact	-	-	source mode/blob equals target mode/blob	-
B0	baseline	2e9da09bd163ca128e3cd2f4c91ef61ceec2fc2f	df9fc18b9f1a8374d72fa071c2b9c1e61e0010d1	T4003	4003c548a314246d8c46516c4033fa5602e19c4b	assembled Spark candidate	A	engineering/reviews/2026-09-10/courtwork-implementation-plan-20260910/SHA256SUMS.txt	100644	3a71e0d8551fbe9b299d35b2582229a86d25db80	100644	3a71e0d8551fbe9b299d35b2582229a86d25db80	retained_exact	-	-	source mode/blob equals target mode/blob	-
B0	baseline	2e9da09bd163ca128e3cd2f4c91ef61ceec2fc2f	df9fc18b9f1a8374d72fa071c2b9c1e61e0010d1	T4003	4003c548a314246d8c46516c4033fa5602e19c4b	assembled Spark candidate	A	engineering/reviews/2026-09-10/courtwork-implementation-plan-20260910/SOURCE-INDEX.md	100644	0642c914e34c93e34d4d74b76e455dd54dcfd0e8	100644	0642c914e34c93e34d4d74b76e455dd54dcfd0e8	retained_exact	-	-	source mode/blob equals target mode/blob	-
B0	baseline	2e9da09bd163ca128e3cd2f4c91ef61ceec2fc2f	df9fc18b9f1a8374d72fa071c2b9c1e61e0010d1	T4003	4003c548a314246d8c46516c4033fa5602e19c4b	assembled Spark candidate	A	engineering/reviews/2026-09-10/courtwork-implementation-plan-20260910/contracts/PROPOSED-DTOS.md	100644	fc65e1cfceb4b95ca344442546153d5ce085ac9f	100644	fc65e1cfceb4b95ca344442546153d5ce085ac9f	retained_exact	-	-	source mode/blob equals target mode/blob	-
B0	baseline	2e9da09bd163ca128e3cd2f4c91ef61ceec2fc2f	df9fc18b9f1a8374d72fa071c2b9c1e61e0010d1	T4003	4003c548a314246d8c46516c4033fa5602e19c4b	assembled Spark candidate	A	engineering/reviews/2026-09-10/courtwork-implementation-plan-20260910/evidence/README.md	100644	cbcdd092a75d2892bf68e8a21d6038dc84c63457	100644	cbcdd092a75d2892bf68e8a21d6038dc84c63457	retained_exact	-	-	source mode/blob equals target mode/blob	-
B0	baseline	2e9da09bd163ca128e3cd2f4c91ef61ceec2fc2f	df9fc18b9f1a8374d72fa071c2b9c1e61e0010d1	T4003	4003c548a314246d8c46516c4033fa5602e19c4b	assembled Spark candidate	A	engineering/reviews/2026-09-10/courtwork-implementation-plan-20260910/evidence/core-client-lifecycle-result.json	100644	00dae01ae609332c80adf691969309029cb9c1a0	100644	00dae01ae609332c80adf691969309029cb9c1a0	retained_exact	-	-	source mode/blob equals target mode/blob	-
B0	baseline	2e9da09bd163ca128e3cd2f4c91ef61ceec2fc2f	df9fc18b9f1a8374d72fa071c2b9c1e61e0010d1	T4003	4003c548a314246d8c46516c4033fa5602e19c4b	assembled Spark candidate	A	engineering/reviews/2026-09-10/courtwork-implementation-plan-20260910/scripts/core-client-lifecycle.mjs	100644	4e42f2dcca71e425faf9661b0de725035ef34b67	100644	4e42f2dcca71e425faf9661b0de725035ef34b67	retained_exact	-	-	source mode/blob equals target mode/blob	-
B0	baseline	2e9da09bd163ca128e3cd2f4c91ef61ceec2fc2f	df9fc18b9f1a8374d72fa071c2b9c1e61e0010d1	T4003	4003c548a314246d8c46516c4033fa5602e19c4b	assembled Spark candidate	A	engineering/reviews/2026-09-10/courtwork-implementation-plan-20260910/scripts/preflight.sh	100755	a14648a593f3e4bd0a75ec4de4b57f1512be561c	100755	a14648a593f3e4bd0a75ec4de4b57f1512be561c	retained_exact	-	-	source mode/blob equals target mode/blob	-
B0	baseline	2e9da09bd163ca128e3cd2f4c91ef61ceec2fc2f	df9fc18b9f1a8374d72fa071c2b9c1e61e0010d1	T4003	4003c548a314246d8c46516c4033fa5602e19c4b	assembled Spark candidate	A	engineering/reviews/2026-09-10/courtwork-implementation-plan-20260910/tickets.json	100644	097a4ebd04991a9f3d8e8045d67e62fe4012334a	100644	097a4ebd04991a9f3d8e8045d67e62fe4012334a	retained_exact	-	-	source mode/blob equals target mode/blob	-
B0	baseline	2e9da09bd163ca128e3cd2f4c91ef61ceec2fc2f	df9fc18b9f1a8374d72fa071c2b9c1e61e0010d1	T4003	4003c548a314246d8c46516c4033fa5602e19c4b	assembled Spark candidate	A	engineering/reviews/2026-09-10/courtwork-implementation-plan-20260910/work-orders/RV26-00.md	100644	90cf0c5aee12fe1b504d08dad3767236caccb3cd	100644	90cf0c5aee12fe1b504d08dad3767236caccb3cd	retained_exact	-	-	source mode/blob equals target mode/blob	-
B0	baseline	2e9da09bd163ca128e3cd2f4c91ef61ceec2fc2f	df9fc18b9f1a8374d72fa071c2b9c1e61e0010d1	T4003	4003c548a314246d8c46516c4033fa5602e19c4b	assembled Spark candidate	A	engineering/reviews/2026-09-10/courtwork-implementation-plan-20260910/work-orders/RV26-AT01.md	100644	30a18f8d8ca4596f8c99324534fef1a4e3093759	100644	30a18f8d8ca4596f8c99324534fef1a4e3093759	retained_exact	-	-	source mode/blob equals target mode/blob	-
B0	baseline	2e9da09bd163ca128e3cd2f4c91ef61ceec2fc2f	df9fc18b9f1a8374d72fa071c2b9c1e61e0010d1	T4003	4003c548a314246d8c46516c4033fa5602e19c4b	assembled Spark candidate	A	engineering/reviews/2026-09-10/courtwork-implementation-plan-20260910/work-orders/RV26-AT02.md	100644	580f7827abd7ce65dbd11784aa0773c16d1559b8	100644	580f7827abd7ce65dbd11784aa0773c16d1559b8	retained_exact	-	-	source mode/blob equals target mode/blob	-
B0	baseline	2e9da09bd163ca128e3cd2f4c91ef61ceec2fc2f	df9fc18b9f1a8374d72fa071c2b9c1e61e0010d1	T4003	4003c548a314246d8c46516c4033fa5602e19c4b	assembled Spark candidate	A	engineering/reviews/2026-09-10/courtwork-implementation-plan-20260910/work-orders/RV26-EV01.md	100644	d90c07c64b942012a322e39e9f216b4410457d01	100644	d90c07c64b942012a322e39e9f216b4410457d01	retained_exact	-	-	source mode/blob equals target mode/blob	-
B0	baseline	2e9da09bd163ca128e3cd2f4c91ef61ceec2fc2f	df9fc18b9f1a8374d72fa071c2b9c1e61e0010d1	T4003	4003c548a314246d8c46516c4033fa5602e19c4b	assembled Spark candidate	A	engineering/reviews/2026-09-10/courtwork-implementation-plan-20260910/work-orders/RV26-FE01.md	100644	e8bba87bf3a32ae80ffe0caa25e7154920ea2dd5	100644	e8bba87bf3a32ae80ffe0caa25e7154920ea2dd5	retained_exact	-	-	source mode/blob equals target mode/blob	-
B0	baseline	2e9da09bd163ca128e3cd2f4c91ef61ceec2fc2f	df9fc18b9f1a8374d72fa071c2b9c1e61e0010d1	T4003	4003c548a314246d8c46516c4033fa5602e19c4b	assembled Spark candidate	A	engineering/reviews/2026-09-10/courtwork-implementation-plan-20260910/work-orders/RV26-FE02.md	100644	16e15806562e5d9a4f5c2706747a98e1b5bc6611	100644	16e15806562e5d9a4f5c2706747a98e1b5bc6611	retained_exact	-	-	source mode/blob equals target mode/blob	-
B0	baseline	2e9da09bd163ca128e3cd2f4c91ef61ceec2fc2f	df9fc18b9f1a8374d72fa071c2b9c1e61e0010d1	T4003	4003c548a314246d8c46516c4033fa5602e19c4b	assembled Spark candidate	A	engineering/reviews/2026-09-10/courtwork-implementation-plan-20260910/work-orders/RV26-FE03.md	100644	4e7f7c8364348d3025ad78c9a577281f27f2514c	100644	4e7f7c8364348d3025ad78c9a577281f27f2514c	retained_exact	-	-	source mode/blob equals target mode/blob	-
B0	baseline	2e9da09bd163ca128e3cd2f4c91ef61ceec2fc2f	df9fc18b9f1a8374d72fa071c2b9c1e61e0010d1	T4003	4003c548a314246d8c46516c4033fa5602e19c4b	assembled Spark candidate	A	engineering/reviews/2026-09-10/courtwork-implementation-plan-20260910/work-orders/RV26-FE04.md	100644	0e90262098ce9f90ffc75882fd7cb003abbe9b14	100644	0e90262098ce9f90ffc75882fd7cb003abbe9b14	retained_exact	-	-	source mode/blob equals target mode/blob	-
B0	baseline	2e9da09bd163ca128e3cd2f4c91ef61ceec2fc2f	df9fc18b9f1a8374d72fa071c2b9c1e61e0010d1	T4003	4003c548a314246d8c46516c4033fa5602e19c4b	assembled Spark candidate	A	engineering/reviews/2026-09-10/courtwork-implementation-plan-20260910/work-orders/RV26-HC01.md	100644	5f2c582f96af76ce4d92d73ec5b46c38865cdf1d	100644	5f2c582f96af76ce4d92d73ec5b46c38865cdf1d	retained_exact	-	-	source mode/blob equals target mode/blob	-
B0	baseline	2e9da09bd163ca128e3cd2f4c91ef61ceec2fc2f	df9fc18b9f1a8374d72fa071c2b9c1e61e0010d1	T4003	4003c548a314246d8c46516c4033fa5602e19c4b	assembled Spark candidate	A	engineering/reviews/2026-09-10/courtwork-implementation-plan-20260910/work-orders/RV26-HC02.md	100644	fd3a47d60224687605d773c4daac5d85a661ce99	100644	fd3a47d60224687605d773c4daac5d85a661ce99	retained_exact	-	-	source mode/blob equals target mode/blob	-
B0	baseline	2e9da09bd163ca128e3cd2f4c91ef61ceec2fc2f	df9fc18b9f1a8374d72fa071c2b9c1e61e0010d1	T4003	4003c548a314246d8c46516c4033fa5602e19c4b	assembled Spark candidate	A	engineering/reviews/2026-09-10/courtwork-implementation-plan-20260910/work-orders/RV26-HC03.md	100644	b2e7dec1a462cd456e8aea13b6cba0ecb8092b90	100644	b2e7dec1a462cd456e8aea13b6cba0ecb8092b90	retained_exact	-	-	source mode/blob equals target mode/blob	-
B0	baseline	2e9da09bd163ca128e3cd2f4c91ef61ceec2fc2f	df9fc18b9f1a8374d72fa071c2b9c1e61e0010d1	T4003	4003c548a314246d8c46516c4033fa5602e19c4b	assembled Spark candidate	A	engineering/reviews/2026-09-10/courtwork-implementation-plan-20260910/work-orders/RV26-HC04.md	100644	e72eacb04ae0196777cbdf0735453757a211f9f2	100644	e72eacb04ae0196777cbdf0735453757a211f9f2	retained_exact	-	-	source mode/blob equals target mode/blob	-
B0	baseline	2e9da09bd163ca128e3cd2f4c91ef61ceec2fc2f	df9fc18b9f1a8374d72fa071c2b9c1e61e0010d1	T4003	4003c548a314246d8c46516c4033fa5602e19c4b	assembled Spark candidate	A	engineering/reviews/2026-09-10/courtwork-implementation-plan-20260910/work-orders/RV26-LG00.md	100644	84bc69367cf2b5846859cf8eaea19935e92d9f34	100644	84bc69367cf2b5846859cf8eaea19935e92d9f34	retained_exact	-	-	source mode/blob equals target mode/blob	-
B0	baseline	2e9da09bd163ca128e3cd2f4c91ef61ceec2fc2f	df9fc18b9f1a8374d72fa071c2b9c1e61e0010d1	T4003	4003c548a314246d8c46516c4033fa5602e19c4b	assembled Spark candidate	A	engineering/reviews/2026-09-10/courtwork-implementation-plan-20260910/work-orders/RV26-LG01A.md	100644	dbd1a2d336f6a17b897186be623d75210d73c71a	100644	dbd1a2d336f6a17b897186be623d75210d73c71a	retained_exact	-	-	source mode/blob equals target mode/blob	-
B0	baseline	2e9da09bd163ca128e3cd2f4c91ef61ceec2fc2f	df9fc18b9f1a8374d72fa071c2b9c1e61e0010d1	T4003	4003c548a314246d8c46516c4033fa5602e19c4b	assembled Spark candidate	A	engineering/reviews/2026-09-10/courtwork-implementation-plan-20260910/work-orders/RV26-LG01B.md	100644	f45bf41ab58129b90cfc25fafa7e053bb2a9131e	100644	f45bf41ab58129b90cfc25fafa7e053bb2a9131e	retained_exact	-	-	source mode/blob equals target mode/blob	-
B0	baseline	2e9da09bd163ca128e3cd2f4c91ef61ceec2fc2f	df9fc18b9f1a8374d72fa071c2b9c1e61e0010d1	T4003	4003c548a314246d8c46516c4033fa5602e19c4b	assembled Spark candidate	A	engineering/reviews/2026-09-10/courtwork-implementation-plan-20260910/work-orders/RV26-LG01C.md	100644	45ada037f4c99ea2c21286f43e3feb3a525c9580	100644	45ada037f4c99ea2c21286f43e3feb3a525c9580	retained_exact	-	-	source mode/blob equals target mode/blob	-
B0	baseline	2e9da09bd163ca128e3cd2f4c91ef61ceec2fc2f	df9fc18b9f1a8374d72fa071c2b9c1e61e0010d1	T4003	4003c548a314246d8c46516c4033fa5602e19c4b	assembled Spark candidate	A	engineering/reviews/2026-09-10/courtwork-implementation-plan-20260910/work-orders/RV26-LG02A.md	100644	bbeeb21cfe4f480a97328a69f170b606e67b77fb	100644	bbeeb21cfe4f480a97328a69f170b606e67b77fb	retained_exact	-	-	source mode/blob equals target mode/blob	-
B0	baseline	2e9da09bd163ca128e3cd2f4c91ef61ceec2fc2f	df9fc18b9f1a8374d72fa071c2b9c1e61e0010d1	T4003	4003c548a314246d8c46516c4033fa5602e19c4b	assembled Spark candidate	A	engineering/reviews/2026-09-10/courtwork-implementation-plan-20260910/work-orders/RV26-LG02B.md	100644	5a9ed7fccbea80a4f5a808051a78ee538c7d92dc	100644	5a9ed7fccbea80a4f5a808051a78ee538c7d92dc	retained_exact	-	-	source mode/blob equals target mode/blob	-
B0	baseline	2e9da09bd163ca128e3cd2f4c91ef61ceec2fc2f	df9fc18b9f1a8374d72fa071c2b9c1e61e0010d1	T4003	4003c548a314246d8c46516c4033fa5602e19c4b	assembled Spark candidate	A	engineering/reviews/2026-09-10/courtwork-implementation-plan-20260910/work-orders/RV26-LG04.md	100644	bb8e5abb8bb3319d23b1076be358f2566def8e29	100644	bb8e5abb8bb3319d23b1076be358f2566def8e29	retained_exact	-	-	source mode/blob equals target mode/blob	-
B0	baseline	2e9da09bd163ca128e3cd2f4c91ef61ceec2fc2f	df9fc18b9f1a8374d72fa071c2b9c1e61e0010d1	T4003	4003c548a314246d8c46516c4033fa5602e19c4b	assembled Spark candidate	A	engineering/reviews/2026-09-10/courtwork-implementation-plan-20260910/work-orders/RV26-OPT01.md	100644	2578192f6ce8d9b7953f9bd9d9f9c8d4cf6c06c7	100644	2578192f6ce8d9b7953f9bd9d9f9c8d4cf6c06c7	retained_exact	-	-	source mode/blob equals target mode/blob	-
B0	baseline	2e9da09bd163ca128e3cd2f4c91ef61ceec2fc2f	df9fc18b9f1a8374d72fa071c2b9c1e61e0010d1	T4003	4003c548a314246d8c46516c4033fa5602e19c4b	assembled Spark candidate	A	engineering/reviews/2026-09-10/courtwork-implementation-plan-20260910/work-orders/RV26-OPT02.md	100644	782138bcd506d5dc06bcccbac6e77622e3402a8b	100644	782138bcd506d5dc06bcccbac6e77622e3402a8b	retained_exact	-	-	source mode/blob equals target mode/blob	-
B0	baseline	2e9da09bd163ca128e3cd2f4c91ef61ceec2fc2f	df9fc18b9f1a8374d72fa071c2b9c1e61e0010d1	T4003	4003c548a314246d8c46516c4033fa5602e19c4b	assembled Spark candidate	A	engineering/reviews/2026-09-10/courtwork-implementation-plan-20260910/work-orders/RV26-OPT03.md	100644	2707ecc8888341d6143afacc65566bcf872d85f3	100644	2707ecc8888341d6143afacc65566bcf872d85f3	retained_exact	-	-	source mode/blob equals target mode/blob	-
B0	baseline	2e9da09bd163ca128e3cd2f4c91ef61ceec2fc2f	df9fc18b9f1a8374d72fa071c2b9c1e61e0010d1	T4003	4003c548a314246d8c46516c4033fa5602e19c4b	assembled Spark candidate	A	engineering/reviews/2026-09-10/courtwork-implementation-plan-20260910/work-orders/RV26-OPT04.md	100644	01e7ea50550b2e3a537ce6ed609cf9aa93a08b04	100644	01e7ea50550b2e3a537ce6ed609cf9aa93a08b04	retained_exact	-	-	source mode/blob equals target mode/blob	-
B0	baseline	2e9da09bd163ca128e3cd2f4c91ef61ceec2fc2f	df9fc18b9f1a8374d72fa071c2b9c1e61e0010d1	T4003	4003c548a314246d8c46516c4033fa5602e19c4b	assembled Spark candidate	A	engineering/reviews/2026-09-10/courtwork-implementation-plan-20260910/work-orders/RV26-OPT05.md	100644	240aaff139a07f145025e4b27b81bf8de9f8982d	100644	240aaff139a07f145025e4b27b81bf8de9f8982d	retained_exact	-	-	source mode/blob equals target mode/blob	-
B0	baseline	2e9da09bd163ca128e3cd2f4c91ef61ceec2fc2f	df9fc18b9f1a8374d72fa071c2b9c1e61e0010d1	T4003	4003c548a314246d8c46516c4033fa5602e19c4b	assembled Spark candidate	A	engineering/reviews/2026-09-10/courtwork-implementation-plan-20260910/work-orders/RV26-OUT01.md	100644	6afa34060b765e4ed16331ea9105f2db8bac7437	100644	6afa34060b765e4ed16331ea9105f2db8bac7437	retained_exact	-	-	source mode/blob equals target mode/blob	-
B0	baseline	2e9da09bd163ca128e3cd2f4c91ef61ceec2fc2f	df9fc18b9f1a8374d72fa071c2b9c1e61e0010d1	T4003	4003c548a314246d8c46516c4033fa5602e19c4b	assembled Spark candidate	A	engineering/reviews/2026-09-10/courtwork-implementation-plan-20260910/work-orders/RV26-PV01.md	100644	8dfea6fcb6b65920735ee3a43b987b3b97132a31	100644	8dfea6fcb6b65920735ee3a43b987b3b97132a31	retained_exact	-	-	source mode/blob equals target mode/blob	-
B0	baseline	2e9da09bd163ca128e3cd2f4c91ef61ceec2fc2f	df9fc18b9f1a8374d72fa071c2b9c1e61e0010d1	T4003	4003c548a314246d8c46516c4033fa5602e19c4b	assembled Spark candidate	A	engineering/reviews/2026-09-10/courtwork-implementation-plan-20260910/work-orders/RV26-Q01.md	100644	edc3e74d867fe142ccb33edcbc5a66b5f498b58a	100644	edc3e74d867fe142ccb33edcbc5a66b5f498b58a	retained_exact	-	-	source mode/blob equals target mode/blob	-
B0	baseline	2e9da09bd163ca128e3cd2f4c91ef61ceec2fc2f	df9fc18b9f1a8374d72fa071c2b9c1e61e0010d1	T4003	4003c548a314246d8c46516c4033fa5602e19c4b	assembled Spark candidate	A	engineering/reviews/2026-09-10/courtwork-implementation-plan-20260910/work-orders/RV26-Q02.md	100644	f973a3fce4741a711a76f9609edb7e76f56e25d3	100644	f973a3fce4741a711a76f9609edb7e76f56e25d3	retained_exact	-	-	source mode/blob equals target mode/blob	-
B0	baseline	2e9da09bd163ca128e3cd2f4c91ef61ceec2fc2f	df9fc18b9f1a8374d72fa071c2b9c1e61e0010d1	T4003	4003c548a314246d8c46516c4033fa5602e19c4b	assembled Spark candidate	A	engineering/reviews/2026-09-10/courtwork-implementation-plan-20260910/work-orders/RV26-Q03.md	100644	03f1019de814b5d171bc58e0ca05eae425cc010c	100644	03f1019de814b5d171bc58e0ca05eae425cc010c	retained_exact	-	-	source mode/blob equals target mode/blob	-
B0	baseline	2e9da09bd163ca128e3cd2f4c91ef61ceec2fc2f	df9fc18b9f1a8374d72fa071c2b9c1e61e0010d1	T4003	4003c548a314246d8c46516c4033fa5602e19c4b	assembled Spark candidate	A	engineering/reviews/2026-09-10/courtwork-implementation-plan-20260910/work-orders/RV26-Q04.md	100644	c8453cac68d805e55b77469d3d899e31c2f4c1ad	100644	c8453cac68d805e55b77469d3d899e31c2f4c1ad	retained_exact	-	-	source mode/blob equals target mode/blob	-
B0	baseline	2e9da09bd163ca128e3cd2f4c91ef61ceec2fc2f	df9fc18b9f1a8374d72fa071c2b9c1e61e0010d1	T4003	4003c548a314246d8c46516c4033fa5602e19c4b	assembled Spark candidate	A	engineering/reviews/2026-09-10/courtwork-implementation-plan-20260910/work-orders/RV26-Q05.md	100644	04c98b0f395d0265817cf2e4b3444b697b920bcd	100644	04c98b0f395d0265817cf2e4b3444b697b920bcd	retained_exact	-	-	source mode/blob equals target mode/blob	-
B0	baseline	2e9da09bd163ca128e3cd2f4c91ef61ceec2fc2f	df9fc18b9f1a8374d72fa071c2b9c1e61e0010d1	T4003	4003c548a314246d8c46516c4033fa5602e19c4b	assembled Spark candidate	A	engineering/reviews/2026-09-10/courtwork-implementation-plan-20260910/work-orders/RV26-REL01.md	100644	0bb9862ba4488b9da8777a2d38e16e3e6e22e575	100644	0bb9862ba4488b9da8777a2d38e16e3e6e22e575	retained_exact	-	-	source mode/blob equals target mode/blob	-
B0	baseline	2e9da09bd163ca128e3cd2f4c91ef61ceec2fc2f	df9fc18b9f1a8374d72fa071c2b9c1e61e0010d1	T4003	4003c548a314246d8c46516c4033fa5602e19c4b	assembled Spark candidate	A	engineering/reviews/2026-09-10/courtwork-implementation-plan-20260910/work-orders/RV26-SP01.md	100644	a6210af07da903b9e70b452aa1e0d9705aa1a738	100644	a6210af07da903b9e70b452aa1e0d9705aa1a738	retained_exact	-	-	source mode/blob equals target mode/blob	-
B0	baseline	2e9da09bd163ca128e3cd2f4c91ef61ceec2fc2f	df9fc18b9f1a8374d72fa071c2b9c1e61e0010d1	T4003	4003c548a314246d8c46516c4033fa5602e19c4b	assembled Spark candidate	A	engineering/reviews/2026-09-10/dispatch.json	100644	8da0a79aee599c71b783ad308c9d61aa75ecef54	100644	8da0a79aee599c71b783ad308c9d61aa75ecef54	retained_exact	-	-	source mode/blob equals target mode/blob	-
B0	baseline	2e9da09bd163ca128e3cd2f4c91ef61ceec2fc2f	df9fc18b9f1a8374d72fa071c2b9c1e61e0010d1	T4003	4003c548a314246d8c46516c4033fa5602e19c4b	assembled Spark candidate	A	engineering/reviews/2026-09-10/q02/README.md	100644	54756ee8b691c879579bd17eb25ae33b8991ce4a	100644	54756ee8b691c879579bd17eb25ae33b8991ce4a	retained_exact	-	-	source mode/blob equals target mode/blob	-
B0	baseline	2e9da09bd163ca128e3cd2f4c91ef61ceec2fc2f	df9fc18b9f1a8374d72fa071c2b9c1e61e0010d1	T4003	4003c548a314246d8c46516c4033fa5602e19c4b	assembled Spark candidate	A	engineering/reviews/2026-09-10/verify-ledger.mjs	100644	3fe3a5670f7c1990aac92d11fb8407f979997d49	100644	3fe3a5670f7c1990aac92d11fb8407f979997d49	retained_exact	-	-	source mode/blob equals target mode/blob	-
B0	baseline	2e9da09bd163ca128e3cd2f4c91ef61ceec2fc2f	df9fc18b9f1a8374d72fa071c2b9c1e61e0010d1	T4003	4003c548a314246d8c46516c4033fa5602e19c4b	assembled Spark candidate	A	evidence/dystopia-sk3-20260910/README.md	100644	4dbdd863a5c56ea20548fb77244a3ba172343dc2	100644	4dbdd863a5c56ea20548fb77244a3ba172343dc2	retained_exact	-	-	source mode/blob equals target mode/blob	-
B0	baseline	2e9da09bd163ca128e3cd2f4c91ef61ceec2fc2f	df9fc18b9f1a8374d72fa071c2b9c1e61e0010d1	T4003	4003c548a314246d8c46516c4033fa5602e19c4b	assembled Spark candidate	A	evidence/dystopia-sk3-20260910/attention-dystopia-dark-1280.png	100644	b823052afa17e1d3de8fdfb2014de7c9c8d54067	100644	b823052afa17e1d3de8fdfb2014de7c9c8d54067	retained_exact	-	-	source mode/blob equals target mode/blob	-
B0	baseline	2e9da09bd163ca128e3cd2f4c91ef61ceec2fc2f	df9fc18b9f1a8374d72fa071c2b9c1e61e0010d1	T4003	4003c548a314246d8c46516c4033fa5602e19c4b	assembled Spark candidate	A	evidence/dystopia-sk3-20260910/attention-dystopia-dark-1440.png	100644	af325d7f25a8927a222d6ef2aae02a04597b7737	100644	af325d7f25a8927a222d6ef2aae02a04597b7737	retained_exact	-	-	source mode/blob equals target mode/blob	-
B0	baseline	2e9da09bd163ca128e3cd2f4c91ef61ceec2fc2f	df9fc18b9f1a8374d72fa071c2b9c1e61e0010d1	T4003	4003c548a314246d8c46516c4033fa5602e19c4b	assembled Spark candidate	A	evidence/dystopia-sk3-20260910/attention-dystopia-dark-390.png	100644	a830d8be11dd6e46d642357b9780a27d600e3f2e	100644	a830d8be11dd6e46d642357b9780a27d600e3f2e	retained_exact	-	-	source mode/blob equals target mode/blob	-
B0	baseline	2e9da09bd163ca128e3cd2f4c91ef61ceec2fc2f	df9fc18b9f1a8374d72fa071c2b9c1e61e0010d1	T4003	4003c548a314246d8c46516c4033fa5602e19c4b	assembled Spark candidate	A	evidence/dystopia-sk3-20260910/attention-dystopia-light-1280.png	100644	b56348b5732fb4875d915af411a11e0e69221237	100644	b56348b5732fb4875d915af411a11e0e69221237	retained_exact	-	-	source mode/blob equals target mode/blob	-
B0	baseline	2e9da09bd163ca128e3cd2f4c91ef61ceec2fc2f	df9fc18b9f1a8374d72fa071c2b9c1e61e0010d1	T4003	4003c548a314246d8c46516c4033fa5602e19c4b	assembled Spark candidate	A	evidence/dystopia-sk3-20260910/attention-dystopia-light-1440.png	100644	700789ac606e77f9aa9407fbea750e39aa086915	100644	700789ac606e77f9aa9407fbea750e39aa086915	retained_exact	-	-	source mode/blob equals target mode/blob	-
B0	baseline	2e9da09bd163ca128e3cd2f4c91ef61ceec2fc2f	df9fc18b9f1a8374d72fa071c2b9c1e61e0010d1	T4003	4003c548a314246d8c46516c4033fa5602e19c4b	assembled Spark candidate	A	evidence/dystopia-sk3-20260910/attention-dystopia-light-390.png	100644	5a70e9df7ef71623fb0b1b75ae4413be2fae57e5	100644	5a70e9df7ef71623fb0b1b75ae4413be2fae57e5	retained_exact	-	-	source mode/blob equals target mode/blob	-
B0	baseline	2e9da09bd163ca128e3cd2f4c91ef61ceec2fc2f	df9fc18b9f1a8374d72fa071c2b9c1e61e0010d1	T4003	4003c548a314246d8c46516c4033fa5602e19c4b	assembled Spark candidate	A	evidence/dystopia-sk3-20260910/attention-load-failure-slate-light-1440.png	100644	2e51bc1ccb8312502f0e7ca6a80b01ade7ed8802	100644	2e51bc1ccb8312502f0e7ca6a80b01ade7ed8802	retained_exact	-	-	source mode/blob equals target mode/blob	-
B0	baseline	2e9da09bd163ca128e3cd2f4c91ef61ceec2fc2f	df9fc18b9f1a8374d72fa071c2b9c1e61e0010d1	T4003	4003c548a314246d8c46516c4033fa5602e19c4b	assembled Spark candidate	A	evidence/dystopia-sk3-20260910/attention-slate-dark-1280.png	100644	dc21c94a1400d443aa13193eba6b0925be2f1916	100644	dc21c94a1400d443aa13193eba6b0925be2f1916	retained_exact	-	-	source mode/blob equals target mode/blob	-
B0	baseline	2e9da09bd163ca128e3cd2f4c91ef61ceec2fc2f	df9fc18b9f1a8374d72fa071c2b9c1e61e0010d1	T4003	4003c548a314246d8c46516c4033fa5602e19c4b	assembled Spark candidate	A	evidence/dystopia-sk3-20260910/attention-slate-dark-1440.png	100644	3af27f6e9eebe0eaf3fad1dd604a10109e1996a5	100644	3af27f6e9eebe0eaf3fad1dd604a10109e1996a5	retained_exact	-	-	source mode/blob equals target mode/blob	-
B0	baseline	2e9da09bd163ca128e3cd2f4c91ef61ceec2fc2f	df9fc18b9f1a8374d72fa071c2b9c1e61e0010d1	T4003	4003c548a314246d8c46516c4033fa5602e19c4b	assembled Spark candidate	A	evidence/dystopia-sk3-20260910/attention-slate-dark-390.png	100644	2083e79adaf27abd9719676adb557a3520500064	100644	2083e79adaf27abd9719676adb557a3520500064	retained_exact	-	-	source mode/blob equals target mode/blob	-
B0	baseline	2e9da09bd163ca128e3cd2f4c91ef61ceec2fc2f	df9fc18b9f1a8374d72fa071c2b9c1e61e0010d1	T4003	4003c548a314246d8c46516c4033fa5602e19c4b	assembled Spark candidate	A	evidence/dystopia-sk3-20260910/attention-slate-light-1280.png	100644	8ed692ae36abd2a05d7aa90a67d1834099f4a942	100644	8ed692ae36abd2a05d7aa90a67d1834099f4a942	retained_exact	-	-	source mode/blob equals target mode/blob	-
B0	baseline	2e9da09bd163ca128e3cd2f4c91ef61ceec2fc2f	df9fc18b9f1a8374d72fa071c2b9c1e61e0010d1	T4003	4003c548a314246d8c46516c4033fa5602e19c4b	assembled Spark candidate	A	evidence/dystopia-sk3-20260910/attention-slate-light-1440.png	100644	2703dbff9676f0a3b0b7832e92a3b3eb9f9bb746	100644	2703dbff9676f0a3b0b7832e92a3b3eb9f9bb746	retained_exact	-	-	source mode/blob equals target mode/blob	-
B0	baseline	2e9da09bd163ca128e3cd2f4c91ef61ceec2fc2f	df9fc18b9f1a8374d72fa071c2b9c1e61e0010d1	T4003	4003c548a314246d8c46516c4033fa5602e19c4b	assembled Spark candidate	A	evidence/dystopia-sk3-20260910/attention-slate-light-390.png	100644	13e464bd1f55a031bf7fb10d14eebf3dc058fa13	100644	13e464bd1f55a031bf7fb10d14eebf3dc058fa13	retained_exact	-	-	source mode/blob equals target mode/blob	-
B0	baseline	2e9da09bd163ca128e3cd2f4c91ef61ceec2fc2f	df9fc18b9f1a8374d72fa071c2b9c1e61e0010d1	T4003	4003c548a314246d8c46516c4033fa5602e19c4b	assembled Spark candidate	A	evidence/dystopia-sk3-20260910/browser.mjs	100644	c7c9bd07cc4246b61800e4154acf1bd2920a7025	100644	c7c9bd07cc4246b61800e4154acf1bd2920a7025	retained_exact	-	-	source mode/blob equals target mode/blob	-
B0	baseline	2e9da09bd163ca128e3cd2f4c91ef61ceec2fc2f	df9fc18b9f1a8374d72fa071c2b9c1e61e0010d1	T4003	4003c548a314246d8c46516c4033fa5602e19c4b	assembled Spark candidate	A	evidence/dystopia-sk3-20260910/checks-integration.mjs	100644	0051acaf2ba840ab7ce041cf21a640fc6f51d04d	100644	0051acaf2ba840ab7ce041cf21a640fc6f51d04d	retained_exact	-	-	source mode/blob equals target mode/blob	-
B0	baseline	2e9da09bd163ca128e3cd2f4c91ef61ceec2fc2f	df9fc18b9f1a8374d72fa071c2b9c1e61e0010d1	T4003	4003c548a314246d8c46516c4033fa5602e19c4b	assembled Spark candidate	A	evidence/dystopia-sk3-20260910/checks-material.mjs	100644	0f3da8980fef24b2d008567721f0b1552e0e7d7f	100644	0f3da8980fef24b2d008567721f0b1552e0e7d7f	retained_exact	-	-	source mode/blob equals target mode/blob	-
B0	baseline	2e9da09bd163ca128e3cd2f4c91ef61ceec2fc2f	df9fc18b9f1a8374d72fa071c2b9c1e61e0010d1	T4003	4003c548a314246d8c46516c4033fa5602e19c4b	assembled Spark candidate	A	evidence/dystopia-sk3-20260910/checks-presets.mjs	100644	7d699ef53f2848e93b8a313ae513f463f8e09e2d	100644	7d699ef53f2848e93b8a313ae513f463f8e09e2d	retained_exact	-	-	source mode/blob equals target mode/blob	-
B0	baseline	2e9da09bd163ca128e3cd2f4c91ef61ceec2fc2f	df9fc18b9f1a8374d72fa071c2b9c1e61e0010d1	T4003	4003c548a314246d8c46516c4033fa5602e19c4b	assembled Spark candidate	A	evidence/dystopia-sk3-20260910/checks-settings.mjs	100644	382d57966eb9f883dea7d8fa03be8a660614b682	100644	382d57966eb9f883dea7d8fa03be8a660614b682	retained_exact	-	-	source mode/blob equals target mode/blob	-
B0	baseline	2e9da09bd163ca128e3cd2f4c91ef61ceec2fc2f	df9fc18b9f1a8374d72fa071c2b9c1e61e0010d1	T4003	4003c548a314246d8c46516c4033fa5602e19c4b	assembled Spark candidate	A	evidence/dystopia-sk3-20260910/checks-surfaces.json	100644	37a2f5ffdd8f588e77b85a56f810f649c40b3200	100644	37a2f5ffdd8f588e77b85a56f810f649c40b3200	retained_exact	-	-	source mode/blob equals target mode/blob	-
B0	baseline	2e9da09bd163ca128e3cd2f4c91ef61ceec2fc2f	df9fc18b9f1a8374d72fa071c2b9c1e61e0010d1	T4003	4003c548a314246d8c46516c4033fa5602e19c4b	assembled Spark candidate	A	evidence/dystopia-sk3-20260910/checks-surfaces.mjs	100644	eca827d62569a2cfecea0b7405edf3f129b4e06b	100644	eca827d62569a2cfecea0b7405edf3f129b4e06b	retained_exact	-	-	source mode/blob equals target mode/blob	-
B0	baseline	2e9da09bd163ca128e3cd2f4c91ef61ceec2fc2f	df9fc18b9f1a8374d72fa071c2b9c1e61e0010d1	T4003	4003c548a314246d8c46516c4033fa5602e19c4b	assembled Spark candidate	A	evidence/dystopia-sk3-20260910/checks-theme.mjs	100644	d2553ad5594fab7bad430ea49372c611763e1326	100644	d2553ad5594fab7bad430ea49372c611763e1326	retained_exact	-	-	source mode/blob equals target mode/blob	-
B0	baseline	2e9da09bd163ca128e3cd2f4c91ef61ceec2fc2f	df9fc18b9f1a8374d72fa071c2b9c1e61e0010d1	T4003	4003c548a314246d8c46516c4033fa5602e19c4b	assembled Spark candidate	A	evidence/dystopia-sk3-20260910/contrast.md	100644	f92d90ab5696419660a9571e04643f1d8b18cc98	100644	f92d90ab5696419660a9571e04643f1d8b18cc98	retained_exact	-	-	source mode/blob equals target mode/blob	-
B0	baseline	2e9da09bd163ca128e3cd2f4c91ef61ceec2fc2f	df9fc18b9f1a8374d72fa071c2b9c1e61e0010d1	T4003	4003c548a314246d8c46516c4033fa5602e19c4b	assembled Spark candidate	A	evidence/dystopia-sk3-20260910/focus-tests.log	100644	2bf85799858d3f35324b0c60816f2b6912c36b22	100644	2bf85799858d3f35324b0c60816f2b6912c36b22	retained_exact	-	-	source mode/blob equals target mode/blob	-
B0	baseline	2e9da09bd163ca128e3cd2f4c91ef61ceec2fc2f	df9fc18b9f1a8374d72fa071c2b9c1e61e0010d1	T4003	4003c548a314246d8c46516c4033fa5602e19c4b	assembled Spark candidate	A	evidence/dystopia-sk3-20260910/home-dystopia-dark-1280.png	100644	70a76cc48f70de7ca0b4b2f638afaee12336af52	100644	70a76cc48f70de7ca0b4b2f638afaee12336af52	retained_exact	-	-	source mode/blob equals target mode/blob	-
B0	baseline	2e9da09bd163ca128e3cd2f4c91ef61ceec2fc2f	df9fc18b9f1a8374d72fa071c2b9c1e61e0010d1	T4003	4003c548a314246d8c46516c4033fa5602e19c4b	assembled Spark candidate	A	evidence/dystopia-sk3-20260910/home-dystopia-dark-1440.png	100644	634f38d9edcbe4c666c7d4fc4bc4f7aaee5f5222	100644	634f38d9edcbe4c666c7d4fc4bc4f7aaee5f5222	retained_exact	-	-	source mode/blob equals target mode/blob	-
B0	baseline	2e9da09bd163ca128e3cd2f4c91ef61ceec2fc2f	df9fc18b9f1a8374d72fa071c2b9c1e61e0010d1	T4003	4003c548a314246d8c46516c4033fa5602e19c4b	assembled Spark candidate	A	evidence/dystopia-sk3-20260910/home-dystopia-dark-390.png	100644	772c16aa0674da408b6064cd6df931cd8d489625	100644	772c16aa0674da408b6064cd6df931cd8d489625	retained_exact	-	-	source mode/blob equals target mode/blob	-
B0	baseline	2e9da09bd163ca128e3cd2f4c91ef61ceec2fc2f	df9fc18b9f1a8374d72fa071c2b9c1e61e0010d1	T4003	4003c548a314246d8c46516c4033fa5602e19c4b	assembled Spark candidate	A	evidence/dystopia-sk3-20260910/home-dystopia-light-1280.png	100644	336a95f3f62702bdc83936d82e6d81dae91a3b31	100644	336a95f3f62702bdc83936d82e6d81dae91a3b31	retained_exact	-	-	source mode/blob equals target mode/blob	-
B0	baseline	2e9da09bd163ca128e3cd2f4c91ef61ceec2fc2f	df9fc18b9f1a8374d72fa071c2b9c1e61e0010d1	T4003	4003c548a314246d8c46516c4033fa5602e19c4b	assembled Spark candidate	A	evidence/dystopia-sk3-20260910/home-dystopia-light-1440.png	100644	dd62afb508d4ebf3a08ebe203796398f12268771	100644	dd62afb508d4ebf3a08ebe203796398f12268771	retained_exact	-	-	source mode/blob equals target mode/blob	-
B0	baseline	2e9da09bd163ca128e3cd2f4c91ef61ceec2fc2f	df9fc18b9f1a8374d72fa071c2b9c1e61e0010d1	T4003	4003c548a314246d8c46516c4033fa5602e19c4b	assembled Spark candidate	A	evidence/dystopia-sk3-20260910/home-dystopia-light-390.png	100644	5d6771665ac0990219cfbceed15bb828083ff08e	100644	5d6771665ac0990219cfbceed15bb828083ff08e	retained_exact	-	-	source mode/blob equals target mode/blob	-
B0	baseline	2e9da09bd163ca128e3cd2f4c91ef61ceec2fc2f	df9fc18b9f1a8374d72fa071c2b9c1e61e0010d1	T4003	4003c548a314246d8c46516c4033fa5602e19c4b	assembled Spark candidate	A	evidence/dystopia-sk3-20260910/home-empty-slate-light-1440.png	100644	cc4047de61414ed49ebf57b75ad88b3b64327538	100644	cc4047de61414ed49ebf57b75ad88b3b64327538	retained_exact	-	-	source mode/blob equals target mode/blob	-
B0	baseline	2e9da09bd163ca128e3cd2f4c91ef61ceec2fc2f	df9fc18b9f1a8374d72fa071c2b9c1e61e0010d1	T4003	4003c548a314246d8c46516c4033fa5602e19c4b	assembled Spark candidate	A	evidence/dystopia-sk3-20260910/home-load-failure-slate-light-1440.png	100644	88955566ccd0f99b828a07c1f85c324359249110	100644	88955566ccd0f99b828a07c1f85c324359249110	retained_exact	-	-	source mode/blob equals target mode/blob	-
B0	baseline	2e9da09bd163ca128e3cd2f4c91ef61ceec2fc2f	df9fc18b9f1a8374d72fa071c2b9c1e61e0010d1	T4003	4003c548a314246d8c46516c4033fa5602e19c4b	assembled Spark candidate	A	evidence/dystopia-sk3-20260910/home-resolved-slate-light-1440.png	100644	92cb3b7bf370bc9aa7e35935864710804fa844db	100644	92cb3b7bf370bc9aa7e35935864710804fa844db	retained_exact	-	-	source mode/blob equals target mode/blob	-
B0	baseline	2e9da09bd163ca128e3cd2f4c91ef61ceec2fc2f	df9fc18b9f1a8374d72fa071c2b9c1e61e0010d1	T4003	4003c548a314246d8c46516c4033fa5602e19c4b	assembled Spark candidate	A	evidence/dystopia-sk3-20260910/home-slate-dark-1280.png	100644	fc75c4200c0724aa6a167e06123cdbc15bdfe338	100644	fc75c4200c0724aa6a167e06123cdbc15bdfe338	retained_exact	-	-	source mode/blob equals target mode/blob	-
B0	baseline	2e9da09bd163ca128e3cd2f4c91ef61ceec2fc2f	df9fc18b9f1a8374d72fa071c2b9c1e61e0010d1	T4003	4003c548a314246d8c46516c4033fa5602e19c4b	assembled Spark candidate	A	evidence/dystopia-sk3-20260910/home-slate-dark-1440.png	100644	3399ac1461808f312e5f8cd38beea17fb2471a7a	100644	3399ac1461808f312e5f8cd38beea17fb2471a7a	retained_exact	-	-	source mode/blob equals target mode/blob	-
B0	baseline	2e9da09bd163ca128e3cd2f4c91ef61ceec2fc2f	df9fc18b9f1a8374d72fa071c2b9c1e61e0010d1	T4003	4003c548a314246d8c46516c4033fa5602e19c4b	assembled Spark candidate	A	evidence/dystopia-sk3-20260910/home-slate-dark-390.png	100644	cfa1b0b8e907a470793dd528f678eeaacae5e451	100644	cfa1b0b8e907a470793dd528f678eeaacae5e451	retained_exact	-	-	source mode/blob equals target mode/blob	-
B0	baseline	2e9da09bd163ca128e3cd2f4c91ef61ceec2fc2f	df9fc18b9f1a8374d72fa071c2b9c1e61e0010d1	T4003	4003c548a314246d8c46516c4033fa5602e19c4b	assembled Spark candidate	A	evidence/dystopia-sk3-20260910/home-slate-light-1280.png	100644	05c6fa4ac8a469afbcf7b7dc3f61c66bb78678f8	100644	05c6fa4ac8a469afbcf7b7dc3f61c66bb78678f8	retained_exact	-	-	source mode/blob equals target mode/blob	-
B0	baseline	2e9da09bd163ca128e3cd2f4c91ef61ceec2fc2f	df9fc18b9f1a8374d72fa071c2b9c1e61e0010d1	T4003	4003c548a314246d8c46516c4033fa5602e19c4b	assembled Spark candidate	A	evidence/dystopia-sk3-20260910/home-slate-light-1440.png	100644	b6be571661c571230b05cd4bbe176008ffd73acb	100644	b6be571661c571230b05cd4bbe176008ffd73acb	retained_exact	-	-	source mode/blob equals target mode/blob	-
B0	baseline	2e9da09bd163ca128e3cd2f4c91ef61ceec2fc2f	df9fc18b9f1a8374d72fa071c2b9c1e61e0010d1	T4003	4003c548a314246d8c46516c4033fa5602e19c4b	assembled Spark candidate	A	evidence/dystopia-sk3-20260910/home-slate-light-390.png	100644	9c30f1c1b9b575c320aa3ca6f255196f122ddea9	100644	9c30f1c1b9b575c320aa3ca6f255196f122ddea9	retained_exact	-	-	source mode/blob equals target mode/blob	-
B0	baseline	2e9da09bd163ca128e3cd2f4c91ef61ceec2fc2f	df9fc18b9f1a8374d72fa071c2b9c1e61e0010d1	T4003	4003c548a314246d8c46516c4033fa5602e19c4b	assembled Spark candidate	A	evidence/dystopia-sk3-20260910/independent-review.md	100644	62847f84daf205513c719c884edd9a478cd6eb91	100644	62847f84daf205513c719c884edd9a478cd6eb91	retained_exact	-	-	source mode/blob equals target mode/blob	-
B0	baseline	2e9da09bd163ca128e3cd2f4c91ef61ceec2fc2f	df9fc18b9f1a8374d72fa071c2b9c1e61e0010d1	T4003	4003c548a314246d8c46516c4033fa5602e19c4b	assembled Spark candidate	A	evidence/dystopia-sk3-20260910/integrated-browser.json	100644	d522c7392b4bfea319961b28db0a61e568e35014	100644	d522c7392b4bfea319961b28db0a61e568e35014	retained_exact	-	-	source mode/blob equals target mode/blob	-
B0	baseline	2e9da09bd163ca128e3cd2f4c91ef61ceec2fc2f	df9fc18b9f1a8374d72fa071c2b9c1e61e0010d1	T4003	4003c548a314246d8c46516c4033fa5602e19c4b	assembled Spark candidate	A	evidence/dystopia-sk3-20260910/integrated-models.png	100644	257b07dec43f694001282edb141491e4410596bb	100644	257b07dec43f694001282edb141491e4410596bb	retained_exact	-	-	source mode/blob equals target mode/blob	-
B0	baseline	2e9da09bd163ca128e3cd2f4c91ef61ceec2fc2f	df9fc18b9f1a8374d72fa071c2b9c1e61e0010d1	T4003	4003c548a314246d8c46516c4033fa5602e19c4b	assembled Spark candidate	A	evidence/dystopia-sk3-20260910/integrated-smoke.log	100644	d0aa2f0bae8fba4f7021f50669cfe01fec5a6369	100644	d0aa2f0bae8fba4f7021f50669cfe01fec5a6369	retained_exact	-	-	source mode/blob equals target mode/blob	-
B0	baseline	2e9da09bd163ca128e3cd2f4c91ef61ceec2fc2f	df9fc18b9f1a8374d72fa071c2b9c1e61e0010d1	T4003	4003c548a314246d8c46516c4033fa5602e19c4b	assembled Spark candidate	A	evidence/dystopia-sk3-20260910/integrated-tests.log	100644	21a25b9507b9c9ddd698ae4ca7f88d6a9f11fba2	100644	21a25b9507b9c9ddd698ae4ca7f88d6a9f11fba2	retained_exact	-	-	source mode/blob equals target mode/blob	-
B0	baseline	2e9da09bd163ca128e3cd2f4c91ef61ceec2fc2f	df9fc18b9f1a8374d72fa071c2b9c1e61e0010d1	T4003	4003c548a314246d8c46516c4033fa5602e19c4b	assembled Spark candidate	A	evidence/dystopia-sk3-20260910/material-browser.json	100644	aef4ad0591ba189860f04bd6d0ecad3dda28cc00	100644	aef4ad0591ba189860f04bd6d0ecad3dda28cc00	retained_exact	-	-	source mode/blob equals target mode/blob	-
B0	baseline	2e9da09bd163ca128e3cd2f4c91ef61ceec2fc2f	df9fc18b9f1a8374d72fa071c2b9c1e61e0010d1	T4003	4003c548a314246d8c46516c4033fa5602e19c4b	assembled Spark candidate	A	evidence/dystopia-sk3-20260910/presets-browser.json	100644	6e068e01a4eb46ace390f2486bb231deb72eeec4	100644	6e068e01a4eb46ace390f2486bb231deb72eeec4	retained_exact	-	-	source mode/blob equals target mode/blob	-
B0	baseline	2e9da09bd163ca128e3cd2f4c91ef61ceec2fc2f	df9fc18b9f1a8374d72fa071c2b9c1e61e0010d1	T4003	4003c548a314246d8c46516c4033fa5602e19c4b	assembled Spark candidate	A	evidence/dystopia-sk3-20260910/settings-appearance-dark-1280.png	100644	a38e93f75dc42438dfdd260da0e7829bf38a3429	100644	a38e93f75dc42438dfdd260da0e7829bf38a3429	retained_exact	-	-	source mode/blob equals target mode/blob	-
B0	baseline	2e9da09bd163ca128e3cd2f4c91ef61ceec2fc2f	df9fc18b9f1a8374d72fa071c2b9c1e61e0010d1	T4003	4003c548a314246d8c46516c4033fa5602e19c4b	assembled Spark candidate	A	evidence/dystopia-sk3-20260910/settings-appearance-dark-1440.png	100644	5237c77afa96b00806a980beefaec15f020a07b0	100644	5237c77afa96b00806a980beefaec15f020a07b0	retained_exact	-	-	source mode/blob equals target mode/blob	-
B0	baseline	2e9da09bd163ca128e3cd2f4c91ef61ceec2fc2f	df9fc18b9f1a8374d72fa071c2b9c1e61e0010d1	T4003	4003c548a314246d8c46516c4033fa5602e19c4b	assembled Spark candidate	A	evidence/dystopia-sk3-20260910/settings-appearance-dark-390.png	100644	32b28fa23e1ca5ba1304c7ebfb55793332b76663	100644	32b28fa23e1ca5ba1304c7ebfb55793332b76663	retained_exact	-	-	source mode/blob equals target mode/blob	-
B0	baseline	2e9da09bd163ca128e3cd2f4c91ef61ceec2fc2f	df9fc18b9f1a8374d72fa071c2b9c1e61e0010d1	T4003	4003c548a314246d8c46516c4033fa5602e19c4b	assembled Spark candidate	A	evidence/dystopia-sk3-20260910/settings-appearance-light-1280.png	100644	e6e8fb0136bd4d18e03976fd57c282a20e305e8e	100644	e6e8fb0136bd4d18e03976fd57c282a20e305e8e	retained_exact	-	-	source mode/blob equals target mode/blob	-
B0	baseline	2e9da09bd163ca128e3cd2f4c91ef61ceec2fc2f	df9fc18b9f1a8374d72fa071c2b9c1e61e0010d1	T4003	4003c548a314246d8c46516c4033fa5602e19c4b	assembled Spark candidate	A	evidence/dystopia-sk3-20260910/settings-appearance-light-1440.png	100644	4f63687b28a50addd0574902516fea72b9becf31	100644	4f63687b28a50addd0574902516fea72b9becf31	retained_exact	-	-	source mode/blob equals target mode/blob	-
B0	baseline	2e9da09bd163ca128e3cd2f4c91ef61ceec2fc2f	df9fc18b9f1a8374d72fa071c2b9c1e61e0010d1	T4003	4003c548a314246d8c46516c4033fa5602e19c4b	assembled Spark candidate	A	evidence/dystopia-sk3-20260910/settings-appearance-light-390.png	100644	2a27cb50e102806d1c8ef7a9a455242f6bfee0c1	100644	2a27cb50e102806d1c8ef7a9a455242f6bfee0c1	retained_exact	-	-	source mode/blob equals target mode/blob	-
B0	baseline	2e9da09bd163ca128e3cd2f4c91ef61ceec2fc2f	df9fc18b9f1a8374d72fa071c2b9c1e61e0010d1	T4003	4003c548a314246d8c46516c4033fa5602e19c4b	assembled Spark candidate	A	evidence/dystopia-sk3-20260910/settings-browser.json	100644	252c8089b71893acf15dd89184b0979a66c5e4fc	100644	252c8089b71893acf15dd89184b0979a66c5e4fc	retained_exact	-	-	source mode/blob equals target mode/blob	-
B0	baseline	2e9da09bd163ca128e3cd2f4c91ef61ceec2fc2f	df9fc18b9f1a8374d72fa071c2b9c1e61e0010d1	T4003	4003c548a314246d8c46516c4033fa5602e19c4b	assembled Spark candidate	A	evidence/dystopia-sk3-20260910/settings-forced-colors.png	100644	7222fcbe08d936f30a39a8a54ac1d480919f6ea0	100644	7222fcbe08d936f30a39a8a54ac1d480919f6ea0	retained_exact	-	-	source mode/blob equals target mode/blob	-
B0	baseline	2e9da09bd163ca128e3cd2f4c91ef61ceec2fc2f	df9fc18b9f1a8374d72fa071c2b9c1e61e0010d1	T4003	4003c548a314246d8c46516c4033fa5602e19c4b	assembled Spark candidate	A	evidence/dystopia-sk3-20260910/settings-general-dark-1280.png	100644	c929b400bd55be0a2beddff69b968e3d1cc0c329	100644	c929b400bd55be0a2beddff69b968e3d1cc0c329	retained_exact	-	-	source mode/blob equals target mode/blob	-
B0	baseline	2e9da09bd163ca128e3cd2f4c91ef61ceec2fc2f	df9fc18b9f1a8374d72fa071c2b9c1e61e0010d1	T4003	4003c548a314246d8c46516c4033fa5602e19c4b	assembled Spark candidate	A	evidence/dystopia-sk3-20260910/settings-general-dark-1440.png	100644	7a8df562ba59a7cc1ac4c4e67b574493be37c957	100644	7a8df562ba59a7cc1ac4c4e67b574493be37c957	retained_exact	-	-	source mode/blob equals target mode/blob	-
B0	baseline	2e9da09bd163ca128e3cd2f4c91ef61ceec2fc2f	df9fc18b9f1a8374d72fa071c2b9c1e61e0010d1	T4003	4003c548a314246d8c46516c4033fa5602e19c4b	assembled Spark candidate	A	evidence/dystopia-sk3-20260910/settings-general-dark-390.png	100644	52bc30e70f94fd58fbcef1ccb1ae53f5bec413d6	100644	52bc30e70f94fd58fbcef1ccb1ae53f5bec413d6	retained_exact	-	-	source mode/blob equals target mode/blob	-
B0	baseline	2e9da09bd163ca128e3cd2f4c91ef61ceec2fc2f	df9fc18b9f1a8374d72fa071c2b9c1e61e0010d1	T4003	4003c548a314246d8c46516c4033fa5602e19c4b	assembled Spark candidate	A	evidence/dystopia-sk3-20260910/settings-general-light-1280.png	100644	c6657a36301c61bccd8cd9e96fb6dc0b974bbc66	100644	c6657a36301c61bccd8cd9e96fb6dc0b974bbc66	retained_exact	-	-	source mode/blob equals target mode/blob	-
B0	baseline	2e9da09bd163ca128e3cd2f4c91ef61ceec2fc2f	df9fc18b9f1a8374d72fa071c2b9c1e61e0010d1	T4003	4003c548a314246d8c46516c4033fa5602e19c4b	assembled Spark candidate	A	evidence/dystopia-sk3-20260910/settings-general-light-1440.png	100644	64c6c55106ef124de44d4d5abcfc78a381dce415	100644	64c6c55106ef124de44d4d5abcfc78a381dce415	retained_exact	-	-	source mode/blob equals target mode/blob	-
B0	baseline	2e9da09bd163ca128e3cd2f4c91ef61ceec2fc2f	df9fc18b9f1a8374d72fa071c2b9c1e61e0010d1	T4003	4003c548a314246d8c46516c4033fa5602e19c4b	assembled Spark candidate	A	evidence/dystopia-sk3-20260910/settings-general-light-390.png	100644	d94634d3e819e60af5e4a4c9ebbe79c2cd5417b4	100644	d94634d3e819e60af5e4a4c9ebbe79c2cd5417b4	retained_exact	-	-	source mode/blob equals target mode/blob	-
B0	baseline	2e9da09bd163ca128e3cd2f4c91ef61ceec2fc2f	df9fc18b9f1a8374d72fa071c2b9c1e61e0010d1	T4003	4003c548a314246d8c46516c4033fa5602e19c4b	assembled Spark candidate	A	evidence/dystopia-sk3-20260910/settings-keyboard-dark-1280.png	100644	aa5e728209a935615ad25c6c0d8d947031333e30	100644	aa5e728209a935615ad25c6c0d8d947031333e30	retained_exact	-	-	source mode/blob equals target mode/blob	-
B0	baseline	2e9da09bd163ca128e3cd2f4c91ef61ceec2fc2f	df9fc18b9f1a8374d72fa071c2b9c1e61e0010d1	T4003	4003c548a314246d8c46516c4033fa5602e19c4b	assembled Spark candidate	A	evidence/dystopia-sk3-20260910/settings-keyboard-dark-1440.png	100644	d4ee3887627922e3e9a01dbcb39269c8a9081b91	100644	d4ee3887627922e3e9a01dbcb39269c8a9081b91	retained_exact	-	-	source mode/blob equals target mode/blob	-
B0	baseline	2e9da09bd163ca128e3cd2f4c91ef61ceec2fc2f	df9fc18b9f1a8374d72fa071c2b9c1e61e0010d1	T4003	4003c548a314246d8c46516c4033fa5602e19c4b	assembled Spark candidate	A	evidence/dystopia-sk3-20260910/settings-keyboard-dark-390.png	100644	484097f9482ea370b6ca6c5057e007339b8fb526	100644	484097f9482ea370b6ca6c5057e007339b8fb526	retained_exact	-	-	source mode/blob equals target mode/blob	-
B0	baseline	2e9da09bd163ca128e3cd2f4c91ef61ceec2fc2f	df9fc18b9f1a8374d72fa071c2b9c1e61e0010d1	T4003	4003c548a314246d8c46516c4033fa5602e19c4b	assembled Spark candidate	A	evidence/dystopia-sk3-20260910/settings-keyboard-light-1280.png	100644	73eba020aa1154bc3c91f10f84f42ac9b7526e96	100644	73eba020aa1154bc3c91f10f84f42ac9b7526e96	retained_exact	-	-	source mode/blob equals target mode/blob	-
B0	baseline	2e9da09bd163ca128e3cd2f4c91ef61ceec2fc2f	df9fc18b9f1a8374d72fa071c2b9c1e61e0010d1	T4003	4003c548a314246d8c46516c4033fa5602e19c4b	assembled Spark candidate	A	evidence/dystopia-sk3-20260910/settings-keyboard-light-1440.png	100644	233c7cada0734ff0957f685a87548c199a69e31a	100644	233c7cada0734ff0957f685a87548c199a69e31a	retained_exact	-	-	source mode/blob equals target mode/blob	-
B0	baseline	2e9da09bd163ca128e3cd2f4c91ef61ceec2fc2f	df9fc18b9f1a8374d72fa071c2b9c1e61e0010d1	T4003	4003c548a314246d8c46516c4033fa5602e19c4b	assembled Spark candidate	A	evidence/dystopia-sk3-20260910/settings-keyboard-light-390.png	100644	065093ce35a382a6731e1a8493d26ebd645bc8e0	100644	065093ce35a382a6731e1a8493d26ebd645bc8e0	retained_exact	-	-	source mode/blob equals target mode/blob	-
B0	baseline	2e9da09bd163ca128e3cd2f4c91ef61ceec2fc2f	df9fc18b9f1a8374d72fa071c2b9c1e61e0010d1	T4003	4003c548a314246d8c46516c4033fa5602e19c4b	assembled Spark candidate	A	evidence/dystopia-sk3-20260910/settings-models-dark-1280.png	100644	e7b903336d7fea72b10053b6a1f2e73202561745	100644	e7b903336d7fea72b10053b6a1f2e73202561745	retained_exact	-	-	source mode/blob equals target mode/blob	-
B0	baseline	2e9da09bd163ca128e3cd2f4c91ef61ceec2fc2f	df9fc18b9f1a8374d72fa071c2b9c1e61e0010d1	T4003	4003c548a314246d8c46516c4033fa5602e19c4b	assembled Spark candidate	A	evidence/dystopia-sk3-20260910/settings-models-dark-1440.png	100644	4cdf84fca8c2d34efd713dae7ff41ba33a6a37ef	100644	4cdf84fca8c2d34efd713dae7ff41ba33a6a37ef	retained_exact	-	-	source mode/blob equals target mode/blob	-
B0	baseline	2e9da09bd163ca128e3cd2f4c91ef61ceec2fc2f	df9fc18b9f1a8374d72fa071c2b9c1e61e0010d1	T4003	4003c548a314246d8c46516c4033fa5602e19c4b	assembled Spark candidate	A	evidence/dystopia-sk3-20260910/settings-models-dark-390.png	100644	607b108fb9c27225a4a306a018f7d3ca97b9cff7	100644	607b108fb9c27225a4a306a018f7d3ca97b9cff7	retained_exact	-	-	source mode/blob equals target mode/blob	-
B0	baseline	2e9da09bd163ca128e3cd2f4c91ef61ceec2fc2f	df9fc18b9f1a8374d72fa071c2b9c1e61e0010d1	T4003	4003c548a314246d8c46516c4033fa5602e19c4b	assembled Spark candidate	A	evidence/dystopia-sk3-20260910/settings-models-light-1280.png	100644	3803cc662cb7260604df917e779cde97cc0c5b2a	100644	3803cc662cb7260604df917e779cde97cc0c5b2a	retained_exact	-	-	source mode/blob equals target mode/blob	-
B0	baseline	2e9da09bd163ca128e3cd2f4c91ef61ceec2fc2f	df9fc18b9f1a8374d72fa071c2b9c1e61e0010d1	T4003	4003c548a314246d8c46516c4033fa5602e19c4b	assembled Spark candidate	A	evidence/dystopia-sk3-20260910/settings-models-light-1440.png	100644	69ae9f0f6c6e361f90d5f886b2932c45ced579fa	100644	69ae9f0f6c6e361f90d5f886b2932c45ced579fa	retained_exact	-	-	source mode/blob equals target mode/blob	-
B0	baseline	2e9da09bd163ca128e3cd2f4c91ef61ceec2fc2f	df9fc18b9f1a8374d72fa071c2b9c1e61e0010d1	T4003	4003c548a314246d8c46516c4033fa5602e19c4b	assembled Spark candidate	A	evidence/dystopia-sk3-20260910/settings-models-light-390.png	100644	b73e2f23df203a3e689c6f8dd5eb4f85a22665d3	100644	b73e2f23df203a3e689c6f8dd5eb4f85a22665d3	retained_exact	-	-	source mode/blob equals target mode/blob	-
B0	baseline	2e9da09bd163ca128e3cd2f4c91ef61ceec2fc2f	df9fc18b9f1a8374d72fa071c2b9c1e61e0010d1	T4003	4003c548a314246d8c46516c4033fa5602e19c4b	assembled Spark candidate	A	evidence/dystopia-sk3-20260910/settings-zoom-200.png	100644	805fcd544896b607da575683178fc75afec8d75b	100644	805fcd544896b607da575683178fc75afec8d75b	retained_exact	-	-	source mode/blob equals target mode/blob	-
B0	baseline	2e9da09bd163ca128e3cd2f4c91ef61ceec2fc2f	df9fc18b9f1a8374d72fa071c2b9c1e61e0010d1	T4003	4003c548a314246d8c46516c4033fa5602e19c4b	assembled Spark candidate	A	evidence/dystopia-sk3-20260910/tests.log	100644	a59dfc751f915eaf8a1b894c476d2fd827d56f6e	100644	a59dfc751f915eaf8a1b894c476d2fd827d56f6e	retained_exact	-	-	source mode/blob equals target mode/blob	-
B0	baseline	2e9da09bd163ca128e3cd2f4c91ef61ceec2fc2f	df9fc18b9f1a8374d72fa071c2b9c1e61e0010d1	T4003	4003c548a314246d8c46516c4033fa5602e19c4b	assembled Spark candidate	A	evidence/dystopia-sk3-20260910/theme-live-before.json	100644	a4c7a4824e050e7adf7292e01e8f22a38babbd79	100644	a4c7a4824e050e7adf7292e01e8f22a38babbd79	retained_exact	-	-	source mode/blob equals target mode/blob	-
B0	baseline	2e9da09bd163ca128e3cd2f4c91ef61ceec2fc2f	df9fc18b9f1a8374d72fa071c2b9c1e61e0010d1	T4003	4003c548a314246d8c46516c4033fa5602e19c4b	assembled Spark candidate	A	evidence/dystopia-sk3-20260910/theme-live.json	100644	4dfd0a572ba9fd0c44505859103da5486fab3de6	100644	4dfd0a572ba9fd0c44505859103da5486fab3de6	retained_exact	-	-	source mode/blob equals target mode/blob	-
B0	baseline	2e9da09bd163ca128e3cd2f4c91ef61ceec2fc2f	df9fc18b9f1a8374d72fa071c2b9c1e61e0010d1	T4003	4003c548a314246d8c46516c4033fa5602e19c4b	assembled Spark candidate	A	evidence/rv26-20260910/README.md	100644	e9bab8c4ec1f301ec09d784d3c3bc4b613661840	100644	e9bab8c4ec1f301ec09d784d3c3bc4b613661840	retained_exact	-	-	source mode/blob equals target mode/blob	-
B0	baseline	2e9da09bd163ca128e3cd2f4c91ef61ceec2fc2f	df9fc18b9f1a8374d72fa071c2b9c1e61e0010d1	T4003	4003c548a314246d8c46516c4033fa5602e19c4b	assembled Spark candidate	A	evidence/rv26-20260910/doc-links.log	100644	6af8316d52fa88fadcf33536d6aa83c7557ae0b6	100644	6af8316d52fa88fadcf33536d6aa83c7557ae0b6	retained_exact	-	-	source mode/blob equals target mode/blob	-
B0	baseline	2e9da09bd163ca128e3cd2f4c91ef61ceec2fc2f	df9fc18b9f1a8374d72fa071c2b9c1e61e0010d1	T4003	4003c548a314246d8c46516c4033fa5602e19c4b	assembled Spark candidate	A	evidence/rv26-20260910/integration.json	100644	db5d95ceb1580af0ca882df805774b8ca14d3780	100644	db5d95ceb1580af0ca882df805774b8ca14d3780	retained_exact	-	-	source mode/blob equals target mode/blob	-
B0	baseline	2e9da09bd163ca128e3cd2f4c91ef61ceec2fc2f	df9fc18b9f1a8374d72fa071c2b9c1e61e0010d1	T4003	4003c548a314246d8c46516c4033fa5602e19c4b	assembled Spark candidate	A	evidence/rv26-20260910/ledger-verification.json	100644	42b525cdacda8290893132e4425d620e7e2cfa9e	100644	42b525cdacda8290893132e4425d620e7e2cfa9e	retained_exact	-	-	source mode/blob equals target mode/blob	-
B0	baseline	2e9da09bd163ca128e3cd2f4c91ef61ceec2fc2f	df9fc18b9f1a8374d72fa071c2b9c1e61e0010d1	T4003	4003c548a314246d8c46516c4033fa5602e19c4b	assembled Spark candidate	A	evidence/rv26-20260910/q01/baseline-timing.log	100644	294f15da0a38123f4c1b638fbb9822a6a21d6f04	100644	294f15da0a38123f4c1b638fbb9822a6a21d6f04	retained_exact	-	-	source mode/blob equals target mode/blob	-
B0	baseline	2e9da09bd163ca128e3cd2f4c91ef61ceec2fc2f	df9fc18b9f1a8374d72fa071c2b9c1e61e0010d1	T4003	4003c548a314246d8c46516c4033fa5602e19c4b	assembled Spark candidate	A	evidence/rv26-20260910/q01/budget-recheck.log	100644	90fdf3abcfa13f1c2f60dd70a30e6f17a336cc15	100644	90fdf3abcfa13f1c2f60dd70a30e6f17a336cc15	retained_exact	-	-	source mode/blob equals target mode/blob	-
B0	baseline	2e9da09bd163ca128e3cd2f4c91ef61ceec2fc2f	df9fc18b9f1a8374d72fa071c2b9c1e61e0010d1	T4003	4003c548a314246d8c46516c4033fa5602e19c4b	assembled Spark candidate	A	evidence/rv26-20260910/q01/core-tests-serial.log	100644	3fccfa69c7796fe94f52d7d0d4eeb47c29d6225f	100644	3fccfa69c7796fe94f52d7d0d4eeb47c29d6225f	retained_exact	-	-	source mode/blob equals target mode/blob	-
B0	baseline	2e9da09bd163ca128e3cd2f4c91ef61ceec2fc2f	df9fc18b9f1a8374d72fa071c2b9c1e61e0010d1	T4003	4003c548a314246d8c46516c4033fa5602e19c4b	assembled Spark candidate	A	evidence/rv26-20260910/q01/core-tests.log	100644	b2f256a511095ec5965167c5ad7b671c7eb09f3c	100644	b2f256a511095ec5965167c5ad7b671c7eb09f3c	retained_exact	-	-	source mode/blob equals target mode/blob	-
B0	baseline	2e9da09bd163ca128e3cd2f4c91ef61ceec2fc2f	df9fc18b9f1a8374d72fa071c2b9c1e61e0010d1	T4003	4003c548a314246d8c46516c4033fa5602e19c4b	assembled Spark candidate	A	evidence/rv26-20260910/q01/file-compatibility.log	100644	f43347136f2e679ec22e6dfcce29eba3fd2da79a	100644	f43347136f2e679ec22e6dfcce29eba3fd2da79a	retained_exact	-	-	source mode/blob equals target mode/blob	-
B0	baseline	2e9da09bd163ca128e3cd2f4c91ef61ceec2fc2f	df9fc18b9f1a8374d72fa071c2b9c1e61e0010d1	T4003	4003c548a314246d8c46516c4033fa5602e19c4b	assembled Spark candidate	A	evidence/rv26-20260910/q01/full-tests-confirmation.log	100644	c8820cfaa063e2b0cd2919ac6049318f6bad7cff	100644	c8820cfaa063e2b0cd2919ac6049318f6bad7cff	retained_exact	-	-	source mode/blob equals target mode/blob	-
B0	baseline	2e9da09bd163ca128e3cd2f4c91ef61ceec2fc2f	df9fc18b9f1a8374d72fa071c2b9c1e61e0010d1	T4003	4003c548a314246d8c46516c4033fa5602e19c4b	assembled Spark candidate	A	evidence/rv26-20260910/q01/full-tests-final.log	100644	659bf09dce8be42b93b357aaa6a7935f73dca5fd	100644	659bf09dce8be42b93b357aaa6a7935f73dca5fd	retained_exact	-	-	source mode/blob equals target mode/blob	-
B0	baseline	2e9da09bd163ca128e3cd2f4c91ef61ceec2fc2f	df9fc18b9f1a8374d72fa071c2b9c1e61e0010d1	T4003	4003c548a314246d8c46516c4033fa5602e19c4b	assembled Spark candidate	A	evidence/rv26-20260910/q01/full-tests.log	100644	79f2678b5ea70363f678ee8e05f8e409bb022d24	100644	79f2678b5ea70363f678ee8e05f8e409bb022d24	retained_exact	-	-	source mode/blob equals target mode/blob	-
B0	baseline	2e9da09bd163ca128e3cd2f4c91ef61ceec2fc2f	df9fc18b9f1a8374d72fa071c2b9c1e61e0010d1	T4003	4003c548a314246d8c46516c4033fa5602e19c4b	assembled Spark candidate	A	evidence/rv26-20260910/q01/independent-lifecycle.log	100644	98c69cabfc3fc39d93a27c361cc053bf6c22781d	100644	98c69cabfc3fc39d93a27c361cc053bf6c22781d	retained_exact	-	-	source mode/blob equals target mode/blob	-
B0	baseline	2e9da09bd163ca128e3cd2f4c91ef61ceec2fc2f	df9fc18b9f1a8374d72fa071c2b9c1e61e0010d1	T4003	4003c548a314246d8c46516c4033fa5602e19c4b	assembled Spark candidate	A	evidence/rv26-20260910/q01/lifecycle-green.log	100644	6f42ffc82064e26ac3363cf9211b47f979d8fcc5	100644	6f42ffc82064e26ac3363cf9211b47f979d8fcc5	retained_exact	-	-	source mode/blob equals target mode/blob	-
B0	baseline	2e9da09bd163ca128e3cd2f4c91ef61ceec2fc2f	df9fc18b9f1a8374d72fa071c2b9c1e61e0010d1	T4003	4003c548a314246d8c46516c4033fa5602e19c4b	assembled Spark candidate	A	evidence/rv26-20260910/q01/lifecycle-red.log	100644	ac20e1b359534edd660d762691e863beaaccab66	100644	ac20e1b359534edd660d762691e863beaaccab66	retained_exact	-	-	source mode/blob equals target mode/blob	-
B0	baseline	2e9da09bd163ca128e3cd2f4c91ef61ceec2fc2f	df9fc18b9f1a8374d72fa071c2b9c1e61e0010d1	T4003	4003c548a314246d8c46516c4033fa5602e19c4b	assembled Spark candidate	A	evidence/rv26-20260910/q01/lifecycle-service-recheck.log	100644	8d955d655f0479547fe21d946abe9774b1365ffb	100644	8d955d655f0479547fe21d946abe9774b1365ffb	retained_exact	-	-	source mode/blob equals target mode/blob	-
B0	baseline	2e9da09bd163ca128e3cd2f4c91ef61ceec2fc2f	df9fc18b9f1a8374d72fa071c2b9c1e61e0010d1	T4003	4003c548a314246d8c46516c4033fa5602e19c4b	assembled Spark candidate	A	evidence/rv26-20260910/q01/manifest.json	100644	1bc48bf5b82543d6f555b0c4c35d25b3494f5a1c	100644	1bc48bf5b82543d6f555b0c4c35d25b3494f5a1c	retained_exact	-	-	source mode/blob equals target mode/blob	-
B0	baseline	2e9da09bd163ca128e3cd2f4c91ef61ceec2fc2f	df9fc18b9f1a8374d72fa071c2b9c1e61e0010d1	T4003	4003c548a314246d8c46516c4033fa5602e19c4b	assembled Spark candidate	A	evidence/rv26-20260910/q01/markdown-read-recheck.log	100644	fe68367a9d032a0ce3a3ef64fdf556967b32dbf4	100644	fe68367a9d032a0ce3a3ef64fdf556967b32dbf4	retained_exact	-	-	source mode/blob equals target mode/blob	-
B0	baseline	2e9da09bd163ca128e3cd2f4c91ef61ceec2fc2f	df9fc18b9f1a8374d72fa071c2b9c1e61e0010d1	T4003	4003c548a314246d8c46516c4033fa5602e19c4b	assembled Spark candidate	A	evidence/rv26-20260910/q01/restart-recheck.log	100644	ae7a9970af837a673b2c0e92920acf6ec0bf4c53	100644	ae7a9970af837a673b2c0e92920acf6ec0bf4c53	retained_exact	-	-	source mode/blob equals target mode/blob	-
B0	baseline	2e9da09bd163ca128e3cd2f4c91ef61ceec2fc2f	df9fc18b9f1a8374d72fa071c2b9c1e61e0010d1	T4003	4003c548a314246d8c46516c4033fa5602e19c4b	assembled Spark candidate	A	evidence/rv26-20260910/q01/smoke-final.log	100644	94693eb2daccc61842c4c1351d2287f484615702	100644	94693eb2daccc61842c4c1351d2287f484615702	retained_exact	-	-	source mode/blob equals target mode/blob	-
B0	baseline	2e9da09bd163ca128e3cd2f4c91ef61ceec2fc2f	df9fc18b9f1a8374d72fa071c2b9c1e61e0010d1	T4003	4003c548a314246d8c46516c4033fa5602e19c4b	assembled Spark candidate	A	evidence/rv26-20260910/q01/smoke.log	100644	94693eb2daccc61842c4c1351d2287f484615702	100644	94693eb2daccc61842c4c1351d2287f484615702	retained_exact	-	-	source mode/blob equals target mode/blob	-
B0	baseline	2e9da09bd163ca128e3cd2f4c91ef61ceec2fc2f	df9fc18b9f1a8374d72fa071c2b9c1e61e0010d1	T4003	4003c548a314246d8c46516c4033fa5602e19c4b	assembled Spark candidate	A	evidence/rv26-20260910/worktree-occupancy.txt	100644	271315b1efe4e0a497600ae28a686cf35d5923ff	100644	271315b1efe4e0a497600ae28a686cf35d5923ff	retained_exact	-	-	source mode/blob equals target mode/blob	-
B0	baseline	2e9da09bd163ca128e3cd2f4c91ef61ceec2fc2f	df9fc18b9f1a8374d72fa071c2b9c1e61e0010d1	T4003	4003c548a314246d8c46516c4033fa5602e19c4b	assembled Spark candidate	A	evidence/rv26-q02-20260910/README.md	100644	17183be2eac60a88959a93a64d65cb5920bea8fc	100644	17183be2eac60a88959a93a64d65cb5920bea8fc	retained_exact	-	-	source mode/blob equals target mode/blob	-
B0	baseline	2e9da09bd163ca128e3cd2f4c91ef61ceec2fc2f	df9fc18b9f1a8374d72fa071c2b9c1e61e0010d1	T4003	4003c548a314246d8c46516c4033fa5602e19c4b	assembled Spark candidate	A	evidence/rv26-q02-20260910/SHA256SUMS	100644	3b613dea5b066b46bd95da18af8c4ab3004c9de1	100644	3b613dea5b066b46bd95da18af8c4ab3004c9de1	retained_exact	-	-	source mode/blob equals target mode/blob	-
B0	baseline	2e9da09bd163ca128e3cd2f4c91ef61ceec2fc2f	df9fc18b9f1a8374d72fa071c2b9c1e61e0010d1	T4003	4003c548a314246d8c46516c4033fa5602e19c4b	assembled Spark candidate	A	evidence/rv26-q02-20260910/author-full-551-of-553.log	100644	3e4fbe37a4581693e70771d3465322c5f13ecf39	100644	3e4fbe37a4581693e70771d3465322c5f13ecf39	retained_exact	-	-	source mode/blob equals target mode/blob	-
B0	baseline	2e9da09bd163ca128e3cd2f4c91ef61ceec2fc2f	df9fc18b9f1a8374d72fa071c2b9c1e61e0010d1	T4003	4003c548a314246d8c46516c4033fa5602e19c4b	assembled Spark candidate	A	evidence/rv26-q02-20260910/author-full-initial-incomplete.log	100644	f14abf9c66c175b70a3160cfc19ee269d4a8c7d8	100644	f14abf9c66c175b70a3160cfc19ee269d4a8c7d8	retained_exact	-	-	source mode/blob equals target mode/blob	-
B0	baseline	2e9da09bd163ca128e3cd2f4c91ef61ceec2fc2f	df9fc18b9f1a8374d72fa071c2b9c1e61e0010d1	T4003	4003c548a314246d8c46516c4033fa5602e19c4b	assembled Spark candidate	A	evidence/rv26-q02-20260910/author-migration-portable.log	100644	1fcdbac94c15b46f4b48e9140555539eb7a520e8	100644	1fcdbac94c15b46f4b48e9140555539eb7a520e8	retained_exact	-	-	source mode/blob equals target mode/blob	-
B0	baseline	2e9da09bd163ca128e3cd2f4c91ef61ceec2fc2f	df9fc18b9f1a8374d72fa071c2b9c1e61e0010d1	T4003	4003c548a314246d8c46516c4033fa5602e19c4b	assembled Spark candidate	A	evidence/rv26-q02-20260910/author-provider-existing.log	100644	855b8b87ae12a5baa4a1096df8ddb498cace685b	100644	855b8b87ae12a5baa4a1096df8ddb498cace685b	retained_exact	-	-	source mode/blob equals target mode/blob	-
B0	baseline	2e9da09bd163ca128e3cd2f4c91ef61ceec2fc2f	df9fc18b9f1a8374d72fa071c2b9c1e61e0010d1	T4003	4003c548a314246d8c46516c4033fa5602e19c4b	assembled Spark candidate	A	evidence/rv26-q02-20260910/author-q02-focused.log	100644	021857b5722cf53defd3d20f7f1516148adb4c71	100644	021857b5722cf53defd3d20f7f1516148adb4c71	retained_exact	-	-	source mode/blob equals target mode/blob	-
B0	baseline	2e9da09bd163ca128e3cd2f4c91ef61ceec2fc2f	df9fc18b9f1a8374d72fa071c2b9c1e61e0010d1	T4003	4003c548a314246d8c46516c4033fa5602e19c4b	assembled Spark candidate	A	evidence/rv26-q02-20260910/author-smoke.log	100644	d0aa2f0bae8fba4f7021f50669cfe01fec5a6369	100644	d0aa2f0bae8fba4f7021f50669cfe01fec5a6369	retained_exact	-	-	source mode/blob equals target mode/blob	-
B0	baseline	2e9da09bd163ca128e3cd2f4c91ef61ceec2fc2f	df9fc18b9f1a8374d72fa071c2b9c1e61e0010d1	T4003	4003c548a314246d8c46516c4033fa5602e19c4b	assembled Spark candidate	A	evidence/rv26-q02-20260910/author-summary-fixture-2-of-2.log	100644	2038c923e4504ef762bbcf668fd74a2b267d3a83	100644	2038c923e4504ef762bbcf668fd74a2b267d3a83	retained_exact	-	-	source mode/blob equals target mode/blob	-
B0	baseline	2e9da09bd163ca128e3cd2f4c91ef61ceec2fc2f	df9fc18b9f1a8374d72fa071c2b9c1e61e0010d1	T4003	4003c548a314246d8c46516c4033fa5602e19c4b	assembled Spark candidate	A	evidence/rv26-q02-20260910/doc-links.log	100644	811ff798fcdcb8f5f6d75813a40fe2075c472905	100644	811ff798fcdcb8f5f6d75813a40fe2075c472905	retained_exact	-	-	source mode/blob equals target mode/blob	-
B0	baseline	2e9da09bd163ca128e3cd2f4c91ef61ceec2fc2f	df9fc18b9f1a8374d72fa071c2b9c1e61e0010d1	T4003	4003c548a314246d8c46516c4033fa5602e19c4b	assembled Spark candidate	A	evidence/rv26-q02-20260910/independent-edge-loader-initial-failure.log	100644	1c9e598863680233f6a3da594f811d05c907c5fb	100644	1c9e598863680233f6a3da594f811d05c907c5fb	retained_exact	-	-	source mode/blob equals target mode/blob	-
B0	baseline	2e9da09bd163ca128e3cd2f4c91ef61ceec2fc2f	df9fc18b9f1a8374d72fa071c2b9c1e61e0010d1	T4003	4003c548a314246d8c46516c4033fa5602e19c4b	assembled Spark candidate	A	evidence/rv26-q02-20260910/independent-edges-initial.log	100644	2889a97212aac5869b087fe161dc7b6bdde51046	100644	2889a97212aac5869b087fe161dc7b6bdde51046	retained_exact	-	-	source mode/blob equals target mode/blob	-
B0	baseline	2e9da09bd163ca128e3cd2f4c91ef61ceec2fc2f	df9fc18b9f1a8374d72fa071c2b9c1e61e0010d1	T4003	4003c548a314246d8c46516c4033fa5602e19c4b	assembled Spark candidate	A	evidence/rv26-q02-20260910/independent-edges.log	100644	368ade0b5a8425b2db7eed9da9cda5fd7965a11c	100644	368ade0b5a8425b2db7eed9da9cda5fd7965a11c	retained_exact	-	-	source mode/blob equals target mode/blob	-
B0	baseline	2e9da09bd163ca128e3cd2f4c91ef61ceec2fc2f	df9fc18b9f1a8374d72fa071c2b9c1e61e0010d1	T4003	4003c548a314246d8c46516c4033fa5602e19c4b	assembled Spark candidate	A	evidence/rv26-q02-20260910/independent-migration.log	100644	3bafeb27ffbc0ee1c84df2450a6603cc4745cc98	100644	3bafeb27ffbc0ee1c84df2450a6603cc4745cc98	retained_exact	-	-	source mode/blob equals target mode/blob	-
B0	baseline	2e9da09bd163ca128e3cd2f4c91ef61ceec2fc2f	df9fc18b9f1a8374d72fa071c2b9c1e61e0010d1	T4003	4003c548a314246d8c46516c4033fa5602e19c4b	assembled Spark candidate	A	evidence/rv26-q02-20260910/independent-provider.log	100644	346de8713de02b2ecb59dc38a8aa763911ad892a	100644	346de8713de02b2ecb59dc38a8aa763911ad892a	retained_exact	-	-	source mode/blob equals target mode/blob	-
B0	baseline	2e9da09bd163ca128e3cd2f4c91ef61ceec2fc2f	df9fc18b9f1a8374d72fa071c2b9c1e61e0010d1	T4003	4003c548a314246d8c46516c4033fa5602e19c4b	assembled Spark candidate	A	evidence/rv26-q02-20260910/independent-roundtrip.log	100644	92f860c20838398f4530d764522a4a1b47e9d6cc	100644	92f860c20838398f4530d764522a4a1b47e9d6cc	retained_exact	-	-	source mode/blob equals target mode/blob	-
B0	baseline	2e9da09bd163ca128e3cd2f4c91ef61ceec2fc2f	df9fc18b9f1a8374d72fa071c2b9c1e61e0010d1	T4003	4003c548a314246d8c46516c4033fa5602e19c4b	assembled Spark candidate	A	evidence/rv26-q02-20260910/independent-summary-fixture.log	100644	d56e5e76bd2997ffeb0542942eb871a19ca94d5e	100644	d56e5e76bd2997ffeb0542942eb871a19ca94d5e	retained_exact	-	-	source mode/blob equals target mode/blob	-
B0	baseline	2e9da09bd163ca128e3cd2f4c91ef61ceec2fc2f	df9fc18b9f1a8374d72fa071c2b9c1e61e0010d1	T4003	4003c548a314246d8c46516c4033fa5602e19c4b	assembled Spark candidate	A	evidence/rv26-q02-20260910/receipt.json	100644	2e03e9f9f4f24f579463b38a4e8a3f6d42572be1	100644	2e03e9f9f4f24f579463b38a4e8a3f6d42572be1	retained_exact	-	-	source mode/blob equals target mode/blob	-
B0	baseline	2e9da09bd163ca128e3cd2f4c91ef61ceec2fc2f	df9fc18b9f1a8374d72fa071c2b9c1e61e0010d1	T4003	4003c548a314246d8c46516c4033fa5602e19c4b	assembled Spark candidate	A	evidence/rv26-q02-independent/edge-check.mjs	100644	a26dc01a087107d06d31a8420c2c263dba0ef42c	100644	a26dc01a087107d06d31a8420c2c263dba0ef42c	retained_exact	-	-	source mode/blob equals target mode/blob	-
B0	baseline	2e9da09bd163ca128e3cd2f4c91ef61ceec2fc2f	df9fc18b9f1a8374d72fa071c2b9c1e61e0010d1	T4003	4003c548a314246d8c46516c4033fa5602e19c4b	assembled Spark candidate	A	evidence/skin-boundary-sk2-20260910/README.md	100644	16379fe06ef03bbe31a30b61e2275646b8dcfd97	100644	16379fe06ef03bbe31a30b61e2275646b8dcfd97	retained_exact	-	-	source mode/blob equals target mode/blob	-
B0	baseline	2e9da09bd163ca128e3cd2f4c91ef61ceec2fc2f	df9fc18b9f1a8374d72fa071c2b9c1e61e0010d1	T4003	4003c548a314246d8c46516c4033fa5602e19c4b	assembled Spark candidate	A	evidence/skin-boundary-sk2-20260910/appearance-dark-1280.png	100644	6d514ac44a7e79a46a706091e40033740868c9cc	100644	6d514ac44a7e79a46a706091e40033740868c9cc	retained_exact	-	-	source mode/blob equals target mode/blob	-
B0	baseline	2e9da09bd163ca128e3cd2f4c91ef61ceec2fc2f	df9fc18b9f1a8374d72fa071c2b9c1e61e0010d1	T4003	4003c548a314246d8c46516c4033fa5602e19c4b	assembled Spark candidate	A	evidence/skin-boundary-sk2-20260910/appearance-dark-1440.png	100644	e7b0e34bef339d5a7878fdaf57b8097ea40284eb	100644	e7b0e34bef339d5a7878fdaf57b8097ea40284eb	retained_exact	-	-	source mode/blob equals target mode/blob	-
B0	baseline	2e9da09bd163ca128e3cd2f4c91ef61ceec2fc2f	df9fc18b9f1a8374d72fa071c2b9c1e61e0010d1	T4003	4003c548a314246d8c46516c4033fa5602e19c4b	assembled Spark candidate	A	evidence/skin-boundary-sk2-20260910/appearance-dark-390.png	100644	e69870007a28048653363eeaec94b3e6a387227b	100644	e69870007a28048653363eeaec94b3e6a387227b	retained_exact	-	-	source mode/blob equals target mode/blob	-
B0	baseline	2e9da09bd163ca128e3cd2f4c91ef61ceec2fc2f	df9fc18b9f1a8374d72fa071c2b9c1e61e0010d1	T4003	4003c548a314246d8c46516c4033fa5602e19c4b	assembled Spark candidate	A	evidence/skin-boundary-sk2-20260910/appearance-light-1280.png	100644	8c4ad2935daa082cd33b5d7544bbb40356ceacf5	100644	8c4ad2935daa082cd33b5d7544bbb40356ceacf5	retained_exact	-	-	source mode/blob equals target mode/blob	-
B0	baseline	2e9da09bd163ca128e3cd2f4c91ef61ceec2fc2f	df9fc18b9f1a8374d72fa071c2b9c1e61e0010d1	T4003	4003c548a314246d8c46516c4033fa5602e19c4b	assembled Spark candidate	A	evidence/skin-boundary-sk2-20260910/appearance-light-1440.png	100644	cbac9f98d6c5c598896d0c096d2dc26ebd544e16	100644	cbac9f98d6c5c598896d0c096d2dc26ebd544e16	retained_exact	-	-	source mode/blob equals target mode/blob	-
B0	baseline	2e9da09bd163ca128e3cd2f4c91ef61ceec2fc2f	df9fc18b9f1a8374d72fa071c2b9c1e61e0010d1	T4003	4003c548a314246d8c46516c4033fa5602e19c4b	assembled Spark candidate	A	evidence/skin-boundary-sk2-20260910/appearance-light-390.png	100644	b49e58ef771baf1b6892f8e41e5eb85e100f3b51	100644	b49e58ef771baf1b6892f8e41e5eb85e100f3b51	retained_exact	-	-	source mode/blob equals target mode/blob	-
B0	baseline	2e9da09bd163ca128e3cd2f4c91ef61ceec2fc2f	df9fc18b9f1a8374d72fa071c2b9c1e61e0010d1	T4003	4003c548a314246d8c46516c4033fa5602e19c4b	assembled Spark candidate	A	evidence/skin-boundary-sk2-20260910/browser.mjs	100644	dbcfb204a98f3d3ebef2f7815325dec110197b7c	100644	dbcfb204a98f3d3ebef2f7815325dec110197b7c	retained_exact	-	-	source mode/blob equals target mode/blob	-
B0	baseline	2e9da09bd163ca128e3cd2f4c91ef61ceec2fc2f	df9fc18b9f1a8374d72fa071c2b9c1e61e0010d1	T4003	4003c548a314246d8c46516c4033fa5602e19c4b	assembled Spark candidate	A	evidence/skin-boundary-sk2-20260910/checks-editor.mjs	100644	4194a729cbe6eac4ad5b5c7c49d83bbfe9554a6d	100644	4194a729cbe6eac4ad5b5c7c49d83bbfe9554a6d	retained_exact	-	-	source mode/blob equals target mode/blob	-
B0	baseline	2e9da09bd163ca128e3cd2f4c91ef61ceec2fc2f	df9fc18b9f1a8374d72fa071c2b9c1e61e0010d1	T4003	4003c548a314246d8c46516c4033fa5602e19c4b	assembled Spark candidate	A	evidence/skin-boundary-sk2-20260910/checks-layout.mjs	100644	10f463fd5ea1075efe11109a81e4c16991ad26e0	100644	10f463fd5ea1075efe11109a81e4c16991ad26e0	retained_exact	-	-	source mode/blob equals target mode/blob	-
B0	baseline	2e9da09bd163ca128e3cd2f4c91ef61ceec2fc2f	df9fc18b9f1a8374d72fa071c2b9c1e61e0010d1	T4003	4003c548a314246d8c46516c4033fa5602e19c4b	assembled Spark candidate	A	evidence/skin-boundary-sk2-20260910/checks-policy.mjs	100644	ced16382a1e014a300a5c8040f48c4c55d83f600	100644	ced16382a1e014a300a5c8040f48c4c55d83f600	retained_exact	-	-	source mode/blob equals target mode/blob	-
B0	baseline	2e9da09bd163ca128e3cd2f4c91ef61ceec2fc2f	df9fc18b9f1a8374d72fa071c2b9c1e61e0010d1	T4003	4003c548a314246d8c46516c4033fa5602e19c4b	assembled Spark candidate	A	evidence/skin-boundary-sk2-20260910/contrast.md	100644	217ce24b40cda7f668133ece2c2a24b4d7278562	100644	217ce24b40cda7f668133ece2c2a24b4d7278562	retained_exact	-	-	source mode/blob equals target mode/blob	-
B0	baseline	2e9da09bd163ca128e3cd2f4c91ef61ceec2fc2f	df9fc18b9f1a8374d72fa071c2b9c1e61e0010d1	T4003	4003c548a314246d8c46516c4033fa5602e19c4b	assembled Spark candidate	A	evidence/skin-boundary-sk2-20260910/editor-browser.json	100644	a8a0ede48f944c1edf17b1eedab7856bdf7042c4	100644	a8a0ede48f944c1edf17b1eedab7856bdf7042c4	retained_exact	-	-	source mode/blob equals target mode/blob	-
B0	baseline	2e9da09bd163ca128e3cd2f4c91ef61ceec2fc2f	df9fc18b9f1a8374d72fa071c2b9c1e61e0010d1	T4003	4003c548a314246d8c46516c4033fa5602e19c4b	assembled Spark candidate	A	evidence/skin-boundary-sk2-20260910/editor-dark-1280.png	100644	11b9e997d8bd9d7ac5559b41a9eaad61686498bf	100644	11b9e997d8bd9d7ac5559b41a9eaad61686498bf	retained_exact	-	-	source mode/blob equals target mode/blob	-
B0	baseline	2e9da09bd163ca128e3cd2f4c91ef61ceec2fc2f	df9fc18b9f1a8374d72fa071c2b9c1e61e0010d1	T4003	4003c548a314246d8c46516c4033fa5602e19c4b	assembled Spark candidate	A	evidence/skin-boundary-sk2-20260910/editor-dark-1440.png	100644	6ad9ae1c3051378208a7adfad065c27757ca184a	100644	6ad9ae1c3051378208a7adfad065c27757ca184a	retained_exact	-	-	source mode/blob equals target mode/blob	-
B0	baseline	2e9da09bd163ca128e3cd2f4c91ef61ceec2fc2f	df9fc18b9f1a8374d72fa071c2b9c1e61e0010d1	T4003	4003c548a314246d8c46516c4033fa5602e19c4b	assembled Spark candidate	A	evidence/skin-boundary-sk2-20260910/editor-dark-390.png	100644	c1495ae528f902bb6067632e0b430447e17acbc6	100644	c1495ae528f902bb6067632e0b430447e17acbc6	retained_exact	-	-	source mode/blob equals target mode/blob	-
B0	baseline	2e9da09bd163ca128e3cd2f4c91ef61ceec2fc2f	df9fc18b9f1a8374d72fa071c2b9c1e61e0010d1	T4003	4003c548a314246d8c46516c4033fa5602e19c4b	assembled Spark candidate	A	evidence/skin-boundary-sk2-20260910/editor-forced-colors.png	100644	fa24099bc4cae6faf1bef6726631852a536c491d	100644	fa24099bc4cae6faf1bef6726631852a536c491d	retained_exact	-	-	source mode/blob equals target mode/blob	-
B0	baseline	2e9da09bd163ca128e3cd2f4c91ef61ceec2fc2f	df9fc18b9f1a8374d72fa071c2b9c1e61e0010d1	T4003	4003c548a314246d8c46516c4033fa5602e19c4b	assembled Spark candidate	A	evidence/skin-boundary-sk2-20260910/editor-light-1280.png	100644	3bc00db91375fd19edcd440c3aa0bb6ea42b824f	100644	3bc00db91375fd19edcd440c3aa0bb6ea42b824f	retained_exact	-	-	source mode/blob equals target mode/blob	-
B0	baseline	2e9da09bd163ca128e3cd2f4c91ef61ceec2fc2f	df9fc18b9f1a8374d72fa071c2b9c1e61e0010d1	T4003	4003c548a314246d8c46516c4033fa5602e19c4b	assembled Spark candidate	A	evidence/skin-boundary-sk2-20260910/editor-light-1440.png	100644	831b63d47a530c1016b09e723cd13535243aa868	100644	831b63d47a530c1016b09e723cd13535243aa868	retained_exact	-	-	source mode/blob equals target mode/blob	-
B0	baseline	2e9da09bd163ca128e3cd2f4c91ef61ceec2fc2f	df9fc18b9f1a8374d72fa071c2b9c1e61e0010d1	T4003	4003c548a314246d8c46516c4033fa5602e19c4b	assembled Spark candidate	A	evidence/skin-boundary-sk2-20260910/editor-light-390.png	100644	417811ba969878219b46c1df7985c354a8797e95	100644	417811ba969878219b46c1df7985c354a8797e95	retained_exact	-	-	source mode/blob equals target mode/blob	-
B0	baseline	2e9da09bd163ca128e3cd2f4c91ef61ceec2fc2f	df9fc18b9f1a8374d72fa071c2b9c1e61e0010d1	T4003	4003c548a314246d8c46516c4033fa5602e19c4b	assembled Spark candidate	A	evidence/skin-boundary-sk2-20260910/editor-zoom-200.png	100644	186d18e8645ba004e4da95cc4836f828006ed7b7	100644	186d18e8645ba004e4da95cc4836f828006ed7b7	retained_exact	-	-	source mode/blob equals target mode/blob	-
B0	baseline	2e9da09bd163ca128e3cd2f4c91ef61ceec2fc2f	df9fc18b9f1a8374d72fa071c2b9c1e61e0010d1	T4003	4003c548a314246d8c46516c4033fa5602e19c4b	assembled Spark candidate	A	evidence/skin-boundary-sk2-20260910/layout-browser.json	100644	7025cbb7d266b9f07e2df9bc564bb9e45f28e876	100644	7025cbb7d266b9f07e2df9bc564bb9e45f28e876	retained_exact	-	-	source mode/blob equals target mode/blob	-
B0	baseline	2e9da09bd163ca128e3cd2f4c91ef61ceec2fc2f	df9fc18b9f1a8374d72fa071c2b9c1e61e0010d1	T4003	4003c548a314246d8c46516c4033fa5602e19c4b	assembled Spark candidate	A	evidence/skin-boundary-sk2-20260910/policy-browser.json	100644	c3155b1587c30d27122f35236bc2d1c0ffdc5807	100644	c3155b1587c30d27122f35236bc2d1c0ffdc5807	retained_exact	-	-	source mode/blob equals target mode/blob	-
B0	baseline	2e9da09bd163ca128e3cd2f4c91ef61ceec2fc2f	df9fc18b9f1a8374d72fa071c2b9c1e61e0010d1	T4003	4003c548a314246d8c46516c4033fa5602e19c4b	assembled Spark candidate	A	evidence/skin-boundary-sk2-20260910/tests.log	100644	7341eff4d2104d7ee18a58f56ffccf01bd7c27c6	100644	7341eff4d2104d7ee18a58f56ffccf01bd7c27c6	retained_exact	-	-	source mode/blob equals target mode/blob	-
B0	baseline	2e9da09bd163ca128e3cd2f4c91ef61ceec2fc2f	df9fc18b9f1a8374d72fa071c2b9c1e61e0010d1	T4003	4003c548a314246d8c46516c4033fa5602e19c4b	assembled Spark candidate	A	evidence/skin-review-sk1-20260910/README.md	100644	d7f91c3e13116960817abcd52b3942cbb1c5693d	100644	d7f91c3e13116960817abcd52b3942cbb1c5693d	retained_exact	-	-	source mode/blob equals target mode/blob	-
B0	baseline	2e9da09bd163ca128e3cd2f4c91ef61ceec2fc2f	df9fc18b9f1a8374d72fa071c2b9c1e61e0010d1	T4003	4003c548a314246d8c46516c4033fa5602e19c4b	assembled Spark candidate	A	evidence/skin-review-sk1-20260910/browser.json	100644	7abbc4f956bfba110d9886aae203e62203ca4fbb	100644	7abbc4f956bfba110d9886aae203e62203ca4fbb	retained_exact	-	-	source mode/blob equals target mode/blob	-
B0	baseline	2e9da09bd163ca128e3cd2f4c91ef61ceec2fc2f	df9fc18b9f1a8374d72fa071c2b9c1e61e0010d1	T4003	4003c548a314246d8c46516c4033fa5602e19c4b	assembled Spark candidate	A	evidence/skin-review-sk1-20260910/browser.mjs	100644	ab4b6c427f019d98cb261ddf0b35671570b53b27	100644	ab4b6c427f019d98cb261ddf0b35671570b53b27	retained_exact	-	-	source mode/blob equals target mode/blob	-
B0	baseline	2e9da09bd163ca128e3cd2f4c91ef61ceec2fc2f	df9fc18b9f1a8374d72fa071c2b9c1e61e0010d1	T4003	4003c548a314246d8c46516c4033fa5602e19c4b	assembled Spark candidate	A	evidence/skin-review-sk1-20260910/contrast.md	100644	2aeb8b4c1d3f969e47769542f90da63b40210429	100644	2aeb8b4c1d3f969e47769542f90da63b40210429	retained_exact	-	-	source mode/blob equals target mode/blob	-
B0	baseline	2e9da09bd163ca128e3cd2f4c91ef61ceec2fc2f	df9fc18b9f1a8374d72fa071c2b9c1e61e0010d1	T4003	4003c548a314246d8c46516c4033fa5602e19c4b	assembled Spark candidate	A	evidence/skin-review-sk1-20260910/tests.log	100644	52b9545e0af4fe6d4cb661948bd31dbf86d8c443	100644	52b9545e0af4fe6d4cb661948bd31dbf86d8c443	retained_exact	-	-	source mode/blob equals target mode/blob	-
B0	baseline	2e9da09bd163ca128e3cd2f4c91ef61ceec2fc2f	df9fc18b9f1a8374d72fa071c2b9c1e61e0010d1	T4003	4003c548a314246d8c46516c4033fa5602e19c4b	assembled Spark candidate	M	tools/contrast-report.mjs	100644	9b6da350c81c0586bcff161fff0b6dd8d0a383a4	100644	9b6da350c81c0586bcff161fff0b6dd8d0a383a4	retained_exact	-	-	source mode/blob equals target mode/blob	-
I1	icon	df9fc18b9f1a8374d72fa071c2b9c1e61e0010d1	e2ab3f5ef106b6bcbbbb5a7574282a40904d3faf	T055	055cffcbc18eb26d15f3818aada50b82a4bd0fa8	accepted ATT/material HEAD	M	app/tests/static-web-manifest.test.mjs	100644	eebfe052536fd8a20e17ef076f7b607e948419ed	100644	eebfe052536fd8a20e17ef076f7b607e948419ed	retained_exact	-	-	source mode/blob equals target mode/blob	-
I1	icon	df9fc18b9f1a8374d72fa071c2b9c1e61e0010d1	e2ab3f5ef106b6bcbbbb5a7574282a40904d3faf	T055	055cffcbc18eb26d15f3818aada50b82a4bd0fa8	accepted ATT/material HEAD	M	app/web/vendor/LICENSES.txt	100644	45dfe2ce94a0c972b34b24b37d6b5226c655fb16	100644	45dfe2ce94a0c972b34b24b37d6b5226c655fb16	retained_exact	-	-	source mode/blob equals target mode/blob	-
I1	icon	df9fc18b9f1a8374d72fa071c2b9c1e61e0010d1	e2ab3f5ef106b6bcbbbb5a7574282a40904d3faf	T055	055cffcbc18eb26d15f3818aada50b82a4bd0fa8	accepted ATT/material HEAD	M	app/web/vendor/icons.svg	100644	33f899a1068446106f5fbf0205ad56228b531b2e	100644	33f899a1068446106f5fbf0205ad56228b531b2e	retained_exact	-	-	source mode/blob equals target mode/blob	-
I1	icon	df9fc18b9f1a8374d72fa071c2b9c1e61e0010d1	e2ab3f5ef106b6bcbbbb5a7574282a40904d3faf	T055	055cffcbc18eb26d15f3818aada50b82a4bd0fa8	accepted ATT/material HEAD	M	app/web/vendor/manifest.json	100644	240fe252c00cd5409589fb68d43ac41e99e54725	100644	240fe252c00cd5409589fb68d43ac41e99e54725	retained_exact	-	-	source mode/blob equals target mode/blob	-
I1	icon	df9fc18b9f1a8374d72fa071c2b9c1e61e0010d1	e2ab3f5ef106b6bcbbbb5a7574282a40904d3faf	T055	055cffcbc18eb26d15f3818aada50b82a4bd0fa8	accepted ATT/material HEAD	M	engineering/current.md	100644	433dce416cecff7129f9ba030f9be1783ecca5bb	100644	433dce416cecff7129f9ba030f9be1783ecca5bb	retained_exact	-	-	source mode/blob equals target mode/blob	-
I1	icon	df9fc18b9f1a8374d72fa071c2b9c1e61e0010d1	e2ab3f5ef106b6bcbbbb5a7574282a40904d3faf	T055	055cffcbc18eb26d15f3818aada50b82a4bd0fa8	accepted ATT/material HEAD	M	engineering/design/atlas/README.md	100644	9e39963827eb41443b27761abd1cc718e160bb9a	100644	9e39963827eb41443b27761abd1cc718e160bb9a	retained_exact	-	-	source mode/blob equals target mode/blob	-
I1	icon	df9fc18b9f1a8374d72fa071c2b9c1e61e0010d1	e2ab3f5ef106b6bcbbbb5a7574282a40904d3faf	T055	055cffcbc18eb26d15f3818aada50b82a4bd0fa8	accepted ATT/material HEAD	M	engineering/design/icon-controls.md	100644	de97d4a9817e7575e18a640970d87f89f2d6cf42	100644	de97d4a9817e7575e18a640970d87f89f2d6cf42	retained_exact	-	-	source mode/blob equals target mode/blob	-
I1	icon	df9fc18b9f1a8374d72fa071c2b9c1e61e0010d1	e2ab3f5ef106b6bcbbbb5a7574282a40904d3faf	T055	055cffcbc18eb26d15f3818aada50b82a4bd0fa8	accepted ATT/material HEAD	A	engineering/design/icon-specimen/README.md	100644	1f6f5ed4bd9107f45df92d7aa4453e56fd22de7f	100644	1f6f5ed4bd9107f45df92d7aa4453e56fd22de7f	retained_exact	-	-	source mode/blob equals target mode/blob	-
I1	icon	df9fc18b9f1a8374d72fa071c2b9c1e61e0010d1	e2ab3f5ef106b6bcbbbb5a7574282a40904d3faf	T055	055cffcbc18eb26d15f3818aada50b82a4bd0fa8	accepted ATT/material HEAD	A	engineering/design/icon-specimen/assets/lucide/LICENSE	100644	718bb3f0e44153809972abed31839375804bf652	100644	718bb3f0e44153809972abed31839375804bf652	retained_exact	-	-	source mode/blob equals target mode/blob	-
I1	icon	df9fc18b9f1a8374d72fa071c2b9c1e61e0010d1	e2ab3f5ef106b6bcbbbb5a7574282a40904d3faf	T055	055cffcbc18eb26d15f3818aada50b82a4bd0fa8	accepted ATT/material HEAD	A	engineering/design/icon-specimen/assets/lucide/activity.svg	100644	629b81c9fd020f3afec659daa5c9c7e5a1d07445	100644	629b81c9fd020f3afec659daa5c9c7e5a1d07445	retained_exact	-	-	source mode/blob equals target mode/blob	-
I1	icon	df9fc18b9f1a8374d72fa071c2b9c1e61e0010d1	e2ab3f5ef106b6bcbbbb5a7574282a40904d3faf	T055	055cffcbc18eb26d15f3818aada50b82a4bd0fa8	accepted ATT/material HEAD	A	engineering/design/icon-specimen/assets/lucide/arrow-down.svg	100644	3244b63e3147e5e8b359f20458106bc74572d331	100644	3244b63e3147e5e8b359f20458106bc74572d331	retained_exact	-	-	source mode/blob equals target mode/blob	-
I1	icon	df9fc18b9f1a8374d72fa071c2b9c1e61e0010d1	e2ab3f5ef106b6bcbbbb5a7574282a40904d3faf	T055	055cffcbc18eb26d15f3818aada50b82a4bd0fa8	accepted ATT/material HEAD	A	engineering/design/icon-specimen/assets/lucide/arrow-up.svg	100644	50a81cb370d77bccdab4e91c1aeff36b763cdfbf	100644	50a81cb370d77bccdab4e91c1aeff36b763cdfbf	retained_exact	-	-	source mode/blob equals target mode/blob	-
I1	icon	df9fc18b9f1a8374d72fa071c2b9c1e61e0010d1	e2ab3f5ef106b6bcbbbb5a7574282a40904d3faf	T055	055cffcbc18eb26d15f3818aada50b82a4bd0fa8	accepted ATT/material HEAD	A	engineering/design/icon-specimen/assets/lucide/chevron-down.svg	100644	e70d30b88399a721cd5d20d0d26756608cf8c42b	100644	e70d30b88399a721cd5d20d0d26756608cf8c42b	retained_exact	-	-	source mode/blob equals target mode/blob	-
I1	icon	df9fc18b9f1a8374d72fa071c2b9c1e61e0010d1	e2ab3f5ef106b6bcbbbb5a7574282a40904d3faf	T055	055cffcbc18eb26d15f3818aada50b82a4bd0fa8	accepted ATT/material HEAD	A	engineering/design/icon-specimen/assets/lucide/chevron-right.svg	100644	db62a0c20181edd6173722b2a483e0b85e30f240	100644	db62a0c20181edd6173722b2a483e0b85e30f240	retained_exact	-	-	source mode/blob equals target mode/blob	-
I1	icon	df9fc18b9f1a8374d72fa071c2b9c1e61e0010d1	e2ab3f5ef106b6bcbbbb5a7574282a40904d3faf	T055	055cffcbc18eb26d15f3818aada50b82a4bd0fa8	accepted ATT/material HEAD	A	engineering/design/icon-specimen/assets/lucide/copy.svg	100644	f62ce99c1f34989a5f70cd15192f8adf9140f4ed	100644	f62ce99c1f34989a5f70cd15192f8adf9140f4ed	retained_exact	-	-	source mode/blob equals target mode/blob	-
I1	icon	df9fc18b9f1a8374d72fa071c2b9c1e61e0010d1	e2ab3f5ef106b6bcbbbb5a7574282a40904d3faf	T055	055cffcbc18eb26d15f3818aada50b82a4bd0fa8	accepted ATT/material HEAD	A	engineering/design/icon-specimen/assets/lucide/external-link.svg	100644	a73a9ba286ebaac4c7fc65bf9303a2fb9624ae76	100644	a73a9ba286ebaac4c7fc65bf9303a2fb9624ae76	retained_exact	-	-	source mode/blob equals target mode/blob	-
I1	icon	df9fc18b9f1a8374d72fa071c2b9c1e61e0010d1	e2ab3f5ef106b6bcbbbb5a7574282a40904d3faf	T055	055cffcbc18eb26d15f3818aada50b82a4bd0fa8	accepted ATT/material HEAD	A	engineering/design/icon-specimen/assets/lucide/file-text.svg	100644	67dc5b9d1a07a1b501ba87d62563b914c059096e	100644	67dc5b9d1a07a1b501ba87d62563b914c059096e	retained_exact	-	-	source mode/blob equals target mode/blob	-
I1	icon	df9fc18b9f1a8374d72fa071c2b9c1e61e0010d1	e2ab3f5ef106b6bcbbbb5a7574282a40904d3faf	T055	055cffcbc18eb26d15f3818aada50b82a4bd0fa8	accepted ATT/material HEAD	A	engineering/design/icon-specimen/assets/lucide/folder.svg	100644	ef69b345f200f1542ad9a2dfca7d41d036910f4b	100644	ef69b345f200f1542ad9a2dfca7d41d036910f4b	retained_exact	-	-	source mode/blob equals target mode/blob	-
I1	icon	df9fc18b9f1a8374d72fa071c2b9c1e61e0010d1	e2ab3f5ef106b6bcbbbb5a7574282a40904d3faf	T055	055cffcbc18eb26d15f3818aada50b82a4bd0fa8	accepted ATT/material HEAD	A	engineering/design/icon-specimen/assets/lucide/house.svg	100644	10e4097e290fdb2f1f919b264bf4e3095348de7c	100644	10e4097e290fdb2f1f919b264bf4e3095348de7c	retained_exact	-	-	source mode/blob equals target mode/blob	-
I1	icon	df9fc18b9f1a8374d72fa071c2b9c1e61e0010d1	e2ab3f5ef106b6bcbbbb5a7574282a40904d3faf	T055	055cffcbc18eb26d15f3818aada50b82a4bd0fa8	accepted ATT/material HEAD	A	engineering/design/icon-specimen/assets/lucide/maximize-2.svg	100644	790d25383b0f59620553f01c06c472be343257f7	100644	790d25383b0f59620553f01c06c472be343257f7	retained_exact	-	-	source mode/blob equals target mode/blob	-
I1	icon	df9fc18b9f1a8374d72fa071c2b9c1e61e0010d1	e2ab3f5ef106b6bcbbbb5a7574282a40904d3faf	T055	055cffcbc18eb26d15f3818aada50b82a4bd0fa8	accepted ATT/material HEAD	A	engineering/design/icon-specimen/assets/lucide/message-square.svg	100644	5044bc7eff0567b1a3aee3242b8f628f88559ff1	100644	5044bc7eff0567b1a3aee3242b8f628f88559ff1	retained_exact	-	-	source mode/blob equals target mode/blob	-
I1	icon	df9fc18b9f1a8374d72fa071c2b9c1e61e0010d1	e2ab3f5ef106b6bcbbbb5a7574282a40904d3faf	T055	055cffcbc18eb26d15f3818aada50b82a4bd0fa8	accepted ATT/material HEAD	A	engineering/design/icon-specimen/assets/lucide/minimize-2.svg	100644	f15d72cd4a08a6f6baa62687c0fac7e647d8b55a	100644	f15d72cd4a08a6f6baa62687c0fac7e647d8b55a	retained_exact	-	-	source mode/blob equals target mode/blob	-
I1	icon	df9fc18b9f1a8374d72fa071c2b9c1e61e0010d1	e2ab3f5ef106b6bcbbbb5a7574282a40904d3faf	T055	055cffcbc18eb26d15f3818aada50b82a4bd0fa8	accepted ATT/material HEAD	A	engineering/design/icon-specimen/assets/lucide/panel-left.svg	100644	60642c396f98cf4ed79689d86b1dc0377e190aa5	100644	60642c396f98cf4ed79689d86b1dc0377e190aa5	retained_exact	-	-	source mode/blob equals target mode/blob	-
I1	icon	df9fc18b9f1a8374d72fa071c2b9c1e61e0010d1	e2ab3f5ef106b6bcbbbb5a7574282a40904d3faf	T055	055cffcbc18eb26d15f3818aada50b82a4bd0fa8	accepted ATT/material HEAD	A	engineering/design/icon-specimen/assets/lucide/panel-right.svg	100644	53ba1e6120eb638530de38ca5b696741dfcaa6ad	100644	53ba1e6120eb638530de38ca5b696741dfcaa6ad	retained_exact	-	-	source mode/blob equals target mode/blob	-
I1	icon	df9fc18b9f1a8374d72fa071c2b9c1e61e0010d1	e2ab3f5ef106b6bcbbbb5a7574282a40904d3faf	T055	055cffcbc18eb26d15f3818aada50b82a4bd0fa8	accepted ATT/material HEAD	A	engineering/design/icon-specimen/assets/lucide/paperclip.svg	100644	74bf51832569c9605e29107d50f192986770a367	100644	74bf51832569c9605e29107d50f192986770a367	retained_exact	-	-	source mode/blob equals target mode/blob	-
I1	icon	df9fc18b9f1a8374d72fa071c2b9c1e61e0010d1	e2ab3f5ef106b6bcbbbb5a7574282a40904d3faf	T055	055cffcbc18eb26d15f3818aada50b82a4bd0fa8	accepted ATT/material HEAD	A	engineering/design/icon-specimen/assets/lucide/plug.svg	100644	f28b6f0abef77a6e843dfa99f81731332c72db64	100644	f28b6f0abef77a6e843dfa99f81731332c72db64	retained_exact	-	-	source mode/blob equals target mode/blob	-
I1	icon	df9fc18b9f1a8374d72fa071c2b9c1e61e0010d1	e2ab3f5ef106b6bcbbbb5a7574282a40904d3faf	T055	055cffcbc18eb26d15f3818aada50b82a4bd0fa8	accepted ATT/material HEAD	A	engineering/design/icon-specimen/assets/lucide/plus.svg	100644	41f92bb93eb6626368d71c9884127bbcf7d3ccdf	100644	41f92bb93eb6626368d71c9884127bbcf7d3ccdf	retained_exact	-	-	source mode/blob equals target mode/blob	-
I1	icon	df9fc18b9f1a8374d72fa071c2b9c1e61e0010d1	e2ab3f5ef106b6bcbbbb5a7574282a40904d3faf	T055	055cffcbc18eb26d15f3818aada50b82a4bd0fa8	accepted ATT/material HEAD	A	engineering/design/icon-specimen/assets/lucide/refresh-cw.svg	100644	c27b3a9677e35fb2353167b01553d3d4cc4e3091	100644	c27b3a9677e35fb2353167b01553d3d4cc4e3091	retained_exact	-	-	source mode/blob equals target mode/blob	-
I1	icon	df9fc18b9f1a8374d72fa071c2b9c1e61e0010d1	e2ab3f5ef106b6bcbbbb5a7574282a40904d3faf	T055	055cffcbc18eb26d15f3818aada50b82a4bd0fa8	accepted ATT/material HEAD	A	engineering/design/icon-specimen/assets/lucide/search.svg	100644	03e442a5440cff92c219fe3a3c1f2b0788d30701	100644	03e442a5440cff92c219fe3a3c1f2b0788d30701	retained_exact	-	-	source mode/blob equals target mode/blob	-
I1	icon	df9fc18b9f1a8374d72fa071c2b9c1e61e0010d1	e2ab3f5ef106b6bcbbbb5a7574282a40904d3faf	T055	055cffcbc18eb26d15f3818aada50b82a4bd0fa8	accepted ATT/material HEAD	A	engineering/design/icon-specimen/assets/lucide/settings-2.svg	100644	0a9d29d77781e7d2f7f6db6a8fe4371ae6ff4f84	100644	0a9d29d77781e7d2f7f6db6a8fe4371ae6ff4f84	retained_exact	-	-	source mode/blob equals target mode/blob	-
I1	icon	df9fc18b9f1a8374d72fa071c2b9c1e61e0010d1	e2ab3f5ef106b6bcbbbb5a7574282a40904d3faf	T055	055cffcbc18eb26d15f3818aada50b82a4bd0fa8	accepted ATT/material HEAD	A	engineering/design/icon-specimen/assets/lucide/square-pen.svg	100644	20855d75b93db713da7d5708a7ff1ba1bab944ae	100644	20855d75b93db713da7d5708a7ff1ba1bab944ae	retained_exact	-	-	source mode/blob equals target mode/blob	-
I1	icon	df9fc18b9f1a8374d72fa071c2b9c1e61e0010d1	e2ab3f5ef106b6bcbbbb5a7574282a40904d3faf	T055	055cffcbc18eb26d15f3818aada50b82a4bd0fa8	accepted ATT/material HEAD	A	engineering/design/icon-specimen/assets/lucide/square.svg	100644	7862733557b3a069a22721196e0bd6c5c92b9339	100644	7862733557b3a069a22721196e0bd6c5c92b9339	retained_exact	-	-	source mode/blob equals target mode/blob	-
I1	icon	df9fc18b9f1a8374d72fa071c2b9c1e61e0010d1	e2ab3f5ef106b6bcbbbb5a7574282a40904d3faf	T055	055cffcbc18eb26d15f3818aada50b82a4bd0fa8	accepted ATT/material HEAD	A	engineering/design/icon-specimen/assets/lucide/x.svg	100644	e31794349d3eecea1b3ae8e974b68bb8f4becda7	100644	e31794349d3eecea1b3ae8e974b68bb8f4becda7	retained_exact	-	-	source mode/blob equals target mode/blob	-
I1	icon	df9fc18b9f1a8374d72fa071c2b9c1e61e0010d1	e2ab3f5ef106b6bcbbbb5a7574282a40904d3faf	T055	055cffcbc18eb26d15f3818aada50b82a4bd0fa8	accepted ATT/material HEAD	A	engineering/design/icon-specimen/assets/mingcute-regular/LICENSE	100644	d645695673349e3947e8e5ae42332d0ac3164cd7	100644	d645695673349e3947e8e5ae42332d0ac3164cd7	retained_exact	-	-	source mode/blob equals target mode/blob	-
I1	icon	df9fc18b9f1a8374d72fa071c2b9c1e61e0010d1	e2ab3f5ef106b6bcbbbb5a7574282a40904d3faf	T055	055cffcbc18eb26d15f3818aada50b82a4bd0fa8	accepted ATT/material HEAD	A	engineering/design/icon-specimen/assets/mingcute-regular/add.svg	100644	cc15aabf01aca540e9231cc35bac11d7275fbad5	100644	cc15aabf01aca540e9231cc35bac11d7275fbad5	retained_exact	-	-	source mode/blob equals target mode/blob	-
I1	icon	df9fc18b9f1a8374d72fa071c2b9c1e61e0010d1	e2ab3f5ef106b6bcbbbb5a7574282a40904d3faf	T055	055cffcbc18eb26d15f3818aada50b82a4bd0fa8	accepted ATT/material HEAD	A	engineering/design/icon-specimen/assets/mingcute-regular/arrow-down.svg	100644	c92ebed1a2481c54f712c097aa0b6c2a0f19fb1c	100644	c92ebed1a2481c54f712c097aa0b6c2a0f19fb1c	retained_exact	-	-	source mode/blob equals target mode/blob	-
I1	icon	df9fc18b9f1a8374d72fa071c2b9c1e61e0010d1	e2ab3f5ef106b6bcbbbb5a7574282a40904d3faf	T055	055cffcbc18eb26d15f3818aada50b82a4bd0fa8	accepted ATT/material HEAD	A	engineering/design/icon-specimen/assets/mingcute-regular/arrow-up.svg	100644	2b15f93943634b6c0621acce8ecdf6fca7743da6	100644	2b15f93943634b6c0621acce8ecdf6fca7743da6	retained_exact	-	-	source mode/blob equals target mode/blob	-
I1	icon	df9fc18b9f1a8374d72fa071c2b9c1e61e0010d1	e2ab3f5ef106b6bcbbbb5a7574282a40904d3faf	T055	055cffcbc18eb26d15f3818aada50b82a4bd0fa8	accepted ATT/material HEAD	A	engineering/design/icon-specimen/assets/mingcute-regular/attachment.svg	100644	4297ce3378f6c9cc4520b075158ed006d05f22c3	100644	4297ce3378f6c9cc4520b075158ed006d05f22c3	retained_exact	-	-	source mode/blob equals target mode/blob	-
I1	icon	df9fc18b9f1a8374d72fa071c2b9c1e61e0010d1	e2ab3f5ef106b6bcbbbb5a7574282a40904d3faf	T055	055cffcbc18eb26d15f3818aada50b82a4bd0fa8	accepted ATT/material HEAD	A	engineering/design/icon-specimen/assets/mingcute-regular/close.svg	100644	7f3d851df68a0cea02c61cc2b313607c0b085829	100644	7f3d851df68a0cea02c61cc2b313607c0b085829	retained_exact	-	-	source mode/blob equals target mode/blob	-
I1	icon	df9fc18b9f1a8374d72fa071c2b9c1e61e0010d1	e2ab3f5ef106b6bcbbbb5a7574282a40904d3faf	T055	055cffcbc18eb26d15f3818aada50b82a4bd0fa8	accepted ATT/material HEAD	A	engineering/design/icon-specimen/assets/mingcute-regular/copy.svg	100644	966c968f5e6036ca27fcd0b95d569ae7dddc2a11	100644	966c968f5e6036ca27fcd0b95d569ae7dddc2a11	retained_exact	-	-	source mode/blob equals target mode/blob	-
I1	icon	df9fc18b9f1a8374d72fa071c2b9c1e61e0010d1	e2ab3f5ef106b6bcbbbb5a7574282a40904d3faf	T055	055cffcbc18eb26d15f3818aada50b82a4bd0fa8	accepted ATT/material HEAD	A	engineering/design/icon-specimen/assets/mingcute-regular/document-2.svg	100644	c2fe12d6b2b5f7d04513f67b62786820fe30d4c5	100644	c2fe12d6b2b5f7d04513f67b62786820fe30d4c5	retained_exact	-	-	source mode/blob equals target mode/blob	-
I1	icon	df9fc18b9f1a8374d72fa071c2b9c1e61e0010d1	e2ab3f5ef106b6bcbbbb5a7574282a40904d3faf	T055	055cffcbc18eb26d15f3818aada50b82a4bd0fa8	accepted ATT/material HEAD	A	engineering/design/icon-specimen/assets/mingcute-regular/down.svg	100644	fe25abf16a7527e700edcc79999e6430617fd648	100644	fe25abf16a7527e700edcc79999e6430617fd648	retained_exact	-	-	source mode/blob equals target mode/blob	-
I1	icon	df9fc18b9f1a8374d72fa071c2b9c1e61e0010d1	e2ab3f5ef106b6bcbbbb5a7574282a40904d3faf	T055	055cffcbc18eb26d15f3818aada50b82a4bd0fa8	accepted ATT/material HEAD	A	engineering/design/icon-specimen/assets/mingcute-regular/edit.svg	100644	31078ec7b4dd2640ff35d3d959ee8cb911c38082	100644	31078ec7b4dd2640ff35d3d959ee8cb911c38082	retained_exact	-	-	source mode/blob equals target mode/blob	-
I1	icon	df9fc18b9f1a8374d72fa071c2b9c1e61e0010d1	e2ab3f5ef106b6bcbbbb5a7574282a40904d3faf	T055	055cffcbc18eb26d15f3818aada50b82a4bd0fa8	accepted ATT/material HEAD	A	engineering/design/icon-specimen/assets/mingcute-regular/external-link.svg	100644	8635c30a1c42b9210d9c7ec580ed5cef9ea7f091	100644	8635c30a1c42b9210d9c7ec580ed5cef9ea7f091	retained_exact	-	-	source mode/blob equals target mode/blob	-
I1	icon	df9fc18b9f1a8374d72fa071c2b9c1e61e0010d1	e2ab3f5ef106b6bcbbbb5a7574282a40904d3faf	T055	055cffcbc18eb26d15f3818aada50b82a4bd0fa8	accepted ATT/material HEAD	A	engineering/design/icon-specimen/assets/mingcute-regular/folder.svg	100644	ed7d6049d66264183f201bfb5d52161d1e1c4abb	100644	ed7d6049d66264183f201bfb5d52161d1e1c4abb	retained_exact	-	-	source mode/blob equals target mode/blob	-
I1	icon	df9fc18b9f1a8374d72fa071c2b9c1e61e0010d1	e2ab3f5ef106b6bcbbbb5a7574282a40904d3faf	T055	055cffcbc18eb26d15f3818aada50b82a4bd0fa8	accepted ATT/material HEAD	A	engineering/design/icon-specimen/assets/mingcute-regular/fullscreen-2.svg	100644	eb32973a69a1e7904eb6b66ec90b66a80f3ef5db	100644	eb32973a69a1e7904eb6b66ec90b66a80f3ef5db	retained_exact	-	-	source mode/blob equals target mode/blob	-
I1	icon	df9fc18b9f1a8374d72fa071c2b9c1e61e0010d1	e2ab3f5ef106b6bcbbbb5a7574282a40904d3faf	T055	055cffcbc18eb26d15f3818aada50b82a4bd0fa8	accepted ATT/material HEAD	A	engineering/design/icon-specimen/assets/mingcute-regular/fullscreen-exit-2.svg	100644	5eaaa53108513e2ec21114f439c1d1ca1cb1e4bb	100644	5eaaa53108513e2ec21114f439c1d1ca1cb1e4bb	retained_exact	-	-	source mode/blob equals target mode/blob	-
I1	icon	df9fc18b9f1a8374d72fa071c2b9c1e61e0010d1	e2ab3f5ef106b6bcbbbb5a7574282a40904d3faf	T055	055cffcbc18eb26d15f3818aada50b82a4bd0fa8	accepted ATT/material HEAD	A	engineering/design/icon-specimen/assets/mingcute-regular/heartbeat.svg	100644	bd10fe6c2915996be990aad277b63f35dda68f54	100644	bd10fe6c2915996be990aad277b63f35dda68f54	retained_exact	-	-	source mode/blob equals target mode/blob	-
I1	icon	df9fc18b9f1a8374d72fa071c2b9c1e61e0010d1	e2ab3f5ef106b6bcbbbb5a7574282a40904d3faf	T055	055cffcbc18eb26d15f3818aada50b82a4bd0fa8	accepted ATT/material HEAD	A	engineering/design/icon-specimen/assets/mingcute-regular/home-3.svg	100644	cf7e27e1ae0a66e8b174b863dace80750a6d7d69	100644	cf7e27e1ae0a66e8b174b863dace80750a6d7d69	retained_exact	-	-	source mode/blob equals target mode/blob	-
I1	icon	df9fc18b9f1a8374d72fa071c2b9c1e61e0010d1	e2ab3f5ef106b6bcbbbb5a7574282a40904d3faf	T055	055cffcbc18eb26d15f3818aada50b82a4bd0fa8	accepted ATT/material HEAD	A	engineering/design/icon-specimen/assets/mingcute-regular/layout-left.svg	100644	61fe1e203f96526a18c38df8acd43990bc02f2e4	100644	61fe1e203f96526a18c38df8acd43990bc02f2e4	retained_exact	-	-	source mode/blob equals target mode/blob	-
I1	icon	df9fc18b9f1a8374d72fa071c2b9c1e61e0010d1	e2ab3f5ef106b6bcbbbb5a7574282a40904d3faf	T055	055cffcbc18eb26d15f3818aada50b82a4bd0fa8	accepted ATT/material HEAD	A	engineering/design/icon-specimen/assets/mingcute-regular/layout-right.svg	100644	b33233f9b19f59c779e8d9274bfc651982f88e75	100644	b33233f9b19f59c779e8d9274bfc651982f88e75	retained_exact	-	-	source mode/blob equals target mode/blob	-
I1	icon	df9fc18b9f1a8374d72fa071c2b9c1e61e0010d1	e2ab3f5ef106b6bcbbbb5a7574282a40904d3faf	T055	055cffcbc18eb26d15f3818aada50b82a4bd0fa8	accepted ATT/material HEAD	A	engineering/design/icon-specimen/assets/mingcute-regular/message-2.svg	100644	89361c228d6ca388e34e38455dcb60d2a2a5195f	100644	89361c228d6ca388e34e38455dcb60d2a2a5195f	retained_exact	-	-	source mode/blob equals target mode/blob	-
I1	icon	df9fc18b9f1a8374d72fa071c2b9c1e61e0010d1	e2ab3f5ef106b6bcbbbb5a7574282a40904d3faf	T055	055cffcbc18eb26d15f3818aada50b82a4bd0fa8	accepted ATT/material HEAD	A	engineering/design/icon-specimen/assets/mingcute-regular/plugin.svg	100644	75a87210c238d3f1bd12022adc86cfb776811ca4	100644	75a87210c238d3f1bd12022adc86cfb776811ca4	retained_exact	-	-	source mode/blob equals target mode/blob	-
I1	icon	df9fc18b9f1a8374d72fa071c2b9c1e61e0010d1	e2ab3f5ef106b6bcbbbb5a7574282a40904d3faf	T055	055cffcbc18eb26d15f3818aada50b82a4bd0fa8	accepted ATT/material HEAD	A	engineering/design/icon-specimen/assets/mingcute-regular/refresh-3.svg	100644	568a365d84cf46c0c5ea0f785bea132c51524a05	100644	568a365d84cf46c0c5ea0f785bea132c51524a05	retained_exact	-	-	source mode/blob equals target mode/blob	-
I1	icon	df9fc18b9f1a8374d72fa071c2b9c1e61e0010d1	e2ab3f5ef106b6bcbbbb5a7574282a40904d3faf	T055	055cffcbc18eb26d15f3818aada50b82a4bd0fa8	accepted ATT/material HEAD	A	engineering/design/icon-specimen/assets/mingcute-regular/right.svg	100644	f84826cdec3e2e1ff8c8ac870f335a9f97a410d3	100644	f84826cdec3e2e1ff8c8ac870f335a9f97a410d3	retained_exact	-	-	source mode/blob equals target mode/blob	-
I1	icon	df9fc18b9f1a8374d72fa071c2b9c1e61e0010d1	e2ab3f5ef106b6bcbbbb5a7574282a40904d3faf	T055	055cffcbc18eb26d15f3818aada50b82a4bd0fa8	accepted ATT/material HEAD	A	engineering/design/icon-specimen/assets/mingcute-regular/search.svg	100644	a6ab8e4027035f6007e5483426b30c7c1526f234	100644	a6ab8e4027035f6007e5483426b30c7c1526f234	retained_exact	-	-	source mode/blob equals target mode/blob	-
I1	icon	df9fc18b9f1a8374d72fa071c2b9c1e61e0010d1	e2ab3f5ef106b6bcbbbb5a7574282a40904d3faf	T055	055cffcbc18eb26d15f3818aada50b82a4bd0fa8	accepted ATT/material HEAD	A	engineering/design/icon-specimen/assets/mingcute-regular/settings-2.svg	100644	516b2ff2cccc4b52fb42d1ce134f82fd854869fc	100644	516b2ff2cccc4b52fb42d1ce134f82fd854869fc	retained_exact	-	-	source mode/blob equals target mode/blob	-
I1	icon	df9fc18b9f1a8374d72fa071c2b9c1e61e0010d1	e2ab3f5ef106b6bcbbbb5a7574282a40904d3faf	T055	055cffcbc18eb26d15f3818aada50b82a4bd0fa8	accepted ATT/material HEAD	A	engineering/design/icon-specimen/assets/mingcute-regular/square.svg	100644	6392de566a7cd61713aeb6c05b36222af0257df5	100644	6392de566a7cd61713aeb6c05b36222af0257df5	retained_exact	-	-	source mode/blob equals target mode/blob	-
I1	icon	df9fc18b9f1a8374d72fa071c2b9c1e61e0010d1	e2ab3f5ef106b6bcbbbb5a7574282a40904d3faf	T055	055cffcbc18eb26d15f3818aada50b82a4bd0fa8	accepted ATT/material HEAD	A	engineering/design/icon-specimen/assets/phosphor-regular/LICENSE	100644	78c9810819776e135d314adc0ff26eda7bec8b38	100644	78c9810819776e135d314adc0ff26eda7bec8b38	retained_exact	-	-	source mode/blob equals target mode/blob	-
I1	icon	df9fc18b9f1a8374d72fa071c2b9c1e61e0010d1	e2ab3f5ef106b6bcbbbb5a7574282a40904d3faf	T055	055cffcbc18eb26d15f3818aada50b82a4bd0fa8	accepted ATT/material HEAD	A	engineering/design/icon-specimen/assets/phosphor-regular/arrow-down.svg	100644	0e7629b6de2322580e8a3712e217b2160aaf9029	100644	0e7629b6de2322580e8a3712e217b2160aaf9029	retained_exact	-	-	source mode/blob equals target mode/blob	-
I1	icon	df9fc18b9f1a8374d72fa071c2b9c1e61e0010d1	e2ab3f5ef106b6bcbbbb5a7574282a40904d3faf	T055	055cffcbc18eb26d15f3818aada50b82a4bd0fa8	accepted ATT/material HEAD	A	engineering/design/icon-specimen/assets/phosphor-regular/arrow-square-out.svg	100644	e46b338027cfc1846f49c8684c9e18ddaa782967	100644	e46b338027cfc1846f49c8684c9e18ddaa782967	retained_exact	-	-	source mode/blob equals target mode/blob	-
I1	icon	df9fc18b9f1a8374d72fa071c2b9c1e61e0010d1	e2ab3f5ef106b6bcbbbb5a7574282a40904d3faf	T055	055cffcbc18eb26d15f3818aada50b82a4bd0fa8	accepted ATT/material HEAD	A	engineering/design/icon-specimen/assets/phosphor-regular/arrow-up.svg	100644	a8ba45ec7d0a4cd540e226b02d56e3991db23edb	100644	a8ba45ec7d0a4cd540e226b02d56e3991db23edb	retained_exact	-	-	source mode/blob equals target mode/blob	-
I1	icon	df9fc18b9f1a8374d72fa071c2b9c1e61e0010d1	e2ab3f5ef106b6bcbbbb5a7574282a40904d3faf	T055	055cffcbc18eb26d15f3818aada50b82a4bd0fa8	accepted ATT/material HEAD	A	engineering/design/icon-specimen/assets/phosphor-regular/arrows-clockwise.svg	100644	1561ad604087917150459c01189218597ac0e72f	100644	1561ad604087917150459c01189218597ac0e72f	retained_exact	-	-	source mode/blob equals target mode/blob	-
I1	icon	df9fc18b9f1a8374d72fa071c2b9c1e61e0010d1	e2ab3f5ef106b6bcbbbb5a7574282a40904d3faf	T055	055cffcbc18eb26d15f3818aada50b82a4bd0fa8	accepted ATT/material HEAD	A	engineering/design/icon-specimen/assets/phosphor-regular/arrows-in-simple.svg	100644	d18668e7d990d64c3bd235e02abdffd14db252ba	100644	d18668e7d990d64c3bd235e02abdffd14db252ba	retained_exact	-	-	source mode/blob equals target mode/blob	-
I1	icon	df9fc18b9f1a8374d72fa071c2b9c1e61e0010d1	e2ab3f5ef106b6bcbbbb5a7574282a40904d3faf	T055	055cffcbc18eb26d15f3818aada50b82a4bd0fa8	accepted ATT/material HEAD	A	engineering/design/icon-specimen/assets/phosphor-regular/arrows-out-simple.svg	100644	359b13fb451ee16945fb58e8a4a3690d172e9fb9	100644	359b13fb451ee16945fb58e8a4a3690d172e9fb9	retained_exact	-	-	source mode/blob equals target mode/blob	-
I1	icon	df9fc18b9f1a8374d72fa071c2b9c1e61e0010d1	e2ab3f5ef106b6bcbbbb5a7574282a40904d3faf	T055	055cffcbc18eb26d15f3818aada50b82a4bd0fa8	accepted ATT/material HEAD	A	engineering/design/icon-specimen/assets/phosphor-regular/caret-down.svg	100644	c6e84e840434f8d913527e9bf72aeeffc1261d7f	100644	c6e84e840434f8d913527e9bf72aeeffc1261d7f	retained_exact	-	-	source mode/blob equals target mode/blob	-
I1	icon	df9fc18b9f1a8374d72fa071c2b9c1e61e0010d1	e2ab3f5ef106b6bcbbbb5a7574282a40904d3faf	T055	055cffcbc18eb26d15f3818aada50b82a4bd0fa8	accepted ATT/material HEAD	A	engineering/design/icon-specimen/assets/phosphor-regular/caret-right.svg	100644	d73dd5d9de441ed68d05ce97f3a714e9f3f69323	100644	d73dd5d9de441ed68d05ce97f3a714e9f3f69323	retained_exact	-	-	source mode/blob equals target mode/blob	-
I1	icon	df9fc18b9f1a8374d72fa071c2b9c1e61e0010d1	e2ab3f5ef106b6bcbbbb5a7574282a40904d3faf	T055	055cffcbc18eb26d15f3818aada50b82a4bd0fa8	accepted ATT/material HEAD	A	engineering/design/icon-specimen/assets/phosphor-regular/chat.svg	100644	91245979c4e5b00092f5a41cfed252921b2c4c7a	100644	91245979c4e5b00092f5a41cfed252921b2c4c7a	retained_exact	-	-	source mode/blob equals target mode/blob	-
I1	icon	df9fc18b9f1a8374d72fa071c2b9c1e61e0010d1	e2ab3f5ef106b6bcbbbb5a7574282a40904d3faf	T055	055cffcbc18eb26d15f3818aada50b82a4bd0fa8	accepted ATT/material HEAD	A	engineering/design/icon-specimen/assets/phosphor-regular/copy.svg	100644	8f3dd2ec9f2716aa4049da502f410d2c46f93789	100644	8f3dd2ec9f2716aa4049da502f410d2c46f93789	retained_exact	-	-	source mode/blob equals target mode/blob	-
I1	icon	df9fc18b9f1a8374d72fa071c2b9c1e61e0010d1	e2ab3f5ef106b6bcbbbb5a7574282a40904d3faf	T055	055cffcbc18eb26d15f3818aada50b82a4bd0fa8	accepted ATT/material HEAD	A	engineering/design/icon-specimen/assets/phosphor-regular/file-text.svg	100644	984fbb5c60105d3efab3ae4a30532d9f7e70e1db	100644	984fbb5c60105d3efab3ae4a30532d9f7e70e1db	retained_exact	-	-	source mode/blob equals target mode/blob	-
I1	icon	df9fc18b9f1a8374d72fa071c2b9c1e61e0010d1	e2ab3f5ef106b6bcbbbb5a7574282a40904d3faf	T055	055cffcbc18eb26d15f3818aada50b82a4bd0fa8	accepted ATT/material HEAD	A	engineering/design/icon-specimen/assets/phosphor-regular/folder.svg	100644	df74375256f3c6e8a3057d861d380ee6f12a1983	100644	df74375256f3c6e8a3057d861d380ee6f12a1983	retained_exact	-	-	source mode/blob equals target mode/blob	-
I1	icon	df9fc18b9f1a8374d72fa071c2b9c1e61e0010d1	e2ab3f5ef106b6bcbbbb5a7574282a40904d3faf	T055	055cffcbc18eb26d15f3818aada50b82a4bd0fa8	accepted ATT/material HEAD	A	engineering/design/icon-specimen/assets/phosphor-regular/house.svg	100644	3c6d2db65d4ac8e6cd4252f72a3fc90c3c7217a2	100644	3c6d2db65d4ac8e6cd4252f72a3fc90c3c7217a2	retained_exact	-	-	source mode/blob equals target mode/blob	-
I1	icon	df9fc18b9f1a8374d72fa071c2b9c1e61e0010d1	e2ab3f5ef106b6bcbbbb5a7574282a40904d3faf	T055	055cffcbc18eb26d15f3818aada50b82a4bd0fa8	accepted ATT/material HEAD	A	engineering/design/icon-specimen/assets/phosphor-regular/magnifying-glass.svg	100644	2bdda58966a780a706bc622d719172899e822307	100644	2bdda58966a780a706bc622d719172899e822307	retained_exact	-	-	source mode/blob equals target mode/blob	-
I1	icon	df9fc18b9f1a8374d72fa071c2b9c1e61e0010d1	e2ab3f5ef106b6bcbbbb5a7574282a40904d3faf	T055	055cffcbc18eb26d15f3818aada50b82a4bd0fa8	accepted ATT/material HEAD	A	engineering/design/icon-specimen/assets/phosphor-regular/note-pencil.svg	100644	97cad50c9f15cfbfc97eb65500a802bf490147c1	100644	97cad50c9f15cfbfc97eb65500a802bf490147c1	retained_exact	-	-	source mode/blob equals target mode/blob	-
I1	icon	df9fc18b9f1a8374d72fa071c2b9c1e61e0010d1	e2ab3f5ef106b6bcbbbb5a7574282a40904d3faf	T055	055cffcbc18eb26d15f3818aada50b82a4bd0fa8	accepted ATT/material HEAD	A	engineering/design/icon-specimen/assets/phosphor-regular/paperclip.svg	100644	a4f76685b77233d8268ecd5461c00d5a112798c3	100644	a4f76685b77233d8268ecd5461c00d5a112798c3	retained_exact	-	-	source mode/blob equals target mode/blob	-
I1	icon	df9fc18b9f1a8374d72fa071c2b9c1e61e0010d1	e2ab3f5ef106b6bcbbbb5a7574282a40904d3faf	T055	055cffcbc18eb26d15f3818aada50b82a4bd0fa8	accepted ATT/material HEAD	A	engineering/design/icon-specimen/assets/phosphor-regular/plug.svg	100644	4c8c03e783fd970fba6764f5aad3b9311f877ada	100644	4c8c03e783fd970fba6764f5aad3b9311f877ada	retained_exact	-	-	source mode/blob equals target mode/blob	-
I1	icon	df9fc18b9f1a8374d72fa071c2b9c1e61e0010d1	e2ab3f5ef106b6bcbbbb5a7574282a40904d3faf	T055	055cffcbc18eb26d15f3818aada50b82a4bd0fa8	accepted ATT/material HEAD	A	engineering/design/icon-specimen/assets/phosphor-regular/plus.svg	100644	25ad5e32286bc1e69fcd7b462a5dff378d25a509	100644	25ad5e32286bc1e69fcd7b462a5dff378d25a509	retained_exact	-	-	source mode/blob equals target mode/blob	-
I1	icon	df9fc18b9f1a8374d72fa071c2b9c1e61e0010d1	e2ab3f5ef106b6bcbbbb5a7574282a40904d3faf	T055	055cffcbc18eb26d15f3818aada50b82a4bd0fa8	accepted ATT/material HEAD	A	engineering/design/icon-specimen/assets/phosphor-regular/pulse.svg	100644	f78d5f42f5a8891c27a9a00478d086a871c743a2	100644	f78d5f42f5a8891c27a9a00478d086a871c743a2	retained_exact	-	-	source mode/blob equals target mode/blob	-
I1	icon	df9fc18b9f1a8374d72fa071c2b9c1e61e0010d1	e2ab3f5ef106b6bcbbbb5a7574282a40904d3faf	T055	055cffcbc18eb26d15f3818aada50b82a4bd0fa8	accepted ATT/material HEAD	A	engineering/design/icon-specimen/assets/phosphor-regular/sidebar-simple.svg	100644	0abec37f4ab5ee020648599b120525935ba601e8	100644	0abec37f4ab5ee020648599b120525935ba601e8	retained_exact	-	-	source mode/blob equals target mode/blob	-
I1	icon	df9fc18b9f1a8374d72fa071c2b9c1e61e0010d1	e2ab3f5ef106b6bcbbbb5a7574282a40904d3faf	T055	055cffcbc18eb26d15f3818aada50b82a4bd0fa8	accepted ATT/material HEAD	A	engineering/design/icon-specimen/assets/phosphor-regular/sliders-horizontal.svg	100644	4aa2aa34343e436010a1791329f709c3271e6a4c	100644	4aa2aa34343e436010a1791329f709c3271e6a4c	retained_exact	-	-	source mode/blob equals target mode/blob	-
I1	icon	df9fc18b9f1a8374d72fa071c2b9c1e61e0010d1	e2ab3f5ef106b6bcbbbb5a7574282a40904d3faf	T055	055cffcbc18eb26d15f3818aada50b82a4bd0fa8	accepted ATT/material HEAD	A	engineering/design/icon-specimen/assets/phosphor-regular/square.svg	100644	043710bb32767ce451e0cf97dd43034a1ceccf90	100644	043710bb32767ce451e0cf97dd43034a1ceccf90	retained_exact	-	-	source mode/blob equals target mode/blob	-
I1	icon	df9fc18b9f1a8374d72fa071c2b9c1e61e0010d1	e2ab3f5ef106b6bcbbbb5a7574282a40904d3faf	T055	055cffcbc18eb26d15f3818aada50b82a4bd0fa8	accepted ATT/material HEAD	A	engineering/design/icon-specimen/assets/phosphor-regular/x.svg	100644	2ee41d11cce14289f3b444174694acee017a4f9a	100644	2ee41d11cce14289f3b444174694acee017a4f9a	retained_exact	-	-	source mode/blob equals target mode/blob	-
I1	icon	df9fc18b9f1a8374d72fa071c2b9c1e61e0010d1	e2ab3f5ef106b6bcbbbb5a7574282a40904d3faf	T055	055cffcbc18eb26d15f3818aada50b82a4bd0fa8	accepted ATT/material HEAD	A	engineering/design/icon-specimen/build.py	100644	d70b08629a672b131de3129d3e4771b07dfa4f6b	100644	a9a1d44e86e411e427e2434088a923fa6d8af1d6	authorized_later	ICON maintenance	6169f015f1cacd342f89cd29c2b7acad9a426ef3	generator rstrip hygiene; vendor bytes unchanged	later owner/hunk recorded in shared-invariants.tsv
I1	icon	df9fc18b9f1a8374d72fa071c2b9c1e61e0010d1	e2ab3f5ef106b6bcbbbb5a7574282a40904d3faf	T055	055cffcbc18eb26d15f3818aada50b82a4bd0fa8	accepted ATT/material HEAD	A	engineering/design/icon-specimen/captures/D-1440-D.png	100644	5b81d07160fe464e317c25abfd3a7d748ad4cd19	100644	5b81d07160fe464e317c25abfd3a7d748ad4cd19	retained_exact	-	-	source mode/blob equals target mode/blob	-
I1	icon	df9fc18b9f1a8374d72fa071c2b9c1e61e0010d1	e2ab3f5ef106b6bcbbbb5a7574282a40904d3faf	T055	055cffcbc18eb26d15f3818aada50b82a4bd0fa8	accepted ATT/material HEAD	A	engineering/design/icon-specimen/captures/D-1440-L.png	100644	81db9bd08fedfc317166d571755c1309c82673fa	100644	81db9bd08fedfc317166d571755c1309c82673fa	retained_exact	-	-	source mode/blob equals target mode/blob	-
I1	icon	df9fc18b9f1a8374d72fa071c2b9c1e61e0010d1	e2ab3f5ef106b6bcbbbb5a7574282a40904d3faf	T055	055cffcbc18eb26d15f3818aada50b82a4bd0fa8	accepted ATT/material HEAD	A	engineering/design/icon-specimen/captures/M-390-D.png	100644	60c5a9e128c7a81fc3b51c37f7176b7881782e1d	100644	60c5a9e128c7a81fc3b51c37f7176b7881782e1d	retained_exact	-	-	source mode/blob equals target mode/blob	-
I1	icon	df9fc18b9f1a8374d72fa071c2b9c1e61e0010d1	e2ab3f5ef106b6bcbbbb5a7574282a40904d3faf	T055	055cffcbc18eb26d15f3818aada50b82a4bd0fa8	accepted ATT/material HEAD	A	engineering/design/icon-specimen/captures/M-390-L.png	100644	e90640d9bd1c5ec5e78056996232305921382856	100644	e90640d9bd1c5ec5e78056996232305921382856	retained_exact	-	-	source mode/blob equals target mode/blob	-
I1	icon	df9fc18b9f1a8374d72fa071c2b9c1e61e0010d1	e2ab3f5ef106b6bcbbbb5a7574282a40904d3faf	T055	055cffcbc18eb26d15f3818aada50b82a4bd0fa8	accepted ATT/material HEAD	A	engineering/design/icon-specimen/captures/Z-200-L.png	100644	b9fc7405bdcecfdec52cbce4cfe98d1663f05538	100644	b9fc7405bdcecfdec52cbce4cfe98d1663f05538	retained_exact	-	-	source mode/blob equals target mode/blob	-
I1	icon	df9fc18b9f1a8374d72fa071c2b9c1e61e0010d1	e2ab3f5ef106b6bcbbbb5a7574282a40904d3faf	T055	055cffcbc18eb26d15f3818aada50b82a4bd0fa8	accepted ATT/material HEAD	A	engineering/design/icon-specimen/captures/zoom200-focus-check.json	100644	7461491e1801b6ca5066a6ed3933ba916f059ec2	100644	7461491e1801b6ca5066a6ed3933ba916f059ec2	retained_exact	-	-	source mode/blob equals target mode/blob	-
I1	icon	df9fc18b9f1a8374d72fa071c2b9c1e61e0010d1	e2ab3f5ef106b6bcbbbb5a7574282a40904d3faf	T055	055cffcbc18eb26d15f3818aada50b82a4bd0fa8	accepted ATT/material HEAD	A	engineering/design/icon-specimen/index.html	100644	1634a16bb250c7a0546a0f5c887d851d2a2de0e5	100644	8d96285062d94d1003cdfe5b4b2a687d5e609c88	authorized_later	ICON maintenance	6169f015f1cacd342f89cd29c2b7acad9a426ef3	generated specimen blank-line normalization	later owner/hunk recorded in shared-invariants.tsv
I1	icon	df9fc18b9f1a8374d72fa071c2b9c1e61e0010d1	e2ab3f5ef106b6bcbbbb5a7574282a40904d3faf	T055	055cffcbc18eb26d15f3818aada50b82a4bd0fa8	accepted ATT/material HEAD	A	engineering/design/icon-specimen/mapping.json	100644	5f8c0e89757d7c2439643d857c35810c92248022	100644	5f8c0e89757d7c2439643d857c35810c92248022	retained_exact	-	-	source mode/blob equals target mode/blob	-
I1	icon	df9fc18b9f1a8374d72fa071c2b9c1e61e0010d1	e2ab3f5ef106b6bcbbbb5a7574282a40904d3faf	T055	055cffcbc18eb26d15f3818aada50b82a4bd0fa8	accepted ATT/material HEAD	A	engineering/design/icon-specimen/measurements.json	100644	25cb107e0c2ad6fb3f94a7fd57809fba37fb415e	100644	25cb107e0c2ad6fb3f94a7fd57809fba37fb415e	retained_exact	-	-	source mode/blob equals target mode/blob	-
I1	icon	df9fc18b9f1a8374d72fa071c2b9c1e61e0010d1	e2ab3f5ef106b6bcbbbb5a7574282a40904d3faf	T055	055cffcbc18eb26d15f3818aada50b82a4bd0fa8	accepted ATT/material HEAD	A	engineering/design/icon-specimen/observations.md	100644	091128dbca662d8016d85203d97c9b03babd9452	100644	091128dbca662d8016d85203d97c9b03babd9452	retained_exact	-	-	source mode/blob equals target mode/blob	-
I1	icon	df9fc18b9f1a8374d72fa071c2b9c1e61e0010d1	e2ab3f5ef106b6bcbbbb5a7574282a40904d3faf	T055	055cffcbc18eb26d15f3818aada50b82a4bd0fa8	accepted ATT/material HEAD	A	engineering/design/icon-specimen/sources.json	100644	dc8c865dcccdd5c579a7ee4e2b4e9a2c4f7a98c5	100644	dc8c865dcccdd5c579a7ee4e2b4e9a2c4f7a98c5	retained_exact	-	-	source mode/blob equals target mode/blob	-
I1	icon	df9fc18b9f1a8374d72fa071c2b9c1e61e0010d1	e2ab3f5ef106b6bcbbbb5a7574282a40904d3faf	T055	055cffcbc18eb26d15f3818aada50b82a4bd0fa8	accepted ATT/material HEAD	A	engineering/design/icon-specimen/specimen.css	100644	3162db7146a3372f9f39398d59f0055a219aef52	100644	3162db7146a3372f9f39398d59f0055a219aef52	retained_exact	-	-	source mode/blob equals target mode/blob	-
I1	icon	df9fc18b9f1a8374d72fa071c2b9c1e61e0010d1	e2ab3f5ef106b6bcbbbb5a7574282a40904d3faf	T055	055cffcbc18eb26d15f3818aada50b82a4bd0fa8	accepted ATT/material HEAD	A	engineering/design/icon-specimen/template.html	100644	748d01b4c87a7d67f39459785e9ce7983c6cf917	100644	748d01b4c87a7d67f39459785e9ce7983c6cf917	retained_exact	-	-	source mode/blob equals target mode/blob	-
I1	icon	df9fc18b9f1a8374d72fa071c2b9c1e61e0010d1	e2ab3f5ef106b6bcbbbb5a7574282a40904d3faf	T055	055cffcbc18eb26d15f3818aada50b82a4bd0fa8	accepted ATT/material HEAD	M	engineering/design/sources.md	100644	87a736d183dd0040b91ab84be186d32b6f77185f	100644	87a736d183dd0040b91ab84be186d32b6f77185f	retained_exact	-	-	source mode/blob equals target mode/blob	-
I1	icon	df9fc18b9f1a8374d72fa071c2b9c1e61e0010d1	e2ab3f5ef106b6bcbbbb5a7574282a40904d3faf	T055	055cffcbc18eb26d15f3818aada50b82a4bd0fa8	accepted ATT/material HEAD	M	engineering/mvp/execution/work-surface-kit/consumption-ledger.md	100644	624e391a18e8d96c49ecedec8d74f25cba1bff5e	100644	624e391a18e8d96c49ecedec8d74f25cba1bff5e	retained_exact	-	-	source mode/blob equals target mode/blob	-
I1	icon	df9fc18b9f1a8374d72fa071c2b9c1e61e0010d1	e2ab3f5ef106b6bcbbbb5a7574282a40904d3faf	T055	055cffcbc18eb26d15f3818aada50b82a4bd0fa8	accepted ATT/material HEAD	M	engineering/mvp/execution/work-surface-kit/dispatch-round-4.md	100644	0a92dbe3fc569a78becb3b22303a3f80b0ce3cb4	100644	0a92dbe3fc569a78becb3b22303a3f80b0ce3cb4	retained_exact	-	-	source mode/blob equals target mode/blob	-
I1	icon	df9fc18b9f1a8374d72fa071c2b9c1e61e0010d1	e2ab3f5ef106b6bcbbbb5a7574282a40904d3faf	T055	055cffcbc18eb26d15f3818aada50b82a4bd0fa8	accepted ATT/material HEAD	A	engineering/mvp/execution/work-surface-kit/explore/ex-ic1-icon-specimen.md	100644	b122241ee2bebe07a744f5164731ea970cd17737	100644	b122241ee2bebe07a744f5164731ea970cd17737	retained_exact	-	-	source mode/blob equals target mode/blob	-
I1	icon	df9fc18b9f1a8374d72fa071c2b9c1e61e0010d1	e2ab3f5ef106b6bcbbbb5a7574282a40904d3faf	T055	055cffcbc18eb26d15f3818aada50b82a4bd0fa8	accepted ATT/material HEAD	M	engineering/mvp/execution/work-surface-kit/intake-round-3.md	100644	11d8f2d13746734afc0945260b7c4093be71c5b9	100644	11d8f2d13746734afc0945260b7c4093be71c5b9	retained_exact	-	-	source mode/blob equals target mode/blob	-
I1	icon	df9fc18b9f1a8374d72fa071c2b9c1e61e0010d1	e2ab3f5ef106b6bcbbbb5a7574282a40904d3faf	T055	055cffcbc18eb26d15f3818aada50b82a4bd0fa8	accepted ATT/material HEAD	A	tools/ui-vendor/lucide/plug.svg	100644	f28b6f0abef77a6e843dfa99f81731332c72db64	100644	f28b6f0abef77a6e843dfa99f81731332c72db64	retained_exact	-	-	source mode/blob equals target mode/blob	-
I1	icon	df9fc18b9f1a8374d72fa071c2b9c1e61e0010d1	e2ab3f5ef106b6bcbbbb5a7574282a40904d3faf	T055	055cffcbc18eb26d15f3818aada50b82a4bd0fa8	accepted ATT/material HEAD	M	tools/ui-vendor/lucide/sources.json	100644	f7a7df49584ab57f80f87eba348ba2cf19004864	100644	f7a7df49584ab57f80f87eba348ba2cf19004864	retained_exact	-	-	source mode/blob equals target mode/blob	-
I1	icon	df9fc18b9f1a8374d72fa071c2b9c1e61e0010d1	e2ab3f5ef106b6bcbbbb5a7574282a40904d3faf	T4003	4003c548a314246d8c46516c4033fa5602e19c4b	assembled Spark candidate	M	app/tests/static-web-manifest.test.mjs	100644	eebfe052536fd8a20e17ef076f7b607e948419ed	100644	eebfe052536fd8a20e17ef076f7b607e948419ed	retained_exact	-	-	source mode/blob equals target mode/blob	-
I1	icon	df9fc18b9f1a8374d72fa071c2b9c1e61e0010d1	e2ab3f5ef106b6bcbbbb5a7574282a40904d3faf	T4003	4003c548a314246d8c46516c4033fa5602e19c4b	assembled Spark candidate	M	app/web/vendor/LICENSES.txt	100644	45dfe2ce94a0c972b34b24b37d6b5226c655fb16	100644	45dfe2ce94a0c972b34b24b37d6b5226c655fb16	retained_exact	-	-	source mode/blob equals target mode/blob	-
I1	icon	df9fc18b9f1a8374d72fa071c2b9c1e61e0010d1	e2ab3f5ef106b6bcbbbb5a7574282a40904d3faf	T4003	4003c548a314246d8c46516c4033fa5602e19c4b	assembled Spark candidate	M	app/web/vendor/icons.svg	100644	33f899a1068446106f5fbf0205ad56228b531b2e	100644	33f899a1068446106f5fbf0205ad56228b531b2e	retained_exact	-	-	source mode/blob equals target mode/blob	-
I1	icon	df9fc18b9f1a8374d72fa071c2b9c1e61e0010d1	e2ab3f5ef106b6bcbbbb5a7574282a40904d3faf	T4003	4003c548a314246d8c46516c4033fa5602e19c4b	assembled Spark candidate	M	app/web/vendor/manifest.json	100644	240fe252c00cd5409589fb68d43ac41e99e54725	100644	240fe252c00cd5409589fb68d43ac41e99e54725	retained_exact	-	-	source mode/blob equals target mode/blob	-
I1	icon	df9fc18b9f1a8374d72fa071c2b9c1e61e0010d1	e2ab3f5ef106b6bcbbbb5a7574282a40904d3faf	T4003	4003c548a314246d8c46516c4033fa5602e19c4b	assembled Spark candidate	M	engineering/current.md	100644	433dce416cecff7129f9ba030f9be1783ecca5bb	100644	433dce416cecff7129f9ba030f9be1783ecca5bb	retained_exact	-	-	source mode/blob equals target mode/blob	-
I1	icon	df9fc18b9f1a8374d72fa071c2b9c1e61e0010d1	e2ab3f5ef106b6bcbbbb5a7574282a40904d3faf	T4003	4003c548a314246d8c46516c4033fa5602e19c4b	assembled Spark candidate	M	engineering/design/atlas/README.md	100644	9e39963827eb41443b27761abd1cc718e160bb9a	100644	9e39963827eb41443b27761abd1cc718e160bb9a	retained_exact	-	-	source mode/blob equals target mode/blob	-
I1	icon	df9fc18b9f1a8374d72fa071c2b9c1e61e0010d1	e2ab3f5ef106b6bcbbbb5a7574282a40904d3faf	T4003	4003c548a314246d8c46516c4033fa5602e19c4b	assembled Spark candidate	M	engineering/design/icon-controls.md	100644	de97d4a9817e7575e18a640970d87f89f2d6cf42	100644	de97d4a9817e7575e18a640970d87f89f2d6cf42	retained_exact	-	-	source mode/blob equals target mode/blob	-
I1	icon	df9fc18b9f1a8374d72fa071c2b9c1e61e0010d1	e2ab3f5ef106b6bcbbbb5a7574282a40904d3faf	T4003	4003c548a314246d8c46516c4033fa5602e19c4b	assembled Spark candidate	A	engineering/design/icon-specimen/README.md	100644	1f6f5ed4bd9107f45df92d7aa4453e56fd22de7f	100644	1f6f5ed4bd9107f45df92d7aa4453e56fd22de7f	retained_exact	-	-	source mode/blob equals target mode/blob	-
I1	icon	df9fc18b9f1a8374d72fa071c2b9c1e61e0010d1	e2ab3f5ef106b6bcbbbb5a7574282a40904d3faf	T4003	4003c548a314246d8c46516c4033fa5602e19c4b	assembled Spark candidate	A	engineering/design/icon-specimen/assets/lucide/LICENSE	100644	718bb3f0e44153809972abed31839375804bf652	100644	718bb3f0e44153809972abed31839375804bf652	retained_exact	-	-	source mode/blob equals target mode/blob	-
I1	icon	df9fc18b9f1a8374d72fa071c2b9c1e61e0010d1	e2ab3f5ef106b6bcbbbb5a7574282a40904d3faf	T4003	4003c548a314246d8c46516c4033fa5602e19c4b	assembled Spark candidate	A	engineering/design/icon-specimen/assets/lucide/activity.svg	100644	629b81c9fd020f3afec659daa5c9c7e5a1d07445	100644	629b81c9fd020f3afec659daa5c9c7e5a1d07445	retained_exact	-	-	source mode/blob equals target mode/blob	-
I1	icon	df9fc18b9f1a8374d72fa071c2b9c1e61e0010d1	e2ab3f5ef106b6bcbbbb5a7574282a40904d3faf	T4003	4003c548a314246d8c46516c4033fa5602e19c4b	assembled Spark candidate	A	engineering/design/icon-specimen/assets/lucide/arrow-down.svg	100644	3244b63e3147e5e8b359f20458106bc74572d331	100644	3244b63e3147e5e8b359f20458106bc74572d331	retained_exact	-	-	source mode/blob equals target mode/blob	-
I1	icon	df9fc18b9f1a8374d72fa071c2b9c1e61e0010d1	e2ab3f5ef106b6bcbbbb5a7574282a40904d3faf	T4003	4003c548a314246d8c46516c4033fa5602e19c4b	assembled Spark candidate	A	engineering/design/icon-specimen/assets/lucide/arrow-up.svg	100644	50a81cb370d77bccdab4e91c1aeff36b763cdfbf	100644	50a81cb370d77bccdab4e91c1aeff36b763cdfbf	retained_exact	-	-	source mode/blob equals target mode/blob	-
I1	icon	df9fc18b9f1a8374d72fa071c2b9c1e61e0010d1	e2ab3f5ef106b6bcbbbb5a7574282a40904d3faf	T4003	4003c548a314246d8c46516c4033fa5602e19c4b	assembled Spark candidate	A	engineering/design/icon-specimen/assets/lucide/chevron-down.svg	100644	e70d30b88399a721cd5d20d0d26756608cf8c42b	100644	e70d30b88399a721cd5d20d0d26756608cf8c42b	retained_exact	-	-	source mode/blob equals target mode/blob	-
I1	icon	df9fc18b9f1a8374d72fa071c2b9c1e61e0010d1	e2ab3f5ef106b6bcbbbb5a7574282a40904d3faf	T4003	4003c548a314246d8c46516c4033fa5602e19c4b	assembled Spark candidate	A	engineering/design/icon-specimen/assets/lucide/chevron-right.svg	100644	db62a0c20181edd6173722b2a483e0b85e30f240	100644	db62a0c20181edd6173722b2a483e0b85e30f240	retained_exact	-	-	source mode/blob equals target mode/blob	-
I1	icon	df9fc18b9f1a8374d72fa071c2b9c1e61e0010d1	e2ab3f5ef106b6bcbbbb5a7574282a40904d3faf	T4003	4003c548a314246d8c46516c4033fa5602e19c4b	assembled Spark candidate	A	engineering/design/icon-specimen/assets/lucide/copy.svg	100644	f62ce99c1f34989a5f70cd15192f8adf9140f4ed	100644	f62ce99c1f34989a5f70cd15192f8adf9140f4ed	retained_exact	-	-	source mode/blob equals target mode/blob	-
I1	icon	df9fc18b9f1a8374d72fa071c2b9c1e61e0010d1	e2ab3f5ef106b6bcbbbb5a7574282a40904d3faf	T4003	4003c548a314246d8c46516c4033fa5602e19c4b	assembled Spark candidate	A	engineering/design/icon-specimen/assets/lucide/external-link.svg	100644	a73a9ba286ebaac4c7fc65bf9303a2fb9624ae76	100644	a73a9ba286ebaac4c7fc65bf9303a2fb9624ae76	retained_exact	-	-	source mode/blob equals target mode/blob	-
I1	icon	df9fc18b9f1a8374d72fa071c2b9c1e61e0010d1	e2ab3f5ef106b6bcbbbb5a7574282a40904d3faf	T4003	4003c548a314246d8c46516c4033fa5602e19c4b	assembled Spark candidate	A	engineering/design/icon-specimen/assets/lucide/file-text.svg	100644	67dc5b9d1a07a1b501ba87d62563b914c059096e	100644	67dc5b9d1a07a1b501ba87d62563b914c059096e	retained_exact	-	-	source mode/blob equals target mode/blob	-
I1	icon	df9fc18b9f1a8374d72fa071c2b9c1e61e0010d1	e2ab3f5ef106b6bcbbbb5a7574282a40904d3faf	T4003	4003c548a314246d8c46516c4033fa5602e19c4b	assembled Spark candidate	A	engineering/design/icon-specimen/assets/lucide/folder.svg	100644	ef69b345f200f1542ad9a2dfca7d41d036910f4b	100644	ef69b345f200f1542ad9a2dfca7d41d036910f4b	retained_exact	-	-	source mode/blob equals target mode/blob	-
I1	icon	df9fc18b9f1a8374d72fa071c2b9c1e61e0010d1	e2ab3f5ef106b6bcbbbb5a7574282a40904d3faf	T4003	4003c548a314246d8c46516c4033fa5602e19c4b	assembled Spark candidate	A	engineering/design/icon-specimen/assets/lucide/house.svg	100644	10e4097e290fdb2f1f919b264bf4e3095348de7c	100644	10e4097e290fdb2f1f919b264bf4e3095348de7c	retained_exact	-	-	source mode/blob equals target mode/blob	-
I1	icon	df9fc18b9f1a8374d72fa071c2b9c1e61e0010d1	e2ab3f5ef106b6bcbbbb5a7574282a40904d3faf	T4003	4003c548a314246d8c46516c4033fa5602e19c4b	assembled Spark candidate	A	engineering/design/icon-specimen/assets/lucide/maximize-2.svg	100644	790d25383b0f59620553f01c06c472be343257f7	100644	790d25383b0f59620553f01c06c472be343257f7	retained_exact	-	-	source mode/blob equals target mode/blob	-
I1	icon	df9fc18b9f1a8374d72fa071c2b9c1e61e0010d1	e2ab3f5ef106b6bcbbbb5a7574282a40904d3faf	T4003	4003c548a314246d8c46516c4033fa5602e19c4b	assembled Spark candidate	A	engineering/design/icon-specimen/assets/lucide/message-square.svg	100644	5044bc7eff0567b1a3aee3242b8f628f88559ff1	100644	5044bc7eff0567b1a3aee3242b8f628f88559ff1	retained_exact	-	-	source mode/blob equals target mode/blob	-
I1	icon	df9fc18b9f1a8374d72fa071c2b9c1e61e0010d1	e2ab3f5ef106b6bcbbbb5a7574282a40904d3faf	T4003	4003c548a314246d8c46516c4033fa5602e19c4b	assembled Spark candidate	A	engineering/design/icon-specimen/assets/lucide/minimize-2.svg	100644	f15d72cd4a08a6f6baa62687c0fac7e647d8b55a	100644	f15d72cd4a08a6f6baa62687c0fac7e647d8b55a	retained_exact	-	-	source mode/blob equals target mode/blob	-
I1	icon	df9fc18b9f1a8374d72fa071c2b9c1e61e0010d1	e2ab3f5ef106b6bcbbbb5a7574282a40904d3faf	T4003	4003c548a314246d8c46516c4033fa5602e19c4b	assembled Spark candidate	A	engineering/design/icon-specimen/assets/lucide/panel-left.svg	100644	60642c396f98cf4ed79689d86b1dc0377e190aa5	100644	60642c396f98cf4ed79689d86b1dc0377e190aa5	retained_exact	-	-	source mode/blob equals target mode/blob	-
I1	icon	df9fc18b9f1a8374d72fa071c2b9c1e61e0010d1	e2ab3f5ef106b6bcbbbb5a7574282a40904d3faf	T4003	4003c548a314246d8c46516c4033fa5602e19c4b	assembled Spark candidate	A	engineering/design/icon-specimen/assets/lucide/panel-right.svg	100644	53ba1e6120eb638530de38ca5b696741dfcaa6ad	100644	53ba1e6120eb638530de38ca5b696741dfcaa6ad	retained_exact	-	-	source mode/blob equals target mode/blob	-
I1	icon	df9fc18b9f1a8374d72fa071c2b9c1e61e0010d1	e2ab3f5ef106b6bcbbbb5a7574282a40904d3faf	T4003	4003c548a314246d8c46516c4033fa5602e19c4b	assembled Spark candidate	A	engineering/design/icon-specimen/assets/lucide/paperclip.svg	100644	74bf51832569c9605e29107d50f192986770a367	100644	74bf51832569c9605e29107d50f192986770a367	retained_exact	-	-	source mode/blob equals target mode/blob	-
I1	icon	df9fc18b9f1a8374d72fa071c2b9c1e61e0010d1	e2ab3f5ef106b6bcbbbb5a7574282a40904d3faf	T4003	4003c548a314246d8c46516c4033fa5602e19c4b	assembled Spark candidate	A	engineering/design/icon-specimen/assets/lucide/plug.svg	100644	f28b6f0abef77a6e843dfa99f81731332c72db64	100644	f28b6f0abef77a6e843dfa99f81731332c72db64	retained_exact	-	-	source mode/blob equals target mode/blob	-
I1	icon	df9fc18b9f1a8374d72fa071c2b9c1e61e0010d1	e2ab3f5ef106b6bcbbbb5a7574282a40904d3faf	T4003	4003c548a314246d8c46516c4033fa5602e19c4b	assembled Spark candidate	A	engineering/design/icon-specimen/assets/lucide/plus.svg	100644	41f92bb93eb6626368d71c9884127bbcf7d3ccdf	100644	41f92bb93eb6626368d71c9884127bbcf7d3ccdf	retained_exact	-	-	source mode/blob equals target mode/blob	-
I1	icon	df9fc18b9f1a8374d72fa071c2b9c1e61e0010d1	e2ab3f5ef106b6bcbbbb5a7574282a40904d3faf	T4003	4003c548a314246d8c46516c4033fa5602e19c4b	assembled Spark candidate	A	engineering/design/icon-specimen/assets/lucide/refresh-cw.svg	100644	c27b3a9677e35fb2353167b01553d3d4cc4e3091	100644	c27b3a9677e35fb2353167b01553d3d4cc4e3091	retained_exact	-	-	source mode/blob equals target mode/blob	-
I1	icon	df9fc18b9f1a8374d72fa071c2b9c1e61e0010d1	e2ab3f5ef106b6bcbbbb5a7574282a40904d3faf	T4003	4003c548a314246d8c46516c4033fa5602e19c4b	assembled Spark candidate	A	engineering/design/icon-specimen/assets/lucide/search.svg	100644	03e442a5440cff92c219fe3a3c1f2b0788d30701	100644	03e442a5440cff92c219fe3a3c1f2b0788d30701	retained_exact	-	-	source mode/blob equals target mode/blob	-
I1	icon	df9fc18b9f1a8374d72fa071c2b9c1e61e0010d1	e2ab3f5ef106b6bcbbbb5a7574282a40904d3faf	T4003	4003c548a314246d8c46516c4033fa5602e19c4b	assembled Spark candidate	A	engineering/design/icon-specimen/assets/lucide/settings-2.svg	100644	0a9d29d77781e7d2f7f6db6a8fe4371ae6ff4f84	100644	0a9d29d77781e7d2f7f6db6a8fe4371ae6ff4f84	retained_exact	-	-	source mode/blob equals target mode/blob	-
I1	icon	df9fc18b9f1a8374d72fa071c2b9c1e61e0010d1	e2ab3f5ef106b6bcbbbb5a7574282a40904d3faf	T4003	4003c548a314246d8c46516c4033fa5602e19c4b	assembled Spark candidate	A	engineering/design/icon-specimen/assets/lucide/square-pen.svg	100644	20855d75b93db713da7d5708a7ff1ba1bab944ae	100644	20855d75b93db713da7d5708a7ff1ba1bab944ae	retained_exact	-	-	source mode/blob equals target mode/blob	-
I1	icon	df9fc18b9f1a8374d72fa071c2b9c1e61e0010d1	e2ab3f5ef106b6bcbbbb5a7574282a40904d3faf	T4003	4003c548a314246d8c46516c4033fa5602e19c4b	assembled Spark candidate	A	engineering/design/icon-specimen/assets/lucide/square.svg	100644	7862733557b3a069a22721196e0bd6c5c92b9339	100644	7862733557b3a069a22721196e0bd6c5c92b9339	retained_exact	-	-	source mode/blob equals target mode/blob	-
I1	icon	df9fc18b9f1a8374d72fa071c2b9c1e61e0010d1	e2ab3f5ef106b6bcbbbb5a7574282a40904d3faf	T4003	4003c548a314246d8c46516c4033fa5602e19c4b	assembled Spark candidate	A	engineering/design/icon-specimen/assets/lucide/x.svg	100644	e31794349d3eecea1b3ae8e974b68bb8f4becda7	100644	e31794349d3eecea1b3ae8e974b68bb8f4becda7	retained_exact	-	-	source mode/blob equals target mode/blob	-
I1	icon	df9fc18b9f1a8374d72fa071c2b9c1e61e0010d1	e2ab3f5ef106b6bcbbbb5a7574282a40904d3faf	T4003	4003c548a314246d8c46516c4033fa5602e19c4b	assembled Spark candidate	A	engineering/design/icon-specimen/assets/mingcute-regular/LICENSE	100644	d645695673349e3947e8e5ae42332d0ac3164cd7	100644	d645695673349e3947e8e5ae42332d0ac3164cd7	retained_exact	-	-	source mode/blob equals target mode/blob	-
I1	icon	df9fc18b9f1a8374d72fa071c2b9c1e61e0010d1	e2ab3f5ef106b6bcbbbb5a7574282a40904d3faf	T4003	4003c548a314246d8c46516c4033fa5602e19c4b	assembled Spark candidate	A	engineering/design/icon-specimen/assets/mingcute-regular/add.svg	100644	cc15aabf01aca540e9231cc35bac11d7275fbad5	100644	cc15aabf01aca540e9231cc35bac11d7275fbad5	retained_exact	-	-	source mode/blob equals target mode/blob	-
I1	icon	df9fc18b9f1a8374d72fa071c2b9c1e61e0010d1	e2ab3f5ef106b6bcbbbb5a7574282a40904d3faf	T4003	4003c548a314246d8c46516c4033fa5602e19c4b	assembled Spark candidate	A	engineering/design/icon-specimen/assets/mingcute-regular/arrow-down.svg	100644	c92ebed1a2481c54f712c097aa0b6c2a0f19fb1c	100644	c92ebed1a2481c54f712c097aa0b6c2a0f19fb1c	retained_exact	-	-	source mode/blob equals target mode/blob	-
I1	icon	df9fc18b9f1a8374d72fa071c2b9c1e61e0010d1	e2ab3f5ef106b6bcbbbb5a7574282a40904d3faf	T4003	4003c548a314246d8c46516c4033fa5602e19c4b	assembled Spark candidate	A	engineering/design/icon-specimen/assets/mingcute-regular/arrow-up.svg	100644	2b15f93943634b6c0621acce8ecdf6fca7743da6	100644	2b15f93943634b6c0621acce8ecdf6fca7743da6	retained_exact	-	-	source mode/blob equals target mode/blob	-
I1	icon	df9fc18b9f1a8374d72fa071c2b9c1e61e0010d1	e2ab3f5ef106b6bcbbbb5a7574282a40904d3faf	T4003	4003c548a314246d8c46516c4033fa5602e19c4b	assembled Spark candidate	A	engineering/design/icon-specimen/assets/mingcute-regular/attachment.svg	100644	4297ce3378f6c9cc4520b075158ed006d05f22c3	100644	4297ce3378f6c9cc4520b075158ed006d05f22c3	retained_exact	-	-	source mode/blob equals target mode/blob	-
I1	icon	df9fc18b9f1a8374d72fa071c2b9c1e61e0010d1	e2ab3f5ef106b6bcbbbb5a7574282a40904d3faf	T4003	4003c548a314246d8c46516c4033fa5602e19c4b	assembled Spark candidate	A	engineering/design/icon-specimen/assets/mingcute-regular/close.svg	100644	7f3d851df68a0cea02c61cc2b313607c0b085829	100644	7f3d851df68a0cea02c61cc2b313607c0b085829	retained_exact	-	-	source mode/blob equals target mode/blob	-
I1	icon	df9fc18b9f1a8374d72fa071c2b9c1e61e0010d1	e2ab3f5ef106b6bcbbbb5a7574282a40904d3faf	T4003	4003c548a314246d8c46516c4033fa5602e19c4b	assembled Spark candidate	A	engineering/design/icon-specimen/assets/mingcute-regular/copy.svg	100644	966c968f5e6036ca27fcd0b95d569ae7dddc2a11	100644	966c968f5e6036ca27fcd0b95d569ae7dddc2a11	retained_exact	-	-	source mode/blob equals target mode/blob	-
I1	icon	df9fc18b9f1a8374d72fa071c2b9c1e61e0010d1	e2ab3f5ef106b6bcbbbb5a7574282a40904d3faf	T4003	4003c548a314246d8c46516c4033fa5602e19c4b	assembled Spark candidate	A	engineering/design/icon-specimen/assets/mingcute-regular/document-2.svg	100644	c2fe12d6b2b5f7d04513f67b62786820fe30d4c5	100644	c2fe12d6b2b5f7d04513f67b62786820fe30d4c5	retained_exact	-	-	source mode/blob equals target mode/blob	-
I1	icon	df9fc18b9f1a8374d72fa071c2b9c1e61e0010d1	e2ab3f5ef106b6bcbbbb5a7574282a40904d3faf	T4003	4003c548a314246d8c46516c4033fa5602e19c4b	assembled Spark candidate	A	engineering/design/icon-specimen/assets/mingcute-regular/down.svg	100644	fe25abf16a7527e700edcc79999e6430617fd648	100644	fe25abf16a7527e700edcc79999e6430617fd648	retained_exact	-	-	source mode/blob equals target mode/blob	-
I1	icon	df9fc18b9f1a8374d72fa071c2b9c1e61e0010d1	e2ab3f5ef106b6bcbbbb5a7574282a40904d3faf	T4003	4003c548a314246d8c46516c4033fa5602e19c4b	assembled Spark candidate	A	engineering/design/icon-specimen/assets/mingcute-regular/edit.svg	100644	31078ec7b4dd2640ff35d3d959ee8cb911c38082	100644	31078ec7b4dd2640ff35d3d959ee8cb911c38082	retained_exact	-	-	source mode/blob equals target mode/blob	-
I1	icon	df9fc18b9f1a8374d72fa071c2b9c1e61e0010d1	e2ab3f5ef106b6bcbbbb5a7574282a40904d3faf	T4003	4003c548a314246d8c46516c4033fa5602e19c4b	assembled Spark candidate	A	engineering/design/icon-specimen/assets/mingcute-regular/external-link.svg	100644	8635c30a1c42b9210d9c7ec580ed5cef9ea7f091	100644	8635c30a1c42b9210d9c7ec580ed5cef9ea7f091	retained_exact	-	-	source mode/blob equals target mode/blob	-
I1	icon	df9fc18b9f1a8374d72fa071c2b9c1e61e0010d1	e2ab3f5ef106b6bcbbbb5a7574282a40904d3faf	T4003	4003c548a314246d8c46516c4033fa5602e19c4b	assembled Spark candidate	A	engineering/design/icon-specimen/assets/mingcute-regular/folder.svg	100644	ed7d6049d66264183f201bfb5d52161d1e1c4abb	100644	ed7d6049d66264183f201bfb5d52161d1e1c4abb	retained_exact	-	-	source mode/blob equals target mode/blob	-
I1	icon	df9fc18b9f1a8374d72fa071c2b9c1e61e0010d1	e2ab3f5ef106b6bcbbbb5a7574282a40904d3faf	T4003	4003c548a314246d8c46516c4033fa5602e19c4b	assembled Spark candidate	A	engineering/design/icon-specimen/assets/mingcute-regular/fullscreen-2.svg	100644	eb32973a69a1e7904eb6b66ec90b66a80f3ef5db	100644	eb32973a69a1e7904eb6b66ec90b66a80f3ef5db	retained_exact	-	-	source mode/blob equals target mode/blob	-
I1	icon	df9fc18b9f1a8374d72fa071c2b9c1e61e0010d1	e2ab3f5ef106b6bcbbbb5a7574282a40904d3faf	T4003	4003c548a314246d8c46516c4033fa5602e19c4b	assembled Spark candidate	A	engineering/design/icon-specimen/assets/mingcute-regular/fullscreen-exit-2.svg	100644	5eaaa53108513e2ec21114f439c1d1ca1cb1e4bb	100644	5eaaa53108513e2ec21114f439c1d1ca1cb1e4bb	retained_exact	-	-	source mode/blob equals target mode/blob	-
I1	icon	df9fc18b9f1a8374d72fa071c2b9c1e61e0010d1	e2ab3f5ef106b6bcbbbb5a7574282a40904d3faf	T4003	4003c548a314246d8c46516c4033fa5602e19c4b	assembled Spark candidate	A	engineering/design/icon-specimen/assets/mingcute-regular/heartbeat.svg	100644	bd10fe6c2915996be990aad277b63f35dda68f54	100644	bd10fe6c2915996be990aad277b63f35dda68f54	retained_exact	-	-	source mode/blob equals target mode/blob	-
I1	icon	df9fc18b9f1a8374d72fa071c2b9c1e61e0010d1	e2ab3f5ef106b6bcbbbb5a7574282a40904d3faf	T4003	4003c548a314246d8c46516c4033fa5602e19c4b	assembled Spark candidate	A	engineering/design/icon-specimen/assets/mingcute-regular/home-3.svg	100644	cf7e27e1ae0a66e8b174b863dace80750a6d7d69	100644	cf7e27e1ae0a66e8b174b863dace80750a6d7d69	retained_exact	-	-	source mode/blob equals target mode/blob	-
I1	icon	df9fc18b9f1a8374d72fa071c2b9c1e61e0010d1	e2ab3f5ef106b6bcbbbb5a7574282a40904d3faf	T4003	4003c548a314246d8c46516c4033fa5602e19c4b	assembled Spark candidate	A	engineering/design/icon-specimen/assets/mingcute-regular/layout-left.svg	100644	61fe1e203f96526a18c38df8acd43990bc02f2e4	100644	61fe1e203f96526a18c38df8acd43990bc02f2e4	retained_exact	-	-	source mode/blob equals target mode/blob	-
I1	icon	df9fc18b9f1a8374d72fa071c2b9c1e61e0010d1	e2ab3f5ef106b6bcbbbb5a7574282a40904d3faf	T4003	4003c548a314246d8c46516c4033fa5602e19c4b	assembled Spark candidate	A	engineering/design/icon-specimen/assets/mingcute-regular/layout-right.svg	100644	b33233f9b19f59c779e8d9274bfc651982f88e75	100644	b33233f9b19f59c779e8d9274bfc651982f88e75	retained_exact	-	-	source mode/blob equals target mode/blob	-
I1	icon	df9fc18b9f1a8374d72fa071c2b9c1e61e0010d1	e2ab3f5ef106b6bcbbbb5a7574282a40904d3faf	T4003	4003c548a314246d8c46516c4033fa5602e19c4b	assembled Spark candidate	A	engineering/design/icon-specimen/assets/mingcute-regular/message-2.svg	100644	89361c228d6ca388e34e38455dcb60d2a2a5195f	100644	89361c228d6ca388e34e38455dcb60d2a2a5195f	retained_exact	-	-	source mode/blob equals target mode/blob	-
I1	icon	df9fc18b9f1a8374d72fa071c2b9c1e61e0010d1	e2ab3f5ef106b6bcbbbb5a7574282a40904d3faf	T4003	4003c548a314246d8c46516c4033fa5602e19c4b	assembled Spark candidate	A	engineering/design/icon-specimen/assets/mingcute-regular/plugin.svg	100644	75a87210c238d3f1bd12022adc86cfb776811ca4	100644	75a87210c238d3f1bd12022adc86cfb776811ca4	retained_exact	-	-	source mode/blob equals target mode/blob	-
I1	icon	df9fc18b9f1a8374d72fa071c2b9c1e61e0010d1	e2ab3f5ef106b6bcbbbb5a7574282a40904d3faf	T4003	4003c548a314246d8c46516c4033fa5602e19c4b	assembled Spark candidate	A	engineering/design/icon-specimen/assets/mingcute-regular/refresh-3.svg	100644	568a365d84cf46c0c5ea0f785bea132c51524a05	100644	568a365d84cf46c0c5ea0f785bea132c51524a05	retained_exact	-	-	source mode/blob equals target mode/blob	-
I1	icon	df9fc18b9f1a8374d72fa071c2b9c1e61e0010d1	e2ab3f5ef106b6bcbbbb5a7574282a40904d3faf	T4003	4003c548a314246d8c46516c4033fa5602e19c4b	assembled Spark candidate	A	engineering/design/icon-specimen/assets/mingcute-regular/right.svg	100644	f84826cdec3e2e1ff8c8ac870f335a9f97a410d3	100644	f84826cdec3e2e1ff8c8ac870f335a9f97a410d3	retained_exact	-	-	source mode/blob equals target mode/blob	-
I1	icon	df9fc18b9f1a8374d72fa071c2b9c1e61e0010d1	e2ab3f5ef106b6bcbbbb5a7574282a40904d3faf	T4003	4003c548a314246d8c46516c4033fa5602e19c4b	assembled Spark candidate	A	engineering/design/icon-specimen/assets/mingcute-regular/search.svg	100644	a6ab8e4027035f6007e5483426b30c7c1526f234	100644	a6ab8e4027035f6007e5483426b30c7c1526f234	retained_exact	-	-	source mode/blob equals target mode/blob	-
I1	icon	df9fc18b9f1a8374d72fa071c2b9c1e61e0010d1	e2ab3f5ef106b6bcbbbb5a7574282a40904d3faf	T4003	4003c548a314246d8c46516c4033fa5602e19c4b	assembled Spark candidate	A	engineering/design/icon-specimen/assets/mingcute-regular/settings-2.svg	100644	516b2ff2cccc4b52fb42d1ce134f82fd854869fc	100644	516b2ff2cccc4b52fb42d1ce134f82fd854869fc	retained_exact	-	-	source mode/blob equals target mode/blob	-
I1	icon	df9fc18b9f1a8374d72fa071c2b9c1e61e0010d1	e2ab3f5ef106b6bcbbbb5a7574282a40904d3faf	T4003	4003c548a314246d8c46516c4033fa5602e19c4b	assembled Spark candidate	A	engineering/design/icon-specimen/assets/mingcute-regular/square.svg	100644	6392de566a7cd61713aeb6c05b36222af0257df5	100644	6392de566a7cd61713aeb6c05b36222af0257df5	retained_exact	-	-	source mode/blob equals target mode/blob	-
I1	icon	df9fc18b9f1a8374d72fa071c2b9c1e61e0010d1	e2ab3f5ef106b6bcbbbb5a7574282a40904d3faf	T4003	4003c548a314246d8c46516c4033fa5602e19c4b	assembled Spark candidate	A	engineering/design/icon-specimen/assets/phosphor-regular/LICENSE	100644	78c9810819776e135d314adc0ff26eda7bec8b38	100644	78c9810819776e135d314adc0ff26eda7bec8b38	retained_exact	-	-	source mode/blob equals target mode/blob	-
I1	icon	df9fc18b9f1a8374d72fa071c2b9c1e61e0010d1	e2ab3f5ef106b6bcbbbb5a7574282a40904d3faf	T4003	4003c548a314246d8c46516c4033fa5602e19c4b	assembled Spark candidate	A	engineering/design/icon-specimen/assets/phosphor-regular/arrow-down.svg	100644	0e7629b6de2322580e8a3712e217b2160aaf9029	100644	0e7629b6de2322580e8a3712e217b2160aaf9029	retained_exact	-	-	source mode/blob equals target mode/blob	-
I1	icon	df9fc18b9f1a8374d72fa071c2b9c1e61e0010d1	e2ab3f5ef106b6bcbbbb5a7574282a40904d3faf	T4003	4003c548a314246d8c46516c4033fa5602e19c4b	assembled Spark candidate	A	engineering/design/icon-specimen/assets/phosphor-regular/arrow-square-out.svg	100644	e46b338027cfc1846f49c8684c9e18ddaa782967	100644	e46b338027cfc1846f49c8684c9e18ddaa782967	retained_exact	-	-	source mode/blob equals target mode/blob	-
I1	icon	df9fc18b9f1a8374d72fa071c2b9c1e61e0010d1	e2ab3f5ef106b6bcbbbb5a7574282a40904d3faf	T4003	4003c548a314246d8c46516c4033fa5602e19c4b	assembled Spark candidate	A	engineering/design/icon-specimen/assets/phosphor-regular/arrow-up.svg	100644	a8ba45ec7d0a4cd540e226b02d56e3991db23edb	100644	a8ba45ec7d0a4cd540e226b02d56e3991db23edb	retained_exact	-	-	source mode/blob equals target mode/blob	-
I1	icon	df9fc18b9f1a8374d72fa071c2b9c1e61e0010d1	e2ab3f5ef106b6bcbbbb5a7574282a40904d3faf	T4003	4003c548a314246d8c46516c4033fa5602e19c4b	assembled Spark candidate	A	engineering/design/icon-specimen/assets/phosphor-regular/arrows-clockwise.svg	100644	1561ad604087917150459c01189218597ac0e72f	100644	1561ad604087917150459c01189218597ac0e72f	retained_exact	-	-	source mode/blob equals target mode/blob	-
I1	icon	df9fc18b9f1a8374d72fa071c2b9c1e61e0010d1	e2ab3f5ef106b6bcbbbb5a7574282a40904d3faf	T4003	4003c548a314246d8c46516c4033fa5602e19c4b	assembled Spark candidate	A	engineering/design/icon-specimen/assets/phosphor-regular/arrows-in-simple.svg	100644	d18668e7d990d64c3bd235e02abdffd14db252ba	100644	d18668e7d990d64c3bd235e02abdffd14db252ba	retained_exact	-	-	source mode/blob equals target mode/blob	-
I1	icon	df9fc18b9f1a8374d72fa071c2b9c1e61e0010d1	e2ab3f5ef106b6bcbbbb5a7574282a40904d3faf	T4003	4003c548a314246d8c46516c4033fa5602e19c4b	assembled Spark candidate	A	engineering/design/icon-specimen/assets/phosphor-regular/arrows-out-simple.svg	100644	359b13fb451ee16945fb58e8a4a3690d172e9fb9	100644	359b13fb451ee16945fb58e8a4a3690d172e9fb9	retained_exact	-	-	source mode/blob equals target mode/blob	-
I1	icon	df9fc18b9f1a8374d72fa071c2b9c1e61e0010d1	e2ab3f5ef106b6bcbbbb5a7574282a40904d3faf	T4003	4003c548a314246d8c46516c4033fa5602e19c4b	assembled Spark candidate	A	engineering/design/icon-specimen/assets/phosphor-regular/caret-down.svg	100644	c6e84e840434f8d913527e9bf72aeeffc1261d7f	100644	c6e84e840434f8d913527e9bf72aeeffc1261d7f	retained_exact	-	-	source mode/blob equals target mode/blob	-
I1	icon	df9fc18b9f1a8374d72fa071c2b9c1e61e0010d1	e2ab3f5ef106b6bcbbbb5a7574282a40904d3faf	T4003	4003c548a314246d8c46516c4033fa5602e19c4b	assembled Spark candidate	A	engineering/design/icon-specimen/assets/phosphor-regular/caret-right.svg	100644	d73dd5d9de441ed68d05ce97f3a714e9f3f69323	100644	d73dd5d9de441ed68d05ce97f3a714e9f3f69323	retained_exact	-	-	source mode/blob equals target mode/blob	-
I1	icon	df9fc18b9f1a8374d72fa071c2b9c1e61e0010d1	e2ab3f5ef106b6bcbbbb5a7574282a40904d3faf	T4003	4003c548a314246d8c46516c4033fa5602e19c4b	assembled Spark candidate	A	engineering/design/icon-specimen/assets/phosphor-regular/chat.svg	100644	91245979c4e5b00092f5a41cfed252921b2c4c7a	100644	91245979c4e5b00092f5a41cfed252921b2c4c7a	retained_exact	-	-	source mode/blob equals target mode/blob	-
I1	icon	df9fc18b9f1a8374d72fa071c2b9c1e61e0010d1	e2ab3f5ef106b6bcbbbb5a7574282a40904d3faf	T4003	4003c548a314246d8c46516c4033fa5602e19c4b	assembled Spark candidate	A	engineering/design/icon-specimen/assets/phosphor-regular/copy.svg	100644	8f3dd2ec9f2716aa4049da502f410d2c46f93789	100644	8f3dd2ec9f2716aa4049da502f410d2c46f93789	retained_exact	-	-	source mode/blob equals target mode/blob	-
I1	icon	df9fc18b9f1a8374d72fa071c2b9c1e61e0010d1	e2ab3f5ef106b6bcbbbb5a7574282a40904d3faf	T4003	4003c548a314246d8c46516c4033fa5602e19c4b	assembled Spark candidate	A	engineering/design/icon-specimen/assets/phosphor-regular/file-text.svg	100644	984fbb5c60105d3efab3ae4a30532d9f7e70e1db	100644	984fbb5c60105d3efab3ae4a30532d9f7e70e1db	retained_exact	-	-	source mode/blob equals target mode/blob	-
I1	icon	df9fc18b9f1a8374d72fa071c2b9c1e61e0010d1	e2ab3f5ef106b6bcbbbb5a7574282a40904d3faf	T4003	4003c548a314246d8c46516c4033fa5602e19c4b	assembled Spark candidate	A	engineering/design/icon-specimen/assets/phosphor-regular/folder.svg	100644	df74375256f3c6e8a3057d861d380ee6f12a1983	100644	df74375256f3c6e8a3057d861d380ee6f12a1983	retained_exact	-	-	source mode/blob equals target mode/blob	-
I1	icon	df9fc18b9f1a8374d72fa071c2b9c1e61e0010d1	e2ab3f5ef106b6bcbbbb5a7574282a40904d3faf	T4003	4003c548a314246d8c46516c4033fa5602e19c4b	assembled Spark candidate	A	engineering/design/icon-specimen/assets/phosphor-regular/house.svg	100644	3c6d2db65d4ac8e6cd4252f72a3fc90c3c7217a2	100644	3c6d2db65d4ac8e6cd4252f72a3fc90c3c7217a2	retained_exact	-	-	source mode/blob equals target mode/blob	-
I1	icon	df9fc18b9f1a8374d72fa071c2b9c1e61e0010d1	e2ab3f5ef106b6bcbbbb5a7574282a40904d3faf	T4003	4003c548a314246d8c46516c4033fa5602e19c4b	assembled Spark candidate	A	engineering/design/icon-specimen/assets/phosphor-regular/magnifying-glass.svg	100644	2bdda58966a780a706bc622d719172899e822307	100644	2bdda58966a780a706bc622d719172899e822307	retained_exact	-	-	source mode/blob equals target mode/blob	-
I1	icon	df9fc18b9f1a8374d72fa071c2b9c1e61e0010d1	e2ab3f5ef106b6bcbbbb5a7574282a40904d3faf	T4003	4003c548a314246d8c46516c4033fa5602e19c4b	assembled Spark candidate	A	engineering/design/icon-specimen/assets/phosphor-regular/note-pencil.svg	100644	97cad50c9f15cfbfc97eb65500a802bf490147c1	100644	97cad50c9f15cfbfc97eb65500a802bf490147c1	retained_exact	-	-	source mode/blob equals target mode/blob	-
I1	icon	df9fc18b9f1a8374d72fa071c2b9c1e61e0010d1	e2ab3f5ef106b6bcbbbb5a7574282a40904d3faf	T4003	4003c548a314246d8c46516c4033fa5602e19c4b	assembled Spark candidate	A	engineering/design/icon-specimen/assets/phosphor-regular/paperclip.svg	100644	a4f76685b77233d8268ecd5461c00d5a112798c3	100644	a4f76685b77233d8268ecd5461c00d5a112798c3	retained_exact	-	-	source mode/blob equals target mode/blob	-
I1	icon	df9fc18b9f1a8374d72fa071c2b9c1e61e0010d1	e2ab3f5ef106b6bcbbbb5a7574282a40904d3faf	T4003	4003c548a314246d8c46516c4033fa5602e19c4b	assembled Spark candidate	A	engineering/design/icon-specimen/assets/phosphor-regular/plug.svg	100644	4c8c03e783fd970fba6764f5aad3b9311f877ada	100644	4c8c03e783fd970fba6764f5aad3b9311f877ada	retained_exact	-	-	source mode/blob equals target mode/blob	-
I1	icon	df9fc18b9f1a8374d72fa071c2b9c1e61e0010d1	e2ab3f5ef106b6bcbbbb5a7574282a40904d3faf	T4003	4003c548a314246d8c46516c4033fa5602e19c4b	assembled Spark candidate	A	engineering/design/icon-specimen/assets/phosphor-regular/plus.svg	100644	25ad5e32286bc1e69fcd7b462a5dff378d25a509	100644	25ad5e32286bc1e69fcd7b462a5dff378d25a509	retained_exact	-	-	source mode/blob equals target mode/blob	-
I1	icon	df9fc18b9f1a8374d72fa071c2b9c1e61e0010d1	e2ab3f5ef106b6bcbbbb5a7574282a40904d3faf	T4003	4003c548a314246d8c46516c4033fa5602e19c4b	assembled Spark candidate	A	engineering/design/icon-specimen/assets/phosphor-regular/pulse.svg	100644	f78d5f42f5a8891c27a9a00478d086a871c743a2	100644	f78d5f42f5a8891c27a9a00478d086a871c743a2	retained_exact	-	-	source mode/blob equals target mode/blob	-
I1	icon	df9fc18b9f1a8374d72fa071c2b9c1e61e0010d1	e2ab3f5ef106b6bcbbbb5a7574282a40904d3faf	T4003	4003c548a314246d8c46516c4033fa5602e19c4b	assembled Spark candidate	A	engineering/design/icon-specimen/assets/phosphor-regular/sidebar-simple.svg	100644	0abec37f4ab5ee020648599b120525935ba601e8	100644	0abec37f4ab5ee020648599b120525935ba601e8	retained_exact	-	-	source mode/blob equals target mode/blob	-
I1	icon	df9fc18b9f1a8374d72fa071c2b9c1e61e0010d1	e2ab3f5ef106b6bcbbbb5a7574282a40904d3faf	T4003	4003c548a314246d8c46516c4033fa5602e19c4b	assembled Spark candidate	A	engineering/design/icon-specimen/assets/phosphor-regular/sliders-horizontal.svg	100644	4aa2aa34343e436010a1791329f709c3271e6a4c	100644	4aa2aa34343e436010a1791329f709c3271e6a4c	retained_exact	-	-	source mode/blob equals target mode/blob	-
I1	icon	df9fc18b9f1a8374d72fa071c2b9c1e61e0010d1	e2ab3f5ef106b6bcbbbb5a7574282a40904d3faf	T4003	4003c548a314246d8c46516c4033fa5602e19c4b	assembled Spark candidate	A	engineering/design/icon-specimen/assets/phosphor-regular/square.svg	100644	043710bb32767ce451e0cf97dd43034a1ceccf90	100644	043710bb32767ce451e0cf97dd43034a1ceccf90	retained_exact	-	-	source mode/blob equals target mode/blob	-
I1	icon	df9fc18b9f1a8374d72fa071c2b9c1e61e0010d1	e2ab3f5ef106b6bcbbbb5a7574282a40904d3faf	T4003	4003c548a314246d8c46516c4033fa5602e19c4b	assembled Spark candidate	A	engineering/design/icon-specimen/assets/phosphor-regular/x.svg	100644	2ee41d11cce14289f3b444174694acee017a4f9a	100644	2ee41d11cce14289f3b444174694acee017a4f9a	retained_exact	-	-	source mode/blob equals target mode/blob	-
I1	icon	df9fc18b9f1a8374d72fa071c2b9c1e61e0010d1	e2ab3f5ef106b6bcbbbb5a7574282a40904d3faf	T4003	4003c548a314246d8c46516c4033fa5602e19c4b	assembled Spark candidate	A	engineering/design/icon-specimen/build.py	100644	d70b08629a672b131de3129d3e4771b07dfa4f6b	100644	a9a1d44e86e411e427e2434088a923fa6d8af1d6	authorized_later	ICON maintenance	6169f015f1cacd342f89cd29c2b7acad9a426ef3	generator rstrip hygiene; vendor bytes unchanged	later owner/hunk recorded in shared-invariants.tsv
I1	icon	df9fc18b9f1a8374d72fa071c2b9c1e61e0010d1	e2ab3f5ef106b6bcbbbb5a7574282a40904d3faf	T4003	4003c548a314246d8c46516c4033fa5602e19c4b	assembled Spark candidate	A	engineering/design/icon-specimen/captures/D-1440-D.png	100644	5b81d07160fe464e317c25abfd3a7d748ad4cd19	100644	5b81d07160fe464e317c25abfd3a7d748ad4cd19	retained_exact	-	-	source mode/blob equals target mode/blob	-
I1	icon	df9fc18b9f1a8374d72fa071c2b9c1e61e0010d1	e2ab3f5ef106b6bcbbbb5a7574282a40904d3faf	T4003	4003c548a314246d8c46516c4033fa5602e19c4b	assembled Spark candidate	A	engineering/design/icon-specimen/captures/D-1440-L.png	100644	81db9bd08fedfc317166d571755c1309c82673fa	100644	81db9bd08fedfc317166d571755c1309c82673fa	retained_exact	-	-	source mode/blob equals target mode/blob	-
I1	icon	df9fc18b9f1a8374d72fa071c2b9c1e61e0010d1	e2ab3f5ef106b6bcbbbb5a7574282a40904d3faf	T4003	4003c548a314246d8c46516c4033fa5602e19c4b	assembled Spark candidate	A	engineering/design/icon-specimen/captures/M-390-D.png	100644	60c5a9e128c7a81fc3b51c37f7176b7881782e1d	100644	60c5a9e128c7a81fc3b51c37f7176b7881782e1d	retained_exact	-	-	source mode/blob equals target mode/blob	-
I1	icon	df9fc18b9f1a8374d72fa071c2b9c1e61e0010d1	e2ab3f5ef106b6bcbbbb5a7574282a40904d3faf	T4003	4003c548a314246d8c46516c4033fa5602e19c4b	assembled Spark candidate	A	engineering/design/icon-specimen/captures/M-390-L.png	100644	e90640d9bd1c5ec5e78056996232305921382856	100644	e90640d9bd1c5ec5e78056996232305921382856	retained_exact	-	-	source mode/blob equals target mode/blob	-
I1	icon	df9fc18b9f1a8374d72fa071c2b9c1e61e0010d1	e2ab3f5ef106b6bcbbbb5a7574282a40904d3faf	T4003	4003c548a314246d8c46516c4033fa5602e19c4b	assembled Spark candidate	A	engineering/design/icon-specimen/captures/Z-200-L.png	100644	b9fc7405bdcecfdec52cbce4cfe98d1663f05538	100644	b9fc7405bdcecfdec52cbce4cfe98d1663f05538	retained_exact	-	-	source mode/blob equals target mode/blob	-
I1	icon	df9fc18b9f1a8374d72fa071c2b9c1e61e0010d1	e2ab3f5ef106b6bcbbbb5a7574282a40904d3faf	T4003	4003c548a314246d8c46516c4033fa5602e19c4b	assembled Spark candidate	A	engineering/design/icon-specimen/captures/zoom200-focus-check.json	100644	7461491e1801b6ca5066a6ed3933ba916f059ec2	100644	7461491e1801b6ca5066a6ed3933ba916f059ec2	retained_exact	-	-	source mode/blob equals target mode/blob	-
I1	icon	df9fc18b9f1a8374d72fa071c2b9c1e61e0010d1	e2ab3f5ef106b6bcbbbb5a7574282a40904d3faf	T4003	4003c548a314246d8c46516c4033fa5602e19c4b	assembled Spark candidate	A	engineering/design/icon-specimen/index.html	100644	1634a16bb250c7a0546a0f5c887d851d2a2de0e5	100644	8d96285062d94d1003cdfe5b4b2a687d5e609c88	authorized_later	ICON maintenance	6169f015f1cacd342f89cd29c2b7acad9a426ef3	generated specimen blank-line normalization	later owner/hunk recorded in shared-invariants.tsv
I1	icon	df9fc18b9f1a8374d72fa071c2b9c1e61e0010d1	e2ab3f5ef106b6bcbbbb5a7574282a40904d3faf	T4003	4003c548a314246d8c46516c4033fa5602e19c4b	assembled Spark candidate	A	engineering/design/icon-specimen/mapping.json	100644	5f8c0e89757d7c2439643d857c35810c92248022	100644	5f8c0e89757d7c2439643d857c35810c92248022	retained_exact	-	-	source mode/blob equals target mode/blob	-
I1	icon	df9fc18b9f1a8374d72fa071c2b9c1e61e0010d1	e2ab3f5ef106b6bcbbbb5a7574282a40904d3faf	T4003	4003c548a314246d8c46516c4033fa5602e19c4b	assembled Spark candidate	A	engineering/design/icon-specimen/measurements.json	100644	25cb107e0c2ad6fb3f94a7fd57809fba37fb415e	100644	25cb107e0c2ad6fb3f94a7fd57809fba37fb415e	retained_exact	-	-	source mode/blob equals target mode/blob	-
I1	icon	df9fc18b9f1a8374d72fa071c2b9c1e61e0010d1	e2ab3f5ef106b6bcbbbb5a7574282a40904d3faf	T4003	4003c548a314246d8c46516c4033fa5602e19c4b	assembled Spark candidate	A	engineering/design/icon-specimen/observations.md	100644	091128dbca662d8016d85203d97c9b03babd9452	100644	091128dbca662d8016d85203d97c9b03babd9452	retained_exact	-	-	source mode/blob equals target mode/blob	-
I1	icon	df9fc18b9f1a8374d72fa071c2b9c1e61e0010d1	e2ab3f5ef106b6bcbbbb5a7574282a40904d3faf	T4003	4003c548a314246d8c46516c4033fa5602e19c4b	assembled Spark candidate	A	engineering/design/icon-specimen/sources.json	100644	dc8c865dcccdd5c579a7ee4e2b4e9a2c4f7a98c5	100644	dc8c865dcccdd5c579a7ee4e2b4e9a2c4f7a98c5	retained_exact	-	-	source mode/blob equals target mode/blob	-
I1	icon	df9fc18b9f1a8374d72fa071c2b9c1e61e0010d1	e2ab3f5ef106b6bcbbbb5a7574282a40904d3faf	T4003	4003c548a314246d8c46516c4033fa5602e19c4b	assembled Spark candidate	A	engineering/design/icon-specimen/specimen.css	100644	3162db7146a3372f9f39398d59f0055a219aef52	100644	3162db7146a3372f9f39398d59f0055a219aef52	retained_exact	-	-	source mode/blob equals target mode/blob	-
I1	icon	df9fc18b9f1a8374d72fa071c2b9c1e61e0010d1	e2ab3f5ef106b6bcbbbb5a7574282a40904d3faf	T4003	4003c548a314246d8c46516c4033fa5602e19c4b	assembled Spark candidate	A	engineering/design/icon-specimen/template.html	100644	748d01b4c87a7d67f39459785e9ce7983c6cf917	100644	748d01b4c87a7d67f39459785e9ce7983c6cf917	retained_exact	-	-	source mode/blob equals target mode/blob	-
I1	icon	df9fc18b9f1a8374d72fa071c2b9c1e61e0010d1	e2ab3f5ef106b6bcbbbb5a7574282a40904d3faf	T4003	4003c548a314246d8c46516c4033fa5602e19c4b	assembled Spark candidate	M	engineering/design/sources.md	100644	87a736d183dd0040b91ab84be186d32b6f77185f	100644	87a736d183dd0040b91ab84be186d32b6f77185f	retained_exact	-	-	source mode/blob equals target mode/blob	-
I1	icon	df9fc18b9f1a8374d72fa071c2b9c1e61e0010d1	e2ab3f5ef106b6bcbbbb5a7574282a40904d3faf	T4003	4003c548a314246d8c46516c4033fa5602e19c4b	assembled Spark candidate	M	engineering/mvp/execution/work-surface-kit/consumption-ledger.md	100644	624e391a18e8d96c49ecedec8d74f25cba1bff5e	100644	624e391a18e8d96c49ecedec8d74f25cba1bff5e	retained_exact	-	-	source mode/blob equals target mode/blob	-
I1	icon	df9fc18b9f1a8374d72fa071c2b9c1e61e0010d1	e2ab3f5ef106b6bcbbbb5a7574282a40904d3faf	T4003	4003c548a314246d8c46516c4033fa5602e19c4b	assembled Spark candidate	M	engineering/mvp/execution/work-surface-kit/dispatch-round-4.md	100644	0a92dbe3fc569a78becb3b22303a3f80b0ce3cb4	100644	0a92dbe3fc569a78becb3b22303a3f80b0ce3cb4	retained_exact	-	-	source mode/blob equals target mode/blob	-
I1	icon	df9fc18b9f1a8374d72fa071c2b9c1e61e0010d1	e2ab3f5ef106b6bcbbbb5a7574282a40904d3faf	T4003	4003c548a314246d8c46516c4033fa5602e19c4b	assembled Spark candidate	A	engineering/mvp/execution/work-surface-kit/explore/ex-ic1-icon-specimen.md	100644	b122241ee2bebe07a744f5164731ea970cd17737	100644	b122241ee2bebe07a744f5164731ea970cd17737	retained_exact	-	-	source mode/blob equals target mode/blob	-
I1	icon	df9fc18b9f1a8374d72fa071c2b9c1e61e0010d1	e2ab3f5ef106b6bcbbbb5a7574282a40904d3faf	T4003	4003c548a314246d8c46516c4033fa5602e19c4b	assembled Spark candidate	M	engineering/mvp/execution/work-surface-kit/intake-round-3.md	100644	11d8f2d13746734afc0945260b7c4093be71c5b9	100644	11d8f2d13746734afc0945260b7c4093be71c5b9	retained_exact	-	-	source mode/blob equals target mode/blob	-
I1	icon	df9fc18b9f1a8374d72fa071c2b9c1e61e0010d1	e2ab3f5ef106b6bcbbbb5a7574282a40904d3faf	T4003	4003c548a314246d8c46516c4033fa5602e19c4b	assembled Spark candidate	A	tools/ui-vendor/lucide/plug.svg	100644	f28b6f0abef77a6e843dfa99f81731332c72db64	100644	f28b6f0abef77a6e843dfa99f81731332c72db64	retained_exact	-	-	source mode/blob equals target mode/blob	-
I1	icon	df9fc18b9f1a8374d72fa071c2b9c1e61e0010d1	e2ab3f5ef106b6bcbbbb5a7574282a40904d3faf	T4003	4003c548a314246d8c46516c4033fa5602e19c4b	assembled Spark candidate	M	tools/ui-vendor/lucide/sources.json	100644	f7a7df49584ab57f80f87eba348ba2cf19004864	100644	f7a7df49584ab57f80f87eba348ba2cf19004864	retained_exact	-	-	source mode/blob equals target mode/blob	-
F1	fe05a	0220d350b05aac9eafabe9620d34673f3d01adc7	68b8d3d67d6b66d1a6c2c8d4f72ff7079135b662	T055	055cffcbc18eb26d15f3818aada50b82a4bd0fa8	accepted ATT/material HEAD	A	app/tests/shape-governance.test.mjs	100644	7f7b882027b7fc6d3a35ad5ae081400c94d9617e	100644	7f7b882027b7fc6d3a35ad5ae081400c94d9617e	retained_exact	-	-	source mode/blob equals target mode/blob	-
F1	fe05a	0220d350b05aac9eafabe9620d34673f3d01adc7	68b8d3d67d6b66d1a6c2c8d4f72ff7079135b662	T055	055cffcbc18eb26d15f3818aada50b82a4bd0fa8	accepted ATT/material HEAD	M	app/tests/work-surface-tabs.test.mjs	100644	4d066957265d58e8126fa436c6d1f6c7f07f3513	100644	4d066957265d58e8126fa436c6d1f6c7f07f3513	retained_exact	-	-	source mode/blob equals target mode/blob	-
F1	fe05a	0220d350b05aac9eafabe9620d34673f3d01adc7	68b8d3d67d6b66d1a6c2c8d4f72ff7079135b662	T055	055cffcbc18eb26d15f3818aada50b82a4bd0fa8	accepted ATT/material HEAD	M	app/web/home-view.mjs	100644	ffe8ebfb561c81c2ecbc0cecda98c041e62c003a	100644	ffe8ebfb561c81c2ecbc0cecda98c041e62c003a	retained_exact	-	-	source mode/blob equals target mode/blob	-
F1	fe05a	0220d350b05aac9eafabe9620d34673f3d01adc7	68b8d3d67d6b66d1a6c2c8d4f72ff7079135b662	T055	055cffcbc18eb26d15f3818aada50b82a4bd0fa8	accepted ATT/material HEAD	M	app/web/markdown-reader.css	100644	7ef65a7f3e49b768f1efcec0bccc2940648fc379	100644	7ef65a7f3e49b768f1efcec0bccc2940648fc379	retained_exact	-	-	source mode/blob equals target mode/blob	-
F1	fe05a	0220d350b05aac9eafabe9620d34673f3d01adc7	68b8d3d67d6b66d1a6c2c8d4f72ff7079135b662	T055	055cffcbc18eb26d15f3818aada50b82a4bd0fa8	accepted ATT/material HEAD	M	app/web/settings-view.mjs	100644	7b45b285885716c22f80f643f8bb57149933cb2b	100644	7b45b285885716c22f80f643f8bb57149933cb2b	retained_exact	-	-	source mode/blob equals target mode/blob	-
F1	fe05a	0220d350b05aac9eafabe9620d34673f3d01adc7	68b8d3d67d6b66d1a6c2c8d4f72ff7079135b662	T055	055cffcbc18eb26d15f3818aada50b82a4bd0fa8	accepted ATT/material HEAD	M	app/web/styles.css	100644	8b07ec49cc6997ea4519ca4d5eb6e18b420f40b0	100644	9dcf36e6fe58cac8b9c2e5f4071e6ba7de8eb30a	authorized_later	ATT/Spark	9db6fc4362a07dc8ff20e1914e2ac471f20b62c1;0082fef883e49fd19538c369f20a04c111d8c602;20d8330dc6555d073a6bdec7ebf1e6bafc7aee99	shared CSS additions preserve FE-05a selectors/tokens	later owner/hunk recorded in shared-invariants.tsv
F1	fe05a	0220d350b05aac9eafabe9620d34673f3d01adc7	68b8d3d67d6b66d1a6c2c8d4f72ff7079135b662	T055	055cffcbc18eb26d15f3818aada50b82a4bd0fa8	accepted ATT/material HEAD	M	app/web/surface-modules.mjs	100644	819cd5e480f964e527946190a49eb73a160dd569	100644	819cd5e480f964e527946190a49eb73a160dd569	retained_exact	-	-	source mode/blob equals target mode/blob	-
F1	fe05a	0220d350b05aac9eafabe9620d34673f3d01adc7	68b8d3d67d6b66d1a6c2c8d4f72ff7079135b662	T055	055cffcbc18eb26d15f3818aada50b82a4bd0fa8	accepted ATT/material HEAD	M	app/web/ui-controls.mjs	100644	080d377003e98e6bc1ef92dd49a1ab4375596d2d	100644	080d377003e98e6bc1ef92dd49a1ab4375596d2d	retained_exact	-	-	source mode/blob equals target mode/blob	-
F1	fe05a	0220d350b05aac9eafabe9620d34673f3d01adc7	68b8d3d67d6b66d1a6c2c8d4f72ff7079135b662	T055	055cffcbc18eb26d15f3818aada50b82a4bd0fa8	accepted ATT/material HEAD	M	app/web/workspace-view.mjs	100644	f1603d09b9dccfc7eed01c49168724e4034a4bad	100644	f1603d09b9dccfc7eed01c49168724e4034a4bad	retained_exact	-	-	source mode/blob equals target mode/blob	-
F1	fe05a	0220d350b05aac9eafabe9620d34673f3d01adc7	68b8d3d67d6b66d1a6c2c8d4f72ff7079135b662	T055	055cffcbc18eb26d15f3818aada50b82a4bd0fa8	accepted ATT/material HEAD	M	engineering/design/ui-composition-standard.md	100644	1b9335482e67a794f483784879063ff2d500cfbf	100644	1b9335482e67a794f483784879063ff2d500cfbf	retained_exact	-	-	source mode/blob equals target mode/blob	-
F1	fe05a	0220d350b05aac9eafabe9620d34673f3d01adc7	68b8d3d67d6b66d1a6c2c8d4f72ff7079135b662	T055	055cffcbc18eb26d15f3818aada50b82a4bd0fa8	accepted ATT/material HEAD	A	engineering/mvp/execution/work-surface-kit/delivery-fe05a.md	100644	8cd1eacfef94c3dd61b3b2ef9e5929594253db53	100644	8cd1eacfef94c3dd61b3b2ef9e5929594253db53	retained_exact	-	-	source mode/blob equals target mode/blob	-
F1	fe05a	0220d350b05aac9eafabe9620d34673f3d01adc7	68b8d3d67d6b66d1a6c2c8d4f72ff7079135b662	T055	055cffcbc18eb26d15f3818aada50b82a4bd0fa8	accepted ATT/material HEAD	A	evidence/fe05a/README.md	100644	78457d9c460170871f06057a122596789829877e	100644	78457d9c460170871f06057a122596789829877e	retained_exact	-	-	source mode/blob equals target mode/blob	-
F1	fe05a	0220d350b05aac9eafabe9620d34673f3d01adc7	68b8d3d67d6b66d1a6c2c8d4f72ff7079135b662	T055	055cffcbc18eb26d15f3818aada50b82a4bd0fa8	accepted ATT/material HEAD	A	evidence/fe05a/baseline-checks-counterexample.json	100644	765264dbec6912c5235df626f7d50ccfb2d72382	100644	765264dbec6912c5235df626f7d50ccfb2d72382	retained_exact	-	-	source mode/blob equals target mode/blob	-
F1	fe05a	0220d350b05aac9eafabe9620d34673f3d01adc7	68b8d3d67d6b66d1a6c2c8d4f72ff7079135b662	T055	055cffcbc18eb26d15f3818aada50b82a4bd0fa8	accepted ATT/material HEAD	A	evidence/fe05a/baseline-checks.json	100644	bb05cb6f43fff64b93666e76ba1a32dec2924f0e	100644	bb05cb6f43fff64b93666e76ba1a32dec2924f0e	retained_exact	-	-	source mode/blob equals target mode/blob	-
F1	fe05a	0220d350b05aac9eafabe9620d34673f3d01adc7	68b8d3d67d6b66d1a6c2c8d4f72ff7079135b662	T055	055cffcbc18eb26d15f3818aada50b82a4bd0fa8	accepted ATT/material HEAD	A	evidence/fe05a/baseline-checks.mjs	100644	84405ef0d4479e3ca2cb45f4a8d24cba461f4039	100644	84405ef0d4479e3ca2cb45f4a8d24cba461f4039	retained_exact	-	-	source mode/blob equals target mode/blob	-
F1	fe05a	0220d350b05aac9eafabe9620d34673f3d01adc7	68b8d3d67d6b66d1a6c2c8d4f72ff7079135b662	T055	055cffcbc18eb26d15f3818aada50b82a4bd0fa8	accepted ATT/material HEAD	A	evidence/fe05a/browser.mjs	100644	6ff7552243843885bbd47ed733d42d2f8f5f912f	100644	6ff7552243843885bbd47ed733d42d2f8f5f912f	retained_exact	-	-	source mode/blob equals target mode/blob	-
F1	fe05a	0220d350b05aac9eafabe9620d34673f3d01adc7	68b8d3d67d6b66d1a6c2c8d4f72ff7079135b662	T055	055cffcbc18eb26d15f3818aada50b82a4bd0fa8	accepted ATT/material HEAD	A	evidence/fe05a/contrast.log	100644	ee9183fc57d42c2eb4683cd66642ef321b4078e9	100644	ee9183fc57d42c2eb4683cd66642ef321b4078e9	retained_exact	-	-	source mode/blob equals target mode/blob	-
F1	fe05a	0220d350b05aac9eafabe9620d34673f3d01adc7	68b8d3d67d6b66d1a6c2c8d4f72ff7079135b662	T055	055cffcbc18eb26d15f3818aada50b82a4bd0fa8	accepted ATT/material HEAD	A	evidence/fe05a/home-text-scale-shape-baseline.json	100644	4251be4d5f10b9c960deafe8a2a5cb6b751fe2b2	100644	4251be4d5f10b9c960deafe8a2a5cb6b751fe2b2	retained_exact	-	-	source mode/blob equals target mode/blob	-
F1	fe05a	0220d350b05aac9eafabe9620d34673f3d01adc7	68b8d3d67d6b66d1a6c2c8d4f72ff7079135b662	T055	055cffcbc18eb26d15f3818aada50b82a4bd0fa8	accepted ATT/material HEAD	A	evidence/fe05a/home-text-scale.json	100644	4d5cd0198bceb4ec2a41270bb6d089edf3b06315	100644	4d5cd0198bceb4ec2a41270bb6d089edf3b06315	retained_exact	-	-	source mode/blob equals target mode/blob	-
F1	fe05a	0220d350b05aac9eafabe9620d34673f3d01adc7	68b8d3d67d6b66d1a6c2c8d4f72ff7079135b662	T055	055cffcbc18eb26d15f3818aada50b82a4bd0fa8	accepted ATT/material HEAD	A	evidence/fe05a/home-text-scale.mjs	100644	23a6bf2b786f24ae69effc5d39e8e5db97f552e3	100644	23a6bf2b786f24ae69effc5d39e8e5db97f552e3	retained_exact	-	-	source mode/blob equals target mode/blob	-
F1	fe05a	0220d350b05aac9eafabe9620d34673f3d01adc7	68b8d3d67d6b66d1a6c2c8d4f72ff7079135b662	T055	055cffcbc18eb26d15f3818aada50b82a4bd0fa8	accepted ATT/material HEAD	A	evidence/fe05a/lint-colors.log	100644	99ca519a1c1db9af365b74e693c1eaa5363b4b63	100644	99ca519a1c1db9af365b74e693c1eaa5363b4b63	retained_exact	-	-	source mode/blob equals target mode/blob	-
F1	fe05a	0220d350b05aac9eafabe9620d34673f3d01adc7	68b8d3d67d6b66d1a6c2c8d4f72ff7079135b662	T055	055cffcbc18eb26d15f3818aada50b82a4bd0fa8	accepted ATT/material HEAD	A	evidence/fe05a/lint-materials.log	100644	89b1e0b2362496d0821f463c4c461b8008099626	100644	89b1e0b2362496d0821f463c4c461b8008099626	retained_exact	-	-	source mode/blob equals target mode/blob	-
F1	fe05a	0220d350b05aac9eafabe9620d34673f3d01adc7	68b8d3d67d6b66d1a6c2c8d4f72ff7079135b662	T055	055cffcbc18eb26d15f3818aada50b82a4bd0fa8	accepted ATT/material HEAD	A	evidence/fe05a/lint-shapes.log	100644	fb4b8fbea54d819c6c5057de8ec8b4045f4d299c	100644	fb4b8fbea54d819c6c5057de8ec8b4045f4d299c	retained_exact	-	-	source mode/blob equals target mode/blob	-
F1	fe05a	0220d350b05aac9eafabe9620d34673f3d01adc7	68b8d3d67d6b66d1a6c2c8d4f72ff7079135b662	T055	055cffcbc18eb26d15f3818aada50b82a4bd0fa8	accepted ATT/material HEAD	A	evidence/fe05a/measure.mjs	100644	215dc9a57d10b7db7f5ff67d462d4fa0afc4ebb5	100644	215dc9a57d10b7db7f5ff67d462d4fa0afc4ebb5	retained_exact	-	-	source mode/blob equals target mode/blob	-
F1	fe05a	0220d350b05aac9eafabe9620d34673f3d01adc7	68b8d3d67d6b66d1a6c2c8d4f72ff7079135b662	T055	055cffcbc18eb26d15f3818aada50b82a4bd0fa8	accepted ATT/material HEAD	A	evidence/fe05a/measurements/baseline-repaired.json	100644	f8f8b8e595aff1d365a8f3203d0521c9ab0ec2d1	100644	f8f8b8e595aff1d365a8f3203d0521c9ab0ec2d1	retained_exact	-	-	source mode/blob equals target mode/blob	-
F1	fe05a	0220d350b05aac9eafabe9620d34673f3d01adc7	68b8d3d67d6b66d1a6c2c8d4f72ff7079135b662	T055	055cffcbc18eb26d15f3818aada50b82a4bd0fa8	accepted ATT/material HEAD	A	evidence/fe05a/measurements/shape-baseline.json	100644	7a2ecb1cab1fed903e45e14216679b55d1a7edc1	100644	7a2ecb1cab1fed903e45e14216679b55d1a7edc1	retained_exact	-	-	source mode/blob equals target mode/blob	-
F1	fe05a	0220d350b05aac9eafabe9620d34673f3d01adc7	68b8d3d67d6b66d1a6c2c8d4f72ff7079135b662	T055	055cffcbc18eb26d15f3818aada50b82a4bd0fa8	accepted ATT/material HEAD	A	evidence/fe05a/measurements/v1.json	100644	4c8fdbcef0eb2a1ac915ee25c4d989fd15c22f33	100644	4c8fdbcef0eb2a1ac915ee25c4d989fd15c22f33	retained_exact	-	-	source mode/blob equals target mode/blob	-
F1	fe05a	0220d350b05aac9eafabe9620d34673f3d01adc7	68b8d3d67d6b66d1a6c2c8d4f72ff7079135b662	T055	055cffcbc18eb26d15f3818aada50b82a4bd0fa8	accepted ATT/material HEAD	A	evidence/fe05a/regression/browser.mjs	100644	2b799c76056f21260d6d6ede96e3f327446cac10	100644	2b799c76056f21260d6d6ede96e3f327446cac10	retained_exact	-	-	source mode/blob equals target mode/blob	-
F1	fe05a	0220d350b05aac9eafabe9620d34673f3d01adc7	68b8d3d67d6b66d1a6c2c8d4f72ff7079135b662	T055	055cffcbc18eb26d15f3818aada50b82a4bd0fa8	accepted ATT/material HEAD	A	evidence/fe05a/regression/cc-s-checks.mjs	100644	1ec12409157a2d16c914e7f1d567aa0193bee392	100644	1ec12409157a2d16c914e7f1d567aa0193bee392	retained_exact	-	-	source mode/blob equals target mode/blob	-
F1	fe05a	0220d350b05aac9eafabe9620d34673f3d01adc7	68b8d3d67d6b66d1a6c2c8d4f72ff7079135b662	T055	055cffcbc18eb26d15f3818aada50b82a4bd0fa8	accepted ATT/material HEAD	A	evidence/fe05a/regression/cc-s-seed.mjs	100644	e375c2b1887a1f29e03d3a3645d95e5fefc74a85	100644	e375c2b1887a1f29e03d3a3645d95e5fefc74a85	retained_exact	-	-	source mode/blob equals target mode/blob	-
F1	fe05a	0220d350b05aac9eafabe9620d34673f3d01adc7	68b8d3d67d6b66d1a6c2c8d4f72ff7079135b662	T055	055cffcbc18eb26d15f3818aada50b82a4bd0fa8	accepted ATT/material HEAD	A	evidence/fe05a/regression/cc-s/cc-s-checks.json	100644	4c28e8553b84f04b475d9dae9e66f2475538f344	100644	4c28e8553b84f04b475d9dae9e66f2475538f344	retained_exact	-	-	source mode/blob equals target mode/blob	-
F1	fe05a	0220d350b05aac9eafabe9620d34673f3d01adc7	68b8d3d67d6b66d1a6c2c8d4f72ff7079135b662	T055	055cffcbc18eb26d15f3818aada50b82a4bd0fa8	accepted ATT/material HEAD	A	evidence/fe05a/regression/cc-w-checks.mjs	100644	e8601527c477647f488d3a5a0ac003dfae4111e6	100644	e8601527c477647f488d3a5a0ac003dfae4111e6	retained_exact	-	-	source mode/blob equals target mode/blob	-
F1	fe05a	0220d350b05aac9eafabe9620d34673f3d01adc7	68b8d3d67d6b66d1a6c2c8d4f72ff7079135b662	T055	055cffcbc18eb26d15f3818aada50b82a4bd0fa8	accepted ATT/material HEAD	A	evidence/fe05a/regression/cc-w-seed.mjs	100644	73f039935f9913042b342f9fd34021aa75eb4534	100644	73f039935f9913042b342f9fd34021aa75eb4534	retained_exact	-	-	source mode/blob equals target mode/blob	-
F1	fe05a	0220d350b05aac9eafabe9620d34673f3d01adc7	68b8d3d67d6b66d1a6c2c8d4f72ff7079135b662	T055	055cffcbc18eb26d15f3818aada50b82a4bd0fa8	accepted ATT/material HEAD	A	evidence/fe05a/regression/composition-checks.mjs	100644	431dfd3aa9ceed475eed84ecd33c50816b215fb0	100644	431dfd3aa9ceed475eed84ecd33c50816b215fb0	retained_exact	-	-	source mode/blob equals target mode/blob	-
F1	fe05a	0220d350b05aac9eafabe9620d34673f3d01adc7	68b8d3d67d6b66d1a6c2c8d4f72ff7079135b662	T055	055cffcbc18eb26d15f3818aada50b82a4bd0fa8	accepted ATT/material HEAD	A	evidence/fe05a/regression/counterexamples.json	100644	541d5f17ddb16bd9b9302c279d6cf2bf3fd1a926	100644	541d5f17ddb16bd9b9302c279d6cf2bf3fd1a926	retained_exact	-	-	source mode/blob equals target mode/blob	-
F1	fe05a	0220d350b05aac9eafabe9620d34673f3d01adc7	68b8d3d67d6b66d1a6c2c8d4f72ff7079135b662	T055	055cffcbc18eb26d15f3818aada50b82a4bd0fa8	accepted ATT/material HEAD	A	evidence/fe05a/regression/counterexamples.mjs	100644	417d6986c86bbf08dce21b710b325e6973155971	100644	417d6986c86bbf08dce21b710b325e6973155971	retained_exact	-	-	source mode/blob equals target mode/blob	-
F1	fe05a	0220d350b05aac9eafabe9620d34673f3d01adc7	68b8d3d67d6b66d1a6c2c8d4f72ff7079135b662	T055	055cffcbc18eb26d15f3818aada50b82a4bd0fa8	accepted ATT/material HEAD	A	evidence/fe05a/regression/counterexamples/counterexamples.json	100644	541d5f17ddb16bd9b9302c279d6cf2bf3fd1a926	100644	541d5f17ddb16bd9b9302c279d6cf2bf3fd1a926	retained_exact	-	-	source mode/blob equals target mode/blob	-
F1	fe05a	0220d350b05aac9eafabe9620d34673f3d01adc7	68b8d3d67d6b66d1a6c2c8d4f72ff7079135b662	T055	055cffcbc18eb26d15f3818aada50b82a4bd0fa8	accepted ATT/material HEAD	A	evidence/fe05a/regression/counterexamples/counterexamples.log	100644	c767d6efc6f2d16afce2f5a82435c7485232cd13	100644	c767d6efc6f2d16afce2f5a82435c7485232cd13	retained_exact	-	-	source mode/blob equals target mode/blob	-
F1	fe05a	0220d350b05aac9eafabe9620d34673f3d01adc7	68b8d3d67d6b66d1a6c2c8d4f72ff7079135b662	T055	055cffcbc18eb26d15f3818aada50b82a4bd0fa8	accepted ATT/material HEAD	A	evidence/fe05a/regression/empty/browser.mjs	100644	2b799c76056f21260d6d6ede96e3f327446cac10	100644	2b799c76056f21260d6d6ede96e3f327446cac10	retained_exact	-	-	source mode/blob equals target mode/blob	-
F1	fe05a	0220d350b05aac9eafabe9620d34673f3d01adc7	68b8d3d67d6b66d1a6c2c8d4f72ff7079135b662	T055	055cffcbc18eb26d15f3818aada50b82a4bd0fa8	accepted ATT/material HEAD	A	evidence/fe05a/regression/empty/empty.log	100644	5b9606cb1a4ac365f12d5e98e10e41c4723f0c2a	100644	5b9606cb1a4ac365f12d5e98e10e41c4723f0c2a	retained_exact	-	-	source mode/blob equals target mode/blob	-
F1	fe05a	0220d350b05aac9eafabe9620d34673f3d01adc7	68b8d3d67d6b66d1a6c2c8d4f72ff7079135b662	T055	055cffcbc18eb26d15f3818aada50b82a4bd0fa8	accepted ATT/material HEAD	A	evidence/fe05a/regression/empty/fe-t01-empty.json	100644	d80e6cdb6c4b1db02308f018e00dfe5127ff9883	100644	d80e6cdb6c4b1db02308f018e00dfe5127ff9883	retained_exact	-	-	source mode/blob equals target mode/blob	-
F1	fe05a	0220d350b05aac9eafabe9620d34673f3d01adc7	68b8d3d67d6b66d1a6c2c8d4f72ff7079135b662	T055	055cffcbc18eb26d15f3818aada50b82a4bd0fa8	accepted ATT/material HEAD	A	evidence/fe05a/regression/empty/fe-t01.mjs	100644	d5a1c859b8c405d604508b61a804dc9e821b55fc	100644	d5a1c859b8c405d604508b61a804dc9e821b55fc	retained_exact	-	-	source mode/blob equals target mode/blob	-
F1	fe05a	0220d350b05aac9eafabe9620d34673f3d01adc7	68b8d3d67d6b66d1a6c2c8d4f72ff7079135b662	T055	055cffcbc18eb26d15f3818aada50b82a4bd0fa8	accepted ATT/material HEAD	A	evidence/fe05a/regression/empty/server.log	100644	5cc3299d4a1f026f6cd3091042c49fa5296a4a24	100644	5cc3299d4a1f026f6cd3091042c49fa5296a4a24	retained_exact	-	-	source mode/blob equals target mode/blob	-
F1	fe05a	0220d350b05aac9eafabe9620d34673f3d01adc7	68b8d3d67d6b66d1a6c2c8d4f72ff7079135b662	T055	055cffcbc18eb26d15f3818aada50b82a4bd0fa8	accepted ATT/material HEAD	A	evidence/fe05a/regression/fe-t01.mjs	100644	d5a1c859b8c405d604508b61a804dc9e821b55fc	100644	d5a1c859b8c405d604508b61a804dc9e821b55fc	retained_exact	-	-	source mode/blob equals target mode/blob	-
F1	fe05a	0220d350b05aac9eafabe9620d34673f3d01adc7	68b8d3d67d6b66d1a6c2c8d4f72ff7079135b662	T055	055cffcbc18eb26d15f3818aada50b82a4bd0fa8	accepted ATT/material HEAD	A	evidence/fe05a/regression/fe-t07.mjs	100644	b7ae37756778913e184303a2895db63cad391f40	100644	b7ae37756778913e184303a2895db63cad391f40	retained_exact	-	-	source mode/blob equals target mode/blob	-
F1	fe05a	0220d350b05aac9eafabe9620d34673f3d01adc7	68b8d3d67d6b66d1a6c2c8d4f72ff7079135b662	T055	055cffcbc18eb26d15f3818aada50b82a4bd0fa8	accepted ATT/material HEAD	A	evidence/fe05a/regression/fe-t07/browser.mjs	100644	2b799c76056f21260d6d6ede96e3f327446cac10	100644	2b799c76056f21260d6d6ede96e3f327446cac10	retained_exact	-	-	source mode/blob equals target mode/blob	-
F1	fe05a	0220d350b05aac9eafabe9620d34673f3d01adc7	68b8d3d67d6b66d1a6c2c8d4f72ff7079135b662	T055	055cffcbc18eb26d15f3818aada50b82a4bd0fa8	accepted ATT/material HEAD	A	evidence/fe05a/regression/fe-t07/fe-t07.json	100644	13945fb917589e03370074c52159c77a6200a56c	100644	13945fb917589e03370074c52159c77a6200a56c	retained_exact	-	-	source mode/blob equals target mode/blob	-
F1	fe05a	0220d350b05aac9eafabe9620d34673f3d01adc7	68b8d3d67d6b66d1a6c2c8d4f72ff7079135b662	T055	055cffcbc18eb26d15f3818aada50b82a4bd0fa8	accepted ATT/material HEAD	A	evidence/fe05a/regression/fe-t07/fe-t07.log	100644	40ce64aa24a09e0222603e3a3c60adfbeebca70c	100644	40ce64aa24a09e0222603e3a3c60adfbeebca70c	retained_exact	-	-	source mode/blob equals target mode/blob	-
F1	fe05a	0220d350b05aac9eafabe9620d34673f3d01adc7	68b8d3d67d6b66d1a6c2c8d4f72ff7079135b662	T055	055cffcbc18eb26d15f3818aada50b82a4bd0fa8	accepted ATT/material HEAD	A	evidence/fe05a/regression/fe-t07/fe-t07.mjs	100644	b7ae37756778913e184303a2895db63cad391f40	100644	b7ae37756778913e184303a2895db63cad391f40	retained_exact	-	-	source mode/blob equals target mode/blob	-
F1	fe05a	0220d350b05aac9eafabe9620d34673f3d01adc7	68b8d3d67d6b66d1a6c2c8d4f72ff7079135b662	T055	055cffcbc18eb26d15f3818aada50b82a4bd0fa8	accepted ATT/material HEAD	A	evidence/fe05a/regression/fe-t07/seed.log	100644	e0e25a589110897f97da3c500b46c3cf74d7fc6b	100644	e0e25a589110897f97da3c500b46c3cf74d7fc6b	retained_exact	-	-	source mode/blob equals target mode/blob	-
F1	fe05a	0220d350b05aac9eafabe9620d34673f3d01adc7	68b8d3d67d6b66d1a6c2c8d4f72ff7079135b662	T055	055cffcbc18eb26d15f3818aada50b82a4bd0fa8	accepted ATT/material HEAD	A	evidence/fe05a/regression/fe-t07/server.log	100644	5cc3299d4a1f026f6cd3091042c49fa5296a4a24	100644	5cc3299d4a1f026f6cd3091042c49fa5296a4a24	retained_exact	-	-	source mode/blob equals target mode/blob	-
F1	fe05a	0220d350b05aac9eafabe9620d34673f3d01adc7	68b8d3d67d6b66d1a6c2c8d4f72ff7079135b662	T055	055cffcbc18eb26d15f3818aada50b82a4bd0fa8	accepted ATT/material HEAD	A	evidence/fe05a/regression/fe-t07/work-seed.json	100644	aad8313d861871128f90db85bdfc1843f9c9d731	100644	aad8313d861871128f90db85bdfc1843f9c9d731	retained_exact	-	-	source mode/blob equals target mode/blob	-
F1	fe05a	0220d350b05aac9eafabe9620d34673f3d01adc7	68b8d3d67d6b66d1a6c2c8d4f72ff7079135b662	T055	055cffcbc18eb26d15f3818aada50b82a4bd0fa8	accepted ATT/material HEAD	A	evidence/fe05a/regression/fe-t07/work-seed.mjs	100644	96b33d0052af29d1bf850fc0caf2c06da071dc2c	100644	96b33d0052af29d1bf850fc0caf2c06da071dc2c	retained_exact	-	-	source mode/blob equals target mode/blob	-
F1	fe05a	0220d350b05aac9eafabe9620d34673f3d01adc7	68b8d3d67d6b66d1a6c2c8d4f72ff7079135b662	T055	055cffcbc18eb26d15f3818aada50b82a4bd0fa8	accepted ATT/material HEAD	A	evidence/fe05a/regression/fe-t11.mjs	100644	e3bc8d33a915192b517fb53a2c8f37a1e0cdac44	100644	e3bc8d33a915192b517fb53a2c8f37a1e0cdac44	retained_exact	-	-	source mode/blob equals target mode/blob	-
F1	fe05a	0220d350b05aac9eafabe9620d34673f3d01adc7	68b8d3d67d6b66d1a6c2c8d4f72ff7079135b662	T055	055cffcbc18eb26d15f3818aada50b82a4bd0fa8	accepted ATT/material HEAD	A	evidence/fe05a/regression/final-behavior/behavior.log	100644	6bf1945a44e720570cd469254bd1c61a49910914	100644	6bf1945a44e720570cd469254bd1c61a49910914	retained_exact	-	-	source mode/blob equals target mode/blob	-
F1	fe05a	0220d350b05aac9eafabe9620d34673f3d01adc7	68b8d3d67d6b66d1a6c2c8d4f72ff7079135b662	T055	055cffcbc18eb26d15f3818aada50b82a4bd0fa8	accepted ATT/material HEAD	A	evidence/fe05a/regression/final-behavior/browser.mjs	100644	2b799c76056f21260d6d6ede96e3f327446cac10	100644	2b799c76056f21260d6d6ede96e3f327446cac10	retained_exact	-	-	source mode/blob equals target mode/blob	-
F1	fe05a	0220d350b05aac9eafabe9620d34673f3d01adc7	68b8d3d67d6b66d1a6c2c8d4f72ff7079135b662	T055	055cffcbc18eb26d15f3818aada50b82a4bd0fa8	accepted ATT/material HEAD	A	evidence/fe05a/regression/final-behavior/cc-w-checks.json	100644	ff8afa520fbeb5c129af882c39e80a2a18cd61e7	100644	ff8afa520fbeb5c129af882c39e80a2a18cd61e7	retained_exact	-	-	source mode/blob equals target mode/blob	-
F1	fe05a	0220d350b05aac9eafabe9620d34673f3d01adc7	68b8d3d67d6b66d1a6c2c8d4f72ff7079135b662	T055	055cffcbc18eb26d15f3818aada50b82a4bd0fa8	accepted ATT/material HEAD	A	evidence/fe05a/regression/final-behavior/cc-w-checks.mjs	100644	e8601527c477647f488d3a5a0ac003dfae4111e6	100644	e8601527c477647f488d3a5a0ac003dfae4111e6	retained_exact	-	-	source mode/blob equals target mode/blob	-
F1	fe05a	0220d350b05aac9eafabe9620d34673f3d01adc7	68b8d3d67d6b66d1a6c2c8d4f72ff7079135b662	T055	055cffcbc18eb26d15f3818aada50b82a4bd0fa8	accepted ATT/material HEAD	A	evidence/fe05a/regression/final-behavior/cc-w-seed.mjs	100644	73f039935f9913042b342f9fd34021aa75eb4534	100644	73f039935f9913042b342f9fd34021aa75eb4534	retained_exact	-	-	source mode/blob equals target mode/blob	-
F1	fe05a	0220d350b05aac9eafabe9620d34673f3d01adc7	68b8d3d67d6b66d1a6c2c8d4f72ff7079135b662	T055	055cffcbc18eb26d15f3818aada50b82a4bd0fa8	accepted ATT/material HEAD	A	evidence/fe05a/regression/final-behavior/seed.log	100644	3eb8a616b5a163357a38dd46d4c7fdcaaf9c1c02	100644	3eb8a616b5a163357a38dd46d4c7fdcaaf9c1c02	retained_exact	-	-	source mode/blob equals target mode/blob	-
F1	fe05a	0220d350b05aac9eafabe9620d34673f3d01adc7	68b8d3d67d6b66d1a6c2c8d4f72ff7079135b662	T055	055cffcbc18eb26d15f3818aada50b82a4bd0fa8	accepted ATT/material HEAD	A	evidence/fe05a/regression/final-behavior/server.log	100644	5cc3299d4a1f026f6cd3091042c49fa5296a4a24	100644	5cc3299d4a1f026f6cd3091042c49fa5296a4a24	retained_exact	-	-	source mode/blob equals target mode/blob	-
F1	fe05a	0220d350b05aac9eafabe9620d34673f3d01adc7	68b8d3d67d6b66d1a6c2c8d4f72ff7079135b662	T055	055cffcbc18eb26d15f3818aada50b82a4bd0fa8	accepted ATT/material HEAD	A	evidence/fe05a/regression/final-layout/browser.mjs	100644	2b799c76056f21260d6d6ede96e3f327446cac10	100644	2b799c76056f21260d6d6ede96e3f327446cac10	retained_exact	-	-	source mode/blob equals target mode/blob	-
F1	fe05a	0220d350b05aac9eafabe9620d34673f3d01adc7	68b8d3d67d6b66d1a6c2c8d4f72ff7079135b662	T055	055cffcbc18eb26d15f3818aada50b82a4bd0fa8	accepted ATT/material HEAD	A	evidence/fe05a/regression/final-layout/cc-s-checks.mjs	100644	1ec12409157a2d16c914e7f1d567aa0193bee392	100644	1ec12409157a2d16c914e7f1d567aa0193bee392	retained_exact	-	-	source mode/blob equals target mode/blob	-
F1	fe05a	0220d350b05aac9eafabe9620d34673f3d01adc7	68b8d3d67d6b66d1a6c2c8d4f72ff7079135b662	T055	055cffcbc18eb26d15f3818aada50b82a4bd0fa8	accepted ATT/material HEAD	A	evidence/fe05a/regression/final-layout/cc-s-seed.mjs	100644	e375c2b1887a1f29e03d3a3645d95e5fefc74a85	100644	e375c2b1887a1f29e03d3a3645d95e5fefc74a85	retained_exact	-	-	source mode/blob equals target mode/blob	-
F1	fe05a	0220d350b05aac9eafabe9620d34673f3d01adc7	68b8d3d67d6b66d1a6c2c8d4f72ff7079135b662	T055	055cffcbc18eb26d15f3818aada50b82a4bd0fa8	accepted ATT/material HEAD	A	evidence/fe05a/regression/final-layout/cc-w-checks.mjs	100644	e8601527c477647f488d3a5a0ac003dfae4111e6	100644	e8601527c477647f488d3a5a0ac003dfae4111e6	retained_exact	-	-	source mode/blob equals target mode/blob	-
F1	fe05a	0220d350b05aac9eafabe9620d34673f3d01adc7	68b8d3d67d6b66d1a6c2c8d4f72ff7079135b662	T055	055cffcbc18eb26d15f3818aada50b82a4bd0fa8	accepted ATT/material HEAD	A	evidence/fe05a/regression/final-layout/cc-w-seed.mjs	100644	73f039935f9913042b342f9fd34021aa75eb4534	100644	73f039935f9913042b342f9fd34021aa75eb4534	retained_exact	-	-	source mode/blob equals target mode/blob	-
F1	fe05a	0220d350b05aac9eafabe9620d34673f3d01adc7	68b8d3d67d6b66d1a6c2c8d4f72ff7079135b662	T055	055cffcbc18eb26d15f3818aada50b82a4bd0fa8	accepted ATT/material HEAD	A	evidence/fe05a/regression/final-layout/composition-checks.json	100644	5b3e959597696a249d2dc895270d90076530d387	100644	5b3e959597696a249d2dc895270d90076530d387	retained_exact	-	-	source mode/blob equals target mode/blob	-
F1	fe05a	0220d350b05aac9eafabe9620d34673f3d01adc7	68b8d3d67d6b66d1a6c2c8d4f72ff7079135b662	T055	055cffcbc18eb26d15f3818aada50b82a4bd0fa8	accepted ATT/material HEAD	A	evidence/fe05a/regression/final-layout/composition-checks.mjs	100644	431dfd3aa9ceed475eed84ecd33c50816b215fb0	100644	431dfd3aa9ceed475eed84ecd33c50816b215fb0	retained_exact	-	-	source mode/blob equals target mode/blob	-
F1	fe05a	0220d350b05aac9eafabe9620d34673f3d01adc7	68b8d3d67d6b66d1a6c2c8d4f72ff7079135b662	T055	055cffcbc18eb26d15f3818aada50b82a4bd0fa8	accepted ATT/material HEAD	A	evidence/fe05a/regression/final-layout/composition.log	100644	76c63fe5c96ffcb09a2de7f4b212296677eb0db6	100644	76c63fe5c96ffcb09a2de7f4b212296677eb0db6	retained_exact	-	-	source mode/blob equals target mode/blob	-
F1	fe05a	0220d350b05aac9eafabe9620d34673f3d01adc7	68b8d3d67d6b66d1a6c2c8d4f72ff7079135b662	T055	055cffcbc18eb26d15f3818aada50b82a4bd0fa8	accepted ATT/material HEAD	A	evidence/fe05a/regression/final-layout/counterexamples.mjs	100644	417d6986c86bbf08dce21b710b325e6973155971	100644	417d6986c86bbf08dce21b710b325e6973155971	retained_exact	-	-	source mode/blob equals target mode/blob	-
F1	fe05a	0220d350b05aac9eafabe9620d34673f3d01adc7	68b8d3d67d6b66d1a6c2c8d4f72ff7079135b662	T055	055cffcbc18eb26d15f3818aada50b82a4bd0fa8	accepted ATT/material HEAD	A	evidence/fe05a/regression/final-layout/fe-t01.mjs	100644	d5a1c859b8c405d604508b61a804dc9e821b55fc	100644	d5a1c859b8c405d604508b61a804dc9e821b55fc	retained_exact	-	-	source mode/blob equals target mode/blob	-
F1	fe05a	0220d350b05aac9eafabe9620d34673f3d01adc7	68b8d3d67d6b66d1a6c2c8d4f72ff7079135b662	T055	055cffcbc18eb26d15f3818aada50b82a4bd0fa8	accepted ATT/material HEAD	A	evidence/fe05a/regression/final-layout/fe-t07.mjs	100644	b7ae37756778913e184303a2895db63cad391f40	100644	b7ae37756778913e184303a2895db63cad391f40	retained_exact	-	-	source mode/blob equals target mode/blob	-
F1	fe05a	0220d350b05aac9eafabe9620d34673f3d01adc7	68b8d3d67d6b66d1a6c2c8d4f72ff7079135b662	T055	055cffcbc18eb26d15f3818aada50b82a4bd0fa8	accepted ATT/material HEAD	A	evidence/fe05a/regression/final-layout/fe-t11.mjs	100644	e3bc8d33a915192b517fb53a2c8f37a1e0cdac44	100644	e3bc8d33a915192b517fb53a2c8f37a1e0cdac44	retained_exact	-	-	source mode/blob equals target mode/blob	-
F1	fe05a	0220d350b05aac9eafabe9620d34673f3d01adc7	68b8d3d67d6b66d1a6c2c8d4f72ff7079135b662	T055	055cffcbc18eb26d15f3818aada50b82a4bd0fa8	accepted ATT/material HEAD	A	evidence/fe05a/regression/final-layout/home-1440-light.png	100644	bda5fea75aa5116294956f1389e323039da8a9d2	100644	bda5fea75aa5116294956f1389e323039da8a9d2	retained_exact	-	-	source mode/blob equals target mode/blob	-
F1	fe05a	0220d350b05aac9eafabe9620d34673f3d01adc7	68b8d3d67d6b66d1a6c2c8d4f72ff7079135b662	T055	055cffcbc18eb26d15f3818aada50b82a4bd0fa8	accepted ATT/material HEAD	A	evidence/fe05a/regression/final-layout/home-390-light.png	100644	1bdbfeefbb237e9fc77163f5438a115379994e09	100644	1bdbfeefbb237e9fc77163f5438a115379994e09	retained_exact	-	-	source mode/blob equals target mode/blob	-
F1	fe05a	0220d350b05aac9eafabe9620d34673f3d01adc7	68b8d3d67d6b66d1a6c2c8d4f72ff7079135b662	T055	055cffcbc18eb26d15f3818aada50b82a4bd0fa8	accepted ATT/material HEAD	A	evidence/fe05a/regression/final-layout/home-collapsed-desktop-shell-1440-light.png	100644	6f38a2438c32cdae394c50a21536518192f6dcef	100644	6f38a2438c32cdae394c50a21536518192f6dcef	retained_exact	-	-	source mode/blob equals target mode/blob	-
F1	fe05a	0220d350b05aac9eafabe9620d34673f3d01adc7	68b8d3d67d6b66d1a6c2c8d4f72ff7079135b662	T055	055cffcbc18eb26d15f3818aada50b82a4bd0fa8	accepted ATT/material HEAD	A	evidence/fe05a/regression/final-layout/home-desktop-shell-1440-light.png	100644	6ec135dff992be41090b136ce9671a110058cbc1	100644	6ec135dff992be41090b136ce9671a110058cbc1	retained_exact	-	-	source mode/blob equals target mode/blob	-
F1	fe05a	0220d350b05aac9eafabe9620d34673f3d01adc7	68b8d3d67d6b66d1a6c2c8d4f72ff7079135b662	T055	055cffcbc18eb26d15f3818aada50b82a4bd0fa8	accepted ATT/material HEAD	A	evidence/fe05a/regression/final-layout/home-modules-1440-light.png	100644	bda5fea75aa5116294956f1389e323039da8a9d2	100644	bda5fea75aa5116294956f1389e323039da8a9d2	retained_exact	-	-	source mode/blob equals target mode/blob	-
F1	fe05a	0220d350b05aac9eafabe9620d34673f3d01adc7	68b8d3d67d6b66d1a6c2c8d4f72ff7079135b662	T055	055cffcbc18eb26d15f3818aada50b82a4bd0fa8	accepted ATT/material HEAD	A	evidence/fe05a/regression/final-layout/home-modules-1440x1058-light.png	100644	3d367b25c3c8f1f33a240fe6e93a418dbcbb828b	100644	3d367b25c3c8f1f33a240fe6e93a418dbcbb828b	retained_exact	-	-	source mode/blob equals target mode/blob	-
F1	fe05a	0220d350b05aac9eafabe9620d34673f3d01adc7	68b8d3d67d6b66d1a6c2c8d4f72ff7079135b662	T055	055cffcbc18eb26d15f3818aada50b82a4bd0fa8	accepted ATT/material HEAD	A	evidence/fe05a/regression/final-layout/home-modules-1440x900-light.png	100644	bda5fea75aa5116294956f1389e323039da8a9d2	100644	bda5fea75aa5116294956f1389e323039da8a9d2	retained_exact	-	-	source mode/blob equals target mode/blob	-
F1	fe05a	0220d350b05aac9eafabe9620d34673f3d01adc7	68b8d3d67d6b66d1a6c2c8d4f72ff7079135b662	T055	055cffcbc18eb26d15f3818aada50b82a4bd0fa8	accepted ATT/material HEAD	A	evidence/fe05a/regression/final-layout/home-modules-390-light.png	100644	39411049a7a43d03c45d407ef8de28ab00e0a45e	100644	39411049a7a43d03c45d407ef8de28ab00e0a45e	retained_exact	-	-	source mode/blob equals target mode/blob	-
F1	fe05a	0220d350b05aac9eafabe9620d34673f3d01adc7	68b8d3d67d6b66d1a6c2c8d4f72ff7079135b662	T055	055cffcbc18eb26d15f3818aada50b82a4bd0fa8	accepted ATT/material HEAD	A	evidence/fe05a/regression/final-layout/home-simple-1440x1058-light.png	100644	e819d609cdfdba010444f448b02b23742e7c6cf5	100644	e819d609cdfdba010444f448b02b23742e7c6cf5	retained_exact	-	-	source mode/blob equals target mode/blob	-
F1	fe05a	0220d350b05aac9eafabe9620d34673f3d01adc7	68b8d3d67d6b66d1a6c2c8d4f72ff7079135b662	T055	055cffcbc18eb26d15f3818aada50b82a4bd0fa8	accepted ATT/material HEAD	A	evidence/fe05a/regression/final-layout/home-simple-1440x900-light.png	100644	8aa21ce1000084cc3637cc5dbca9b139bdb4683b	100644	8aa21ce1000084cc3637cc5dbca9b139bdb4683b	retained_exact	-	-	source mode/blob equals target mode/blob	-
F1	fe05a	0220d350b05aac9eafabe9620d34673f3d01adc7	68b8d3d67d6b66d1a6c2c8d4f72ff7079135b662	T055	055cffcbc18eb26d15f3818aada50b82a4bd0fa8	accepted ATT/material HEAD	A	evidence/fe05a/regression/final-layout/models-checks.mjs	100644	02daa0efe5960165e9de6c73977a26894b42e46e	100644	02daa0efe5960165e9de6c73977a26894b42e46e	retained_exact	-	-	source mode/blob equals target mode/blob	-
F1	fe05a	0220d350b05aac9eafabe9620d34673f3d01adc7	68b8d3d67d6b66d1a6c2c8d4f72ff7079135b662	T055	055cffcbc18eb26d15f3818aada50b82a4bd0fa8	accepted ATT/material HEAD	A	evidence/fe05a/regression/final-layout/primitive-checks.mjs	100644	702e26a6d060aef7deddcaa7c94c7687c85b5f6d	100644	702e26a6d060aef7deddcaa7c94c7687c85b5f6d	retained_exact	-	-	source mode/blob equals target mode/blob	-
F1	fe05a	0220d350b05aac9eafabe9620d34673f3d01adc7	68b8d3d67d6b66d1a6c2c8d4f72ff7079135b662	T055	055cffcbc18eb26d15f3818aada50b82a4bd0fa8	accepted ATT/material HEAD	A	evidence/fe05a/regression/final-layout/primitive-seed.mjs	100644	dcc5749a421504c5c1528a22b4e6cf97158074c0	100644	dcc5749a421504c5c1528a22b4e6cf97158074c0	retained_exact	-	-	source mode/blob equals target mode/blob	-
F1	fe05a	0220d350b05aac9eafabe9620d34673f3d01adc7	68b8d3d67d6b66d1a6c2c8d4f72ff7079135b662	T055	055cffcbc18eb26d15f3818aada50b82a4bd0fa8	accepted ATT/material HEAD	A	evidence/fe05a/regression/final-layout/probe-checks.mjs	100644	0f6ec750233899c37a1cac4459bbf12e03c67281	100644	0f6ec750233899c37a1cac4459bbf12e03c67281	retained_exact	-	-	source mode/blob equals target mode/blob	-
F1	fe05a	0220d350b05aac9eafabe9620d34673f3d01adc7	68b8d3d67d6b66d1a6c2c8d4f72ff7079135b662	T055	055cffcbc18eb26d15f3818aada50b82a4bd0fa8	accepted ATT/material HEAD	A	evidence/fe05a/regression/final-layout/seed.log	100644	6999336f160ec345d8a2d125a350b85b1856d3fb	100644	6999336f160ec345d8a2d125a350b85b1856d3fb	retained_exact	-	-	source mode/blob equals target mode/blob	-
F1	fe05a	0220d350b05aac9eafabe9620d34673f3d01adc7	68b8d3d67d6b66d1a6c2c8d4f72ff7079135b662	T055	055cffcbc18eb26d15f3818aada50b82a4bd0fa8	accepted ATT/material HEAD	A	evidence/fe05a/regression/final-layout/seed.mjs	100644	69895098026457875fa6485eee95d09a17f26303	100644	69895098026457875fa6485eee95d09a17f26303	retained_exact	-	-	source mode/blob equals target mode/blob	-
F1	fe05a	0220d350b05aac9eafabe9620d34673f3d01adc7	68b8d3d67d6b66d1a6c2c8d4f72ff7079135b662	T055	055cffcbc18eb26d15f3818aada50b82a4bd0fa8	accepted ATT/material HEAD	A	evidence/fe05a/regression/final-layout/server.log	100644	5cc3299d4a1f026f6cd3091042c49fa5296a4a24	100644	5cc3299d4a1f026f6cd3091042c49fa5296a4a24	retained_exact	-	-	source mode/blob equals target mode/blob	-
F1	fe05a	0220d350b05aac9eafabe9620d34673f3d01adc7	68b8d3d67d6b66d1a6c2c8d4f72ff7079135b662	T055	055cffcbc18eb26d15f3818aada50b82a4bd0fa8	accepted ATT/material HEAD	A	evidence/fe05a/regression/final-layout/settings-appearance-home-layout-1440-light.png	100644	8a36a146488bc0e30692740eaec7e1889feb48a4	100644	8a36a146488bc0e30692740eaec7e1889feb48a4	retained_exact	-	-	source mode/blob equals target mode/blob	-
F1	fe05a	0220d350b05aac9eafabe9620d34673f3d01adc7	68b8d3d67d6b66d1a6c2c8d4f72ff7079135b662	T055	055cffcbc18eb26d15f3818aada50b82a4bd0fa8	accepted ATT/material HEAD	A	evidence/fe05a/regression/final-layout/settings-desktop-shell-1440-light.png	100644	9d27678c36d5d4ffc1a707f0537be90645d5184c	100644	9d27678c36d5d4ffc1a707f0537be90645d5184c	retained_exact	-	-	source mode/blob equals target mode/blob	-
F1	fe05a	0220d350b05aac9eafabe9620d34673f3d01adc7	68b8d3d67d6b66d1a6c2c8d4f72ff7079135b662	T055	055cffcbc18eb26d15f3818aada50b82a4bd0fa8	accepted ATT/material HEAD	A	evidence/fe05a/regression/final-layout/settings-general-1024-light.png	100644	f127b66a5c8d310691a244a5bbe998463bc8eab7	100644	f127b66a5c8d310691a244a5bbe998463bc8eab7	retained_exact	-	-	source mode/blob equals target mode/blob	-
F1	fe05a	0220d350b05aac9eafabe9620d34673f3d01adc7	68b8d3d67d6b66d1a6c2c8d4f72ff7079135b662	T055	055cffcbc18eb26d15f3818aada50b82a4bd0fa8	accepted ATT/material HEAD	A	evidence/fe05a/regression/final-layout/settings-general-1440-light.png	100644	4e4f08b871008e0e696aaafa13cdcc519ddea240	100644	4e4f08b871008e0e696aaafa13cdcc519ddea240	retained_exact	-	-	source mode/blob equals target mode/blob	-
F1	fe05a	0220d350b05aac9eafabe9620d34673f3d01adc7	68b8d3d67d6b66d1a6c2c8d4f72ff7079135b662	T055	055cffcbc18eb26d15f3818aada50b82a4bd0fa8	accepted ATT/material HEAD	A	evidence/fe05a/regression/final-layout/settings-general-1440-zoom200-light.png	100644	b38655ce894ee9e674d8c30d78c0653c31cbf1bf	100644	b38655ce894ee9e674d8c30d78c0653c31cbf1bf	retained_exact	-	-	source mode/blob equals target mode/blob	-
F1	fe05a	0220d350b05aac9eafabe9620d34673f3d01adc7	68b8d3d67d6b66d1a6c2c8d4f72ff7079135b662	T055	055cffcbc18eb26d15f3818aada50b82a4bd0fa8	accepted ATT/material HEAD	A	evidence/fe05a/regression/final-layout/settings-general-390-light.png	100644	aabec7c8d6a410165d92e533466ab0433b4eea83	100644	aabec7c8d6a410165d92e533466ab0433b4eea83	retained_exact	-	-	source mode/blob equals target mode/blob	-
F1	fe05a	0220d350b05aac9eafabe9620d34673f3d01adc7	68b8d3d67d6b66d1a6c2c8d4f72ff7079135b662	T055	055cffcbc18eb26d15f3818aada50b82a4bd0fa8	accepted ATT/material HEAD	A	evidence/fe05a/regression/final-layout/shell-checks.mjs	100644	fffa203eb7dd9517aa695fa4f3eaf6dcab0e086a	100644	fffa203eb7dd9517aa695fa4f3eaf6dcab0e086a	retained_exact	-	-	source mode/blob equals target mode/blob	-
F1	fe05a	0220d350b05aac9eafabe9620d34673f3d01adc7	68b8d3d67d6b66d1a6c2c8d4f72ff7079135b662	T055	055cffcbc18eb26d15f3818aada50b82a4bd0fa8	accepted ATT/material HEAD	A	evidence/fe05a/regression/final-layout/work-1440-light.png	100644	3322e599adc5a7341bd96b105d976d0f55586fae	100644	3322e599adc5a7341bd96b105d976d0f55586fae	retained_exact	-	-	source mode/blob equals target mode/blob	-
F1	fe05a	0220d350b05aac9eafabe9620d34673f3d01adc7	68b8d3d67d6b66d1a6c2c8d4f72ff7079135b662	T055	055cffcbc18eb26d15f3818aada50b82a4bd0fa8	accepted ATT/material HEAD	A	evidence/fe05a/regression/final-layout/work-expanded-1440-light.png	100644	d02736a550a60d7c018a39d3ef6352a764d98ee2	100644	d02736a550a60d7c018a39d3ef6352a764d98ee2	retained_exact	-	-	source mode/blob equals target mode/blob	-
F1	fe05a	0220d350b05aac9eafabe9620d34673f3d01adc7	68b8d3d67d6b66d1a6c2c8d4f72ff7079135b662	T055	055cffcbc18eb26d15f3818aada50b82a4bd0fa8	accepted ATT/material HEAD	A	evidence/fe05a/regression/final-layout/work-expanded-1440-zoom200-light.png	100644	f832f47dd8f5ef37dfabdd87d16d271f6e16d89e	100644	f832f47dd8f5ef37dfabdd87d16d271f6e16d89e	retained_exact	-	-	source mode/blob equals target mode/blob	-
F1	fe05a	0220d350b05aac9eafabe9620d34673f3d01adc7	68b8d3d67d6b66d1a6c2c8d4f72ff7079135b662	T055	055cffcbc18eb26d15f3818aada50b82a4bd0fa8	accepted ATT/material HEAD	A	evidence/fe05a/regression/final-layout/work-expanded-desktop-shell-1440-light.png	100644	3040be16acac818e114fd0a50450e7a44e249bea	100644	3040be16acac818e114fd0a50450e7a44e249bea	retained_exact	-	-	source mode/blob equals target mode/blob	-
F1	fe05a	0220d350b05aac9eafabe9620d34673f3d01adc7	68b8d3d67d6b66d1a6c2c8d4f72ff7079135b662	T055	055cffcbc18eb26d15f3818aada50b82a4bd0fa8	accepted ATT/material HEAD	A	evidence/fe05a/regression/final-layout/work-seed.mjs	100644	96b33d0052af29d1bf850fc0caf2c06da071dc2c	100644	96b33d0052af29d1bf850fc0caf2c06da071dc2c	retained_exact	-	-	source mode/blob equals target mode/blob	-
F1	fe05a	0220d350b05aac9eafabe9620d34673f3d01adc7	68b8d3d67d6b66d1a6c2c8d4f72ff7079135b662	T055	055cffcbc18eb26d15f3818aada50b82a4bd0fa8	accepted ATT/material HEAD	A	evidence/fe05a/regression/final-layout/work-surface-1440-light.png	100644	3f00094985049f6e3581d5136d95fe3299e254a5	100644	3f00094985049f6e3581d5136d95fe3299e254a5	retained_exact	-	-	source mode/blob equals target mode/blob	-
F1	fe05a	0220d350b05aac9eafabe9620d34673f3d01adc7	68b8d3d67d6b66d1a6c2c8d4f72ff7079135b662	T055	055cffcbc18eb26d15f3818aada50b82a4bd0fa8	accepted ATT/material HEAD	A	evidence/fe05a/regression/final-layout/work-three-pane-1680-light.png	100644	2951d890895549a0c350a6a921e01775978057a9	100644	2951d890895549a0c350a6a921e01775978057a9	retained_exact	-	-	source mode/blob equals target mode/blob	-
F1	fe05a	0220d350b05aac9eafabe9620d34673f3d01adc7	68b8d3d67d6b66d1a6c2c8d4f72ff7079135b662	T055	055cffcbc18eb26d15f3818aada50b82a4bd0fa8	accepted ATT/material HEAD	A	evidence/fe05a/regression/final-layout/work-three-pane-1680x720-light.png	100644	fb70136c1038ce5bbf3c87d2263d5c0387a6e81d	100644	fb70136c1038ce5bbf3c87d2263d5c0387a6e81d	retained_exact	-	-	source mode/blob equals target mode/blob	-
F1	fe05a	0220d350b05aac9eafabe9620d34673f3d01adc7	68b8d3d67d6b66d1a6c2c8d4f72ff7079135b662	T055	055cffcbc18eb26d15f3818aada50b82a4bd0fa8	accepted ATT/material HEAD	A	evidence/fe05a/regression/final-layout/work-three-pane-desktop-shell-1680-light.png	100644	67a94ddee839310658943c4895c764277056db7d	100644	67a94ddee839310658943c4895c764277056db7d	retained_exact	-	-	source mode/blob equals target mode/blob	-
F1	fe05a	0220d350b05aac9eafabe9620d34673f3d01adc7	68b8d3d67d6b66d1a6c2c8d4f72ff7079135b662	T055	055cffcbc18eb26d15f3818aada50b82a4bd0fa8	accepted ATT/material HEAD	A	evidence/fe05a/regression/history/browser.mjs	100644	2b799c76056f21260d6d6ede96e3f327446cac10	100644	2b799c76056f21260d6d6ede96e3f327446cac10	retained_exact	-	-	source mode/blob equals target mode/blob	-
F1	fe05a	0220d350b05aac9eafabe9620d34673f3d01adc7	68b8d3d67d6b66d1a6c2c8d4f72ff7079135b662	T055	055cffcbc18eb26d15f3818aada50b82a4bd0fa8	accepted ATT/material HEAD	A	evidence/fe05a/regression/history/fe-t11.json	100644	3960befdf4c388e38d0e2b70e7ff4de77a9d20e3	100644	3960befdf4c388e38d0e2b70e7ff4de77a9d20e3	retained_exact	-	-	source mode/blob equals target mode/blob	-
F1	fe05a	0220d350b05aac9eafabe9620d34673f3d01adc7	68b8d3d67d6b66d1a6c2c8d4f72ff7079135b662	T055	055cffcbc18eb26d15f3818aada50b82a4bd0fa8	accepted ATT/material HEAD	A	evidence/fe05a/regression/history/fe-t11.log	100644	385ffe6e3fccd40472f20f841c747492d2654c8f	100644	385ffe6e3fccd40472f20f841c747492d2654c8f	retained_exact	-	-	source mode/blob equals target mode/blob	-
F1	fe05a	0220d350b05aac9eafabe9620d34673f3d01adc7	68b8d3d67d6b66d1a6c2c8d4f72ff7079135b662	T055	055cffcbc18eb26d15f3818aada50b82a4bd0fa8	accepted ATT/material HEAD	A	evidence/fe05a/regression/history/fe-t11.mjs	100644	e3bc8d33a915192b517fb53a2c8f37a1e0cdac44	100644	e3bc8d33a915192b517fb53a2c8f37a1e0cdac44	retained_exact	-	-	source mode/blob equals target mode/blob	-
F1	fe05a	0220d350b05aac9eafabe9620d34673f3d01adc7	68b8d3d67d6b66d1a6c2c8d4f72ff7079135b662	T055	055cffcbc18eb26d15f3818aada50b82a4bd0fa8	accepted ATT/material HEAD	A	evidence/fe05a/regression/history/seed.log	100644	e5464b057e7cab5c44c12b0eef508657c18bfcc1	100644	e5464b057e7cab5c44c12b0eef508657c18bfcc1	retained_exact	-	-	source mode/blob equals target mode/blob	-
F1	fe05a	0220d350b05aac9eafabe9620d34673f3d01adc7	68b8d3d67d6b66d1a6c2c8d4f72ff7079135b662	T055	055cffcbc18eb26d15f3818aada50b82a4bd0fa8	accepted ATT/material HEAD	A	evidence/fe05a/regression/history/server.log	100644	5cc3299d4a1f026f6cd3091042c49fa5296a4a24	100644	5cc3299d4a1f026f6cd3091042c49fa5296a4a24	retained_exact	-	-	source mode/blob equals target mode/blob	-
F1	fe05a	0220d350b05aac9eafabe9620d34673f3d01adc7	68b8d3d67d6b66d1a6c2c8d4f72ff7079135b662	T055	055cffcbc18eb26d15f3818aada50b82a4bd0fa8	accepted ATT/material HEAD	A	evidence/fe05a/regression/history/work-seed.json	100644	36fd38e464bea0be5dc95ef6bb43f9f378bf001e	100644	36fd38e464bea0be5dc95ef6bb43f9f378bf001e	retained_exact	-	-	source mode/blob equals target mode/blob	-
F1	fe05a	0220d350b05aac9eafabe9620d34673f3d01adc7	68b8d3d67d6b66d1a6c2c8d4f72ff7079135b662	T055	055cffcbc18eb26d15f3818aada50b82a4bd0fa8	accepted ATT/material HEAD	A	evidence/fe05a/regression/history/work-seed.mjs	100644	96b33d0052af29d1bf850fc0caf2c06da071dc2c	100644	96b33d0052af29d1bf850fc0caf2c06da071dc2c	retained_exact	-	-	source mode/blob equals target mode/blob	-
F1	fe05a	0220d350b05aac9eafabe9620d34673f3d01adc7	68b8d3d67d6b66d1a6c2c8d4f72ff7079135b662	T055	055cffcbc18eb26d15f3818aada50b82a4bd0fa8	accepted ATT/material HEAD	A	evidence/fe05a/regression/models-checks.mjs	100644	02daa0efe5960165e9de6c73977a26894b42e46e	100644	02daa0efe5960165e9de6c73977a26894b42e46e	retained_exact	-	-	source mode/blob equals target mode/blob	-
F1	fe05a	0220d350b05aac9eafabe9620d34673f3d01adc7	68b8d3d67d6b66d1a6c2c8d4f72ff7079135b662	T055	055cffcbc18eb26d15f3818aada50b82a4bd0fa8	accepted ATT/material HEAD	A	evidence/fe05a/regression/primitive-checks.mjs	100644	702e26a6d060aef7deddcaa7c94c7687c85b5f6d	100644	702e26a6d060aef7deddcaa7c94c7687c85b5f6d	retained_exact	-	-	source mode/blob equals target mode/blob	-
F1	fe05a	0220d350b05aac9eafabe9620d34673f3d01adc7	68b8d3d67d6b66d1a6c2c8d4f72ff7079135b662	T055	055cffcbc18eb26d15f3818aada50b82a4bd0fa8	accepted ATT/material HEAD	A	evidence/fe05a/regression/primitive-seed.mjs	100644	dcc5749a421504c5c1528a22b4e6cf97158074c0	100644	dcc5749a421504c5c1528a22b4e6cf97158074c0	retained_exact	-	-	source mode/blob equals target mode/blob	-
F1	fe05a	0220d350b05aac9eafabe9620d34673f3d01adc7	68b8d3d67d6b66d1a6c2c8d4f72ff7079135b662	T055	055cffcbc18eb26d15f3818aada50b82a4bd0fa8	accepted ATT/material HEAD	A	evidence/fe05a/regression/primitive/browser.mjs	100644	2b799c76056f21260d6d6ede96e3f327446cac10	100644	2b799c76056f21260d6d6ede96e3f327446cac10	retained_exact	-	-	source mode/blob equals target mode/blob	-
F1	fe05a	0220d350b05aac9eafabe9620d34673f3d01adc7	68b8d3d67d6b66d1a6c2c8d4f72ff7079135b662	T055	055cffcbc18eb26d15f3818aada50b82a4bd0fa8	accepted ATT/material HEAD	A	evidence/fe05a/regression/primitive/primitive-checks.json	100644	5c5374943cb8092a280ca8d8266d5b107def2a25	100644	5c5374943cb8092a280ca8d8266d5b107def2a25	retained_exact	-	-	source mode/blob equals target mode/blob	-
F1	fe05a	0220d350b05aac9eafabe9620d34673f3d01adc7	68b8d3d67d6b66d1a6c2c8d4f72ff7079135b662	T055	055cffcbc18eb26d15f3818aada50b82a4bd0fa8	accepted ATT/material HEAD	A	evidence/fe05a/regression/primitive/primitive-checks.mjs	100644	702e26a6d060aef7deddcaa7c94c7687c85b5f6d	100644	702e26a6d060aef7deddcaa7c94c7687c85b5f6d	retained_exact	-	-	source mode/blob equals target mode/blob	-
F1	fe05a	0220d350b05aac9eafabe9620d34673f3d01adc7	68b8d3d67d6b66d1a6c2c8d4f72ff7079135b662	T055	055cffcbc18eb26d15f3818aada50b82a4bd0fa8	accepted ATT/material HEAD	A	evidence/fe05a/regression/primitive/primitive-seed.mjs	100644	dcc5749a421504c5c1528a22b4e6cf97158074c0	100644	dcc5749a421504c5c1528a22b4e6cf97158074c0	retained_exact	-	-	source mode/blob equals target mode/blob	-
F1	fe05a	0220d350b05aac9eafabe9620d34673f3d01adc7	68b8d3d67d6b66d1a6c2c8d4f72ff7079135b662	T055	055cffcbc18eb26d15f3818aada50b82a4bd0fa8	accepted ATT/material HEAD	A	evidence/fe05a/regression/primitive/primitive.log	100644	6b81ef7167f2a5e9ca428a1b484cf341adcd4095	100644	6b81ef7167f2a5e9ca428a1b484cf341adcd4095	retained_exact	-	-	source mode/blob equals target mode/blob	-
F1	fe05a	0220d350b05aac9eafabe9620d34673f3d01adc7	68b8d3d67d6b66d1a6c2c8d4f72ff7079135b662	T055	055cffcbc18eb26d15f3818aada50b82a4bd0fa8	accepted ATT/material HEAD	A	evidence/fe05a/regression/primitive/seed.log	100644	e6650e8a2a95b1582628a33cc13e9ca5a89e4685	100644	e6650e8a2a95b1582628a33cc13e9ca5a89e4685	retained_exact	-	-	source mode/blob equals target mode/blob	-
F1	fe05a	0220d350b05aac9eafabe9620d34673f3d01adc7	68b8d3d67d6b66d1a6c2c8d4f72ff7079135b662	T055	055cffcbc18eb26d15f3818aada50b82a4bd0fa8	accepted ATT/material HEAD	A	evidence/fe05a/regression/primitive/server.log	100644	5cc3299d4a1f026f6cd3091042c49fa5296a4a24	100644	5cc3299d4a1f026f6cd3091042c49fa5296a4a24	retained_exact	-	-	source mode/blob equals target mode/blob	-
F1	fe05a	0220d350b05aac9eafabe9620d34673f3d01adc7	68b8d3d67d6b66d1a6c2c8d4f72ff7079135b662	T055	055cffcbc18eb26d15f3818aada50b82a4bd0fa8	accepted ATT/material HEAD	A	evidence/fe05a/regression/probe-checks.mjs	100644	0f6ec750233899c37a1cac4459bbf12e03c67281	100644	0f6ec750233899c37a1cac4459bbf12e03c67281	retained_exact	-	-	source mode/blob equals target mode/blob	-
F1	fe05a	0220d350b05aac9eafabe9620d34673f3d01adc7	68b8d3d67d6b66d1a6c2c8d4f72ff7079135b662	T055	055cffcbc18eb26d15f3818aada50b82a4bd0fa8	accepted ATT/material HEAD	A	evidence/fe05a/regression/rc/mcp-fixture.mjs	100644	6176b27950bbff42a372f7e05c22559e69e4d2c7	100644	6176b27950bbff42a372f7e05c22559e69e4d2c7	retained_exact	-	-	source mode/blob equals target mode/blob	-
F1	fe05a	0220d350b05aac9eafabe9620d34673f3d01adc7	68b8d3d67d6b66d1a6c2c8d4f72ff7079135b662	T055	055cffcbc18eb26d15f3818aada50b82a4bd0fa8	accepted ATT/material HEAD	A	evidence/fe05a/regression/rc/reset-fixture.mjs	100644	d4a62bedbb6b97a54d5bd440f6582f2eb989a461	100644	d4a62bedbb6b97a54d5bd440f6582f2eb989a461	retained_exact	-	-	source mode/blob equals target mode/blob	-
F1	fe05a	0220d350b05aac9eafabe9620d34673f3d01adc7	68b8d3d67d6b66d1a6c2c8d4f72ff7079135b662	T055	055cffcbc18eb26d15f3818aada50b82a4bd0fa8	accepted ATT/material HEAD	A	evidence/fe05a/regression/rc/runtime-ui-checks.mjs	100644	701c5e3da4a8e4925b8dfa12153b0bab819446c3	100644	701c5e3da4a8e4925b8dfa12153b0bab819446c3	retained_exact	-	-	source mode/blob equals target mode/blob	-
F1	fe05a	0220d350b05aac9eafabe9620d34673f3d01adc7	68b8d3d67d6b66d1a6c2c8d4f72ff7079135b662	T055	055cffcbc18eb26d15f3818aada50b82a4bd0fa8	accepted ATT/material HEAD	A	evidence/fe05a/regression/rc/runtime-ui-counterexamples.mjs	100644	466c230e2ca3344c5685bae04c7a13414ead6239	100644	466c230e2ca3344c5685bae04c7a13414ead6239	retained_exact	-	-	source mode/blob equals target mode/blob	-
F1	fe05a	0220d350b05aac9eafabe9620d34673f3d01adc7	68b8d3d67d6b66d1a6c2c8d4f72ff7079135b662	T055	055cffcbc18eb26d15f3818aada50b82a4bd0fa8	accepted ATT/material HEAD	A	evidence/fe05a/regression/rc/runtime-ui-viewport.mjs	100644	b5b31fe042158db9a667e242f846ed2ec6ee99bd	100644	b5b31fe042158db9a667e242f846ed2ec6ee99bd	retained_exact	-	-	source mode/blob equals target mode/blob	-
F1	fe05a	0220d350b05aac9eafabe9620d34673f3d01adc7	68b8d3d67d6b66d1a6c2c8d4f72ff7079135b662	T055	055cffcbc18eb26d15f3818aada50b82a4bd0fa8	accepted ATT/material HEAD	A	evidence/fe05a/regression/rc/seed-fixture.mjs	100644	4526c7c88e830c038a38b9c160b34061998f2fa0	100644	4526c7c88e830c038a38b9c160b34061998f2fa0	retained_exact	-	-	source mode/blob equals target mode/blob	-
F1	fe05a	0220d350b05aac9eafabe9620d34673f3d01adc7	68b8d3d67d6b66d1a6c2c8d4f72ff7079135b662	T055	055cffcbc18eb26d15f3818aada50b82a4bd0fa8	accepted ATT/material HEAD	A	evidence/fe05a/regression/rc/verify.mjs	100644	ea39d15351057736ab9ea68c413355a62f38c77e	100644	ea39d15351057736ab9ea68c413355a62f38c77e	retained_exact	-	-	source mode/blob equals target mode/blob	-
F1	fe05a	0220d350b05aac9eafabe9620d34673f3d01adc7	68b8d3d67d6b66d1a6c2c8d4f72ff7079135b662	T055	055cffcbc18eb26d15f3818aada50b82a4bd0fa8	accepted ATT/material HEAD	A	evidence/fe05a/regression/regression-exits.json	100644	094f88af7eff635c8b018eafde80aa55d49f257d	100644	094f88af7eff635c8b018eafde80aa55d49f257d	retained_exact	-	-	source mode/blob equals target mode/blob	-
F1	fe05a	0220d350b05aac9eafabe9620d34673f3d01adc7	68b8d3d67d6b66d1a6c2c8d4f72ff7079135b662	T055	055cffcbc18eb26d15f3818aada50b82a4bd0fa8	accepted ATT/material HEAD	A	evidence/fe05a/regression/run-regressions.py	100644	e46343255a6b8fb888b27b7b90a7ea23164c7f38	100644	e46343255a6b8fb888b27b7b90a7ea23164c7f38	retained_exact	-	-	source mode/blob equals target mode/blob	-
F1	fe05a	0220d350b05aac9eafabe9620d34673f3d01adc7	68b8d3d67d6b66d1a6c2c8d4f72ff7079135b662	T055	055cffcbc18eb26d15f3818aada50b82a4bd0fa8	accepted ATT/material HEAD	A	evidence/fe05a/regression/runtime/browser.mjs	100644	2b799c76056f21260d6d6ede96e3f327446cac10	100644	2b799c76056f21260d6d6ede96e3f327446cac10	retained_exact	-	-	source mode/blob equals target mode/blob	-
F1	fe05a	0220d350b05aac9eafabe9620d34673f3d01adc7	68b8d3d67d6b66d1a6c2c8d4f72ff7079135b662	T055	055cffcbc18eb26d15f3818aada50b82a4bd0fa8	accepted ATT/material HEAD	A	evidence/fe05a/regression/runtime/cc-s-checks.mjs	100644	1ec12409157a2d16c914e7f1d567aa0193bee392	100644	1ec12409157a2d16c914e7f1d567aa0193bee392	retained_exact	-	-	source mode/blob equals target mode/blob	-
F1	fe05a	0220d350b05aac9eafabe9620d34673f3d01adc7	68b8d3d67d6b66d1a6c2c8d4f72ff7079135b662	T055	055cffcbc18eb26d15f3818aada50b82a4bd0fa8	accepted ATT/material HEAD	A	evidence/fe05a/regression/runtime/cc-s-seed.mjs	100644	e375c2b1887a1f29e03d3a3645d95e5fefc74a85	100644	e375c2b1887a1f29e03d3a3645d95e5fefc74a85	retained_exact	-	-	source mode/blob equals target mode/blob	-
F1	fe05a	0220d350b05aac9eafabe9620d34673f3d01adc7	68b8d3d67d6b66d1a6c2c8d4f72ff7079135b662	T055	055cffcbc18eb26d15f3818aada50b82a4bd0fa8	accepted ATT/material HEAD	A	evidence/fe05a/regression/runtime/cc-w-checks.mjs	100644	e8601527c477647f488d3a5a0ac003dfae4111e6	100644	e8601527c477647f488d3a5a0ac003dfae4111e6	retained_exact	-	-	source mode/blob equals target mode/blob	-
F1	fe05a	0220d350b05aac9eafabe9620d34673f3d01adc7	68b8d3d67d6b66d1a6c2c8d4f72ff7079135b662	T055	055cffcbc18eb26d15f3818aada50b82a4bd0fa8	accepted ATT/material HEAD	A	evidence/fe05a/regression/runtime/cc-w-seed.mjs	100644	73f039935f9913042b342f9fd34021aa75eb4534	100644	73f039935f9913042b342f9fd34021aa75eb4534	retained_exact	-	-	source mode/blob equals target mode/blob	-
F1	fe05a	0220d350b05aac9eafabe9620d34673f3d01adc7	68b8d3d67d6b66d1a6c2c8d4f72ff7079135b662	T055	055cffcbc18eb26d15f3818aada50b82a4bd0fa8	accepted ATT/material HEAD	A	evidence/fe05a/regression/runtime/composition-checks.mjs	100644	431dfd3aa9ceed475eed84ecd33c50816b215fb0	100644	431dfd3aa9ceed475eed84ecd33c50816b215fb0	retained_exact	-	-	source mode/blob equals target mode/blob	-
F1	fe05a	0220d350b05aac9eafabe9620d34673f3d01adc7	68b8d3d67d6b66d1a6c2c8d4f72ff7079135b662	T055	055cffcbc18eb26d15f3818aada50b82a4bd0fa8	accepted ATT/material HEAD	A	evidence/fe05a/regression/runtime/counterexamples.mjs	100644	417d6986c86bbf08dce21b710b325e6973155971	100644	417d6986c86bbf08dce21b710b325e6973155971	retained_exact	-	-	source mode/blob equals target mode/blob	-
F1	fe05a	0220d350b05aac9eafabe9620d34673f3d01adc7	68b8d3d67d6b66d1a6c2c8d4f72ff7079135b662	T055	055cffcbc18eb26d15f3818aada50b82a4bd0fa8	accepted ATT/material HEAD	A	evidence/fe05a/regression/runtime/fe-t01.mjs	100644	d5a1c859b8c405d604508b61a804dc9e821b55fc	100644	d5a1c859b8c405d604508b61a804dc9e821b55fc	retained_exact	-	-	source mode/blob equals target mode/blob	-
F1	fe05a	0220d350b05aac9eafabe9620d34673f3d01adc7	68b8d3d67d6b66d1a6c2c8d4f72ff7079135b662	T055	055cffcbc18eb26d15f3818aada50b82a4bd0fa8	accepted ATT/material HEAD	A	evidence/fe05a/regression/runtime/fe-t07.mjs	100644	b7ae37756778913e184303a2895db63cad391f40	100644	b7ae37756778913e184303a2895db63cad391f40	retained_exact	-	-	source mode/blob equals target mode/blob	-
F1	fe05a	0220d350b05aac9eafabe9620d34673f3d01adc7	68b8d3d67d6b66d1a6c2c8d4f72ff7079135b662	T055	055cffcbc18eb26d15f3818aada50b82a4bd0fa8	accepted ATT/material HEAD	A	evidence/fe05a/regression/runtime/fe-t11.mjs	100644	e3bc8d33a915192b517fb53a2c8f37a1e0cdac44	100644	e3bc8d33a915192b517fb53a2c8f37a1e0cdac44	retained_exact	-	-	source mode/blob equals target mode/blob	-
F1	fe05a	0220d350b05aac9eafabe9620d34673f3d01adc7	68b8d3d67d6b66d1a6c2c8d4f72ff7079135b662	T055	055cffcbc18eb26d15f3818aada50b82a4bd0fa8	accepted ATT/material HEAD	A	evidence/fe05a/regression/runtime/models-checks.mjs	100644	02daa0efe5960165e9de6c73977a26894b42e46e	100644	02daa0efe5960165e9de6c73977a26894b42e46e	retained_exact	-	-	source mode/blob equals target mode/blob	-
F1	fe05a	0220d350b05aac9eafabe9620d34673f3d01adc7	68b8d3d67d6b66d1a6c2c8d4f72ff7079135b662	T055	055cffcbc18eb26d15f3818aada50b82a4bd0fa8	accepted ATT/material HEAD	A	evidence/fe05a/regression/runtime/primitive-checks.mjs	100644	702e26a6d060aef7deddcaa7c94c7687c85b5f6d	100644	702e26a6d060aef7deddcaa7c94c7687c85b5f6d	retained_exact	-	-	source mode/blob equals target mode/blob	-
F1	fe05a	0220d350b05aac9eafabe9620d34673f3d01adc7	68b8d3d67d6b66d1a6c2c8d4f72ff7079135b662	T055	055cffcbc18eb26d15f3818aada50b82a4bd0fa8	accepted ATT/material HEAD	A	evidence/fe05a/regression/runtime/primitive-seed.mjs	100644	dcc5749a421504c5c1528a22b4e6cf97158074c0	100644	dcc5749a421504c5c1528a22b4e6cf97158074c0	retained_exact	-	-	source mode/blob equals target mode/blob	-
F1	fe05a	0220d350b05aac9eafabe9620d34673f3d01adc7	68b8d3d67d6b66d1a6c2c8d4f72ff7079135b662	T055	055cffcbc18eb26d15f3818aada50b82a4bd0fa8	accepted ATT/material HEAD	A	evidence/fe05a/regression/runtime/probe-checks.mjs	100644	0f6ec750233899c37a1cac4459bbf12e03c67281	100644	0f6ec750233899c37a1cac4459bbf12e03c67281	retained_exact	-	-	source mode/blob equals target mode/blob	-
F1	fe05a	0220d350b05aac9eafabe9620d34673f3d01adc7	68b8d3d67d6b66d1a6c2c8d4f72ff7079135b662	T055	055cffcbc18eb26d15f3818aada50b82a4bd0fa8	accepted ATT/material HEAD	A	evidence/fe05a/regression/runtime/rc/mcp-fixture.mjs	100644	6176b27950bbff42a372f7e05c22559e69e4d2c7	100644	6176b27950bbff42a372f7e05c22559e69e4d2c7	retained_exact	-	-	source mode/blob equals target mode/blob	-
F1	fe05a	0220d350b05aac9eafabe9620d34673f3d01adc7	68b8d3d67d6b66d1a6c2c8d4f72ff7079135b662	T055	055cffcbc18eb26d15f3818aada50b82a4bd0fa8	accepted ATT/material HEAD	A	evidence/fe05a/regression/runtime/rc/reset-fixture.mjs	100644	d4a62bedbb6b97a54d5bd440f6582f2eb989a461	100644	d4a62bedbb6b97a54d5bd440f6582f2eb989a461	retained_exact	-	-	source mode/blob equals target mode/blob	-
F1	fe05a	0220d350b05aac9eafabe9620d34673f3d01adc7	68b8d3d67d6b66d1a6c2c8d4f72ff7079135b662	T055	055cffcbc18eb26d15f3818aada50b82a4bd0fa8	accepted ATT/material HEAD	A	evidence/fe05a/regression/runtime/rc/runtime-ui-checks.json	100644	280a5cb289f602da4c1ffbcdadd625bacd717efd	100644	280a5cb289f602da4c1ffbcdadd625bacd717efd	retained_exact	-	-	source mode/blob equals target mode/blob	-
F1	fe05a	0220d350b05aac9eafabe9620d34673f3d01adc7	68b8d3d67d6b66d1a6c2c8d4f72ff7079135b662	T055	055cffcbc18eb26d15f3818aada50b82a4bd0fa8	accepted ATT/material HEAD	A	evidence/fe05a/regression/runtime/rc/runtime-ui-checks.mjs	100644	701c5e3da4a8e4925b8dfa12153b0bab819446c3	100644	701c5e3da4a8e4925b8dfa12153b0bab819446c3	retained_exact	-	-	source mode/blob equals target mode/blob	-
F1	fe05a	0220d350b05aac9eafabe9620d34673f3d01adc7	68b8d3d67d6b66d1a6c2c8d4f72ff7079135b662	T055	055cffcbc18eb26d15f3818aada50b82a4bd0fa8	accepted ATT/material HEAD	A	evidence/fe05a/regression/runtime/rc/runtime-ui-counterexamples.json	100644	fa7060e0d0329037aac3706a72b24acb7449f802	100644	fa7060e0d0329037aac3706a72b24acb7449f802	retained_exact	-	-	source mode/blob equals target mode/blob	-
F1	fe05a	0220d350b05aac9eafabe9620d34673f3d01adc7	68b8d3d67d6b66d1a6c2c8d4f72ff7079135b662	T055	055cffcbc18eb26d15f3818aada50b82a4bd0fa8	accepted ATT/material HEAD	A	evidence/fe05a/regression/runtime/rc/runtime-ui-counterexamples.mjs	100644	466c230e2ca3344c5685bae04c7a13414ead6239	100644	466c230e2ca3344c5685bae04c7a13414ead6239	retained_exact	-	-	source mode/blob equals target mode/blob	-
F1	fe05a	0220d350b05aac9eafabe9620d34673f3d01adc7	68b8d3d67d6b66d1a6c2c8d4f72ff7079135b662	T055	055cffcbc18eb26d15f3818aada50b82a4bd0fa8	accepted ATT/material HEAD	A	evidence/fe05a/regression/runtime/rc/runtime-ui-viewport.json	100644	b572ca014122b5f29702d93e1c59eaec86752c96	100644	b572ca014122b5f29702d93e1c59eaec86752c96	retained_exact	-	-	source mode/blob equals target mode/blob	-
F1	fe05a	0220d350b05aac9eafabe9620d34673f3d01adc7	68b8d3d67d6b66d1a6c2c8d4f72ff7079135b662	T055	055cffcbc18eb26d15f3818aada50b82a4bd0fa8	accepted ATT/material HEAD	A	evidence/fe05a/regression/runtime/rc/runtime-ui-viewport.mjs	100644	b5b31fe042158db9a667e242f846ed2ec6ee99bd	100644	b5b31fe042158db9a667e242f846ed2ec6ee99bd	retained_exact	-	-	source mode/blob equals target mode/blob	-
F1	fe05a	0220d350b05aac9eafabe9620d34673f3d01adc7	68b8d3d67d6b66d1a6c2c8d4f72ff7079135b662	T055	055cffcbc18eb26d15f3818aada50b82a4bd0fa8	accepted ATT/material HEAD	A	evidence/fe05a/regression/runtime/rc/seed-fixture.mjs	100644	4526c7c88e830c038a38b9c160b34061998f2fa0	100644	4526c7c88e830c038a38b9c160b34061998f2fa0	retained_exact	-	-	source mode/blob equals target mode/blob	-
F1	fe05a	0220d350b05aac9eafabe9620d34673f3d01adc7	68b8d3d67d6b66d1a6c2c8d4f72ff7079135b662	T055	055cffcbc18eb26d15f3818aada50b82a4bd0fa8	accepted ATT/material HEAD	A	evidence/fe05a/regression/runtime/rc/verify.mjs	100644	ea39d15351057736ab9ea68c413355a62f38c77e	100644	ea39d15351057736ab9ea68c413355a62f38c77e	retained_exact	-	-	source mode/blob equals target mode/blob	-
F1	fe05a	0220d350b05aac9eafabe9620d34673f3d01adc7	68b8d3d67d6b66d1a6c2c8d4f72ff7079135b662	T055	055cffcbc18eb26d15f3818aada50b82a4bd0fa8	accepted ATT/material HEAD	A	evidence/fe05a/regression/runtime/seed.log	100644	20f30e0ed485658c9cea04a684d9b40d6f5d34d0	100644	20f30e0ed485658c9cea04a684d9b40d6f5d34d0	retained_exact	-	-	source mode/blob equals target mode/blob	-
F1	fe05a	0220d350b05aac9eafabe9620d34673f3d01adc7	68b8d3d67d6b66d1a6c2c8d4f72ff7079135b662	T055	055cffcbc18eb26d15f3818aada50b82a4bd0fa8	accepted ATT/material HEAD	A	evidence/fe05a/regression/runtime/seed.mjs	100644	69895098026457875fa6485eee95d09a17f26303	100644	69895098026457875fa6485eee95d09a17f26303	retained_exact	-	-	source mode/blob equals target mode/blob	-
F1	fe05a	0220d350b05aac9eafabe9620d34673f3d01adc7	68b8d3d67d6b66d1a6c2c8d4f72ff7079135b662	T055	055cffcbc18eb26d15f3818aada50b82a4bd0fa8	accepted ATT/material HEAD	A	evidence/fe05a/regression/runtime/server.log	100644	55d277663caa6432d9d01daf69522226ef6f6d7c	100644	55d277663caa6432d9d01daf69522226ef6f6d7c	retained_exact	-	-	source mode/blob equals target mode/blob	-
F1	fe05a	0220d350b05aac9eafabe9620d34673f3d01adc7	68b8d3d67d6b66d1a6c2c8d4f72ff7079135b662	T055	055cffcbc18eb26d15f3818aada50b82a4bd0fa8	accepted ATT/material HEAD	A	evidence/fe05a/regression/runtime/shell-checks.mjs	100644	fffa203eb7dd9517aa695fa4f3eaf6dcab0e086a	100644	fffa203eb7dd9517aa695fa4f3eaf6dcab0e086a	retained_exact	-	-	source mode/blob equals target mode/blob	-
F1	fe05a	0220d350b05aac9eafabe9620d34673f3d01adc7	68b8d3d67d6b66d1a6c2c8d4f72ff7079135b662	T055	055cffcbc18eb26d15f3818aada50b82a4bd0fa8	accepted ATT/material HEAD	A	evidence/fe05a/regression/runtime/work-seed.mjs	100644	96b33d0052af29d1bf850fc0caf2c06da071dc2c	100644	96b33d0052af29d1bf850fc0caf2c06da071dc2c	retained_exact	-	-	source mode/blob equals target mode/blob	-
F1	fe05a	0220d350b05aac9eafabe9620d34673f3d01adc7	68b8d3d67d6b66d1a6c2c8d4f72ff7079135b662	T055	055cffcbc18eb26d15f3818aada50b82a4bd0fa8	accepted ATT/material HEAD	A	evidence/fe05a/regression/seed.mjs	100644	69895098026457875fa6485eee95d09a17f26303	100644	69895098026457875fa6485eee95d09a17f26303	retained_exact	-	-	source mode/blob equals target mode/blob	-
F1	fe05a	0220d350b05aac9eafabe9620d34673f3d01adc7	68b8d3d67d6b66d1a6c2c8d4f72ff7079135b662	T055	055cffcbc18eb26d15f3818aada50b82a4bd0fa8	accepted ATT/material HEAD	A	evidence/fe05a/regression/settings-extra/fe-t01-rows.json	100644	5ea82673144989f58d87a1853129d87dabcbaa0e	100644	5ea82673144989f58d87a1853129d87dabcbaa0e	retained_exact	-	-	source mode/blob equals target mode/blob	-
F1	fe05a	0220d350b05aac9eafabe9620d34673f3d01adc7	68b8d3d67d6b66d1a6c2c8d4f72ff7079135b662	T055	055cffcbc18eb26d15f3818aada50b82a4bd0fa8	accepted ATT/material HEAD	A	evidence/fe05a/regression/settings-extra/probe.log	100644	5c2268d76c7fc4e663045736e42217935c1224e5	100644	5c2268d76c7fc4e663045736e42217935c1224e5	retained_exact	-	-	source mode/blob equals target mode/blob	-
F1	fe05a	0220d350b05aac9eafabe9620d34673f3d01adc7	68b8d3d67d6b66d1a6c2c8d4f72ff7079135b662	T055	055cffcbc18eb26d15f3818aada50b82a4bd0fa8	accepted ATT/material HEAD	A	evidence/fe05a/regression/settings-extra/rows.log	100644	b7e3b26ced0716ed31959dae135af9a221e284cb	100644	b7e3b26ced0716ed31959dae135af9a221e284cb	retained_exact	-	-	source mode/blob equals target mode/blob	-
F1	fe05a	0220d350b05aac9eafabe9620d34673f3d01adc7	68b8d3d67d6b66d1a6c2c8d4f72ff7079135b662	T055	055cffcbc18eb26d15f3818aada50b82a4bd0fa8	accepted ATT/material HEAD	A	evidence/fe05a/regression/settings/browser.mjs	100644	2b799c76056f21260d6d6ede96e3f327446cac10	100644	2b799c76056f21260d6d6ede96e3f327446cac10	retained_exact	-	-	source mode/blob equals target mode/blob	-
F1	fe05a	0220d350b05aac9eafabe9620d34673f3d01adc7	68b8d3d67d6b66d1a6c2c8d4f72ff7079135b662	T055	055cffcbc18eb26d15f3818aada50b82a4bd0fa8	accepted ATT/material HEAD	A	evidence/fe05a/regression/settings/cc-s-checks.mjs	100644	1ec12409157a2d16c914e7f1d567aa0193bee392	100644	1ec12409157a2d16c914e7f1d567aa0193bee392	retained_exact	-	-	source mode/blob equals target mode/blob	-
F1	fe05a	0220d350b05aac9eafabe9620d34673f3d01adc7	68b8d3d67d6b66d1a6c2c8d4f72ff7079135b662	T055	055cffcbc18eb26d15f3818aada50b82a4bd0fa8	accepted ATT/material HEAD	A	evidence/fe05a/regression/settings/cc-s-seed.mjs	100644	e375c2b1887a1f29e03d3a3645d95e5fefc74a85	100644	e375c2b1887a1f29e03d3a3645d95e5fefc74a85	retained_exact	-	-	source mode/blob equals target mode/blob	-
F1	fe05a	0220d350b05aac9eafabe9620d34673f3d01adc7	68b8d3d67d6b66d1a6c2c8d4f72ff7079135b662	T055	055cffcbc18eb26d15f3818aada50b82a4bd0fa8	accepted ATT/material HEAD	A	evidence/fe05a/regression/settings/cc-w-checks.mjs	100644	e8601527c477647f488d3a5a0ac003dfae4111e6	100644	e8601527c477647f488d3a5a0ac003dfae4111e6	retained_exact	-	-	source mode/blob equals target mode/blob	-
F1	fe05a	0220d350b05aac9eafabe9620d34673f3d01adc7	68b8d3d67d6b66d1a6c2c8d4f72ff7079135b662	T055	055cffcbc18eb26d15f3818aada50b82a4bd0fa8	accepted ATT/material HEAD	A	evidence/fe05a/regression/settings/cc-w-seed.mjs	100644	73f039935f9913042b342f9fd34021aa75eb4534	100644	73f039935f9913042b342f9fd34021aa75eb4534	retained_exact	-	-	source mode/blob equals target mode/blob	-
F1	fe05a	0220d350b05aac9eafabe9620d34673f3d01adc7	68b8d3d67d6b66d1a6c2c8d4f72ff7079135b662	T055	055cffcbc18eb26d15f3818aada50b82a4bd0fa8	accepted ATT/material HEAD	A	evidence/fe05a/regression/settings/composition-checks.mjs	100644	431dfd3aa9ceed475eed84ecd33c50816b215fb0	100644	431dfd3aa9ceed475eed84ecd33c50816b215fb0	retained_exact	-	-	source mode/blob equals target mode/blob	-
F1	fe05a	0220d350b05aac9eafabe9620d34673f3d01adc7	68b8d3d67d6b66d1a6c2c8d4f72ff7079135b662	T055	055cffcbc18eb26d15f3818aada50b82a4bd0fa8	accepted ATT/material HEAD	A	evidence/fe05a/regression/settings/counterexamples.mjs	100644	417d6986c86bbf08dce21b710b325e6973155971	100644	417d6986c86bbf08dce21b710b325e6973155971	retained_exact	-	-	source mode/blob equals target mode/blob	-
F1	fe05a	0220d350b05aac9eafabe9620d34673f3d01adc7	68b8d3d67d6b66d1a6c2c8d4f72ff7079135b662	T055	055cffcbc18eb26d15f3818aada50b82a4bd0fa8	accepted ATT/material HEAD	A	evidence/fe05a/regression/settings/fe-t01-rows.json	100644	5ea82673144989f58d87a1853129d87dabcbaa0e	100644	5ea82673144989f58d87a1853129d87dabcbaa0e	retained_exact	-	-	source mode/blob equals target mode/blob	-
F1	fe05a	0220d350b05aac9eafabe9620d34673f3d01adc7	68b8d3d67d6b66d1a6c2c8d4f72ff7079135b662	T055	055cffcbc18eb26d15f3818aada50b82a4bd0fa8	accepted ATT/material HEAD	A	evidence/fe05a/regression/settings/fe-t01.mjs	100644	d5a1c859b8c405d604508b61a804dc9e821b55fc	100644	d5a1c859b8c405d604508b61a804dc9e821b55fc	retained_exact	-	-	source mode/blob equals target mode/blob	-
F1	fe05a	0220d350b05aac9eafabe9620d34673f3d01adc7	68b8d3d67d6b66d1a6c2c8d4f72ff7079135b662	T055	055cffcbc18eb26d15f3818aada50b82a4bd0fa8	accepted ATT/material HEAD	A	evidence/fe05a/regression/settings/fe-t07.mjs	100644	b7ae37756778913e184303a2895db63cad391f40	100644	b7ae37756778913e184303a2895db63cad391f40	retained_exact	-	-	source mode/blob equals target mode/blob	-
F1	fe05a	0220d350b05aac9eafabe9620d34673f3d01adc7	68b8d3d67d6b66d1a6c2c8d4f72ff7079135b662	T055	055cffcbc18eb26d15f3818aada50b82a4bd0fa8	accepted ATT/material HEAD	A	evidence/fe05a/regression/settings/fe-t11.mjs	100644	e3bc8d33a915192b517fb53a2c8f37a1e0cdac44	100644	e3bc8d33a915192b517fb53a2c8f37a1e0cdac44	retained_exact	-	-	source mode/blob equals target mode/blob	-
F1	fe05a	0220d350b05aac9eafabe9620d34673f3d01adc7	68b8d3d67d6b66d1a6c2c8d4f72ff7079135b662	T055	055cffcbc18eb26d15f3818aada50b82a4bd0fa8	accepted ATT/material HEAD	A	evidence/fe05a/regression/settings/models-checks.json	100644	5657d78dcccb013ffd89457b3a5f8cdba3873bcd	100644	5657d78dcccb013ffd89457b3a5f8cdba3873bcd	retained_exact	-	-	source mode/blob equals target mode/blob	-
F1	fe05a	0220d350b05aac9eafabe9620d34673f3d01adc7	68b8d3d67d6b66d1a6c2c8d4f72ff7079135b662	T055	055cffcbc18eb26d15f3818aada50b82a4bd0fa8	accepted ATT/material HEAD	A	evidence/fe05a/regression/settings/models-checks.mjs	100644	02daa0efe5960165e9de6c73977a26894b42e46e	100644	02daa0efe5960165e9de6c73977a26894b42e46e	retained_exact	-	-	source mode/blob equals target mode/blob	-
F1	fe05a	0220d350b05aac9eafabe9620d34673f3d01adc7	68b8d3d67d6b66d1a6c2c8d4f72ff7079135b662	T055	055cffcbc18eb26d15f3818aada50b82a4bd0fa8	accepted ATT/material HEAD	A	evidence/fe05a/regression/settings/models.log	100644	9a8f85ff4a3f24396c4d676726913a69f320f5c9	100644	9a8f85ff4a3f24396c4d676726913a69f320f5c9	retained_exact	-	-	source mode/blob equals target mode/blob	-
F1	fe05a	0220d350b05aac9eafabe9620d34673f3d01adc7	68b8d3d67d6b66d1a6c2c8d4f72ff7079135b662	T055	055cffcbc18eb26d15f3818aada50b82a4bd0fa8	accepted ATT/material HEAD	A	evidence/fe05a/regression/settings/primitive-checks.mjs	100644	702e26a6d060aef7deddcaa7c94c7687c85b5f6d	100644	702e26a6d060aef7deddcaa7c94c7687c85b5f6d	retained_exact	-	-	source mode/blob equals target mode/blob	-
F1	fe05a	0220d350b05aac9eafabe9620d34673f3d01adc7	68b8d3d67d6b66d1a6c2c8d4f72ff7079135b662	T055	055cffcbc18eb26d15f3818aada50b82a4bd0fa8	accepted ATT/material HEAD	A	evidence/fe05a/regression/settings/primitive-seed.mjs	100644	dcc5749a421504c5c1528a22b4e6cf97158074c0	100644	dcc5749a421504c5c1528a22b4e6cf97158074c0	retained_exact	-	-	source mode/blob equals target mode/blob	-
F1	fe05a	0220d350b05aac9eafabe9620d34673f3d01adc7	68b8d3d67d6b66d1a6c2c8d4f72ff7079135b662	T055	055cffcbc18eb26d15f3818aada50b82a4bd0fa8	accepted ATT/material HEAD	A	evidence/fe05a/regression/settings/probe-checks.json	100644	caaecd7dbe6fef0e5df4f1a976e8429fd5bea357	100644	caaecd7dbe6fef0e5df4f1a976e8429fd5bea357	retained_exact	-	-	source mode/blob equals target mode/blob	-
F1	fe05a	0220d350b05aac9eafabe9620d34673f3d01adc7	68b8d3d67d6b66d1a6c2c8d4f72ff7079135b662	T055	055cffcbc18eb26d15f3818aada50b82a4bd0fa8	accepted ATT/material HEAD	A	evidence/fe05a/regression/settings/probe-checks.mjs	100644	0f6ec750233899c37a1cac4459bbf12e03c67281	100644	0f6ec750233899c37a1cac4459bbf12e03c67281	retained_exact	-	-	source mode/blob equals target mode/blob	-
F1	fe05a	0220d350b05aac9eafabe9620d34673f3d01adc7	68b8d3d67d6b66d1a6c2c8d4f72ff7079135b662	T055	055cffcbc18eb26d15f3818aada50b82a4bd0fa8	accepted ATT/material HEAD	A	evidence/fe05a/regression/settings/seed.log	100644	6999336f160ec345d8a2d125a350b85b1856d3fb	100644	6999336f160ec345d8a2d125a350b85b1856d3fb	retained_exact	-	-	source mode/blob equals target mode/blob	-
F1	fe05a	0220d350b05aac9eafabe9620d34673f3d01adc7	68b8d3d67d6b66d1a6c2c8d4f72ff7079135b662	T055	055cffcbc18eb26d15f3818aada50b82a4bd0fa8	accepted ATT/material HEAD	A	evidence/fe05a/regression/settings/seed.mjs	100644	69895098026457875fa6485eee95d09a17f26303	100644	69895098026457875fa6485eee95d09a17f26303	retained_exact	-	-	source mode/blob equals target mode/blob	-
F1	fe05a	0220d350b05aac9eafabe9620d34673f3d01adc7	68b8d3d67d6b66d1a6c2c8d4f72ff7079135b662	T055	055cffcbc18eb26d15f3818aada50b82a4bd0fa8	accepted ATT/material HEAD	A	evidence/fe05a/regression/settings/server.log	100644	5cc3299d4a1f026f6cd3091042c49fa5296a4a24	100644	5cc3299d4a1f026f6cd3091042c49fa5296a4a24	retained_exact	-	-	source mode/blob equals target mode/blob	-
F1	fe05a	0220d350b05aac9eafabe9620d34673f3d01adc7	68b8d3d67d6b66d1a6c2c8d4f72ff7079135b662	T055	055cffcbc18eb26d15f3818aada50b82a4bd0fa8	accepted ATT/material HEAD	A	evidence/fe05a/regression/settings/settings-models-1440-light.png	100644	dce0d628a0cc192d754613664432b4c0c8a91d9c	100644	dce0d628a0cc192d754613664432b4c0c8a91d9c	retained_exact	-	-	source mode/blob equals target mode/blob	-
F1	fe05a	0220d350b05aac9eafabe9620d34673f3d01adc7	68b8d3d67d6b66d1a6c2c8d4f72ff7079135b662	T055	055cffcbc18eb26d15f3818aada50b82a4bd0fa8	accepted ATT/material HEAD	A	evidence/fe05a/regression/settings/settings-models-390-light.png	100644	a38bd439217602b9bb71cb6d2aac884aee3d7a02	100644	a38bd439217602b9bb71cb6d2aac884aee3d7a02	retained_exact	-	-	source mode/blob equals target mode/blob	-
F1	fe05a	0220d350b05aac9eafabe9620d34673f3d01adc7	68b8d3d67d6b66d1a6c2c8d4f72ff7079135b662	T055	055cffcbc18eb26d15f3818aada50b82a4bd0fa8	accepted ATT/material HEAD	A	evidence/fe05a/regression/settings/settings-models-add-1440-light.png	100644	2d2b747f5f7c408d25a5d0677cbd6dc2ae78e797	100644	2d2b747f5f7c408d25a5d0677cbd6dc2ae78e797	retained_exact	-	-	source mode/blob equals target mode/blob	-
F1	fe05a	0220d350b05aac9eafabe9620d34673f3d01adc7	68b8d3d67d6b66d1a6c2c8d4f72ff7079135b662	T055	055cffcbc18eb26d15f3818aada50b82a4bd0fa8	accepted ATT/material HEAD	A	evidence/fe05a/regression/settings/settings-models-probe-1440-light.png	100644	070b29c223b6b1c1ebb4462b0e0e4ba69b8485e8	100644	070b29c223b6b1c1ebb4462b0e0e4ba69b8485e8	retained_exact	-	-	source mode/blob equals target mode/blob	-
F1	fe05a	0220d350b05aac9eafabe9620d34673f3d01adc7	68b8d3d67d6b66d1a6c2c8d4f72ff7079135b662	T055	055cffcbc18eb26d15f3818aada50b82a4bd0fa8	accepted ATT/material HEAD	A	evidence/fe05a/regression/settings/settings-tools-1440-light.png	100644	01872391dd8c6b50d774a79bf3d18a7520f8828f	100644	01872391dd8c6b50d774a79bf3d18a7520f8828f	retained_exact	-	-	source mode/blob equals target mode/blob	-
F1	fe05a	0220d350b05aac9eafabe9620d34673f3d01adc7	68b8d3d67d6b66d1a6c2c8d4f72ff7079135b662	T055	055cffcbc18eb26d15f3818aada50b82a4bd0fa8	accepted ATT/material HEAD	A	evidence/fe05a/regression/settings/shell-checks.mjs	100644	fffa203eb7dd9517aa695fa4f3eaf6dcab0e086a	100644	fffa203eb7dd9517aa695fa4f3eaf6dcab0e086a	retained_exact	-	-	source mode/blob equals target mode/blob	-
F1	fe05a	0220d350b05aac9eafabe9620d34673f3d01adc7	68b8d3d67d6b66d1a6c2c8d4f72ff7079135b662	T055	055cffcbc18eb26d15f3818aada50b82a4bd0fa8	accepted ATT/material HEAD	A	evidence/fe05a/regression/settings/work-seed.mjs	100644	7ec040eb22ee020c9749436d010867aa2c0aa9dc	100644	7ec040eb22ee020c9749436d010867aa2c0aa9dc	retained_exact	-	-	source mode/blob equals target mode/blob	-
F1	fe05a	0220d350b05aac9eafabe9620d34673f3d01adc7	68b8d3d67d6b66d1a6c2c8d4f72ff7079135b662	T055	055cffcbc18eb26d15f3818aada50b82a4bd0fa8	accepted ATT/material HEAD	A	evidence/fe05a/regression/shell-checks.mjs	100644	fffa203eb7dd9517aa695fa4f3eaf6dcab0e086a	100644	fffa203eb7dd9517aa695fa4f3eaf6dcab0e086a	retained_exact	-	-	source mode/blob equals target mode/blob	-
F1	fe05a	0220d350b05aac9eafabe9620d34673f3d01adc7	68b8d3d67d6b66d1a6c2c8d4f72ff7079135b662	T055	055cffcbc18eb26d15f3818aada50b82a4bd0fa8	accepted ATT/material HEAD	A	evidence/fe05a/regression/shell/browser.mjs	100644	2b799c76056f21260d6d6ede96e3f327446cac10	100644	2b799c76056f21260d6d6ede96e3f327446cac10	retained_exact	-	-	source mode/blob equals target mode/blob	-
F1	fe05a	0220d350b05aac9eafabe9620d34673f3d01adc7	68b8d3d67d6b66d1a6c2c8d4f72ff7079135b662	T055	055cffcbc18eb26d15f3818aada50b82a4bd0fa8	accepted ATT/material HEAD	A	evidence/fe05a/regression/shell/chat-1440-light.png	100644	cf2e686c514966c103c2de6c0793e46eeb2764cc	100644	cf2e686c514966c103c2de6c0793e46eeb2764cc	retained_exact	-	-	source mode/blob equals target mode/blob	-
F1	fe05a	0220d350b05aac9eafabe9620d34673f3d01adc7	68b8d3d67d6b66d1a6c2c8d4f72ff7079135b662	T055	055cffcbc18eb26d15f3818aada50b82a4bd0fa8	accepted ATT/material HEAD	A	evidence/fe05a/regression/shell/continue-in-work-1440-light.png	100644	ca46313ab05a82bc61a5fce9193af7a8e78afb01	100644	ca46313ab05a82bc61a5fce9193af7a8e78afb01	retained_exact	-	-	source mode/blob equals target mode/blob	-
F1	fe05a	0220d350b05aac9eafabe9620d34673f3d01adc7	68b8d3d67d6b66d1a6c2c8d4f72ff7079135b662	T055	055cffcbc18eb26d15f3818aada50b82a4bd0fa8	accepted ATT/material HEAD	A	evidence/fe05a/regression/shell/seed.log	100644	ca6eda4d563d72543c68aea8e08158b33c4a468c	100644	ca6eda4d563d72543c68aea8e08158b33c4a468c	retained_exact	-	-	source mode/blob equals target mode/blob	-
F1	fe05a	0220d350b05aac9eafabe9620d34673f3d01adc7	68b8d3d67d6b66d1a6c2c8d4f72ff7079135b662	T055	055cffcbc18eb26d15f3818aada50b82a4bd0fa8	accepted ATT/material HEAD	A	evidence/fe05a/regression/shell/server.log	100644	5cc3299d4a1f026f6cd3091042c49fa5296a4a24	100644	5cc3299d4a1f026f6cd3091042c49fa5296a4a24	retained_exact	-	-	source mode/blob equals target mode/blob	-
F1	fe05a	0220d350b05aac9eafabe9620d34673f3d01adc7	68b8d3d67d6b66d1a6c2c8d4f72ff7079135b662	T055	055cffcbc18eb26d15f3818aada50b82a4bd0fa8	accepted ATT/material HEAD	A	evidence/fe05a/regression/shell/settings-memory-1440-light.png	100644	fa1b4c69ce477d4949d30300ef1dd2ffc4660662	100644	fa1b4c69ce477d4949d30300ef1dd2ffc4660662	retained_exact	-	-	source mode/blob equals target mode/blob	-
F1	fe05a	0220d350b05aac9eafabe9620d34673f3d01adc7	68b8d3d67d6b66d1a6c2c8d4f72ff7079135b662	T055	055cffcbc18eb26d15f3818aada50b82a4bd0fa8	accepted ATT/material HEAD	A	evidence/fe05a/regression/shell/shell-checks.json	100644	74a1f60e56a31f88f9a403c2fbfa5191f8150411	100644	74a1f60e56a31f88f9a403c2fbfa5191f8150411	retained_exact	-	-	source mode/blob equals target mode/blob	-
F1	fe05a	0220d350b05aac9eafabe9620d34673f3d01adc7	68b8d3d67d6b66d1a6c2c8d4f72ff7079135b662	T055	055cffcbc18eb26d15f3818aada50b82a4bd0fa8	accepted ATT/material HEAD	A	evidence/fe05a/regression/shell/shell-checks.mjs	100644	fffa203eb7dd9517aa695fa4f3eaf6dcab0e086a	100644	fffa203eb7dd9517aa695fa4f3eaf6dcab0e086a	retained_exact	-	-	source mode/blob equals target mode/blob	-
F1	fe05a	0220d350b05aac9eafabe9620d34673f3d01adc7	68b8d3d67d6b66d1a6c2c8d4f72ff7079135b662	T055	055cffcbc18eb26d15f3818aada50b82a4bd0fa8	accepted ATT/material HEAD	A	evidence/fe05a/regression/shell/shell.log	100644	916815d2c63ed809bb97b685aba7cd4e2c86dc4d	100644	916815d2c63ed809bb97b685aba7cd4e2c86dc4d	retained_exact	-	-	source mode/blob equals target mode/blob	-
F1	fe05a	0220d350b05aac9eafabe9620d34673f3d01adc7	68b8d3d67d6b66d1a6c2c8d4f72ff7079135b662	T055	055cffcbc18eb26d15f3818aada50b82a4bd0fa8	accepted ATT/material HEAD	A	evidence/fe05a/regression/shell/work-1440-light.png	100644	eadd0bc8c8403b3e4af07f4dd607a01d1a3ab744	100644	eadd0bc8c8403b3e4af07f4dd607a01d1a3ab744	retained_exact	-	-	source mode/blob equals target mode/blob	-
F1	fe05a	0220d350b05aac9eafabe9620d34673f3d01adc7	68b8d3d67d6b66d1a6c2c8d4f72ff7079135b662	T055	055cffcbc18eb26d15f3818aada50b82a4bd0fa8	accepted ATT/material HEAD	A	evidence/fe05a/regression/shell/work-390-light.png	100644	b3f0b015bcc75d7909856f80bdb877c792f2d432	100644	b3f0b015bcc75d7909856f80bdb877c792f2d432	retained_exact	-	-	source mode/blob equals target mode/blob	-
F1	fe05a	0220d350b05aac9eafabe9620d34673f3d01adc7	68b8d3d67d6b66d1a6c2c8d4f72ff7079135b662	T055	055cffcbc18eb26d15f3818aada50b82a4bd0fa8	accepted ATT/material HEAD	A	evidence/fe05a/regression/shell/work-seed.json	100644	7ca87ef6c7b90f9a58c0050103ae19452ea094d2	100644	7ca87ef6c7b90f9a58c0050103ae19452ea094d2	retained_exact	-	-	source mode/blob equals target mode/blob	-
F1	fe05a	0220d350b05aac9eafabe9620d34673f3d01adc7	68b8d3d67d6b66d1a6c2c8d4f72ff7079135b662	T055	055cffcbc18eb26d15f3818aada50b82a4bd0fa8	accepted ATT/material HEAD	A	evidence/fe05a/regression/shell/work-seed.mjs	100644	96b33d0052af29d1bf850fc0caf2c06da071dc2c	100644	96b33d0052af29d1bf850fc0caf2c06da071dc2c	retained_exact	-	-	source mode/blob equals target mode/blob	-
F1	fe05a	0220d350b05aac9eafabe9620d34673f3d01adc7	68b8d3d67d6b66d1a6c2c8d4f72ff7079135b662	T055	055cffcbc18eb26d15f3818aada50b82a4bd0fa8	accepted ATT/material HEAD	A	evidence/fe05a/regression/work-seed.mjs	100644	09a0d28685b9f5cbb7d6705c56d11aae78379107	100644	09a0d28685b9f5cbb7d6705c56d11aae78379107	retained_exact	-	-	source mode/blob equals target mode/blob	-
F1	fe05a	0220d350b05aac9eafabe9620d34673f3d01adc7	68b8d3d67d6b66d1a6c2c8d4f72ff7079135b662	T055	055cffcbc18eb26d15f3818aada50b82a4bd0fa8	accepted ATT/material HEAD	A	evidence/fe05a/screenshots/home-modules-1440x900-large-v1.png	100644	19578ef3bd51556962c87c800bcfefdab2a68af6	100644	19578ef3bd51556962c87c800bcfefdab2a68af6	retained_exact	-	-	source mode/blob equals target mode/blob	-
F1	fe05a	0220d350b05aac9eafabe9620d34673f3d01adc7	68b8d3d67d6b66d1a6c2c8d4f72ff7079135b662	T055	055cffcbc18eb26d15f3818aada50b82a4bd0fa8	accepted ATT/material HEAD	A	evidence/fe05a/screenshots/home-modules-1440x900-medium-v1.png	100644	bda5fea75aa5116294956f1389e323039da8a9d2	100644	bda5fea75aa5116294956f1389e323039da8a9d2	retained_exact	-	-	source mode/blob equals target mode/blob	-
F1	fe05a	0220d350b05aac9eafabe9620d34673f3d01adc7	68b8d3d67d6b66d1a6c2c8d4f72ff7079135b662	T055	055cffcbc18eb26d15f3818aada50b82a4bd0fa8	accepted ATT/material HEAD	A	evidence/fe05a/screenshots/home-modules-1440x900-small-v1.png	100644	7c15ee4a1a2f88f1d886c614349eabae9081b1aa	100644	7c15ee4a1a2f88f1d886c614349eabae9081b1aa	retained_exact	-	-	source mode/blob equals target mode/blob	-
F1	fe05a	0220d350b05aac9eafabe9620d34673f3d01adc7	68b8d3d67d6b66d1a6c2c8d4f72ff7079135b662	T055	055cffcbc18eb26d15f3818aada50b82a4bd0fa8	accepted ATT/material HEAD	A	evidence/fe05a/screenshots/settings-1440-dark-baseline-repaired.png	100644	ad57d0923e581f8a803e8f815d498db60f542fbc	100644	ad57d0923e581f8a803e8f815d498db60f542fbc	retained_exact	-	-	source mode/blob equals target mode/blob	-
F1	fe05a	0220d350b05aac9eafabe9620d34673f3d01adc7	68b8d3d67d6b66d1a6c2c8d4f72ff7079135b662	T055	055cffcbc18eb26d15f3818aada50b82a4bd0fa8	accepted ATT/material HEAD	A	evidence/fe05a/screenshots/settings-1440-dark-shape-baseline.png	100644	ad57d0923e581f8a803e8f815d498db60f542fbc	100644	ad57d0923e581f8a803e8f815d498db60f542fbc	retained_exact	-	-	source mode/blob equals target mode/blob	-
F1	fe05a	0220d350b05aac9eafabe9620d34673f3d01adc7	68b8d3d67d6b66d1a6c2c8d4f72ff7079135b662	T055	055cffcbc18eb26d15f3818aada50b82a4bd0fa8	accepted ATT/material HEAD	A	evidence/fe05a/screenshots/settings-1440-dark-v1.png	100644	7140e7d92cdfd7245027dede50050fd8844099ff	100644	7140e7d92cdfd7245027dede50050fd8844099ff	retained_exact	-	-	source mode/blob equals target mode/blob	-
F1	fe05a	0220d350b05aac9eafabe9620d34673f3d01adc7	68b8d3d67d6b66d1a6c2c8d4f72ff7079135b662	T055	055cffcbc18eb26d15f3818aada50b82a4bd0fa8	accepted ATT/material HEAD	A	evidence/fe05a/screenshots/settings-1440-light-baseline-repaired.png	100644	c2fb2479edc2f886f9be08002b01e1d6bd73d861	100644	c2fb2479edc2f886f9be08002b01e1d6bd73d861	retained_exact	-	-	source mode/blob equals target mode/blob	-
F1	fe05a	0220d350b05aac9eafabe9620d34673f3d01adc7	68b8d3d67d6b66d1a6c2c8d4f72ff7079135b662	T055	055cffcbc18eb26d15f3818aada50b82a4bd0fa8	accepted ATT/material HEAD	A	evidence/fe05a/screenshots/settings-1440-light-shape-baseline.png	100644	c2fb2479edc2f886f9be08002b01e1d6bd73d861	100644	c2fb2479edc2f886f9be08002b01e1d6bd73d861	retained_exact	-	-	source mode/blob equals target mode/blob	-
F1	fe05a	0220d350b05aac9eafabe9620d34673f3d01adc7	68b8d3d67d6b66d1a6c2c8d4f72ff7079135b662	T055	055cffcbc18eb26d15f3818aada50b82a4bd0fa8	accepted ATT/material HEAD	A	evidence/fe05a/screenshots/settings-1440-light-v1.png	100644	4e4f08b871008e0e696aaafa13cdcc519ddea240	100644	4e4f08b871008e0e696aaafa13cdcc519ddea240	retained_exact	-	-	source mode/blob equals target mode/blob	-
F1	fe05a	0220d350b05aac9eafabe9620d34673f3d01adc7	68b8d3d67d6b66d1a6c2c8d4f72ff7079135b662	T055	055cffcbc18eb26d15f3818aada50b82a4bd0fa8	accepted ATT/material HEAD	A	evidence/fe05a/screenshots/settings-390-dark-baseline-repaired.png	100644	f242a6e141ddb94c878134f0235fababf0840936	100644	f242a6e141ddb94c878134f0235fababf0840936	retained_exact	-	-	source mode/blob equals target mode/blob	-
F1	fe05a	0220d350b05aac9eafabe9620d34673f3d01adc7	68b8d3d67d6b66d1a6c2c8d4f72ff7079135b662	T055	055cffcbc18eb26d15f3818aada50b82a4bd0fa8	accepted ATT/material HEAD	A	evidence/fe05a/screenshots/settings-390-dark-shape-baseline.png	100644	f242a6e141ddb94c878134f0235fababf0840936	100644	f242a6e141ddb94c878134f0235fababf0840936	retained_exact	-	-	source mode/blob equals target mode/blob	-
F1	fe05a	0220d350b05aac9eafabe9620d34673f3d01adc7	68b8d3d67d6b66d1a6c2c8d4f72ff7079135b662	T055	055cffcbc18eb26d15f3818aada50b82a4bd0fa8	accepted ATT/material HEAD	A	evidence/fe05a/screenshots/settings-390-dark-v1.png	100644	b89a6f3a5feed3b03e6364064420dfaefe78ef57	100644	b89a6f3a5feed3b03e6364064420dfaefe78ef57	retained_exact	-	-	source mode/blob equals target mode/blob	-
F1	fe05a	0220d350b05aac9eafabe9620d34673f3d01adc7	68b8d3d67d6b66d1a6c2c8d4f72ff7079135b662	T055	055cffcbc18eb26d15f3818aada50b82a4bd0fa8	accepted ATT/material HEAD	A	evidence/fe05a/screenshots/settings-390-light-baseline-repaired.png	100644	f6dcdba7edafa8e588dd98b1703972080bbfd1ff	100644	f6dcdba7edafa8e588dd98b1703972080bbfd1ff	retained_exact	-	-	source mode/blob equals target mode/blob	-
F1	fe05a	0220d350b05aac9eafabe9620d34673f3d01adc7	68b8d3d67d6b66d1a6c2c8d4f72ff7079135b662	T055	055cffcbc18eb26d15f3818aada50b82a4bd0fa8	accepted ATT/material HEAD	A	evidence/fe05a/screenshots/settings-390-light-shape-baseline.png	100644	f6dcdba7edafa8e588dd98b1703972080bbfd1ff	100644	f6dcdba7edafa8e588dd98b1703972080bbfd1ff	retained_exact	-	-	source mode/blob equals target mode/blob	-
F1	fe05a	0220d350b05aac9eafabe9620d34673f3d01adc7	68b8d3d67d6b66d1a6c2c8d4f72ff7079135b662	T055	055cffcbc18eb26d15f3818aada50b82a4bd0fa8	accepted ATT/material HEAD	A	evidence/fe05a/screenshots/settings-390-light-v1.png	100644	3d136d3c8cbac0b0129dedb1684e99c990211479	100644	3d136d3c8cbac0b0129dedb1684e99c990211479	retained_exact	-	-	source mode/blob equals target mode/blob	-
F1	fe05a	0220d350b05aac9eafabe9620d34673f3d01adc7	68b8d3d67d6b66d1a6c2c8d4f72ff7079135b662	T055	055cffcbc18eb26d15f3818aada50b82a4bd0fa8	accepted ATT/material HEAD	A	evidence/fe05a/screenshots/work-cancel-1440-dark-baseline-repaired.png	100644	994e4ca6bb5f45073aa0812d144575449d62b3a2	100644	994e4ca6bb5f45073aa0812d144575449d62b3a2	retained_exact	-	-	source mode/blob equals target mode/blob	-
F1	fe05a	0220d350b05aac9eafabe9620d34673f3d01adc7	68b8d3d67d6b66d1a6c2c8d4f72ff7079135b662	T055	055cffcbc18eb26d15f3818aada50b82a4bd0fa8	accepted ATT/material HEAD	A	evidence/fe05a/screenshots/work-cancel-1440-dark-shape-baseline.png	100644	52d008b70d27a7e8f5525dd04f567fabe078daed	100644	52d008b70d27a7e8f5525dd04f567fabe078daed	retained_exact	-	-	source mode/blob equals target mode/blob	-
F1	fe05a	0220d350b05aac9eafabe9620d34673f3d01adc7	68b8d3d67d6b66d1a6c2c8d4f72ff7079135b662	T055	055cffcbc18eb26d15f3818aada50b82a4bd0fa8	accepted ATT/material HEAD	A	evidence/fe05a/screenshots/work-cancel-1440-dark-v1.png	100644	d9e27ffab2b08b449f948f5eafe8c30c9876c490	100644	d9e27ffab2b08b449f948f5eafe8c30c9876c490	retained_exact	-	-	source mode/blob equals target mode/blob	-
F1	fe05a	0220d350b05aac9eafabe9620d34673f3d01adc7	68b8d3d67d6b66d1a6c2c8d4f72ff7079135b662	T055	055cffcbc18eb26d15f3818aada50b82a4bd0fa8	accepted ATT/material HEAD	A	evidence/fe05a/screenshots/work-cancel-1440-light-baseline-repaired.png	100644	2806145918294c7b473672e428f047a2e982a892	100644	2806145918294c7b473672e428f047a2e982a892	retained_exact	-	-	source mode/blob equals target mode/blob	-
F1	fe05a	0220d350b05aac9eafabe9620d34673f3d01adc7	68b8d3d67d6b66d1a6c2c8d4f72ff7079135b662	T055	055cffcbc18eb26d15f3818aada50b82a4bd0fa8	accepted ATT/material HEAD	A	evidence/fe05a/screenshots/work-cancel-1440-light-shape-baseline.png	100644	1ab788ee544ae43ad010bfd746a679ae7a007eea	100644	1ab788ee544ae43ad010bfd746a679ae7a007eea	retained_exact	-	-	source mode/blob equals target mode/blob	-
F1	fe05a	0220d350b05aac9eafabe9620d34673f3d01adc7	68b8d3d67d6b66d1a6c2c8d4f72ff7079135b662	T055	055cffcbc18eb26d15f3818aada50b82a4bd0fa8	accepted ATT/material HEAD	A	evidence/fe05a/screenshots/work-cancel-1440-light-v1.png	100644	3804db64b8ee929af567fb7d0bc4257723c47572	100644	3804db64b8ee929af567fb7d0bc4257723c47572	retained_exact	-	-	source mode/blob equals target mode/blob	-
F1	fe05a	0220d350b05aac9eafabe9620d34673f3d01adc7	68b8d3d67d6b66d1a6c2c8d4f72ff7079135b662	T055	055cffcbc18eb26d15f3818aada50b82a4bd0fa8	accepted ATT/material HEAD	A	evidence/fe05a/screenshots/work-cancel-390-dark-baseline-repaired.png	100644	2009226f31e44a37497f72daf85b0ed61d914914	100644	2009226f31e44a37497f72daf85b0ed61d914914	retained_exact	-	-	source mode/blob equals target mode/blob	-
F1	fe05a	0220d350b05aac9eafabe9620d34673f3d01adc7	68b8d3d67d6b66d1a6c2c8d4f72ff7079135b662	T055	055cffcbc18eb26d15f3818aada50b82a4bd0fa8	accepted ATT/material HEAD	A	evidence/fe05a/screenshots/work-cancel-390-dark-shape-baseline.png	100644	97e172eb56922af5d1b8bf3b41134d6e291dff9d	100644	97e172eb56922af5d1b8bf3b41134d6e291dff9d	retained_exact	-	-	source mode/blob equals target mode/blob	-
F1	fe05a	0220d350b05aac9eafabe9620d34673f3d01adc7	68b8d3d67d6b66d1a6c2c8d4f72ff7079135b662	T055	055cffcbc18eb26d15f3818aada50b82a4bd0fa8	accepted ATT/material HEAD	A	evidence/fe05a/screenshots/work-cancel-390-dark-v1.png	100644	c655fd828aa92f68519d19d8c6ee70970a04f943	100644	c655fd828aa92f68519d19d8c6ee70970a04f943	retained_exact	-	-	source mode/blob equals target mode/blob	-
F1	fe05a	0220d350b05aac9eafabe9620d34673f3d01adc7	68b8d3d67d6b66d1a6c2c8d4f72ff7079135b662	T055	055cffcbc18eb26d15f3818aada50b82a4bd0fa8	accepted ATT/material HEAD	A	evidence/fe05a/screenshots/work-cancel-390-light-baseline-repaired.png	100644	8c6e5ab7a388e1abc5ea9f9dc73d24c5d9d753b4	100644	8c6e5ab7a388e1abc5ea9f9dc73d24c5d9d753b4	retained_exact	-	-	source mode/blob equals target mode/blob	-
F1	fe05a	0220d350b05aac9eafabe9620d34673f3d01adc7	68b8d3d67d6b66d1a6c2c8d4f72ff7079135b662	T055	055cffcbc18eb26d15f3818aada50b82a4bd0fa8	accepted ATT/material HEAD	A	evidence/fe05a/screenshots/work-cancel-390-light-shape-baseline.png	100644	2b55a30c9339c8eec7f9ef952f3fe7fb8f02ed0c	100644	2b55a30c9339c8eec7f9ef952f3fe7fb8f02ed0c	retained_exact	-	-	source mode/blob equals target mode/blob	-
F1	fe05a	0220d350b05aac9eafabe9620d34673f3d01adc7	68b8d3d67d6b66d1a6c2c8d4f72ff7079135b662	T055	055cffcbc18eb26d15f3818aada50b82a4bd0fa8	accepted ATT/material HEAD	A	evidence/fe05a/screenshots/work-cancel-390-light-v1.png	100644	2a1c78c99450a233af264f202ee12749bcbc5c59	100644	2a1c78c99450a233af264f202ee12749bcbc5c59	retained_exact	-	-	source mode/blob equals target mode/blob	-
F1	fe05a	0220d350b05aac9eafabe9620d34673f3d01adc7	68b8d3d67d6b66d1a6c2c8d4f72ff7079135b662	T055	055cffcbc18eb26d15f3818aada50b82a4bd0fa8	accepted ATT/material HEAD	A	evidence/fe05a/screenshots/work-idle-1440-dark-baseline-repaired.png	100644	1b34af6106a28af382693c942345ce7c2383cc4d	100644	1b34af6106a28af382693c942345ce7c2383cc4d	retained_exact	-	-	source mode/blob equals target mode/blob	-
F1	fe05a	0220d350b05aac9eafabe9620d34673f3d01adc7	68b8d3d67d6b66d1a6c2c8d4f72ff7079135b662	T055	055cffcbc18eb26d15f3818aada50b82a4bd0fa8	accepted ATT/material HEAD	A	evidence/fe05a/screenshots/work-idle-1440-dark-shape-baseline.png	100644	a1ea734aa22d1e66620bf7169c7b53ed5ec79d0d	100644	a1ea734aa22d1e66620bf7169c7b53ed5ec79d0d	retained_exact	-	-	source mode/blob equals target mode/blob	-
F1	fe05a	0220d350b05aac9eafabe9620d34673f3d01adc7	68b8d3d67d6b66d1a6c2c8d4f72ff7079135b662	T055	055cffcbc18eb26d15f3818aada50b82a4bd0fa8	accepted ATT/material HEAD	A	evidence/fe05a/screenshots/work-idle-1440-dark-v1.png	100644	c2bc2e781828810e802239c502e3fbb42107ccaf	100644	c2bc2e781828810e802239c502e3fbb42107ccaf	retained_exact	-	-	source mode/blob equals target mode/blob	-
F1	fe05a	0220d350b05aac9eafabe9620d34673f3d01adc7	68b8d3d67d6b66d1a6c2c8d4f72ff7079135b662	T055	055cffcbc18eb26d15f3818aada50b82a4bd0fa8	accepted ATT/material HEAD	A	evidence/fe05a/screenshots/work-idle-1440-light-baseline-repaired.png	100644	6c2c1450d87e6867e0dec761e567d406b2d3485a	100644	6c2c1450d87e6867e0dec761e567d406b2d3485a	retained_exact	-	-	source mode/blob equals target mode/blob	-
F1	fe05a	0220d350b05aac9eafabe9620d34673f3d01adc7	68b8d3d67d6b66d1a6c2c8d4f72ff7079135b662	T055	055cffcbc18eb26d15f3818aada50b82a4bd0fa8	accepted ATT/material HEAD	A	evidence/fe05a/screenshots/work-idle-1440-light-shape-baseline.png	100644	23eca3cf6bdb35e5a9e857055c061696abfdf6ad	100644	23eca3cf6bdb35e5a9e857055c061696abfdf6ad	retained_exact	-	-	source mode/blob equals target mode/blob	-
F1	fe05a	0220d350b05aac9eafabe9620d34673f3d01adc7	68b8d3d67d6b66d1a6c2c8d4f72ff7079135b662	T055	055cffcbc18eb26d15f3818aada50b82a4bd0fa8	accepted ATT/material HEAD	A	evidence/fe05a/screenshots/work-idle-1440-light-v1.png	100644	5ec313b2c8517d72069773ea35694f1fce8538ef	100644	5ec313b2c8517d72069773ea35694f1fce8538ef	retained_exact	-	-	source mode/blob equals target mode/blob	-
F1	fe05a	0220d350b05aac9eafabe9620d34673f3d01adc7	68b8d3d67d6b66d1a6c2c8d4f72ff7079135b662	T055	055cffcbc18eb26d15f3818aada50b82a4bd0fa8	accepted ATT/material HEAD	A	evidence/fe05a/screenshots/work-idle-390-dark-baseline-repaired.png	100644	9f9592b6afb3a13154b70af74a30fd98c774a335	100644	9f9592b6afb3a13154b70af74a30fd98c774a335	retained_exact	-	-	source mode/blob equals target mode/blob	-
F1	fe05a	0220d350b05aac9eafabe9620d34673f3d01adc7	68b8d3d67d6b66d1a6c2c8d4f72ff7079135b662	T055	055cffcbc18eb26d15f3818aada50b82a4bd0fa8	accepted ATT/material HEAD	A	evidence/fe05a/screenshots/work-idle-390-dark-shape-baseline.png	100644	ff509b99ccbb8ddf593232b62386aaeda8c994e7	100644	ff509b99ccbb8ddf593232b62386aaeda8c994e7	retained_exact	-	-	source mode/blob equals target mode/blob	-
F1	fe05a	0220d350b05aac9eafabe9620d34673f3d01adc7	68b8d3d67d6b66d1a6c2c8d4f72ff7079135b662	T055	055cffcbc18eb26d15f3818aada50b82a4bd0fa8	accepted ATT/material HEAD	A	evidence/fe05a/screenshots/work-idle-390-dark-v1.png	100644	415bb7e1d985801c7a6bde6ad206823e4182251a	100644	415bb7e1d985801c7a6bde6ad206823e4182251a	retained_exact	-	-	source mode/blob equals target mode/blob	-
F1	fe05a	0220d350b05aac9eafabe9620d34673f3d01adc7	68b8d3d67d6b66d1a6c2c8d4f72ff7079135b662	T055	055cffcbc18eb26d15f3818aada50b82a4bd0fa8	accepted ATT/material HEAD	A	evidence/fe05a/screenshots/work-idle-390-light-baseline-repaired.png	100644	d49019e90772198e82cf021a05c5e7e3a785bc98	100644	d49019e90772198e82cf021a05c5e7e3a785bc98	retained_exact	-	-	source mode/blob equals target mode/blob	-
F1	fe05a	0220d350b05aac9eafabe9620d34673f3d01adc7	68b8d3d67d6b66d1a6c2c8d4f72ff7079135b662	T055	055cffcbc18eb26d15f3818aada50b82a4bd0fa8	accepted ATT/material HEAD	A	evidence/fe05a/screenshots/work-idle-390-light-shape-baseline.png	100644	7517e6f2ae4ef56267cad5ebf72a0f261f87323a	100644	7517e6f2ae4ef56267cad5ebf72a0f261f87323a	retained_exact	-	-	source mode/blob equals target mode/blob	-
F1	fe05a	0220d350b05aac9eafabe9620d34673f3d01adc7	68b8d3d67d6b66d1a6c2c8d4f72ff7079135b662	T055	055cffcbc18eb26d15f3818aada50b82a4bd0fa8	accepted ATT/material HEAD	A	evidence/fe05a/screenshots/work-idle-390-light-v1.png	100644	c6f55263c4945d42fa522a1009bcf8e7c487114c	100644	c6f55263c4945d42fa522a1009bcf8e7c487114c	retained_exact	-	-	source mode/blob equals target mode/blob	-
F1	fe05a	0220d350b05aac9eafabe9620d34673f3d01adc7	68b8d3d67d6b66d1a6c2c8d4f72ff7079135b662	T055	055cffcbc18eb26d15f3818aada50b82a4bd0fa8	accepted ATT/material HEAD	A	evidence/fe05a/shape-checks.json	100644	937965c7c3e9b8f34168f5c31d608b5bb89abc48	100644	937965c7c3e9b8f34168f5c31d608b5bb89abc48	retained_exact	-	-	source mode/blob equals target mode/blob	-
F1	fe05a	0220d350b05aac9eafabe9620d34673f3d01adc7	68b8d3d67d6b66d1a6c2c8d4f72ff7079135b662	T055	055cffcbc18eb26d15f3818aada50b82a4bd0fa8	accepted ATT/material HEAD	A	evidence/fe05a/shape-checks.mjs	100644	f07fb5d34b51f2edc178cb298f11a9bf2b59ab9c	100644	f07fb5d34b51f2edc178cb298f11a9bf2b59ab9c	retained_exact	-	-	source mode/blob equals target mode/blob	-
F1	fe05a	0220d350b05aac9eafabe9620d34673f3d01adc7	68b8d3d67d6b66d1a6c2c8d4f72ff7079135b662	T055	055cffcbc18eb26d15f3818aada50b82a4bd0fa8	accepted ATT/material HEAD	A	evidence/fe05a/smoke.log	100644	94693eb2daccc61842c4c1351d2287f484615702	100644	94693eb2daccc61842c4c1351d2287f484615702	retained_exact	-	-	source mode/blob equals target mode/blob	-
F1	fe05a	0220d350b05aac9eafabe9620d34673f3d01adc7	68b8d3d67d6b66d1a6c2c8d4f72ff7079135b662	T055	055cffcbc18eb26d15f3818aada50b82a4bd0fa8	accepted ATT/material HEAD	A	evidence/fe05a/type-checks.json	100644	5dd9aa2840e17cdfa81d8893a460b480bc989a0e	100644	5dd9aa2840e17cdfa81d8893a460b480bc989a0e	retained_exact	-	-	source mode/blob equals target mode/blob	-
F1	fe05a	0220d350b05aac9eafabe9620d34673f3d01adc7	68b8d3d67d6b66d1a6c2c8d4f72ff7079135b662	T055	055cffcbc18eb26d15f3818aada50b82a4bd0fa8	accepted ATT/material HEAD	A	evidence/fe05a/type-checks.mjs	100644	81012029de605003ad6ee64c7eb53e00188fa929	100644	81012029de605003ad6ee64c7eb53e00188fa929	retained_exact	-	-	source mode/blob equals target mode/blob	-
F1	fe05a	0220d350b05aac9eafabe9620d34673f3d01adc7	68b8d3d67d6b66d1a6c2c8d4f72ff7079135b662	T055	055cffcbc18eb26d15f3818aada50b82a4bd0fa8	accepted ATT/material HEAD	A	tools/lint-shapes.mjs	100644	7ca9170b05565754556869c790e1e409f17be24e	100644	7ca9170b05565754556869c790e1e409f17be24e	retained_exact	-	-	source mode/blob equals target mode/blob	-
F1	fe05a	0220d350b05aac9eafabe9620d34673f3d01adc7	68b8d3d67d6b66d1a6c2c8d4f72ff7079135b662	T4003	4003c548a314246d8c46516c4033fa5602e19c4b	assembled Spark candidate	A	app/tests/shape-governance.test.mjs	100644	7f7b882027b7fc6d3a35ad5ae081400c94d9617e	100644	7f7b882027b7fc6d3a35ad5ae081400c94d9617e	retained_exact	-	-	source mode/blob equals target mode/blob	-
F1	fe05a	0220d350b05aac9eafabe9620d34673f3d01adc7	68b8d3d67d6b66d1a6c2c8d4f72ff7079135b662	T4003	4003c548a314246d8c46516c4033fa5602e19c4b	assembled Spark candidate	M	app/tests/work-surface-tabs.test.mjs	100644	4d066957265d58e8126fa436c6d1f6c7f07f3513	100644	4d066957265d58e8126fa436c6d1f6c7f07f3513	retained_exact	-	-	source mode/blob equals target mode/blob	-
F1	fe05a	0220d350b05aac9eafabe9620d34673f3d01adc7	68b8d3d67d6b66d1a6c2c8d4f72ff7079135b662	T4003	4003c548a314246d8c46516c4033fa5602e19c4b	assembled Spark candidate	M	app/web/home-view.mjs	100644	ffe8ebfb561c81c2ecbc0cecda98c041e62c003a	100644	ffe8ebfb561c81c2ecbc0cecda98c041e62c003a	retained_exact	-	-	source mode/blob equals target mode/blob	-
F1	fe05a	0220d350b05aac9eafabe9620d34673f3d01adc7	68b8d3d67d6b66d1a6c2c8d4f72ff7079135b662	T4003	4003c548a314246d8c46516c4033fa5602e19c4b	assembled Spark candidate	M	app/web/markdown-reader.css	100644	7ef65a7f3e49b768f1efcec0bccc2940648fc379	100644	7ef65a7f3e49b768f1efcec0bccc2940648fc379	retained_exact	-	-	source mode/blob equals target mode/blob	-
F1	fe05a	0220d350b05aac9eafabe9620d34673f3d01adc7	68b8d3d67d6b66d1a6c2c8d4f72ff7079135b662	T4003	4003c548a314246d8c46516c4033fa5602e19c4b	assembled Spark candidate	M	app/web/settings-view.mjs	100644	7b45b285885716c22f80f643f8bb57149933cb2b	100644	7b45b285885716c22f80f643f8bb57149933cb2b	retained_exact	-	-	source mode/blob equals target mode/blob	-
F1	fe05a	0220d350b05aac9eafabe9620d34673f3d01adc7	68b8d3d67d6b66d1a6c2c8d4f72ff7079135b662	T4003	4003c548a314246d8c46516c4033fa5602e19c4b	assembled Spark candidate	M	app/web/styles.css	100644	8b07ec49cc6997ea4519ca4d5eb6e18b420f40b0	100644	e710b56594eefa41d925cb617679e0c5caa7c146	authorized_later	ATT/Spark	9db6fc4362a07dc8ff20e1914e2ac471f20b62c1;0082fef883e49fd19538c369f20a04c111d8c602;20d8330dc6555d073a6bdec7ebf1e6bafc7aee99	shared CSS additions preserve FE-05a selectors/tokens	later owner/hunk recorded in shared-invariants.tsv
F1	fe05a	0220d350b05aac9eafabe9620d34673f3d01adc7	68b8d3d67d6b66d1a6c2c8d4f72ff7079135b662	T4003	4003c548a314246d8c46516c4033fa5602e19c4b	assembled Spark candidate	M	app/web/surface-modules.mjs	100644	819cd5e480f964e527946190a49eb73a160dd569	100644	819cd5e480f964e527946190a49eb73a160dd569	retained_exact	-	-	source mode/blob equals target mode/blob	-
F1	fe05a	0220d350b05aac9eafabe9620d34673f3d01adc7	68b8d3d67d6b66d1a6c2c8d4f72ff7079135b662	T4003	4003c548a314246d8c46516c4033fa5602e19c4b	assembled Spark candidate	M	app/web/ui-controls.mjs	100644	080d377003e98e6bc1ef92dd49a1ab4375596d2d	100644	080d377003e98e6bc1ef92dd49a1ab4375596d2d	retained_exact	-	-	source mode/blob equals target mode/blob	-
F1	fe05a	0220d350b05aac9eafabe9620d34673f3d01adc7	68b8d3d67d6b66d1a6c2c8d4f72ff7079135b662	T4003	4003c548a314246d8c46516c4033fa5602e19c4b	assembled Spark candidate	M	app/web/workspace-view.mjs	100644	f1603d09b9dccfc7eed01c49168724e4034a4bad	100644	f1603d09b9dccfc7eed01c49168724e4034a4bad	retained_exact	-	-	source mode/blob equals target mode/blob	-
F1	fe05a	0220d350b05aac9eafabe9620d34673f3d01adc7	68b8d3d67d6b66d1a6c2c8d4f72ff7079135b662	T4003	4003c548a314246d8c46516c4033fa5602e19c4b	assembled Spark candidate	M	engineering/design/ui-composition-standard.md	100644	1b9335482e67a794f483784879063ff2d500cfbf	100644	1b9335482e67a794f483784879063ff2d500cfbf	retained_exact	-	-	source mode/blob equals target mode/blob	-
F1	fe05a	0220d350b05aac9eafabe9620d34673f3d01adc7	68b8d3d67d6b66d1a6c2c8d4f72ff7079135b662	T4003	4003c548a314246d8c46516c4033fa5602e19c4b	assembled Spark candidate	A	engineering/mvp/execution/work-surface-kit/delivery-fe05a.md	100644	8cd1eacfef94c3dd61b3b2ef9e5929594253db53	100644	8cd1eacfef94c3dd61b3b2ef9e5929594253db53	retained_exact	-	-	source mode/blob equals target mode/blob	-
F1	fe05a	0220d350b05aac9eafabe9620d34673f3d01adc7	68b8d3d67d6b66d1a6c2c8d4f72ff7079135b662	T4003	4003c548a314246d8c46516c4033fa5602e19c4b	assembled Spark candidate	A	evidence/fe05a/README.md	100644	78457d9c460170871f06057a122596789829877e	100644	78457d9c460170871f06057a122596789829877e	retained_exact	-	-	source mode/blob equals target mode/blob	-
F1	fe05a	0220d350b05aac9eafabe9620d34673f3d01adc7	68b8d3d67d6b66d1a6c2c8d4f72ff7079135b662	T4003	4003c548a314246d8c46516c4033fa5602e19c4b	assembled Spark candidate	A	evidence/fe05a/baseline-checks-counterexample.json	100644	765264dbec6912c5235df626f7d50ccfb2d72382	100644	765264dbec6912c5235df626f7d50ccfb2d72382	retained_exact	-	-	source mode/blob equals target mode/blob	-
F1	fe05a	0220d350b05aac9eafabe9620d34673f3d01adc7	68b8d3d67d6b66d1a6c2c8d4f72ff7079135b662	T4003	4003c548a314246d8c46516c4033fa5602e19c4b	assembled Spark candidate	A	evidence/fe05a/baseline-checks.json	100644	bb05cb6f43fff64b93666e76ba1a32dec2924f0e	100644	bb05cb6f43fff64b93666e76ba1a32dec2924f0e	retained_exact	-	-	source mode/blob equals target mode/blob	-
F1	fe05a	0220d350b05aac9eafabe9620d34673f3d01adc7	68b8d3d67d6b66d1a6c2c8d4f72ff7079135b662	T4003	4003c548a314246d8c46516c4033fa5602e19c4b	assembled Spark candidate	A	evidence/fe05a/baseline-checks.mjs	100644	84405ef0d4479e3ca2cb45f4a8d24cba461f4039	100644	84405ef0d4479e3ca2cb45f4a8d24cba461f4039	retained_exact	-	-	source mode/blob equals target mode/blob	-
F1	fe05a	0220d350b05aac9eafabe9620d34673f3d01adc7	68b8d3d67d6b66d1a6c2c8d4f72ff7079135b662	T4003	4003c548a314246d8c46516c4033fa5602e19c4b	assembled Spark candidate	A	evidence/fe05a/browser.mjs	100644	6ff7552243843885bbd47ed733d42d2f8f5f912f	100644	6ff7552243843885bbd47ed733d42d2f8f5f912f	retained_exact	-	-	source mode/blob equals target mode/blob	-
F1	fe05a	0220d350b05aac9eafabe9620d34673f3d01adc7	68b8d3d67d6b66d1a6c2c8d4f72ff7079135b662	T4003	4003c548a314246d8c46516c4033fa5602e19c4b	assembled Spark candidate	A	evidence/fe05a/contrast.log	100644	ee9183fc57d42c2eb4683cd66642ef321b4078e9	100644	ee9183fc57d42c2eb4683cd66642ef321b4078e9	retained_exact	-	-	source mode/blob equals target mode/blob	-
F1	fe05a	0220d350b05aac9eafabe9620d34673f3d01adc7	68b8d3d67d6b66d1a6c2c8d4f72ff7079135b662	T4003	4003c548a314246d8c46516c4033fa5602e19c4b	assembled Spark candidate	A	evidence/fe05a/home-text-scale-shape-baseline.json	100644	4251be4d5f10b9c960deafe8a2a5cb6b751fe2b2	100644	4251be4d5f10b9c960deafe8a2a5cb6b751fe2b2	retained_exact	-	-	source mode/blob equals target mode/blob	-
F1	fe05a	0220d350b05aac9eafabe9620d34673f3d01adc7	68b8d3d67d6b66d1a6c2c8d4f72ff7079135b662	T4003	4003c548a314246d8c46516c4033fa5602e19c4b	assembled Spark candidate	A	evidence/fe05a/home-text-scale.json	100644	4d5cd0198bceb4ec2a41270bb6d089edf3b06315	100644	4d5cd0198bceb4ec2a41270bb6d089edf3b06315	retained_exact	-	-	source mode/blob equals target mode/blob	-
F1	fe05a	0220d350b05aac9eafabe9620d34673f3d01adc7	68b8d3d67d6b66d1a6c2c8d4f72ff7079135b662	T4003	4003c548a314246d8c46516c4033fa5602e19c4b	assembled Spark candidate	A	evidence/fe05a/home-text-scale.mjs	100644	23a6bf2b786f24ae69effc5d39e8e5db97f552e3	100644	23a6bf2b786f24ae69effc5d39e8e5db97f552e3	retained_exact	-	-	source mode/blob equals target mode/blob	-
F1	fe05a	0220d350b05aac9eafabe9620d34673f3d01adc7	68b8d3d67d6b66d1a6c2c8d4f72ff7079135b662	T4003	4003c548a314246d8c46516c4033fa5602e19c4b	assembled Spark candidate	A	evidence/fe05a/lint-colors.log	100644	99ca519a1c1db9af365b74e693c1eaa5363b4b63	100644	99ca519a1c1db9af365b74e693c1eaa5363b4b63	retained_exact	-	-	source mode/blob equals target mode/blob	-
F1	fe05a	0220d350b05aac9eafabe9620d34673f3d01adc7	68b8d3d67d6b66d1a6c2c8d4f72ff7079135b662	T4003	4003c548a314246d8c46516c4033fa5602e19c4b	assembled Spark candidate	A	evidence/fe05a/lint-materials.log	100644	89b1e0b2362496d0821f463c4c461b8008099626	100644	89b1e0b2362496d0821f463c4c461b8008099626	retained_exact	-	-	source mode/blob equals target mode/blob	-
F1	fe05a	0220d350b05aac9eafabe9620d34673f3d01adc7	68b8d3d67d6b66d1a6c2c8d4f72ff7079135b662	T4003	4003c548a314246d8c46516c4033fa5602e19c4b	assembled Spark candidate	A	evidence/fe05a/lint-shapes.log	100644	fb4b8fbea54d819c6c5057de8ec8b4045f4d299c	100644	fb4b8fbea54d819c6c5057de8ec8b4045f4d299c	retained_exact	-	-	source mode/blob equals target mode/blob	-
F1	fe05a	0220d350b05aac9eafabe9620d34673f3d01adc7	68b8d3d67d6b66d1a6c2c8d4f72ff7079135b662	T4003	4003c548a314246d8c46516c4033fa5602e19c4b	assembled Spark candidate	A	evidence/fe05a/measure.mjs	100644	215dc9a57d10b7db7f5ff67d462d4fa0afc4ebb5	100644	215dc9a57d10b7db7f5ff67d462d4fa0afc4ebb5	retained_exact	-	-	source mode/blob equals target mode/blob	-
F1	fe05a	0220d350b05aac9eafabe9620d34673f3d01adc7	68b8d3d67d6b66d1a6c2c8d4f72ff7079135b662	T4003	4003c548a314246d8c46516c4033fa5602e19c4b	assembled Spark candidate	A	evidence/fe05a/measurements/baseline-repaired.json	100644	f8f8b8e595aff1d365a8f3203d0521c9ab0ec2d1	100644	f8f8b8e595aff1d365a8f3203d0521c9ab0ec2d1	retained_exact	-	-	source mode/blob equals target mode/blob	-
F1	fe05a	0220d350b05aac9eafabe9620d34673f3d01adc7	68b8d3d67d6b66d1a6c2c8d4f72ff7079135b662	T4003	4003c548a314246d8c46516c4033fa5602e19c4b	assembled Spark candidate	A	evidence/fe05a/measurements/shape-baseline.json	100644	7a2ecb1cab1fed903e45e14216679b55d1a7edc1	100644	7a2ecb1cab1fed903e45e14216679b55d1a7edc1	retained_exact	-	-	source mode/blob equals target mode/blob	-
F1	fe05a	0220d350b05aac9eafabe9620d34673f3d01adc7	68b8d3d67d6b66d1a6c2c8d4f72ff7079135b662	T4003	4003c548a314246d8c46516c4033fa5602e19c4b	assembled Spark candidate	A	evidence/fe05a/measurements/v1.json	100644	4c8fdbcef0eb2a1ac915ee25c4d989fd15c22f33	100644	4c8fdbcef0eb2a1ac915ee25c4d989fd15c22f33	retained_exact	-	-	source mode/blob equals target mode/blob	-
F1	fe05a	0220d350b05aac9eafabe9620d34673f3d01adc7	68b8d3d67d6b66d1a6c2c8d4f72ff7079135b662	T4003	4003c548a314246d8c46516c4033fa5602e19c4b	assembled Spark candidate	A	evidence/fe05a/regression/browser.mjs	100644	2b799c76056f21260d6d6ede96e3f327446cac10	100644	2b799c76056f21260d6d6ede96e3f327446cac10	retained_exact	-	-	source mode/blob equals target mode/blob	-
F1	fe05a	0220d350b05aac9eafabe9620d34673f3d01adc7	68b8d3d67d6b66d1a6c2c8d4f72ff7079135b662	T4003	4003c548a314246d8c46516c4033fa5602e19c4b	assembled Spark candidate	A	evidence/fe05a/regression/cc-s-checks.mjs	100644	1ec12409157a2d16c914e7f1d567aa0193bee392	100644	1ec12409157a2d16c914e7f1d567aa0193bee392	retained_exact	-	-	source mode/blob equals target mode/blob	-
F1	fe05a	0220d350b05aac9eafabe9620d34673f3d01adc7	68b8d3d67d6b66d1a6c2c8d4f72ff7079135b662	T4003	4003c548a314246d8c46516c4033fa5602e19c4b	assembled Spark candidate	A	evidence/fe05a/regression/cc-s-seed.mjs	100644	e375c2b1887a1f29e03d3a3645d95e5fefc74a85	100644	e375c2b1887a1f29e03d3a3645d95e5fefc74a85	retained_exact	-	-	source mode/blob equals target mode/blob	-
F1	fe05a	0220d350b05aac9eafabe9620d34673f3d01adc7	68b8d3d67d6b66d1a6c2c8d4f72ff7079135b662	T4003	4003c548a314246d8c46516c4033fa5602e19c4b	assembled Spark candidate	A	evidence/fe05a/regression/cc-s/cc-s-checks.json	100644	4c28e8553b84f04b475d9dae9e66f2475538f344	100644	4c28e8553b84f04b475d9dae9e66f2475538f344	retained_exact	-	-	source mode/blob equals target mode/blob	-
F1	fe05a	0220d350b05aac9eafabe9620d34673f3d01adc7	68b8d3d67d6b66d1a6c2c8d4f72ff7079135b662	T4003	4003c548a314246d8c46516c4033fa5602e19c4b	assembled Spark candidate	A	evidence/fe05a/regression/cc-w-checks.mjs	100644	e8601527c477647f488d3a5a0ac003dfae4111e6	100644	e8601527c477647f488d3a5a0ac003dfae4111e6	retained_exact	-	-	source mode/blob equals target mode/blob	-
F1	fe05a	0220d350b05aac9eafabe9620d34673f3d01adc7	68b8d3d67d6b66d1a6c2c8d4f72ff7079135b662	T4003	4003c548a314246d8c46516c4033fa5602e19c4b	assembled Spark candidate	A	evidence/fe05a/regression/cc-w-seed.mjs	100644	73f039935f9913042b342f9fd34021aa75eb4534	100644	73f039935f9913042b342f9fd34021aa75eb4534	retained_exact	-	-	source mode/blob equals target mode/blob	-
F1	fe05a	0220d350b05aac9eafabe9620d34673f3d01adc7	68b8d3d67d6b66d1a6c2c8d4f72ff7079135b662	T4003	4003c548a314246d8c46516c4033fa5602e19c4b	assembled Spark candidate	A	evidence/fe05a/regression/composition-checks.mjs	100644	431dfd3aa9ceed475eed84ecd33c50816b215fb0	100644	431dfd3aa9ceed475eed84ecd33c50816b215fb0	retained_exact	-	-	source mode/blob equals target mode/blob	-
F1	fe05a	0220d350b05aac9eafabe9620d34673f3d01adc7	68b8d3d67d6b66d1a6c2c8d4f72ff7079135b662	T4003	4003c548a314246d8c46516c4033fa5602e19c4b	assembled Spark candidate	A	evidence/fe05a/regression/counterexamples.json	100644	541d5f17ddb16bd9b9302c279d6cf2bf3fd1a926	100644	541d5f17ddb16bd9b9302c279d6cf2bf3fd1a926	retained_exact	-	-	source mode/blob equals target mode/blob	-
F1	fe05a	0220d350b05aac9eafabe9620d34673f3d01adc7	68b8d3d67d6b66d1a6c2c8d4f72ff7079135b662	T4003	4003c548a314246d8c46516c4033fa5602e19c4b	assembled Spark candidate	A	evidence/fe05a/regression/counterexamples.mjs	100644	417d6986c86bbf08dce21b710b325e6973155971	100644	417d6986c86bbf08dce21b710b325e6973155971	retained_exact	-	-	source mode/blob equals target mode/blob	-
F1	fe05a	0220d350b05aac9eafabe9620d34673f3d01adc7	68b8d3d67d6b66d1a6c2c8d4f72ff7079135b662	T4003	4003c548a314246d8c46516c4033fa5602e19c4b	assembled Spark candidate	A	evidence/fe05a/regression/counterexamples/counterexamples.json	100644	541d5f17ddb16bd9b9302c279d6cf2bf3fd1a926	100644	541d5f17ddb16bd9b9302c279d6cf2bf3fd1a926	retained_exact	-	-	source mode/blob equals target mode/blob	-
F1	fe05a	0220d350b05aac9eafabe9620d34673f3d01adc7	68b8d3d67d6b66d1a6c2c8d4f72ff7079135b662	T4003	4003c548a314246d8c46516c4033fa5602e19c4b	assembled Spark candidate	A	evidence/fe05a/regression/counterexamples/counterexamples.log	100644	c767d6efc6f2d16afce2f5a82435c7485232cd13	100644	c767d6efc6f2d16afce2f5a82435c7485232cd13	retained_exact	-	-	source mode/blob equals target mode/blob	-
F1	fe05a	0220d350b05aac9eafabe9620d34673f3d01adc7	68b8d3d67d6b66d1a6c2c8d4f72ff7079135b662	T4003	4003c548a314246d8c46516c4033fa5602e19c4b	assembled Spark candidate	A	evidence/fe05a/regression/empty/browser.mjs	100644	2b799c76056f21260d6d6ede96e3f327446cac10	100644	2b799c76056f21260d6d6ede96e3f327446cac10	retained_exact	-	-	source mode/blob equals target mode/blob	-
F1	fe05a	0220d350b05aac9eafabe9620d34673f3d01adc7	68b8d3d67d6b66d1a6c2c8d4f72ff7079135b662	T4003	4003c548a314246d8c46516c4033fa5602e19c4b	assembled Spark candidate	A	evidence/fe05a/regression/empty/empty.log	100644	5b9606cb1a4ac365f12d5e98e10e41c4723f0c2a	100644	5b9606cb1a4ac365f12d5e98e10e41c4723f0c2a	retained_exact	-	-	source mode/blob equals target mode/blob	-
F1	fe05a	0220d350b05aac9eafabe9620d34673f3d01adc7	68b8d3d67d6b66d1a6c2c8d4f72ff7079135b662	T4003	4003c548a314246d8c46516c4033fa5602e19c4b	assembled Spark candidate	A	evidence/fe05a/regression/empty/fe-t01-empty.json	100644	d80e6cdb6c4b1db02308f018e00dfe5127ff9883	100644	d80e6cdb6c4b1db02308f018e00dfe5127ff9883	retained_exact	-	-	source mode/blob equals target mode/blob	-
F1	fe05a	0220d350b05aac9eafabe9620d34673f3d01adc7	68b8d3d67d6b66d1a6c2c8d4f72ff7079135b662	T4003	4003c548a314246d8c46516c4033fa5602e19c4b	assembled Spark candidate	A	evidence/fe05a/regression/empty/fe-t01.mjs	100644	d5a1c859b8c405d604508b61a804dc9e821b55fc	100644	d5a1c859b8c405d604508b61a804dc9e821b55fc	retained_exact	-	-	source mode/blob equals target mode/blob	-
F1	fe05a	0220d350b05aac9eafabe9620d34673f3d01adc7	68b8d3d67d6b66d1a6c2c8d4f72ff7079135b662	T4003	4003c548a314246d8c46516c4033fa5602e19c4b	assembled Spark candidate	A	evidence/fe05a/regression/empty/server.log	100644	5cc3299d4a1f026f6cd3091042c49fa5296a4a24	100644	5cc3299d4a1f026f6cd3091042c49fa5296a4a24	retained_exact	-	-	source mode/blob equals target mode/blob	-
F1	fe05a	0220d350b05aac9eafabe9620d34673f3d01adc7	68b8d3d67d6b66d1a6c2c8d4f72ff7079135b662	T4003	4003c548a314246d8c46516c4033fa5602e19c4b	assembled Spark candidate	A	evidence/fe05a/regression/fe-t01.mjs	100644	d5a1c859b8c405d604508b61a804dc9e821b55fc	100644	d5a1c859b8c405d604508b61a804dc9e821b55fc	retained_exact	-	-	source mode/blob equals target mode/blob	-
F1	fe05a	0220d350b05aac9eafabe9620d34673f3d01adc7	68b8d3d67d6b66d1a6c2c8d4f72ff7079135b662	T4003	4003c548a314246d8c46516c4033fa5602e19c4b	assembled Spark candidate	A	evidence/fe05a/regression/fe-t07.mjs	100644	b7ae37756778913e184303a2895db63cad391f40	100644	b7ae37756778913e184303a2895db63cad391f40	retained_exact	-	-	source mode/blob equals target mode/blob	-
F1	fe05a	0220d350b05aac9eafabe9620d34673f3d01adc7	68b8d3d67d6b66d1a6c2c8d4f72ff7079135b662	T4003	4003c548a314246d8c46516c4033fa5602e19c4b	assembled Spark candidate	A	evidence/fe05a/regression/fe-t07/browser.mjs	100644	2b799c76056f21260d6d6ede96e3f327446cac10	100644	2b799c76056f21260d6d6ede96e3f327446cac10	retained_exact	-	-	source mode/blob equals target mode/blob	-
F1	fe05a	0220d350b05aac9eafabe9620d34673f3d01adc7	68b8d3d67d6b66d1a6c2c8d4f72ff7079135b662	T4003	4003c548a314246d8c46516c4033fa5602e19c4b	assembled Spark candidate	A	evidence/fe05a/regression/fe-t07/fe-t07.json	100644	13945fb917589e03370074c52159c77a6200a56c	100644	13945fb917589e03370074c52159c77a6200a56c	retained_exact	-	-	source mode/blob equals target mode/blob	-
F1	fe05a	0220d350b05aac9eafabe9620d34673f3d01adc7	68b8d3d67d6b66d1a6c2c8d4f72ff7079135b662	T4003	4003c548a314246d8c46516c4033fa5602e19c4b	assembled Spark candidate	A	evidence/fe05a/regression/fe-t07/fe-t07.log	100644	40ce64aa24a09e0222603e3a3c60adfbeebca70c	100644	40ce64aa24a09e0222603e3a3c60adfbeebca70c	retained_exact	-	-	source mode/blob equals target mode/blob	-
F1	fe05a	0220d350b05aac9eafabe9620d34673f3d01adc7	68b8d3d67d6b66d1a6c2c8d4f72ff7079135b662	T4003	4003c548a314246d8c46516c4033fa5602e19c4b	assembled Spark candidate	A	evidence/fe05a/regression/fe-t07/fe-t07.mjs	100644	b7ae37756778913e184303a2895db63cad391f40	100644	b7ae37756778913e184303a2895db63cad391f40	retained_exact	-	-	source mode/blob equals target mode/blob	-
F1	fe05a	0220d350b05aac9eafabe9620d34673f3d01adc7	68b8d3d67d6b66d1a6c2c8d4f72ff7079135b662	T4003	4003c548a314246d8c46516c4033fa5602e19c4b	assembled Spark candidate	A	evidence/fe05a/regression/fe-t07/seed.log	100644	e0e25a589110897f97da3c500b46c3cf74d7fc6b	100644	e0e25a589110897f97da3c500b46c3cf74d7fc6b	retained_exact	-	-	source mode/blob equals target mode/blob	-
F1	fe05a	0220d350b05aac9eafabe9620d34673f3d01adc7	68b8d3d67d6b66d1a6c2c8d4f72ff7079135b662	T4003	4003c548a314246d8c46516c4033fa5602e19c4b	assembled Spark candidate	A	evidence/fe05a/regression/fe-t07/server.log	100644	5cc3299d4a1f026f6cd3091042c49fa5296a4a24	100644	5cc3299d4a1f026f6cd3091042c49fa5296a4a24	retained_exact	-	-	source mode/blob equals target mode/blob	-
F1	fe05a	0220d350b05aac9eafabe9620d34673f3d01adc7	68b8d3d67d6b66d1a6c2c8d4f72ff7079135b662	T4003	4003c548a314246d8c46516c4033fa5602e19c4b	assembled Spark candidate	A	evidence/fe05a/regression/fe-t07/work-seed.json	100644	aad8313d861871128f90db85bdfc1843f9c9d731	100644	aad8313d861871128f90db85bdfc1843f9c9d731	retained_exact	-	-	source mode/blob equals target mode/blob	-
F1	fe05a	0220d350b05aac9eafabe9620d34673f3d01adc7	68b8d3d67d6b66d1a6c2c8d4f72ff7079135b662	T4003	4003c548a314246d8c46516c4033fa5602e19c4b	assembled Spark candidate	A	evidence/fe05a/regression/fe-t07/work-seed.mjs	100644	96b33d0052af29d1bf850fc0caf2c06da071dc2c	100644	96b33d0052af29d1bf850fc0caf2c06da071dc2c	retained_exact	-	-	source mode/blob equals target mode/blob	-
F1	fe05a	0220d350b05aac9eafabe9620d34673f3d01adc7	68b8d3d67d6b66d1a6c2c8d4f72ff7079135b662	T4003	4003c548a314246d8c46516c4033fa5602e19c4b	assembled Spark candidate	A	evidence/fe05a/regression/fe-t11.mjs	100644	e3bc8d33a915192b517fb53a2c8f37a1e0cdac44	100644	e3bc8d33a915192b517fb53a2c8f37a1e0cdac44	retained_exact	-	-	source mode/blob equals target mode/blob	-
F1	fe05a	0220d350b05aac9eafabe9620d34673f3d01adc7	68b8d3d67d6b66d1a6c2c8d4f72ff7079135b662	T4003	4003c548a314246d8c46516c4033fa5602e19c4b	assembled Spark candidate	A	evidence/fe05a/regression/final-behavior/behavior.log	100644	6bf1945a44e720570cd469254bd1c61a49910914	100644	6bf1945a44e720570cd469254bd1c61a49910914	retained_exact	-	-	source mode/blob equals target mode/blob	-
F1	fe05a	0220d350b05aac9eafabe9620d34673f3d01adc7	68b8d3d67d6b66d1a6c2c8d4f72ff7079135b662	T4003	4003c548a314246d8c46516c4033fa5602e19c4b	assembled Spark candidate	A	evidence/fe05a/regression/final-behavior/browser.mjs	100644	2b799c76056f21260d6d6ede96e3f327446cac10	100644	2b799c76056f21260d6d6ede96e3f327446cac10	retained_exact	-	-	source mode/blob equals target mode/blob	-
F1	fe05a	0220d350b05aac9eafabe9620d34673f3d01adc7	68b8d3d67d6b66d1a6c2c8d4f72ff7079135b662	T4003	4003c548a314246d8c46516c4033fa5602e19c4b	assembled Spark candidate	A	evidence/fe05a/regression/final-behavior/cc-w-checks.json	100644	ff8afa520fbeb5c129af882c39e80a2a18cd61e7	100644	ff8afa520fbeb5c129af882c39e80a2a18cd61e7	retained_exact	-	-	source mode/blob equals target mode/blob	-
F1	fe05a	0220d350b05aac9eafabe9620d34673f3d01adc7	68b8d3d67d6b66d1a6c2c8d4f72ff7079135b662	T4003	4003c548a314246d8c46516c4033fa5602e19c4b	assembled Spark candidate	A	evidence/fe05a/regression/final-behavior/cc-w-checks.mjs	100644	e8601527c477647f488d3a5a0ac003dfae4111e6	100644	e8601527c477647f488d3a5a0ac003dfae4111e6	retained_exact	-	-	source mode/blob equals target mode/blob	-
F1	fe05a	0220d350b05aac9eafabe9620d34673f3d01adc7	68b8d3d67d6b66d1a6c2c8d4f72ff7079135b662	T4003	4003c548a314246d8c46516c4033fa5602e19c4b	assembled Spark candidate	A	evidence/fe05a/regression/final-behavior/cc-w-seed.mjs	100644	73f039935f9913042b342f9fd34021aa75eb4534	100644	73f039935f9913042b342f9fd34021aa75eb4534	retained_exact	-	-	source mode/blob equals target mode/blob	-
F1	fe05a	0220d350b05aac9eafabe9620d34673f3d01adc7	68b8d3d67d6b66d1a6c2c8d4f72ff7079135b662	T4003	4003c548a314246d8c46516c4033fa5602e19c4b	assembled Spark candidate	A	evidence/fe05a/regression/final-behavior/seed.log	100644	3eb8a616b5a163357a38dd46d4c7fdcaaf9c1c02	100644	3eb8a616b5a163357a38dd46d4c7fdcaaf9c1c02	retained_exact	-	-	source mode/blob equals target mode/blob	-
F1	fe05a	0220d350b05aac9eafabe9620d34673f3d01adc7	68b8d3d67d6b66d1a6c2c8d4f72ff7079135b662	T4003	4003c548a314246d8c46516c4033fa5602e19c4b	assembled Spark candidate	A	evidence/fe05a/regression/final-behavior/server.log	100644	5cc3299d4a1f026f6cd3091042c49fa5296a4a24	100644	5cc3299d4a1f026f6cd3091042c49fa5296a4a24	retained_exact	-	-	source mode/blob equals target mode/blob	-
F1	fe05a	0220d350b05aac9eafabe9620d34673f3d01adc7	68b8d3d67d6b66d1a6c2c8d4f72ff7079135b662	T4003	4003c548a314246d8c46516c4033fa5602e19c4b	assembled Spark candidate	A	evidence/fe05a/regression/final-layout/browser.mjs	100644	2b799c76056f21260d6d6ede96e3f327446cac10	100644	2b799c76056f21260d6d6ede96e3f327446cac10	retained_exact	-	-	source mode/blob equals target mode/blob	-
F1	fe05a	0220d350b05aac9eafabe9620d34673f3d01adc7	68b8d3d67d6b66d1a6c2c8d4f72ff7079135b662	T4003	4003c548a314246d8c46516c4033fa5602e19c4b	assembled Spark candidate	A	evidence/fe05a/regression/final-layout/cc-s-checks.mjs	100644	1ec12409157a2d16c914e7f1d567aa0193bee392	100644	1ec12409157a2d16c914e7f1d567aa0193bee392	retained_exact	-	-	source mode/blob equals target mode/blob	-
F1	fe05a	0220d350b05aac9eafabe9620d34673f3d01adc7	68b8d3d67d6b66d1a6c2c8d4f72ff7079135b662	T4003	4003c548a314246d8c46516c4033fa5602e19c4b	assembled Spark candidate	A	evidence/fe05a/regression/final-layout/cc-s-seed.mjs	100644	e375c2b1887a1f29e03d3a3645d95e5fefc74a85	100644	e375c2b1887a1f29e03d3a3645d95e5fefc74a85	retained_exact	-	-	source mode/blob equals target mode/blob	-
F1	fe05a	0220d350b05aac9eafabe9620d34673f3d01adc7	68b8d3d67d6b66d1a6c2c8d4f72ff7079135b662	T4003	4003c548a314246d8c46516c4033fa5602e19c4b	assembled Spark candidate	A	evidence/fe05a/regression/final-layout/cc-w-checks.mjs	100644	e8601527c477647f488d3a5a0ac003dfae4111e6	100644	e8601527c477647f488d3a5a0ac003dfae4111e6	retained_exact	-	-	source mode/blob equals target mode/blob	-
F1	fe05a	0220d350b05aac9eafabe9620d34673f3d01adc7	68b8d3d67d6b66d1a6c2c8d4f72ff7079135b662	T4003	4003c548a314246d8c46516c4033fa5602e19c4b	assembled Spark candidate	A	evidence/fe05a/regression/final-layout/cc-w-seed.mjs	100644	73f039935f9913042b342f9fd34021aa75eb4534	100644	73f039935f9913042b342f9fd34021aa75eb4534	retained_exact	-	-	source mode/blob equals target mode/blob	-
F1	fe05a	0220d350b05aac9eafabe9620d34673f3d01adc7	68b8d3d67d6b66d1a6c2c8d4f72ff7079135b662	T4003	4003c548a314246d8c46516c4033fa5602e19c4b	assembled Spark candidate	A	evidence/fe05a/regression/final-layout/composition-checks.json	100644	5b3e959597696a249d2dc895270d90076530d387	100644	5b3e959597696a249d2dc895270d90076530d387	retained_exact	-	-	source mode/blob equals target mode/blob	-
F1	fe05a	0220d350b05aac9eafabe9620d34673f3d01adc7	68b8d3d67d6b66d1a6c2c8d4f72ff7079135b662	T4003	4003c548a314246d8c46516c4033fa5602e19c4b	assembled Spark candidate	A	evidence/fe05a/regression/final-layout/composition-checks.mjs	100644	431dfd3aa9ceed475eed84ecd33c50816b215fb0	100644	431dfd3aa9ceed475eed84ecd33c50816b215fb0	retained_exact	-	-	source mode/blob equals target mode/blob	-
F1	fe05a	0220d350b05aac9eafabe9620d34673f3d01adc7	68b8d3d67d6b66d1a6c2c8d4f72ff7079135b662	T4003	4003c548a314246d8c46516c4033fa5602e19c4b	assembled Spark candidate	A	evidence/fe05a/regression/final-layout/composition.log	100644	76c63fe5c96ffcb09a2de7f4b212296677eb0db6	100644	76c63fe5c96ffcb09a2de7f4b212296677eb0db6	retained_exact	-	-	source mode/blob equals target mode/blob	-
F1	fe05a	0220d350b05aac9eafabe9620d34673f3d01adc7	68b8d3d67d6b66d1a6c2c8d4f72ff7079135b662	T4003	4003c548a314246d8c46516c4033fa5602e19c4b	assembled Spark candidate	A	evidence/fe05a/regression/final-layout/counterexamples.mjs	100644	417d6986c86bbf08dce21b710b325e6973155971	100644	417d6986c86bbf08dce21b710b325e6973155971	retained_exact	-	-	source mode/blob equals target mode/blob	-
F1	fe05a	0220d350b05aac9eafabe9620d34673f3d01adc7	68b8d3d67d6b66d1a6c2c8d4f72ff7079135b662	T4003	4003c548a314246d8c46516c4033fa5602e19c4b	assembled Spark candidate	A	evidence/fe05a/regression/final-layout/fe-t01.mjs	100644	d5a1c859b8c405d604508b61a804dc9e821b55fc	100644	d5a1c859b8c405d604508b61a804dc9e821b55fc	retained_exact	-	-	source mode/blob equals target mode/blob	-
F1	fe05a	0220d350b05aac9eafabe9620d34673f3d01adc7	68b8d3d67d6b66d1a6c2c8d4f72ff7079135b662	T4003	4003c548a314246d8c46516c4033fa5602e19c4b	assembled Spark candidate	A	evidence/fe05a/regression/final-layout/fe-t07.mjs	100644	b7ae37756778913e184303a2895db63cad391f40	100644	b7ae37756778913e184303a2895db63cad391f40	retained_exact	-	-	source mode/blob equals target mode/blob	-
F1	fe05a	0220d350b05aac9eafabe9620d34673f3d01adc7	68b8d3d67d6b66d1a6c2c8d4f72ff7079135b662	T4003	4003c548a314246d8c46516c4033fa5602e19c4b	assembled Spark candidate	A	evidence/fe05a/regression/final-layout/fe-t11.mjs	100644	e3bc8d33a915192b517fb53a2c8f37a1e0cdac44	100644	e3bc8d33a915192b517fb53a2c8f37a1e0cdac44	retained_exact	-	-	source mode/blob equals target mode/blob	-
F1	fe05a	0220d350b05aac9eafabe9620d34673f3d01adc7	68b8d3d67d6b66d1a6c2c8d4f72ff7079135b662	T4003	4003c548a314246d8c46516c4033fa5602e19c4b	assembled Spark candidate	A	evidence/fe05a/regression/final-layout/home-1440-light.png	100644	bda5fea75aa5116294956f1389e323039da8a9d2	100644	bda5fea75aa5116294956f1389e323039da8a9d2	retained_exact	-	-	source mode/blob equals target mode/blob	-
F1	fe05a	0220d350b05aac9eafabe9620d34673f3d01adc7	68b8d3d67d6b66d1a6c2c8d4f72ff7079135b662	T4003	4003c548a314246d8c46516c4033fa5602e19c4b	assembled Spark candidate	A	evidence/fe05a/regression/final-layout/home-390-light.png	100644	1bdbfeefbb237e9fc77163f5438a115379994e09	100644	1bdbfeefbb237e9fc77163f5438a115379994e09	retained_exact	-	-	source mode/blob equals target mode/blob	-
F1	fe05a	0220d350b05aac9eafabe9620d34673f3d01adc7	68b8d3d67d6b66d1a6c2c8d4f72ff7079135b662	T4003	4003c548a314246d8c46516c4033fa5602e19c4b	assembled Spark candidate	A	evidence/fe05a/regression/final-layout/home-collapsed-desktop-shell-1440-light.png	100644	6f38a2438c32cdae394c50a21536518192f6dcef	100644	6f38a2438c32cdae394c50a21536518192f6dcef	retained_exact	-	-	source mode/blob equals target mode/blob	-
F1	fe05a	0220d350b05aac9eafabe9620d34673f3d01adc7	68b8d3d67d6b66d1a6c2c8d4f72ff7079135b662	T4003	4003c548a314246d8c46516c4033fa5602e19c4b	assembled Spark candidate	A	evidence/fe05a/regression/final-layout/home-desktop-shell-1440-light.png	100644	6ec135dff992be41090b136ce9671a110058cbc1	100644	6ec135dff992be41090b136ce9671a110058cbc1	retained_exact	-	-	source mode/blob equals target mode/blob	-
F1	fe05a	0220d350b05aac9eafabe9620d34673f3d01adc7	68b8d3d67d6b66d1a6c2c8d4f72ff7079135b662	T4003	4003c548a314246d8c46516c4033fa5602e19c4b	assembled Spark candidate	A	evidence/fe05a/regression/final-layout/home-modules-1440-light.png	100644	bda5fea75aa5116294956f1389e323039da8a9d2	100644	bda5fea75aa5116294956f1389e323039da8a9d2	retained_exact	-	-	source mode/blob equals target mode/blob	-
F1	fe05a	0220d350b05aac9eafabe9620d34673f3d01adc7	68b8d3d67d6b66d1a6c2c8d4f72ff7079135b662	T4003	4003c548a314246d8c46516c4033fa5602e19c4b	assembled Spark candidate	A	evidence/fe05a/regression/final-layout/home-modules-1440x1058-light.png	100644	3d367b25c3c8f1f33a240fe6e93a418dbcbb828b	100644	3d367b25c3c8f1f33a240fe6e93a418dbcbb828b	retained_exact	-	-	source mode/blob equals target mode/blob	-
F1	fe05a	0220d350b05aac9eafabe9620d34673f3d01adc7	68b8d3d67d6b66d1a6c2c8d4f72ff7079135b662	T4003	4003c548a314246d8c46516c4033fa5602e19c4b	assembled Spark candidate	A	evidence/fe05a/regression/final-layout/home-modules-1440x900-light.png	100644	bda5fea75aa5116294956f1389e323039da8a9d2	100644	bda5fea75aa5116294956f1389e323039da8a9d2	retained_exact	-	-	source mode/blob equals target mode/blob	-
F1	fe05a	0220d350b05aac9eafabe9620d34673f3d01adc7	68b8d3d67d6b66d1a6c2c8d4f72ff7079135b662	T4003	4003c548a314246d8c46516c4033fa5602e19c4b	assembled Spark candidate	A	evidence/fe05a/regression/final-layout/home-modules-390-light.png	100644	39411049a7a43d03c45d407ef8de28ab00e0a45e	100644	39411049a7a43d03c45d407ef8de28ab00e0a45e	retained_exact	-	-	source mode/blob equals target mode/blob	-
F1	fe05a	0220d350b05aac9eafabe9620d34673f3d01adc7	68b8d3d67d6b66d1a6c2c8d4f72ff7079135b662	T4003	4003c548a314246d8c46516c4033fa5602e19c4b	assembled Spark candidate	A	evidence/fe05a/regression/final-layout/home-simple-1440x1058-light.png	100644	e819d609cdfdba010444f448b02b23742e7c6cf5	100644	e819d609cdfdba010444f448b02b23742e7c6cf5	retained_exact	-	-	source mode/blob equals target mode/blob	-
F1	fe05a	0220d350b05aac9eafabe9620d34673f3d01adc7	68b8d3d67d6b66d1a6c2c8d4f72ff7079135b662	T4003	4003c548a314246d8c46516c4033fa5602e19c4b	assembled Spark candidate	A	evidence/fe05a/regression/final-layout/home-simple-1440x900-light.png	100644	8aa21ce1000084cc3637cc5dbca9b139bdb4683b	100644	8aa21ce1000084cc3637cc5dbca9b139bdb4683b	retained_exact	-	-	source mode/blob equals target mode/blob	-
F1	fe05a	0220d350b05aac9eafabe9620d34673f3d01adc7	68b8d3d67d6b66d1a6c2c8d4f72ff7079135b662	T4003	4003c548a314246d8c46516c4033fa5602e19c4b	assembled Spark candidate	A	evidence/fe05a/regression/final-layout/models-checks.mjs	100644	02daa0efe5960165e9de6c73977a26894b42e46e	100644	02daa0efe5960165e9de6c73977a26894b42e46e	retained_exact	-	-	source mode/blob equals target mode/blob	-
F1	fe05a	0220d350b05aac9eafabe9620d34673f3d01adc7	68b8d3d67d6b66d1a6c2c8d4f72ff7079135b662	T4003	4003c548a314246d8c46516c4033fa5602e19c4b	assembled Spark candidate	A	evidence/fe05a/regression/final-layout/primitive-checks.mjs	100644	702e26a6d060aef7deddcaa7c94c7687c85b5f6d	100644	702e26a6d060aef7deddcaa7c94c7687c85b5f6d	retained_exact	-	-	source mode/blob equals target mode/blob	-
F1	fe05a	0220d350b05aac9eafabe9620d34673f3d01adc7	68b8d3d67d6b66d1a6c2c8d4f72ff7079135b662	T4003	4003c548a314246d8c46516c4033fa5602e19c4b	assembled Spark candidate	A	evidence/fe05a/regression/final-layout/primitive-seed.mjs	100644	dcc5749a421504c5c1528a22b4e6cf97158074c0	100644	dcc5749a421504c5c1528a22b4e6cf97158074c0	retained_exact	-	-	source mode/blob equals target mode/blob	-
F1	fe05a	0220d350b05aac9eafabe9620d34673f3d01adc7	68b8d3d67d6b66d1a6c2c8d4f72ff7079135b662	T4003	4003c548a314246d8c46516c4033fa5602e19c4b	assembled Spark candidate	A	evidence/fe05a/regression/final-layout/probe-checks.mjs	100644	0f6ec750233899c37a1cac4459bbf12e03c67281	100644	0f6ec750233899c37a1cac4459bbf12e03c67281	retained_exact	-	-	source mode/blob equals target mode/blob	-
F1	fe05a	0220d350b05aac9eafabe9620d34673f3d01adc7	68b8d3d67d6b66d1a6c2c8d4f72ff7079135b662	T4003	4003c548a314246d8c46516c4033fa5602e19c4b	assembled Spark candidate	A	evidence/fe05a/regression/final-layout/seed.log	100644	6999336f160ec345d8a2d125a350b85b1856d3fb	100644	6999336f160ec345d8a2d125a350b85b1856d3fb	retained_exact	-	-	source mode/blob equals target mode/blob	-
F1	fe05a	0220d350b05aac9eafabe9620d34673f3d01adc7	68b8d3d67d6b66d1a6c2c8d4f72ff7079135b662	T4003	4003c548a314246d8c46516c4033fa5602e19c4b	assembled Spark candidate	A	evidence/fe05a/regression/final-layout/seed.mjs	100644	69895098026457875fa6485eee95d09a17f26303	100644	69895098026457875fa6485eee95d09a17f26303	retained_exact	-	-	source mode/blob equals target mode/blob	-
F1	fe05a	0220d350b05aac9eafabe9620d34673f3d01adc7	68b8d3d67d6b66d1a6c2c8d4f72ff7079135b662	T4003	4003c548a314246d8c46516c4033fa5602e19c4b	assembled Spark candidate	A	evidence/fe05a/regression/final-layout/server.log	100644	5cc3299d4a1f026f6cd3091042c49fa5296a4a24	100644	5cc3299d4a1f026f6cd3091042c49fa5296a4a24	retained_exact	-	-	source mode/blob equals target mode/blob	-
F1	fe05a	0220d350b05aac9eafabe9620d34673f3d01adc7	68b8d3d67d6b66d1a6c2c8d4f72ff7079135b662	T4003	4003c548a314246d8c46516c4033fa5602e19c4b	assembled Spark candidate	A	evidence/fe05a/regression/final-layout/settings-appearance-home-layout-1440-light.png	100644	8a36a146488bc0e30692740eaec7e1889feb48a4	100644	8a36a146488bc0e30692740eaec7e1889feb48a4	retained_exact	-	-	source mode/blob equals target mode/blob	-
F1	fe05a	0220d350b05aac9eafabe9620d34673f3d01adc7	68b8d3d67d6b66d1a6c2c8d4f72ff7079135b662	T4003	4003c548a314246d8c46516c4033fa5602e19c4b	assembled Spark candidate	A	evidence/fe05a/regression/final-layout/settings-desktop-shell-1440-light.png	100644	9d27678c36d5d4ffc1a707f0537be90645d5184c	100644	9d27678c36d5d4ffc1a707f0537be90645d5184c	retained_exact	-	-	source mode/blob equals target mode/blob	-
F1	fe05a	0220d350b05aac9eafabe9620d34673f3d01adc7	68b8d3d67d6b66d1a6c2c8d4f72ff7079135b662	T4003	4003c548a314246d8c46516c4033fa5602e19c4b	assembled Spark candidate	A	evidence/fe05a/regression/final-layout/settings-general-1024-light.png	100644	f127b66a5c8d310691a244a5bbe998463bc8eab7	100644	f127b66a5c8d310691a244a5bbe998463bc8eab7	retained_exact	-	-	source mode/blob equals target mode/blob	-
F1	fe05a	0220d350b05aac9eafabe9620d34673f3d01adc7	68b8d3d67d6b66d1a6c2c8d4f72ff7079135b662	T4003	4003c548a314246d8c46516c4033fa5602e19c4b	assembled Spark candidate	A	evidence/fe05a/regression/final-layout/settings-general-1440-light.png	100644	4e4f08b871008e0e696aaafa13cdcc519ddea240	100644	4e4f08b871008e0e696aaafa13cdcc519ddea240	retained_exact	-	-	source mode/blob equals target mode/blob	-
F1	fe05a	0220d350b05aac9eafabe9620d34673f3d01adc7	68b8d3d67d6b66d1a6c2c8d4f72ff7079135b662	T4003	4003c548a314246d8c46516c4033fa5602e19c4b	assembled Spark candidate	A	evidence/fe05a/regression/final-layout/settings-general-1440-zoom200-light.png	100644	b38655ce894ee9e674d8c30d78c0653c31cbf1bf	100644	b38655ce894ee9e674d8c30d78c0653c31cbf1bf	retained_exact	-	-	source mode/blob equals target mode/blob	-
F1	fe05a	0220d350b05aac9eafabe9620d34673f3d01adc7	68b8d3d67d6b66d1a6c2c8d4f72ff7079135b662	T4003	4003c548a314246d8c46516c4033fa5602e19c4b	assembled Spark candidate	A	evidence/fe05a/regression/final-layout/settings-general-390-light.png	100644	aabec7c8d6a410165d92e533466ab0433b4eea83	100644	aabec7c8d6a410165d92e533466ab0433b4eea83	retained_exact	-	-	source mode/blob equals target mode/blob	-
F1	fe05a	0220d350b05aac9eafabe9620d34673f3d01adc7	68b8d3d67d6b66d1a6c2c8d4f72ff7079135b662	T4003	4003c548a314246d8c46516c4033fa5602e19c4b	assembled Spark candidate	A	evidence/fe05a/regression/final-layout/shell-checks.mjs	100644	fffa203eb7dd9517aa695fa4f3eaf6dcab0e086a	100644	fffa203eb7dd9517aa695fa4f3eaf6dcab0e086a	retained_exact	-	-	source mode/blob equals target mode/blob	-
F1	fe05a	0220d350b05aac9eafabe9620d34673f3d01adc7	68b8d3d67d6b66d1a6c2c8d4f72ff7079135b662	T4003	4003c548a314246d8c46516c4033fa5602e19c4b	assembled Spark candidate	A	evidence/fe05a/regression/final-layout/work-1440-light.png	100644	3322e599adc5a7341bd96b105d976d0f55586fae	100644	3322e599adc5a7341bd96b105d976d0f55586fae	retained_exact	-	-	source mode/blob equals target mode/blob	-
F1	fe05a	0220d350b05aac9eafabe9620d34673f3d01adc7	68b8d3d67d6b66d1a6c2c8d4f72ff7079135b662	T4003	4003c548a314246d8c46516c4033fa5602e19c4b	assembled Spark candidate	A	evidence/fe05a/regression/final-layout/work-expanded-1440-light.png	100644	d02736a550a60d7c018a39d3ef6352a764d98ee2	100644	d02736a550a60d7c018a39d3ef6352a764d98ee2	retained_exact	-	-	source mode/blob equals target mode/blob	-
F1	fe05a	0220d350b05aac9eafabe9620d34673f3d01adc7	68b8d3d67d6b66d1a6c2c8d4f72ff7079135b662	T4003	4003c548a314246d8c46516c4033fa5602e19c4b	assembled Spark candidate	A	evidence/fe05a/regression/final-layout/work-expanded-1440-zoom200-light.png	100644	f832f47dd8f5ef37dfabdd87d16d271f6e16d89e	100644	f832f47dd8f5ef37dfabdd87d16d271f6e16d89e	retained_exact	-	-	source mode/blob equals target mode/blob	-
F1	fe05a	0220d350b05aac9eafabe9620d34673f3d01adc7	68b8d3d67d6b66d1a6c2c8d4f72ff7079135b662	T4003	4003c548a314246d8c46516c4033fa5602e19c4b	assembled Spark candidate	A	evidence/fe05a/regression/final-layout/work-expanded-desktop-shell-1440-light.png	100644	3040be16acac818e114fd0a50450e7a44e249bea	100644	3040be16acac818e114fd0a50450e7a44e249bea	retained_exact	-	-	source mode/blob equals target mode/blob	-
F1	fe05a	0220d350b05aac9eafabe9620d34673f3d01adc7	68b8d3d67d6b66d1a6c2c8d4f72ff7079135b662	T4003	4003c548a314246d8c46516c4033fa5602e19c4b	assembled Spark candidate	A	evidence/fe05a/regression/final-layout/work-seed.mjs	100644	96b33d0052af29d1bf850fc0caf2c06da071dc2c	100644	96b33d0052af29d1bf850fc0caf2c06da071dc2c	retained_exact	-	-	source mode/blob equals target mode/blob	-
F1	fe05a	0220d350b05aac9eafabe9620d34673f3d01adc7	68b8d3d67d6b66d1a6c2c8d4f72ff7079135b662	T4003	4003c548a314246d8c46516c4033fa5602e19c4b	assembled Spark candidate	A	evidence/fe05a/regression/final-layout/work-surface-1440-light.png	100644	3f00094985049f6e3581d5136d95fe3299e254a5	100644	3f00094985049f6e3581d5136d95fe3299e254a5	retained_exact	-	-	source mode/blob equals target mode/blob	-
F1	fe05a	0220d350b05aac9eafabe9620d34673f3d01adc7	68b8d3d67d6b66d1a6c2c8d4f72ff7079135b662	T4003	4003c548a314246d8c46516c4033fa5602e19c4b	assembled Spark candidate	A	evidence/fe05a/regression/final-layout/work-three-pane-1680-light.png	100644	2951d890895549a0c350a6a921e01775978057a9	100644	2951d890895549a0c350a6a921e01775978057a9	retained_exact	-	-	source mode/blob equals target mode/blob	-
F1	fe05a	0220d350b05aac9eafabe9620d34673f3d01adc7	68b8d3d67d6b66d1a6c2c8d4f72ff7079135b662	T4003	4003c548a314246d8c46516c4033fa5602e19c4b	assembled Spark candidate	A	evidence/fe05a/regression/final-layout/work-three-pane-1680x720-light.png	100644	fb70136c1038ce5bbf3c87d2263d5c0387a6e81d	100644	fb70136c1038ce5bbf3c87d2263d5c0387a6e81d	retained_exact	-	-	source mode/blob equals target mode/blob	-
F1	fe05a	0220d350b05aac9eafabe9620d34673f3d01adc7	68b8d3d67d6b66d1a6c2c8d4f72ff7079135b662	T4003	4003c548a314246d8c46516c4033fa5602e19c4b	assembled Spark candidate	A	evidence/fe05a/regression/final-layout/work-three-pane-desktop-shell-1680-light.png	100644	67a94ddee839310658943c4895c764277056db7d	100644	67a94ddee839310658943c4895c764277056db7d	retained_exact	-	-	source mode/blob equals target mode/blob	-
F1	fe05a	0220d350b05aac9eafabe9620d34673f3d01adc7	68b8d3d67d6b66d1a6c2c8d4f72ff7079135b662	T4003	4003c548a314246d8c46516c4033fa5602e19c4b	assembled Spark candidate	A	evidence/fe05a/regression/history/browser.mjs	100644	2b799c76056f21260d6d6ede96e3f327446cac10	100644	2b799c76056f21260d6d6ede96e3f327446cac10	retained_exact	-	-	source mode/blob equals target mode/blob	-
F1	fe05a	0220d350b05aac9eafabe9620d34673f3d01adc7	68b8d3d67d6b66d1a6c2c8d4f72ff7079135b662	T4003	4003c548a314246d8c46516c4033fa5602e19c4b	assembled Spark candidate	A	evidence/fe05a/regression/history/fe-t11.json	100644	3960befdf4c388e38d0e2b70e7ff4de77a9d20e3	100644	3960befdf4c388e38d0e2b70e7ff4de77a9d20e3	retained_exact	-	-	source mode/blob equals target mode/blob	-
F1	fe05a	0220d350b05aac9eafabe9620d34673f3d01adc7	68b8d3d67d6b66d1a6c2c8d4f72ff7079135b662	T4003	4003c548a314246d8c46516c4033fa5602e19c4b	assembled Spark candidate	A	evidence/fe05a/regression/history/fe-t11.log	100644	385ffe6e3fccd40472f20f841c747492d2654c8f	100644	385ffe6e3fccd40472f20f841c747492d2654c8f	retained_exact	-	-	source mode/blob equals target mode/blob	-
F1	fe05a	0220d350b05aac9eafabe9620d34673f3d01adc7	68b8d3d67d6b66d1a6c2c8d4f72ff7079135b662	T4003	4003c548a314246d8c46516c4033fa5602e19c4b	assembled Spark candidate	A	evidence/fe05a/regression/history/fe-t11.mjs	100644	e3bc8d33a915192b517fb53a2c8f37a1e0cdac44	100644	e3bc8d33a915192b517fb53a2c8f37a1e0cdac44	retained_exact	-	-	source mode/blob equals target mode/blob	-
F1	fe05a	0220d350b05aac9eafabe9620d34673f3d01adc7	68b8d3d67d6b66d1a6c2c8d4f72ff7079135b662	T4003	4003c548a314246d8c46516c4033fa5602e19c4b	assembled Spark candidate	A	evidence/fe05a/regression/history/seed.log	100644	e5464b057e7cab5c44c12b0eef508657c18bfcc1	100644	e5464b057e7cab5c44c12b0eef508657c18bfcc1	retained_exact	-	-	source mode/blob equals target mode/blob	-
F1	fe05a	0220d350b05aac9eafabe9620d34673f3d01adc7	68b8d3d67d6b66d1a6c2c8d4f72ff7079135b662	T4003	4003c548a314246d8c46516c4033fa5602e19c4b	assembled Spark candidate	A	evidence/fe05a/regression/history/server.log	100644	5cc3299d4a1f026f6cd3091042c49fa5296a4a24	100644	5cc3299d4a1f026f6cd3091042c49fa5296a4a24	retained_exact	-	-	source mode/blob equals target mode/blob	-
F1	fe05a	0220d350b05aac9eafabe9620d34673f3d01adc7	68b8d3d67d6b66d1a6c2c8d4f72ff7079135b662	T4003	4003c548a314246d8c46516c4033fa5602e19c4b	assembled Spark candidate	A	evidence/fe05a/regression/history/work-seed.json	100644	36fd38e464bea0be5dc95ef6bb43f9f378bf001e	100644	36fd38e464bea0be5dc95ef6bb43f9f378bf001e	retained_exact	-	-	source mode/blob equals target mode/blob	-
F1	fe05a	0220d350b05aac9eafabe9620d34673f3d01adc7	68b8d3d67d6b66d1a6c2c8d4f72ff7079135b662	T4003	4003c548a314246d8c46516c4033fa5602e19c4b	assembled Spark candidate	A	evidence/fe05a/regression/history/work-seed.mjs	100644	96b33d0052af29d1bf850fc0caf2c06da071dc2c	100644	96b33d0052af29d1bf850fc0caf2c06da071dc2c	retained_exact	-	-	source mode/blob equals target mode/blob	-
F1	fe05a	0220d350b05aac9eafabe9620d34673f3d01adc7	68b8d3d67d6b66d1a6c2c8d4f72ff7079135b662	T4003	4003c548a314246d8c46516c4033fa5602e19c4b	assembled Spark candidate	A	evidence/fe05a/regression/models-checks.mjs	100644	02daa0efe5960165e9de6c73977a26894b42e46e	100644	02daa0efe5960165e9de6c73977a26894b42e46e	retained_exact	-	-	source mode/blob equals target mode/blob	-
F1	fe05a	0220d350b05aac9eafabe9620d34673f3d01adc7	68b8d3d67d6b66d1a6c2c8d4f72ff7079135b662	T4003	4003c548a314246d8c46516c4033fa5602e19c4b	assembled Spark candidate	A	evidence/fe05a/regression/primitive-checks.mjs	100644	702e26a6d060aef7deddcaa7c94c7687c85b5f6d	100644	702e26a6d060aef7deddcaa7c94c7687c85b5f6d	retained_exact	-	-	source mode/blob equals target mode/blob	-
F1	fe05a	0220d350b05aac9eafabe9620d34673f3d01adc7	68b8d3d67d6b66d1a6c2c8d4f72ff7079135b662	T4003	4003c548a314246d8c46516c4033fa5602e19c4b	assembled Spark candidate	A	evidence/fe05a/regression/primitive-seed.mjs	100644	dcc5749a421504c5c1528a22b4e6cf97158074c0	100644	dcc5749a421504c5c1528a22b4e6cf97158074c0	retained_exact	-	-	source mode/blob equals target mode/blob	-
F1	fe05a	0220d350b05aac9eafabe9620d34673f3d01adc7	68b8d3d67d6b66d1a6c2c8d4f72ff7079135b662	T4003	4003c548a314246d8c46516c4033fa5602e19c4b	assembled Spark candidate	A	evidence/fe05a/regression/primitive/browser.mjs	100644	2b799c76056f21260d6d6ede96e3f327446cac10	100644	2b799c76056f21260d6d6ede96e3f327446cac10	retained_exact	-	-	source mode/blob equals target mode/blob	-
F1	fe05a	0220d350b05aac9eafabe9620d34673f3d01adc7	68b8d3d67d6b66d1a6c2c8d4f72ff7079135b662	T4003	4003c548a314246d8c46516c4033fa5602e19c4b	assembled Spark candidate	A	evidence/fe05a/regression/primitive/primitive-checks.json	100644	5c5374943cb8092a280ca8d8266d5b107def2a25	100644	5c5374943cb8092a280ca8d8266d5b107def2a25	retained_exact	-	-	source mode/blob equals target mode/blob	-
F1	fe05a	0220d350b05aac9eafabe9620d34673f3d01adc7	68b8d3d67d6b66d1a6c2c8d4f72ff7079135b662	T4003	4003c548a314246d8c46516c4033fa5602e19c4b	assembled Spark candidate	A	evidence/fe05a/regression/primitive/primitive-checks.mjs	100644	702e26a6d060aef7deddcaa7c94c7687c85b5f6d	100644	702e26a6d060aef7deddcaa7c94c7687c85b5f6d	retained_exact	-	-	source mode/blob equals target mode/blob	-
F1	fe05a	0220d350b05aac9eafabe9620d34673f3d01adc7	68b8d3d67d6b66d1a6c2c8d4f72ff7079135b662	T4003	4003c548a314246d8c46516c4033fa5602e19c4b	assembled Spark candidate	A	evidence/fe05a/regression/primitive/primitive-seed.mjs	100644	dcc5749a421504c5c1528a22b4e6cf97158074c0	100644	dcc5749a421504c5c1528a22b4e6cf97158074c0	retained_exact	-	-	source mode/blob equals target mode/blob	-
F1	fe05a	0220d350b05aac9eafabe9620d34673f3d01adc7	68b8d3d67d6b66d1a6c2c8d4f72ff7079135b662	T4003	4003c548a314246d8c46516c4033fa5602e19c4b	assembled Spark candidate	A	evidence/fe05a/regression/primitive/primitive.log	100644	6b81ef7167f2a5e9ca428a1b484cf341adcd4095	100644	6b81ef7167f2a5e9ca428a1b484cf341adcd4095	retained_exact	-	-	source mode/blob equals target mode/blob	-
F1	fe05a	0220d350b05aac9eafabe9620d34673f3d01adc7	68b8d3d67d6b66d1a6c2c8d4f72ff7079135b662	T4003	4003c548a314246d8c46516c4033fa5602e19c4b	assembled Spark candidate	A	evidence/fe05a/regression/primitive/seed.log	100644	e6650e8a2a95b1582628a33cc13e9ca5a89e4685	100644	e6650e8a2a95b1582628a33cc13e9ca5a89e4685	retained_exact	-	-	source mode/blob equals target mode/blob	-
F1	fe05a	0220d350b05aac9eafabe9620d34673f3d01adc7	68b8d3d67d6b66d1a6c2c8d4f72ff7079135b662	T4003	4003c548a314246d8c46516c4033fa5602e19c4b	assembled Spark candidate	A	evidence/fe05a/regression/primitive/server.log	100644	5cc3299d4a1f026f6cd3091042c49fa5296a4a24	100644	5cc3299d4a1f026f6cd3091042c49fa5296a4a24	retained_exact	-	-	source mode/blob equals target mode/blob	-
F1	fe05a	0220d350b05aac9eafabe9620d34673f3d01adc7	68b8d3d67d6b66d1a6c2c8d4f72ff7079135b662	T4003	4003c548a314246d8c46516c4033fa5602e19c4b	assembled Spark candidate	A	evidence/fe05a/regression/probe-checks.mjs	100644	0f6ec750233899c37a1cac4459bbf12e03c67281	100644	0f6ec750233899c37a1cac4459bbf12e03c67281	retained_exact	-	-	source mode/blob equals target mode/blob	-
F1	fe05a	0220d350b05aac9eafabe9620d34673f3d01adc7	68b8d3d67d6b66d1a6c2c8d4f72ff7079135b662	T4003	4003c548a314246d8c46516c4033fa5602e19c4b	assembled Spark candidate	A	evidence/fe05a/regression/rc/mcp-fixture.mjs	100644	6176b27950bbff42a372f7e05c22559e69e4d2c7	100644	6176b27950bbff42a372f7e05c22559e69e4d2c7	retained_exact	-	-	source mode/blob equals target mode/blob	-
F1	fe05a	0220d350b05aac9eafabe9620d34673f3d01adc7	68b8d3d67d6b66d1a6c2c8d4f72ff7079135b662	T4003	4003c548a314246d8c46516c4033fa5602e19c4b	assembled Spark candidate	A	evidence/fe05a/regression/rc/reset-fixture.mjs	100644	d4a62bedbb6b97a54d5bd440f6582f2eb989a461	100644	d4a62bedbb6b97a54d5bd440f6582f2eb989a461	retained_exact	-	-	source mode/blob equals target mode/blob	-
F1	fe05a	0220d350b05aac9eafabe9620d34673f3d01adc7	68b8d3d67d6b66d1a6c2c8d4f72ff7079135b662	T4003	4003c548a314246d8c46516c4033fa5602e19c4b	assembled Spark candidate	A	evidence/fe05a/regression/rc/runtime-ui-checks.mjs	100644	701c5e3da4a8e4925b8dfa12153b0bab819446c3	100644	701c5e3da4a8e4925b8dfa12153b0bab819446c3	retained_exact	-	-	source mode/blob equals target mode/blob	-
F1	fe05a	0220d350b05aac9eafabe9620d34673f3d01adc7	68b8d3d67d6b66d1a6c2c8d4f72ff7079135b662	T4003	4003c548a314246d8c46516c4033fa5602e19c4b	assembled Spark candidate	A	evidence/fe05a/regression/rc/runtime-ui-counterexamples.mjs	100644	466c230e2ca3344c5685bae04c7a13414ead6239	100644	466c230e2ca3344c5685bae04c7a13414ead6239	retained_exact	-	-	source mode/blob equals target mode/blob	-
F1	fe05a	0220d350b05aac9eafabe9620d34673f3d01adc7	68b8d3d67d6b66d1a6c2c8d4f72ff7079135b662	T4003	4003c548a314246d8c46516c4033fa5602e19c4b	assembled Spark candidate	A	evidence/fe05a/regression/rc/runtime-ui-viewport.mjs	100644	b5b31fe042158db9a667e242f846ed2ec6ee99bd	100644	b5b31fe042158db9a667e242f846ed2ec6ee99bd	retained_exact	-	-	source mode/blob equals target mode/blob	-
F1	fe05a	0220d350b05aac9eafabe9620d34673f3d01adc7	68b8d3d67d6b66d1a6c2c8d4f72ff7079135b662	T4003	4003c548a314246d8c46516c4033fa5602e19c4b	assembled Spark candidate	A	evidence/fe05a/regression/rc/seed-fixture.mjs	100644	4526c7c88e830c038a38b9c160b34061998f2fa0	100644	4526c7c88e830c038a38b9c160b34061998f2fa0	retained_exact	-	-	source mode/blob equals target mode/blob	-
F1	fe05a	0220d350b05aac9eafabe9620d34673f3d01adc7	68b8d3d67d6b66d1a6c2c8d4f72ff7079135b662	T4003	4003c548a314246d8c46516c4033fa5602e19c4b	assembled Spark candidate	A	evidence/fe05a/regression/rc/verify.mjs	100644	ea39d15351057736ab9ea68c413355a62f38c77e	100644	ea39d15351057736ab9ea68c413355a62f38c77e	retained_exact	-	-	source mode/blob equals target mode/blob	-
F1	fe05a	0220d350b05aac9eafabe9620d34673f3d01adc7	68b8d3d67d6b66d1a6c2c8d4f72ff7079135b662	T4003	4003c548a314246d8c46516c4033fa5602e19c4b	assembled Spark candidate	A	evidence/fe05a/regression/regression-exits.json	100644	094f88af7eff635c8b018eafde80aa55d49f257d	100644	094f88af7eff635c8b018eafde80aa55d49f257d	retained_exact	-	-	source mode/blob equals target mode/blob	-
F1	fe05a	0220d350b05aac9eafabe9620d34673f3d01adc7	68b8d3d67d6b66d1a6c2c8d4f72ff7079135b662	T4003	4003c548a314246d8c46516c4033fa5602e19c4b	assembled Spark candidate	A	evidence/fe05a/regression/run-regressions.py	100644	e46343255a6b8fb888b27b7b90a7ea23164c7f38	100644	e46343255a6b8fb888b27b7b90a7ea23164c7f38	retained_exact	-	-	source mode/blob equals target mode/blob	-
F1	fe05a	0220d350b05aac9eafabe9620d34673f3d01adc7	68b8d3d67d6b66d1a6c2c8d4f72ff7079135b662	T4003	4003c548a314246d8c46516c4033fa5602e19c4b	assembled Spark candidate	A	evidence/fe05a/regression/runtime/browser.mjs	100644	2b799c76056f21260d6d6ede96e3f327446cac10	100644	2b799c76056f21260d6d6ede96e3f327446cac10	retained_exact	-	-	source mode/blob equals target mode/blob	-
F1	fe05a	0220d350b05aac9eafabe9620d34673f3d01adc7	68b8d3d67d6b66d1a6c2c8d4f72ff7079135b662	T4003	4003c548a314246d8c46516c4033fa5602e19c4b	assembled Spark candidate	A	evidence/fe05a/regression/runtime/cc-s-checks.mjs	100644	1ec12409157a2d16c914e7f1d567aa0193bee392	100644	1ec12409157a2d16c914e7f1d567aa0193bee392	retained_exact	-	-	source mode/blob equals target mode/blob	-
F1	fe05a	0220d350b05aac9eafabe9620d34673f3d01adc7	68b8d3d67d6b66d1a6c2c8d4f72ff7079135b662	T4003	4003c548a314246d8c46516c4033fa5602e19c4b	assembled Spark candidate	A	evidence/fe05a/regression/runtime/cc-s-seed.mjs	100644	e375c2b1887a1f29e03d3a3645d95e5fefc74a85	100644	e375c2b1887a1f29e03d3a3645d95e5fefc74a85	retained_exact	-	-	source mode/blob equals target mode/blob	-
F1	fe05a	0220d350b05aac9eafabe9620d34673f3d01adc7	68b8d3d67d6b66d1a6c2c8d4f72ff7079135b662	T4003	4003c548a314246d8c46516c4033fa5602e19c4b	assembled Spark candidate	A	evidence/fe05a/regression/runtime/cc-w-checks.mjs	100644	e8601527c477647f488d3a5a0ac003dfae4111e6	100644	e8601527c477647f488d3a5a0ac003dfae4111e6	retained_exact	-	-	source mode/blob equals target mode/blob	-
F1	fe05a	0220d350b05aac9eafabe9620d34673f3d01adc7	68b8d3d67d6b66d1a6c2c8d4f72ff7079135b662	T4003	4003c548a314246d8c46516c4033fa5602e19c4b	assembled Spark candidate	A	evidence/fe05a/regression/runtime/cc-w-seed.mjs	100644	73f039935f9913042b342f9fd34021aa75eb4534	100644	73f039935f9913042b342f9fd34021aa75eb4534	retained_exact	-	-	source mode/blob equals target mode/blob	-
F1	fe05a	0220d350b05aac9eafabe9620d34673f3d01adc7	68b8d3d67d6b66d1a6c2c8d4f72ff7079135b662	T4003	4003c548a314246d8c46516c4033fa5602e19c4b	assembled Spark candidate	A	evidence/fe05a/regression/runtime/composition-checks.mjs	100644	431dfd3aa9ceed475eed84ecd33c50816b215fb0	100644	431dfd3aa9ceed475eed84ecd33c50816b215fb0	retained_exact	-	-	source mode/blob equals target mode/blob	-
F1	fe05a	0220d350b05aac9eafabe9620d34673f3d01adc7	68b8d3d67d6b66d1a6c2c8d4f72ff7079135b662	T4003	4003c548a314246d8c46516c4033fa5602e19c4b	assembled Spark candidate	A	evidence/fe05a/regression/runtime/counterexamples.mjs	100644	417d6986c86bbf08dce21b710b325e6973155971	100644	417d6986c86bbf08dce21b710b325e6973155971	retained_exact	-	-	source mode/blob equals target mode/blob	-
F1	fe05a	0220d350b05aac9eafabe9620d34673f3d01adc7	68b8d3d67d6b66d1a6c2c8d4f72ff7079135b662	T4003	4003c548a314246d8c46516c4033fa5602e19c4b	assembled Spark candidate	A	evidence/fe05a/regression/runtime/fe-t01.mjs	100644	d5a1c859b8c405d604508b61a804dc9e821b55fc	100644	d5a1c859b8c405d604508b61a804dc9e821b55fc	retained_exact	-	-	source mode/blob equals target mode/blob	-
F1	fe05a	0220d350b05aac9eafabe9620d34673f3d01adc7	68b8d3d67d6b66d1a6c2c8d4f72ff7079135b662	T4003	4003c548a314246d8c46516c4033fa5602e19c4b	assembled Spark candidate	A	evidence/fe05a/regression/runtime/fe-t07.mjs	100644	b7ae37756778913e184303a2895db63cad391f40	100644	b7ae37756778913e184303a2895db63cad391f40	retained_exact	-	-	source mode/blob equals target mode/blob	-
F1	fe05a	0220d350b05aac9eafabe9620d34673f3d01adc7	68b8d3d67d6b66d1a6c2c8d4f72ff7079135b662	T4003	4003c548a314246d8c46516c4033fa5602e19c4b	assembled Spark candidate	A	evidence/fe05a/regression/runtime/fe-t11.mjs	100644	e3bc8d33a915192b517fb53a2c8f37a1e0cdac44	100644	e3bc8d33a915192b517fb53a2c8f37a1e0cdac44	retained_exact	-	-	source mode/blob equals target mode/blob	-
F1	fe05a	0220d350b05aac9eafabe9620d34673f3d01adc7	68b8d3d67d6b66d1a6c2c8d4f72ff7079135b662	T4003	4003c548a314246d8c46516c4033fa5602e19c4b	assembled Spark candidate	A	evidence/fe05a/regression/runtime/models-checks.mjs	100644	02daa0efe5960165e9de6c73977a26894b42e46e	100644	02daa0efe5960165e9de6c73977a26894b42e46e	retained_exact	-	-	source mode/blob equals target mode/blob	-
F1	fe05a	0220d350b05aac9eafabe9620d34673f3d01adc7	68b8d3d67d6b66d1a6c2c8d4f72ff7079135b662	T4003	4003c548a314246d8c46516c4033fa5602e19c4b	assembled Spark candidate	A	evidence/fe05a/regression/runtime/primitive-checks.mjs	100644	702e26a6d060aef7deddcaa7c94c7687c85b5f6d	100644	702e26a6d060aef7deddcaa7c94c7687c85b5f6d	retained_exact	-	-	source mode/blob equals target mode/blob	-
F1	fe05a	0220d350b05aac9eafabe9620d34673f3d01adc7	68b8d3d67d6b66d1a6c2c8d4f72ff7079135b662	T4003	4003c548a314246d8c46516c4033fa5602e19c4b	assembled Spark candidate	A	evidence/fe05a/regression/runtime/primitive-seed.mjs	100644	dcc5749a421504c5c1528a22b4e6cf97158074c0	100644	dcc5749a421504c5c1528a22b4e6cf97158074c0	retained_exact	-	-	source mode/blob equals target mode/blob	-
F1	fe05a	0220d350b05aac9eafabe9620d34673f3d01adc7	68b8d3d67d6b66d1a6c2c8d4f72ff7079135b662	T4003	4003c548a314246d8c46516c4033fa5602e19c4b	assembled Spark candidate	A	evidence/fe05a/regression/runtime/probe-checks.mjs	100644	0f6ec750233899c37a1cac4459bbf12e03c67281	100644	0f6ec750233899c37a1cac4459bbf12e03c67281	retained_exact	-	-	source mode/blob equals target mode/blob	-
F1	fe05a	0220d350b05aac9eafabe9620d34673f3d01adc7	68b8d3d67d6b66d1a6c2c8d4f72ff7079135b662	T4003	4003c548a314246d8c46516c4033fa5602e19c4b	assembled Spark candidate	A	evidence/fe05a/regression/runtime/rc/mcp-fixture.mjs	100644	6176b27950bbff42a372f7e05c22559e69e4d2c7	100644	6176b27950bbff42a372f7e05c22559e69e4d2c7	retained_exact	-	-	source mode/blob equals target mode/blob	-
F1	fe05a	0220d350b05aac9eafabe9620d34673f3d01adc7	68b8d3d67d6b66d1a6c2c8d4f72ff7079135b662	T4003	4003c548a314246d8c46516c4033fa5602e19c4b	assembled Spark candidate	A	evidence/fe05a/regression/runtime/rc/reset-fixture.mjs	100644	d4a62bedbb6b97a54d5bd440f6582f2eb989a461	100644	d4a62bedbb6b97a54d5bd440f6582f2eb989a461	retained_exact	-	-	source mode/blob equals target mode/blob	-
F1	fe05a	0220d350b05aac9eafabe9620d34673f3d01adc7	68b8d3d67d6b66d1a6c2c8d4f72ff7079135b662	T4003	4003c548a314246d8c46516c4033fa5602e19c4b	assembled Spark candidate	A	evidence/fe05a/regression/runtime/rc/runtime-ui-checks.json	100644	280a5cb289f602da4c1ffbcdadd625bacd717efd	100644	280a5cb289f602da4c1ffbcdadd625bacd717efd	retained_exact	-	-	source mode/blob equals target mode/blob	-
F1	fe05a	0220d350b05aac9eafabe9620d34673f3d01adc7	68b8d3d67d6b66d1a6c2c8d4f72ff7079135b662	T4003	4003c548a314246d8c46516c4033fa5602e19c4b	assembled Spark candidate	A	evidence/fe05a/regression/runtime/rc/runtime-ui-checks.mjs	100644	701c5e3da4a8e4925b8dfa12153b0bab819446c3	100644	701c5e3da4a8e4925b8dfa12153b0bab819446c3	retained_exact	-	-	source mode/blob equals target mode/blob	-
F1	fe05a	0220d350b05aac9eafabe9620d34673f3d01adc7	68b8d3d67d6b66d1a6c2c8d4f72ff7079135b662	T4003	4003c548a314246d8c46516c4033fa5602e19c4b	assembled Spark candidate	A	evidence/fe05a/regression/runtime/rc/runtime-ui-counterexamples.json	100644	fa7060e0d0329037aac3706a72b24acb7449f802	100644	fa7060e0d0329037aac3706a72b24acb7449f802	retained_exact	-	-	source mode/blob equals target mode/blob	-
F1	fe05a	0220d350b05aac9eafabe9620d34673f3d01adc7	68b8d3d67d6b66d1a6c2c8d4f72ff7079135b662	T4003	4003c548a314246d8c46516c4033fa5602e19c4b	assembled Spark candidate	A	evidence/fe05a/regression/runtime/rc/runtime-ui-counterexamples.mjs	100644	466c230e2ca3344c5685bae04c7a13414ead6239	100644	466c230e2ca3344c5685bae04c7a13414ead6239	retained_exact	-	-	source mode/blob equals target mode/blob	-
F1	fe05a	0220d350b05aac9eafabe9620d34673f3d01adc7	68b8d3d67d6b66d1a6c2c8d4f72ff7079135b662	T4003	4003c548a314246d8c46516c4033fa5602e19c4b	assembled Spark candidate	A	evidence/fe05a/regression/runtime/rc/runtime-ui-viewport.json	100644	b572ca014122b5f29702d93e1c59eaec86752c96	100644	b572ca014122b5f29702d93e1c59eaec86752c96	retained_exact	-	-	source mode/blob equals target mode/blob	-
F1	fe05a	0220d350b05aac9eafabe9620d34673f3d01adc7	68b8d3d67d6b66d1a6c2c8d4f72ff7079135b662	T4003	4003c548a314246d8c46516c4033fa5602e19c4b	assembled Spark candidate	A	evidence/fe05a/regression/runtime/rc/runtime-ui-viewport.mjs	100644	b5b31fe042158db9a667e242f846ed2ec6ee99bd	100644	b5b31fe042158db9a667e242f846ed2ec6ee99bd	retained_exact	-	-	source mode/blob equals target mode/blob	-
F1	fe05a	0220d350b05aac9eafabe9620d34673f3d01adc7	68b8d3d67d6b66d1a6c2c8d4f72ff7079135b662	T4003	4003c548a314246d8c46516c4033fa5602e19c4b	assembled Spark candidate	A	evidence/fe05a/regression/runtime/rc/seed-fixture.mjs	100644	4526c7c88e830c038a38b9c160b34061998f2fa0	100644	4526c7c88e830c038a38b9c160b34061998f2fa0	retained_exact	-	-	source mode/blob equals target mode/blob	-
F1	fe05a	0220d350b05aac9eafabe9620d34673f3d01adc7	68b8d3d67d6b66d1a6c2c8d4f72ff7079135b662	T4003	4003c548a314246d8c46516c4033fa5602e19c4b	assembled Spark candidate	A	evidence/fe05a/regression/runtime/rc/verify.mjs	100644	ea39d15351057736ab9ea68c413355a62f38c77e	100644	ea39d15351057736ab9ea68c413355a62f38c77e	retained_exact	-	-	source mode/blob equals target mode/blob	-
F1	fe05a	0220d350b05aac9eafabe9620d34673f3d01adc7	68b8d3d67d6b66d1a6c2c8d4f72ff7079135b662	T4003	4003c548a314246d8c46516c4033fa5602e19c4b	assembled Spark candidate	A	evidence/fe05a/regression/runtime/seed.log	100644	20f30e0ed485658c9cea04a684d9b40d6f5d34d0	100644	20f30e0ed485658c9cea04a684d9b40d6f5d34d0	retained_exact	-	-	source mode/blob equals target mode/blob	-
F1	fe05a	0220d350b05aac9eafabe9620d34673f3d01adc7	68b8d3d67d6b66d1a6c2c8d4f72ff7079135b662	T4003	4003c548a314246d8c46516c4033fa5602e19c4b	assembled Spark candidate	A	evidence/fe05a/regression/runtime/seed.mjs	100644	69895098026457875fa6485eee95d09a17f26303	100644	69895098026457875fa6485eee95d09a17f26303	retained_exact	-	-	source mode/blob equals target mode/blob	-
F1	fe05a	0220d350b05aac9eafabe9620d34673f3d01adc7	68b8d3d67d6b66d1a6c2c8d4f72ff7079135b662	T4003	4003c548a314246d8c46516c4033fa5602e19c4b	assembled Spark candidate	A	evidence/fe05a/regression/runtime/server.log	100644	55d277663caa6432d9d01daf69522226ef6f6d7c	100644	55d277663caa6432d9d01daf69522226ef6f6d7c	retained_exact	-	-	source mode/blob equals target mode/blob	-
F1	fe05a	0220d350b05aac9eafabe9620d34673f3d01adc7	68b8d3d67d6b66d1a6c2c8d4f72ff7079135b662	T4003	4003c548a314246d8c46516c4033fa5602e19c4b	assembled Spark candidate	A	evidence/fe05a/regression/runtime/shell-checks.mjs	100644	fffa203eb7dd9517aa695fa4f3eaf6dcab0e086a	100644	fffa203eb7dd9517aa695fa4f3eaf6dcab0e086a	retained_exact	-	-	source mode/blob equals target mode/blob	-
F1	fe05a	0220d350b05aac9eafabe9620d34673f3d01adc7	68b8d3d67d6b66d1a6c2c8d4f72ff7079135b662	T4003	4003c548a314246d8c46516c4033fa5602e19c4b	assembled Spark candidate	A	evidence/fe05a/regression/runtime/work-seed.mjs	100644	96b33d0052af29d1bf850fc0caf2c06da071dc2c	100644	96b33d0052af29d1bf850fc0caf2c06da071dc2c	retained_exact	-	-	source mode/blob equals target mode/blob	-
F1	fe05a	0220d350b05aac9eafabe9620d34673f3d01adc7	68b8d3d67d6b66d1a6c2c8d4f72ff7079135b662	T4003	4003c548a314246d8c46516c4033fa5602e19c4b	assembled Spark candidate	A	evidence/fe05a/regression/seed.mjs	100644	69895098026457875fa6485eee95d09a17f26303	100644	69895098026457875fa6485eee95d09a17f26303	retained_exact	-	-	source mode/blob equals target mode/blob	-
F1	fe05a	0220d350b05aac9eafabe9620d34673f3d01adc7	68b8d3d67d6b66d1a6c2c8d4f72ff7079135b662	T4003	4003c548a314246d8c46516c4033fa5602e19c4b	assembled Spark candidate	A	evidence/fe05a/regression/settings-extra/fe-t01-rows.json	100644	5ea82673144989f58d87a1853129d87dabcbaa0e	100644	5ea82673144989f58d87a1853129d87dabcbaa0e	retained_exact	-	-	source mode/blob equals target mode/blob	-
F1	fe05a	0220d350b05aac9eafabe9620d34673f3d01adc7	68b8d3d67d6b66d1a6c2c8d4f72ff7079135b662	T4003	4003c548a314246d8c46516c4033fa5602e19c4b	assembled Spark candidate	A	evidence/fe05a/regression/settings-extra/probe.log	100644	5c2268d76c7fc4e663045736e42217935c1224e5	100644	5c2268d76c7fc4e663045736e42217935c1224e5	retained_exact	-	-	source mode/blob equals target mode/blob	-
F1	fe05a	0220d350b05aac9eafabe9620d34673f3d01adc7	68b8d3d67d6b66d1a6c2c8d4f72ff7079135b662	T4003	4003c548a314246d8c46516c4033fa5602e19c4b	assembled Spark candidate	A	evidence/fe05a/regression/settings-extra/rows.log	100644	b7e3b26ced0716ed31959dae135af9a221e284cb	100644	b7e3b26ced0716ed31959dae135af9a221e284cb	retained_exact	-	-	source mode/blob equals target mode/blob	-
F1	fe05a	0220d350b05aac9eafabe9620d34673f3d01adc7	68b8d3d67d6b66d1a6c2c8d4f72ff7079135b662	T4003	4003c548a314246d8c46516c4033fa5602e19c4b	assembled Spark candidate	A	evidence/fe05a/regression/settings/browser.mjs	100644	2b799c76056f21260d6d6ede96e3f327446cac10	100644	2b799c76056f21260d6d6ede96e3f327446cac10	retained_exact	-	-	source mode/blob equals target mode/blob	-
F1	fe05a	0220d350b05aac9eafabe9620d34673f3d01adc7	68b8d3d67d6b66d1a6c2c8d4f72ff7079135b662	T4003	4003c548a314246d8c46516c4033fa5602e19c4b	assembled Spark candidate	A	evidence/fe05a/regression/settings/cc-s-checks.mjs	100644	1ec12409157a2d16c914e7f1d567aa0193bee392	100644	1ec12409157a2d16c914e7f1d567aa0193bee392	retained_exact	-	-	source mode/blob equals target mode/blob	-
F1	fe05a	0220d350b05aac9eafabe9620d34673f3d01adc7	68b8d3d67d6b66d1a6c2c8d4f72ff7079135b662	T4003	4003c548a314246d8c46516c4033fa5602e19c4b	assembled Spark candidate	A	evidence/fe05a/regression/settings/cc-s-seed.mjs	100644	e375c2b1887a1f29e03d3a3645d95e5fefc74a85	100644	e375c2b1887a1f29e03d3a3645d95e5fefc74a85	retained_exact	-	-	source mode/blob equals target mode/blob	-
F1	fe05a	0220d350b05aac9eafabe9620d34673f3d01adc7	68b8d3d67d6b66d1a6c2c8d4f72ff7079135b662	T4003	4003c548a314246d8c46516c4033fa5602e19c4b	assembled Spark candidate	A	evidence/fe05a/regression/settings/cc-w-checks.mjs	100644	e8601527c477647f488d3a5a0ac003dfae4111e6	100644	e8601527c477647f488d3a5a0ac003dfae4111e6	retained_exact	-	-	source mode/blob equals target mode/blob	-
F1	fe05a	0220d350b05aac9eafabe9620d34673f3d01adc7	68b8d3d67d6b66d1a6c2c8d4f72ff7079135b662	T4003	4003c548a314246d8c46516c4033fa5602e19c4b	assembled Spark candidate	A	evidence/fe05a/regression/settings/cc-w-seed.mjs	100644	73f039935f9913042b342f9fd34021aa75eb4534	100644	73f039935f9913042b342f9fd34021aa75eb4534	retained_exact	-	-	source mode/blob equals target mode/blob	-
F1	fe05a	0220d350b05aac9eafabe9620d34673f3d01adc7	68b8d3d67d6b66d1a6c2c8d4f72ff7079135b662	T4003	4003c548a314246d8c46516c4033fa5602e19c4b	assembled Spark candidate	A	evidence/fe05a/regression/settings/composition-checks.mjs	100644	431dfd3aa9ceed475eed84ecd33c50816b215fb0	100644	431dfd3aa9ceed475eed84ecd33c50816b215fb0	retained_exact	-	-	source mode/blob equals target mode/blob	-
F1	fe05a	0220d350b05aac9eafabe9620d34673f3d01adc7	68b8d3d67d6b66d1a6c2c8d4f72ff7079135b662	T4003	4003c548a314246d8c46516c4033fa5602e19c4b	assembled Spark candidate	A	evidence/fe05a/regression/settings/counterexamples.mjs	100644	417d6986c86bbf08dce21b710b325e6973155971	100644	417d6986c86bbf08dce21b710b325e6973155971	retained_exact	-	-	source mode/blob equals target mode/blob	-
F1	fe05a	0220d350b05aac9eafabe9620d34673f3d01adc7	68b8d3d67d6b66d1a6c2c8d4f72ff7079135b662	T4003	4003c548a314246d8c46516c4033fa5602e19c4b	assembled Spark candidate	A	evidence/fe05a/regression/settings/fe-t01-rows.json	100644	5ea82673144989f58d87a1853129d87dabcbaa0e	100644	5ea82673144989f58d87a1853129d87dabcbaa0e	retained_exact	-	-	source mode/blob equals target mode/blob	-
F1	fe05a	0220d350b05aac9eafabe9620d34673f3d01adc7	68b8d3d67d6b66d1a6c2c8d4f72ff7079135b662	T4003	4003c548a314246d8c46516c4033fa5602e19c4b	assembled Spark candidate	A	evidence/fe05a/regression/settings/fe-t01.mjs	100644	d5a1c859b8c405d604508b61a804dc9e821b55fc	100644	d5a1c859b8c405d604508b61a804dc9e821b55fc	retained_exact	-	-	source mode/blob equals target mode/blob	-
F1	fe05a	0220d350b05aac9eafabe9620d34673f3d01adc7	68b8d3d67d6b66d1a6c2c8d4f72ff7079135b662	T4003	4003c548a314246d8c46516c4033fa5602e19c4b	assembled Spark candidate	A	evidence/fe05a/regression/settings/fe-t07.mjs	100644	b7ae37756778913e184303a2895db63cad391f40	100644	b7ae37756778913e184303a2895db63cad391f40	retained_exact	-	-	source mode/blob equals target mode/blob	-
F1	fe05a	0220d350b05aac9eafabe9620d34673f3d01adc7	68b8d3d67d6b66d1a6c2c8d4f72ff7079135b662	T4003	4003c548a314246d8c46516c4033fa5602e19c4b	assembled Spark candidate	A	evidence/fe05a/regression/settings/fe-t11.mjs	100644	e3bc8d33a915192b517fb53a2c8f37a1e0cdac44	100644	e3bc8d33a915192b517fb53a2c8f37a1e0cdac44	retained_exact	-	-	source mode/blob equals target mode/blob	-
F1	fe05a	0220d350b05aac9eafabe9620d34673f3d01adc7	68b8d3d67d6b66d1a6c2c8d4f72ff7079135b662	T4003	4003c548a314246d8c46516c4033fa5602e19c4b	assembled Spark candidate	A	evidence/fe05a/regression/settings/models-checks.json	100644	5657d78dcccb013ffd89457b3a5f8cdba3873bcd	100644	5657d78dcccb013ffd89457b3a5f8cdba3873bcd	retained_exact	-	-	source mode/blob equals target mode/blob	-
F1	fe05a	0220d350b05aac9eafabe9620d34673f3d01adc7	68b8d3d67d6b66d1a6c2c8d4f72ff7079135b662	T4003	4003c548a314246d8c46516c4033fa5602e19c4b	assembled Spark candidate	A	evidence/fe05a/regression/settings/models-checks.mjs	100644	02daa0efe5960165e9de6c73977a26894b42e46e	100644	02daa0efe5960165e9de6c73977a26894b42e46e	retained_exact	-	-	source mode/blob equals target mode/blob	-
F1	fe05a	0220d350b05aac9eafabe9620d34673f3d01adc7	68b8d3d67d6b66d1a6c2c8d4f72ff7079135b662	T4003	4003c548a314246d8c46516c4033fa5602e19c4b	assembled Spark candidate	A	evidence/fe05a/regression/settings/models.log	100644	9a8f85ff4a3f24396c4d676726913a69f320f5c9	100644	9a8f85ff4a3f24396c4d676726913a69f320f5c9	retained_exact	-	-	source mode/blob equals target mode/blob	-
F1	fe05a	0220d350b05aac9eafabe9620d34673f3d01adc7	68b8d3d67d6b66d1a6c2c8d4f72ff7079135b662	T4003	4003c548a314246d8c46516c4033fa5602e19c4b	assembled Spark candidate	A	evidence/fe05a/regression/settings/primitive-checks.mjs	100644	702e26a6d060aef7deddcaa7c94c7687c85b5f6d	100644	702e26a6d060aef7deddcaa7c94c7687c85b5f6d	retained_exact	-	-	source mode/blob equals target mode/blob	-
F1	fe05a	0220d350b05aac9eafabe9620d34673f3d01adc7	68b8d3d67d6b66d1a6c2c8d4f72ff7079135b662	T4003	4003c548a314246d8c46516c4033fa5602e19c4b	assembled Spark candidate	A	evidence/fe05a/regression/settings/primitive-seed.mjs	100644	dcc5749a421504c5c1528a22b4e6cf97158074c0	100644	dcc5749a421504c5c1528a22b4e6cf97158074c0	retained_exact	-	-	source mode/blob equals target mode/blob	-
F1	fe05a	0220d350b05aac9eafabe9620d34673f3d01adc7	68b8d3d67d6b66d1a6c2c8d4f72ff7079135b662	T4003	4003c548a314246d8c46516c4033fa5602e19c4b	assembled Spark candidate	A	evidence/fe05a/regression/settings/probe-checks.json	100644	caaecd7dbe6fef0e5df4f1a976e8429fd5bea357	100644	caaecd7dbe6fef0e5df4f1a976e8429fd5bea357	retained_exact	-	-	source mode/blob equals target mode/blob	-
F1	fe05a	0220d350b05aac9eafabe9620d34673f3d01adc7	68b8d3d67d6b66d1a6c2c8d4f72ff7079135b662	T4003	4003c548a314246d8c46516c4033fa5602e19c4b	assembled Spark candidate	A	evidence/fe05a/regression/settings/probe-checks.mjs	100644	0f6ec750233899c37a1cac4459bbf12e03c67281	100644	0f6ec750233899c37a1cac4459bbf12e03c67281	retained_exact	-	-	source mode/blob equals target mode/blob	-
F1	fe05a	0220d350b05aac9eafabe9620d34673f3d01adc7	68b8d3d67d6b66d1a6c2c8d4f72ff7079135b662	T4003	4003c548a314246d8c46516c4033fa5602e19c4b	assembled Spark candidate	A	evidence/fe05a/regression/settings/seed.log	100644	6999336f160ec345d8a2d125a350b85b1856d3fb	100644	6999336f160ec345d8a2d125a350b85b1856d3fb	retained_exact	-	-	source mode/blob equals target mode/blob	-
F1	fe05a	0220d350b05aac9eafabe9620d34673f3d01adc7	68b8d3d67d6b66d1a6c2c8d4f72ff7079135b662	T4003	4003c548a314246d8c46516c4033fa5602e19c4b	assembled Spark candidate	A	evidence/fe05a/regression/settings/seed.mjs	100644	69895098026457875fa6485eee95d09a17f26303	100644	69895098026457875fa6485eee95d09a17f26303	retained_exact	-	-	source mode/blob equals target mode/blob	-
F1	fe05a	0220d350b05aac9eafabe9620d34673f3d01adc7	68b8d3d67d6b66d1a6c2c8d4f72ff7079135b662	T4003	4003c548a314246d8c46516c4033fa5602e19c4b	assembled Spark candidate	A	evidence/fe05a/regression/settings/server.log	100644	5cc3299d4a1f026f6cd3091042c49fa5296a4a24	100644	5cc3299d4a1f026f6cd3091042c49fa5296a4a24	retained_exact	-	-	source mode/blob equals target mode/blob	-
F1	fe05a	0220d350b05aac9eafabe9620d34673f3d01adc7	68b8d3d67d6b66d1a6c2c8d4f72ff7079135b662	T4003	4003c548a314246d8c46516c4033fa5602e19c4b	assembled Spark candidate	A	evidence/fe05a/regression/settings/settings-models-1440-light.png	100644	dce0d628a0cc192d754613664432b4c0c8a91d9c	100644	dce0d628a0cc192d754613664432b4c0c8a91d9c	retained_exact	-	-	source mode/blob equals target mode/blob	-
F1	fe05a	0220d350b05aac9eafabe9620d34673f3d01adc7	68b8d3d67d6b66d1a6c2c8d4f72ff7079135b662	T4003	4003c548a314246d8c46516c4033fa5602e19c4b	assembled Spark candidate	A	evidence/fe05a/regression/settings/settings-models-390-light.png	100644	a38bd439217602b9bb71cb6d2aac884aee3d7a02	100644	a38bd439217602b9bb71cb6d2aac884aee3d7a02	retained_exact	-	-	source mode/blob equals target mode/blob	-
F1	fe05a	0220d350b05aac9eafabe9620d34673f3d01adc7	68b8d3d67d6b66d1a6c2c8d4f72ff7079135b662	T4003	4003c548a314246d8c46516c4033fa5602e19c4b	assembled Spark candidate	A	evidence/fe05a/regression/settings/settings-models-add-1440-light.png	100644	2d2b747f5f7c408d25a5d0677cbd6dc2ae78e797	100644	2d2b747f5f7c408d25a5d0677cbd6dc2ae78e797	retained_exact	-	-	source mode/blob equals target mode/blob	-
F1	fe05a	0220d350b05aac9eafabe9620d34673f3d01adc7	68b8d3d67d6b66d1a6c2c8d4f72ff7079135b662	T4003	4003c548a314246d8c46516c4033fa5602e19c4b	assembled Spark candidate	A	evidence/fe05a/regression/settings/settings-models-probe-1440-light.png	100644	070b29c223b6b1c1ebb4462b0e0e4ba69b8485e8	100644	070b29c223b6b1c1ebb4462b0e0e4ba69b8485e8	retained_exact	-	-	source mode/blob equals target mode/blob	-
F1	fe05a	0220d350b05aac9eafabe9620d34673f3d01adc7	68b8d3d67d6b66d1a6c2c8d4f72ff7079135b662	T4003	4003c548a314246d8c46516c4033fa5602e19c4b	assembled Spark candidate	A	evidence/fe05a/regression/settings/settings-tools-1440-light.png	100644	01872391dd8c6b50d774a79bf3d18a7520f8828f	100644	01872391dd8c6b50d774a79bf3d18a7520f8828f	retained_exact	-	-	source mode/blob equals target mode/blob	-
F1	fe05a	0220d350b05aac9eafabe9620d34673f3d01adc7	68b8d3d67d6b66d1a6c2c8d4f72ff7079135b662	T4003	4003c548a314246d8c46516c4033fa5602e19c4b	assembled Spark candidate	A	evidence/fe05a/regression/settings/shell-checks.mjs	100644	fffa203eb7dd9517aa695fa4f3eaf6dcab0e086a	100644	fffa203eb7dd9517aa695fa4f3eaf6dcab0e086a	retained_exact	-	-	source mode/blob equals target mode/blob	-
F1	fe05a	0220d350b05aac9eafabe9620d34673f3d01adc7	68b8d3d67d6b66d1a6c2c8d4f72ff7079135b662	T4003	4003c548a314246d8c46516c4033fa5602e19c4b	assembled Spark candidate	A	evidence/fe05a/regression/settings/work-seed.mjs	100644	7ec040eb22ee020c9749436d010867aa2c0aa9dc	100644	7ec040eb22ee020c9749436d010867aa2c0aa9dc	retained_exact	-	-	source mode/blob equals target mode/blob	-
F1	fe05a	0220d350b05aac9eafabe9620d34673f3d01adc7	68b8d3d67d6b66d1a6c2c8d4f72ff7079135b662	T4003	4003c548a314246d8c46516c4033fa5602e19c4b	assembled Spark candidate	A	evidence/fe05a/regression/shell-checks.mjs	100644	fffa203eb7dd9517aa695fa4f3eaf6dcab0e086a	100644	fffa203eb7dd9517aa695fa4f3eaf6dcab0e086a	retained_exact	-	-	source mode/blob equals target mode/blob	-
F1	fe05a	0220d350b05aac9eafabe9620d34673f3d01adc7	68b8d3d67d6b66d1a6c2c8d4f72ff7079135b662	T4003	4003c548a314246d8c46516c4033fa5602e19c4b	assembled Spark candidate	A	evidence/fe05a/regression/shell/browser.mjs	100644	2b799c76056f21260d6d6ede96e3f327446cac10	100644	2b799c76056f21260d6d6ede96e3f327446cac10	retained_exact	-	-	source mode/blob equals target mode/blob	-
F1	fe05a	0220d350b05aac9eafabe9620d34673f3d01adc7	68b8d3d67d6b66d1a6c2c8d4f72ff7079135b662	T4003	4003c548a314246d8c46516c4033fa5602e19c4b	assembled Spark candidate	A	evidence/fe05a/regression/shell/chat-1440-light.png	100644	cf2e686c514966c103c2de6c0793e46eeb2764cc	100644	cf2e686c514966c103c2de6c0793e46eeb2764cc	retained_exact	-	-	source mode/blob equals target mode/blob	-
F1	fe05a	0220d350b05aac9eafabe9620d34673f3d01adc7	68b8d3d67d6b66d1a6c2c8d4f72ff7079135b662	T4003	4003c548a314246d8c46516c4033fa5602e19c4b	assembled Spark candidate	A	evidence/fe05a/regression/shell/continue-in-work-1440-light.png	100644	ca46313ab05a82bc61a5fce9193af7a8e78afb01	100644	ca46313ab05a82bc61a5fce9193af7a8e78afb01	retained_exact	-	-	source mode/blob equals target mode/blob	-
F1	fe05a	0220d350b05aac9eafabe9620d34673f3d01adc7	68b8d3d67d6b66d1a6c2c8d4f72ff7079135b662	T4003	4003c548a314246d8c46516c4033fa5602e19c4b	assembled Spark candidate	A	evidence/fe05a/regression/shell/seed.log	100644	ca6eda4d563d72543c68aea8e08158b33c4a468c	100644	ca6eda4d563d72543c68aea8e08158b33c4a468c	retained_exact	-	-	source mode/blob equals target mode/blob	-
F1	fe05a	0220d350b05aac9eafabe9620d34673f3d01adc7	68b8d3d67d6b66d1a6c2c8d4f72ff7079135b662	T4003	4003c548a314246d8c46516c4033fa5602e19c4b	assembled Spark candidate	A	evidence/fe05a/regression/shell/server.log	100644	5cc3299d4a1f026f6cd3091042c49fa5296a4a24	100644	5cc3299d4a1f026f6cd3091042c49fa5296a4a24	retained_exact	-	-	source mode/blob equals target mode/blob	-
F1	fe05a	0220d350b05aac9eafabe9620d34673f3d01adc7	68b8d3d67d6b66d1a6c2c8d4f72ff7079135b662	T4003	4003c548a314246d8c46516c4033fa5602e19c4b	assembled Spark candidate	A	evidence/fe05a/regression/shell/settings-memory-1440-light.png	100644	fa1b4c69ce477d4949d30300ef1dd2ffc4660662	100644	fa1b4c69ce477d4949d30300ef1dd2ffc4660662	retained_exact	-	-	source mode/blob equals target mode/blob	-
F1	fe05a	0220d350b05aac9eafabe9620d34673f3d01adc7	68b8d3d67d6b66d1a6c2c8d4f72ff7079135b662	T4003	4003c548a314246d8c46516c4033fa5602e19c4b	assembled Spark candidate	A	evidence/fe05a/regression/shell/shell-checks.json	100644	74a1f60e56a31f88f9a403c2fbfa5191f8150411	100644	74a1f60e56a31f88f9a403c2fbfa5191f8150411	retained_exact	-	-	source mode/blob equals target mode/blob	-
F1	fe05a	0220d350b05aac9eafabe9620d34673f3d01adc7	68b8d3d67d6b66d1a6c2c8d4f72ff7079135b662	T4003	4003c548a314246d8c46516c4033fa5602e19c4b	assembled Spark candidate	A	evidence/fe05a/regression/shell/shell-checks.mjs	100644	fffa203eb7dd9517aa695fa4f3eaf6dcab0e086a	100644	fffa203eb7dd9517aa695fa4f3eaf6dcab0e086a	retained_exact	-	-	source mode/blob equals target mode/blob	-
F1	fe05a	0220d350b05aac9eafabe9620d34673f3d01adc7	68b8d3d67d6b66d1a6c2c8d4f72ff7079135b662	T4003	4003c548a314246d8c46516c4033fa5602e19c4b	assembled Spark candidate	A	evidence/fe05a/regression/shell/shell.log	100644	916815d2c63ed809bb97b685aba7cd4e2c86dc4d	100644	916815d2c63ed809bb97b685aba7cd4e2c86dc4d	retained_exact	-	-	source mode/blob equals target mode/blob	-
F1	fe05a	0220d350b05aac9eafabe9620d34673f3d01adc7	68b8d3d67d6b66d1a6c2c8d4f72ff7079135b662	T4003	4003c548a314246d8c46516c4033fa5602e19c4b	assembled Spark candidate	A	evidence/fe05a/regression/shell/work-1440-light.png	100644	eadd0bc8c8403b3e4af07f4dd607a01d1a3ab744	100644	eadd0bc8c8403b3e4af07f4dd607a01d1a3ab744	retained_exact	-	-	source mode/blob equals target mode/blob	-
F1	fe05a	0220d350b05aac9eafabe9620d34673f3d01adc7	68b8d3d67d6b66d1a6c2c8d4f72ff7079135b662	T4003	4003c548a314246d8c46516c4033fa5602e19c4b	assembled Spark candidate	A	evidence/fe05a/regression/shell/work-390-light.png	100644	b3f0b015bcc75d7909856f80bdb877c792f2d432	100644	b3f0b015bcc75d7909856f80bdb877c792f2d432	retained_exact	-	-	source mode/blob equals target mode/blob	-
F1	fe05a	0220d350b05aac9eafabe9620d34673f3d01adc7	68b8d3d67d6b66d1a6c2c8d4f72ff7079135b662	T4003	4003c548a314246d8c46516c4033fa5602e19c4b	assembled Spark candidate	A	evidence/fe05a/regression/shell/work-seed.json	100644	7ca87ef6c7b90f9a58c0050103ae19452ea094d2	100644	7ca87ef6c7b90f9a58c0050103ae19452ea094d2	retained_exact	-	-	source mode/blob equals target mode/blob	-
F1	fe05a	0220d350b05aac9eafabe9620d34673f3d01adc7	68b8d3d67d6b66d1a6c2c8d4f72ff7079135b662	T4003	4003c548a314246d8c46516c4033fa5602e19c4b	assembled Spark candidate	A	evidence/fe05a/regression/shell/work-seed.mjs	100644	96b33d0052af29d1bf850fc0caf2c06da071dc2c	100644	96b33d0052af29d1bf850fc0caf2c06da071dc2c	retained_exact	-	-	source mode/blob equals target mode/blob	-
F1	fe05a	0220d350b05aac9eafabe9620d34673f3d01adc7	68b8d3d67d6b66d1a6c2c8d4f72ff7079135b662	T4003	4003c548a314246d8c46516c4033fa5602e19c4b	assembled Spark candidate	A	evidence/fe05a/regression/work-seed.mjs	100644	09a0d28685b9f5cbb7d6705c56d11aae78379107	100644	09a0d28685b9f5cbb7d6705c56d11aae78379107	retained_exact	-	-	source mode/blob equals target mode/blob	-
F1	fe05a	0220d350b05aac9eafabe9620d34673f3d01adc7	68b8d3d67d6b66d1a6c2c8d4f72ff7079135b662	T4003	4003c548a314246d8c46516c4033fa5602e19c4b	assembled Spark candidate	A	evidence/fe05a/screenshots/home-modules-1440x900-large-v1.png	100644	19578ef3bd51556962c87c800bcfefdab2a68af6	100644	19578ef3bd51556962c87c800bcfefdab2a68af6	retained_exact	-	-	source mode/blob equals target mode/blob	-
F1	fe05a	0220d350b05aac9eafabe9620d34673f3d01adc7	68b8d3d67d6b66d1a6c2c8d4f72ff7079135b662	T4003	4003c548a314246d8c46516c4033fa5602e19c4b	assembled Spark candidate	A	evidence/fe05a/screenshots/home-modules-1440x900-medium-v1.png	100644	bda5fea75aa5116294956f1389e323039da8a9d2	100644	bda5fea75aa5116294956f1389e323039da8a9d2	retained_exact	-	-	source mode/blob equals target mode/blob	-
F1	fe05a	0220d350b05aac9eafabe9620d34673f3d01adc7	68b8d3d67d6b66d1a6c2c8d4f72ff7079135b662	T4003	4003c548a314246d8c46516c4033fa5602e19c4b	assembled Spark candidate	A	evidence/fe05a/screenshots/home-modules-1440x900-small-v1.png	100644	7c15ee4a1a2f88f1d886c614349eabae9081b1aa	100644	7c15ee4a1a2f88f1d886c614349eabae9081b1aa	retained_exact	-	-	source mode/blob equals target mode/blob	-
F1	fe05a	0220d350b05aac9eafabe9620d34673f3d01adc7	68b8d3d67d6b66d1a6c2c8d4f72ff7079135b662	T4003	4003c548a314246d8c46516c4033fa5602e19c4b	assembled Spark candidate	A	evidence/fe05a/screenshots/settings-1440-dark-baseline-repaired.png	100644	ad57d0923e581f8a803e8f815d498db60f542fbc	100644	ad57d0923e581f8a803e8f815d498db60f542fbc	retained_exact	-	-	source mode/blob equals target mode/blob	-
F1	fe05a	0220d350b05aac9eafabe9620d34673f3d01adc7	68b8d3d67d6b66d1a6c2c8d4f72ff7079135b662	T4003	4003c548a314246d8c46516c4033fa5602e19c4b	assembled Spark candidate	A	evidence/fe05a/screenshots/settings-1440-dark-shape-baseline.png	100644	ad57d0923e581f8a803e8f815d498db60f542fbc	100644	ad57d0923e581f8a803e8f815d498db60f542fbc	retained_exact	-	-	source mode/blob equals target mode/blob	-
F1	fe05a	0220d350b05aac9eafabe9620d34673f3d01adc7	68b8d3d67d6b66d1a6c2c8d4f72ff7079135b662	T4003	4003c548a314246d8c46516c4033fa5602e19c4b	assembled Spark candidate	A	evidence/fe05a/screenshots/settings-1440-dark-v1.png	100644	7140e7d92cdfd7245027dede50050fd8844099ff	100644	7140e7d92cdfd7245027dede50050fd8844099ff	retained_exact	-	-	source mode/blob equals target mode/blob	-
F1	fe05a	0220d350b05aac9eafabe9620d34673f3d01adc7	68b8d3d67d6b66d1a6c2c8d4f72ff7079135b662	T4003	4003c548a314246d8c46516c4033fa5602e19c4b	assembled Spark candidate	A	evidence/fe05a/screenshots/settings-1440-light-baseline-repaired.png	100644	c2fb2479edc2f886f9be08002b01e1d6bd73d861	100644	c2fb2479edc2f886f9be08002b01e1d6bd73d861	retained_exact	-	-	source mode/blob equals target mode/blob	-
F1	fe05a	0220d350b05aac9eafabe9620d34673f3d01adc7	68b8d3d67d6b66d1a6c2c8d4f72ff7079135b662	T4003	4003c548a314246d8c46516c4033fa5602e19c4b	assembled Spark candidate	A	evidence/fe05a/screenshots/settings-1440-light-shape-baseline.png	100644	c2fb2479edc2f886f9be08002b01e1d6bd73d861	100644	c2fb2479edc2f886f9be08002b01e1d6bd73d861	retained_exact	-	-	source mode/blob equals target mode/blob	-
F1	fe05a	0220d350b05aac9eafabe9620d34673f3d01adc7	68b8d3d67d6b66d1a6c2c8d4f72ff7079135b662	T4003	4003c548a314246d8c46516c4033fa5602e19c4b	assembled Spark candidate	A	evidence/fe05a/screenshots/settings-1440-light-v1.png	100644	4e4f08b871008e0e696aaafa13cdcc519ddea240	100644	4e4f08b871008e0e696aaafa13cdcc519ddea240	retained_exact	-	-	source mode/blob equals target mode/blob	-
F1	fe05a	0220d350b05aac9eafabe9620d34673f3d01adc7	68b8d3d67d6b66d1a6c2c8d4f72ff7079135b662	T4003	4003c548a314246d8c46516c4033fa5602e19c4b	assembled Spark candidate	A	evidence/fe05a/screenshots/settings-390-dark-baseline-repaired.png	100644	f242a6e141ddb94c878134f0235fababf0840936	100644	f242a6e141ddb94c878134f0235fababf0840936	retained_exact	-	-	source mode/blob equals target mode/blob	-
F1	fe05a	0220d350b05aac9eafabe9620d34673f3d01adc7	68b8d3d67d6b66d1a6c2c8d4f72ff7079135b662	T4003	4003c548a314246d8c46516c4033fa5602e19c4b	assembled Spark candidate	A	evidence/fe05a/screenshots/settings-390-dark-shape-baseline.png	100644	f242a6e141ddb94c878134f0235fababf0840936	100644	f242a6e141ddb94c878134f0235fababf0840936	retained_exact	-	-	source mode/blob equals target mode/blob	-
F1	fe05a	0220d350b05aac9eafabe9620d34673f3d01adc7	68b8d3d67d6b66d1a6c2c8d4f72ff7079135b662	T4003	4003c548a314246d8c46516c4033fa5602e19c4b	assembled Spark candidate	A	evidence/fe05a/screenshots/settings-390-dark-v1.png	100644	b89a6f3a5feed3b03e6364064420dfaefe78ef57	100644	b89a6f3a5feed3b03e6364064420dfaefe78ef57	retained_exact	-	-	source mode/blob equals target mode/blob	-
F1	fe05a	0220d350b05aac9eafabe9620d34673f3d01adc7	68b8d3d67d6b66d1a6c2c8d4f72ff7079135b662	T4003	4003c548a314246d8c46516c4033fa5602e19c4b	assembled Spark candidate	A	evidence/fe05a/screenshots/settings-390-light-baseline-repaired.png	100644	f6dcdba7edafa8e588dd98b1703972080bbfd1ff	100644	f6dcdba7edafa8e588dd98b1703972080bbfd1ff	retained_exact	-	-	source mode/blob equals target mode/blob	-
F1	fe05a	0220d350b05aac9eafabe9620d34673f3d01adc7	68b8d3d67d6b66d1a6c2c8d4f72ff7079135b662	T4003	4003c548a314246d8c46516c4033fa5602e19c4b	assembled Spark candidate	A	evidence/fe05a/screenshots/settings-390-light-shape-baseline.png	100644	f6dcdba7edafa8e588dd98b1703972080bbfd1ff	100644	f6dcdba7edafa8e588dd98b1703972080bbfd1ff	retained_exact	-	-	source mode/blob equals target mode/blob	-
F1	fe05a	0220d350b05aac9eafabe9620d34673f3d01adc7	68b8d3d67d6b66d1a6c2c8d4f72ff7079135b662	T4003	4003c548a314246d8c46516c4033fa5602e19c4b	assembled Spark candidate	A	evidence/fe05a/screenshots/settings-390-light-v1.png	100644	3d136d3c8cbac0b0129dedb1684e99c990211479	100644	3d136d3c8cbac0b0129dedb1684e99c990211479	retained_exact	-	-	source mode/blob equals target mode/blob	-
F1	fe05a	0220d350b05aac9eafabe9620d34673f3d01adc7	68b8d3d67d6b66d1a6c2c8d4f72ff7079135b662	T4003	4003c548a314246d8c46516c4033fa5602e19c4b	assembled Spark candidate	A	evidence/fe05a/screenshots/work-cancel-1440-dark-baseline-repaired.png	100644	994e4ca6bb5f45073aa0812d144575449d62b3a2	100644	994e4ca6bb5f45073aa0812d144575449d62b3a2	retained_exact	-	-	source mode/blob equals target mode/blob	-
F1	fe05a	0220d350b05aac9eafabe9620d34673f3d01adc7	68b8d3d67d6b66d1a6c2c8d4f72ff7079135b662	T4003	4003c548a314246d8c46516c4033fa5602e19c4b	assembled Spark candidate	A	evidence/fe05a/screenshots/work-cancel-1440-dark-shape-baseline.png	100644	52d008b70d27a7e8f5525dd04f567fabe078daed	100644	52d008b70d27a7e8f5525dd04f567fabe078daed	retained_exact	-	-	source mode/blob equals target mode/blob	-
F1	fe05a	0220d350b05aac9eafabe9620d34673f3d01adc7	68b8d3d67d6b66d1a6c2c8d4f72ff7079135b662	T4003	4003c548a314246d8c46516c4033fa5602e19c4b	assembled Spark candidate	A	evidence/fe05a/screenshots/work-cancel-1440-dark-v1.png	100644	d9e27ffab2b08b449f948f5eafe8c30c9876c490	100644	d9e27ffab2b08b449f948f5eafe8c30c9876c490	retained_exact	-	-	source mode/blob equals target mode/blob	-
F1	fe05a	0220d350b05aac9eafabe9620d34673f3d01adc7	68b8d3d67d6b66d1a6c2c8d4f72ff7079135b662	T4003	4003c548a314246d8c46516c4033fa5602e19c4b	assembled Spark candidate	A	evidence/fe05a/screenshots/work-cancel-1440-light-baseline-repaired.png	100644	2806145918294c7b473672e428f047a2e982a892	100644	2806145918294c7b473672e428f047a2e982a892	retained_exact	-	-	source mode/blob equals target mode/blob	-
F1	fe05a	0220d350b05aac9eafabe9620d34673f3d01adc7	68b8d3d67d6b66d1a6c2c8d4f72ff7079135b662	T4003	4003c548a314246d8c46516c4033fa5602e19c4b	assembled Spark candidate	A	evidence/fe05a/screenshots/work-cancel-1440-light-shape-baseline.png	100644	1ab788ee544ae43ad010bfd746a679ae7a007eea	100644	1ab788ee544ae43ad010bfd746a679ae7a007eea	retained_exact	-	-	source mode/blob equals target mode/blob	-
F1	fe05a	0220d350b05aac9eafabe9620d34673f3d01adc7	68b8d3d67d6b66d1a6c2c8d4f72ff7079135b662	T4003	4003c548a314246d8c46516c4033fa5602e19c4b	assembled Spark candidate	A	evidence/fe05a/screenshots/work-cancel-1440-light-v1.png	100644	3804db64b8ee929af567fb7d0bc4257723c47572	100644	3804db64b8ee929af567fb7d0bc4257723c47572	retained_exact	-	-	source mode/blob equals target mode/blob	-
F1	fe05a	0220d350b05aac9eafabe9620d34673f3d01adc7	68b8d3d67d6b66d1a6c2c8d4f72ff7079135b662	T4003	4003c548a314246d8c46516c4033fa5602e19c4b	assembled Spark candidate	A	evidence/fe05a/screenshots/work-cancel-390-dark-baseline-repaired.png	100644	2009226f31e44a37497f72daf85b0ed61d914914	100644	2009226f31e44a37497f72daf85b0ed61d914914	retained_exact	-	-	source mode/blob equals target mode/blob	-
F1	fe05a	0220d350b05aac9eafabe9620d34673f3d01adc7	68b8d3d67d6b66d1a6c2c8d4f72ff7079135b662	T4003	4003c548a314246d8c46516c4033fa5602e19c4b	assembled Spark candidate	A	evidence/fe05a/screenshots/work-cancel-390-dark-shape-baseline.png	100644	97e172eb56922af5d1b8bf3b41134d6e291dff9d	100644	97e172eb56922af5d1b8bf3b41134d6e291dff9d	retained_exact	-	-	source mode/blob equals target mode/blob	-
F1	fe05a	0220d350b05aac9eafabe9620d34673f3d01adc7	68b8d3d67d6b66d1a6c2c8d4f72ff7079135b662	T4003	4003c548a314246d8c46516c4033fa5602e19c4b	assembled Spark candidate	A	evidence/fe05a/screenshots/work-cancel-390-dark-v1.png	100644	c655fd828aa92f68519d19d8c6ee70970a04f943	100644	c655fd828aa92f68519d19d8c6ee70970a04f943	retained_exact	-	-	source mode/blob equals target mode/blob	-
F1	fe05a	0220d350b05aac9eafabe9620d34673f3d01adc7	68b8d3d67d6b66d1a6c2c8d4f72ff7079135b662	T4003	4003c548a314246d8c46516c4033fa5602e19c4b	assembled Spark candidate	A	evidence/fe05a/screenshots/work-cancel-390-light-baseline-repaired.png	100644	8c6e5ab7a388e1abc5ea9f9dc73d24c5d9d753b4	100644	8c6e5ab7a388e1abc5ea9f9dc73d24c5d9d753b4	retained_exact	-	-	source mode/blob equals target mode/blob	-
F1	fe05a	0220d350b05aac9eafabe9620d34673f3d01adc7	68b8d3d67d6b66d1a6c2c8d4f72ff7079135b662	T4003	4003c548a314246d8c46516c4033fa5602e19c4b	assembled Spark candidate	A	evidence/fe05a/screenshots/work-cancel-390-light-shape-baseline.png	100644	2b55a30c9339c8eec7f9ef952f3fe7fb8f02ed0c	100644	2b55a30c9339c8eec7f9ef952f3fe7fb8f02ed0c	retained_exact	-	-	source mode/blob equals target mode/blob	-
F1	fe05a	0220d350b05aac9eafabe9620d34673f3d01adc7	68b8d3d67d6b66d1a6c2c8d4f72ff7079135b662	T4003	4003c548a314246d8c46516c4033fa5602e19c4b	assembled Spark candidate	A	evidence/fe05a/screenshots/work-cancel-390-light-v1.png	100644	2a1c78c99450a233af264f202ee12749bcbc5c59	100644	2a1c78c99450a233af264f202ee12749bcbc5c59	retained_exact	-	-	source mode/blob equals target mode/blob	-
F1	fe05a	0220d350b05aac9eafabe9620d34673f3d01adc7	68b8d3d67d6b66d1a6c2c8d4f72ff7079135b662	T4003	4003c548a314246d8c46516c4033fa5602e19c4b	assembled Spark candidate	A	evidence/fe05a/screenshots/work-idle-1440-dark-baseline-repaired.png	100644	1b34af6106a28af382693c942345ce7c2383cc4d	100644	1b34af6106a28af382693c942345ce7c2383cc4d	retained_exact	-	-	source mode/blob equals target mode/blob	-
F1	fe05a	0220d350b05aac9eafabe9620d34673f3d01adc7	68b8d3d67d6b66d1a6c2c8d4f72ff7079135b662	T4003	4003c548a314246d8c46516c4033fa5602e19c4b	assembled Spark candidate	A	evidence/fe05a/screenshots/work-idle-1440-dark-shape-baseline.png	100644	a1ea734aa22d1e66620bf7169c7b53ed5ec79d0d	100644	a1ea734aa22d1e66620bf7169c7b53ed5ec79d0d	retained_exact	-	-	source mode/blob equals target mode/blob	-
F1	fe05a	0220d350b05aac9eafabe9620d34673f3d01adc7	68b8d3d67d6b66d1a6c2c8d4f72ff7079135b662	T4003	4003c548a314246d8c46516c4033fa5602e19c4b	assembled Spark candidate	A	evidence/fe05a/screenshots/work-idle-1440-dark-v1.png	100644	c2bc2e781828810e802239c502e3fbb42107ccaf	100644	c2bc2e781828810e802239c502e3fbb42107ccaf	retained_exact	-	-	source mode/blob equals target mode/blob	-
F1	fe05a	0220d350b05aac9eafabe9620d34673f3d01adc7	68b8d3d67d6b66d1a6c2c8d4f72ff7079135b662	T4003	4003c548a314246d8c46516c4033fa5602e19c4b	assembled Spark candidate	A	evidence/fe05a/screenshots/work-idle-1440-light-baseline-repaired.png	100644	6c2c1450d87e6867e0dec761e567d406b2d3485a	100644	6c2c1450d87e6867e0dec761e567d406b2d3485a	retained_exact	-	-	source mode/blob equals target mode/blob	-
F1	fe05a	0220d350b05aac9eafabe9620d34673f3d01adc7	68b8d3d67d6b66d1a6c2c8d4f72ff7079135b662	T4003	4003c548a314246d8c46516c4033fa5602e19c4b	assembled Spark candidate	A	evidence/fe05a/screenshots/work-idle-1440-light-shape-baseline.png	100644	23eca3cf6bdb35e5a9e857055c061696abfdf6ad	100644	23eca3cf6bdb35e5a9e857055c061696abfdf6ad	retained_exact	-	-	source mode/blob equals target mode/blob	-
F1	fe05a	0220d350b05aac9eafabe9620d34673f3d01adc7	68b8d3d67d6b66d1a6c2c8d4f72ff7079135b662	T4003	4003c548a314246d8c46516c4033fa5602e19c4b	assembled Spark candidate	A	evidence/fe05a/screenshots/work-idle-1440-light-v1.png	100644	5ec313b2c8517d72069773ea35694f1fce8538ef	100644	5ec313b2c8517d72069773ea35694f1fce8538ef	retained_exact	-	-	source mode/blob equals target mode/blob	-
F1	fe05a	0220d350b05aac9eafabe9620d34673f3d01adc7	68b8d3d67d6b66d1a6c2c8d4f72ff7079135b662	T4003	4003c548a314246d8c46516c4033fa5602e19c4b	assembled Spark candidate	A	evidence/fe05a/screenshots/work-idle-390-dark-baseline-repaired.png	100644	9f9592b6afb3a13154b70af74a30fd98c774a335	100644	9f9592b6afb3a13154b70af74a30fd98c774a335	retained_exact	-	-	source mode/blob equals target mode/blob	-
F1	fe05a	0220d350b05aac9eafabe9620d34673f3d01adc7	68b8d3d67d6b66d1a6c2c8d4f72ff7079135b662	T4003	4003c548a314246d8c46516c4033fa5602e19c4b	assembled Spark candidate	A	evidence/fe05a/screenshots/work-idle-390-dark-shape-baseline.png	100644	ff509b99ccbb8ddf593232b62386aaeda8c994e7	100644	ff509b99ccbb8ddf593232b62386aaeda8c994e7	retained_exact	-	-	source mode/blob equals target mode/blob	-
F1	fe05a	0220d350b05aac9eafabe9620d34673f3d01adc7	68b8d3d67d6b66d1a6c2c8d4f72ff7079135b662	T4003	4003c548a314246d8c46516c4033fa5602e19c4b	assembled Spark candidate	A	evidence/fe05a/screenshots/work-idle-390-dark-v1.png	100644	415bb7e1d985801c7a6bde6ad206823e4182251a	100644	415bb7e1d985801c7a6bde6ad206823e4182251a	retained_exact	-	-	source mode/blob equals target mode/blob	-
F1	fe05a	0220d350b05aac9eafabe9620d34673f3d01adc7	68b8d3d67d6b66d1a6c2c8d4f72ff7079135b662	T4003	4003c548a314246d8c46516c4033fa5602e19c4b	assembled Spark candidate	A	evidence/fe05a/screenshots/work-idle-390-light-baseline-repaired.png	100644	d49019e90772198e82cf021a05c5e7e3a785bc98	100644	d49019e90772198e82cf021a05c5e7e3a785bc98	retained_exact	-	-	source mode/blob equals target mode/blob	-
F1	fe05a	0220d350b05aac9eafabe9620d34673f3d01adc7	68b8d3d67d6b66d1a6c2c8d4f72ff7079135b662	T4003	4003c548a314246d8c46516c4033fa5602e19c4b	assembled Spark candidate	A	evidence/fe05a/screenshots/work-idle-390-light-shape-baseline.png	100644	7517e6f2ae4ef56267cad5ebf72a0f261f87323a	100644	7517e6f2ae4ef56267cad5ebf72a0f261f87323a	retained_exact	-	-	source mode/blob equals target mode/blob	-
F1	fe05a	0220d350b05aac9eafabe9620d34673f3d01adc7	68b8d3d67d6b66d1a6c2c8d4f72ff7079135b662	T4003	4003c548a314246d8c46516c4033fa5602e19c4b	assembled Spark candidate	A	evidence/fe05a/screenshots/work-idle-390-light-v1.png	100644	c6f55263c4945d42fa522a1009bcf8e7c487114c	100644	c6f55263c4945d42fa522a1009bcf8e7c487114c	retained_exact	-	-	source mode/blob equals target mode/blob	-
F1	fe05a	0220d350b05aac9eafabe9620d34673f3d01adc7	68b8d3d67d6b66d1a6c2c8d4f72ff7079135b662	T4003	4003c548a314246d8c46516c4033fa5602e19c4b	assembled Spark candidate	A	evidence/fe05a/shape-checks.json	100644	937965c7c3e9b8f34168f5c31d608b5bb89abc48	100644	937965c7c3e9b8f34168f5c31d608b5bb89abc48	retained_exact	-	-	source mode/blob equals target mode/blob	-
F1	fe05a	0220d350b05aac9eafabe9620d34673f3d01adc7	68b8d3d67d6b66d1a6c2c8d4f72ff7079135b662	T4003	4003c548a314246d8c46516c4033fa5602e19c4b	assembled Spark candidate	A	evidence/fe05a/shape-checks.mjs	100644	f07fb5d34b51f2edc178cb298f11a9bf2b59ab9c	100644	f07fb5d34b51f2edc178cb298f11a9bf2b59ab9c	retained_exact	-	-	source mode/blob equals target mode/blob	-
F1	fe05a	0220d350b05aac9eafabe9620d34673f3d01adc7	68b8d3d67d6b66d1a6c2c8d4f72ff7079135b662	T4003	4003c548a314246d8c46516c4033fa5602e19c4b	assembled Spark candidate	A	evidence/fe05a/smoke.log	100644	94693eb2daccc61842c4c1351d2287f484615702	100644	94693eb2daccc61842c4c1351d2287f484615702	retained_exact	-	-	source mode/blob equals target mode/blob	-
F1	fe05a	0220d350b05aac9eafabe9620d34673f3d01adc7	68b8d3d67d6b66d1a6c2c8d4f72ff7079135b662	T4003	4003c548a314246d8c46516c4033fa5602e19c4b	assembled Spark candidate	A	evidence/fe05a/type-checks.json	100644	5dd9aa2840e17cdfa81d8893a460b480bc989a0e	100644	5dd9aa2840e17cdfa81d8893a460b480bc989a0e	retained_exact	-	-	source mode/blob equals target mode/blob	-
F1	fe05a	0220d350b05aac9eafabe9620d34673f3d01adc7	68b8d3d67d6b66d1a6c2c8d4f72ff7079135b662	T4003	4003c548a314246d8c46516c4033fa5602e19c4b	assembled Spark candidate	A	evidence/fe05a/type-checks.mjs	100644	81012029de605003ad6ee64c7eb53e00188fa929	100644	81012029de605003ad6ee64c7eb53e00188fa929	retained_exact	-	-	source mode/blob equals target mode/blob	-
F1	fe05a	0220d350b05aac9eafabe9620d34673f3d01adc7	68b8d3d67d6b66d1a6c2c8d4f72ff7079135b662	T4003	4003c548a314246d8c46516c4033fa5602e19c4b	assembled Spark candidate	A	tools/lint-shapes.mjs	100644	7ca9170b05565754556869c790e1e409f17be24e	100644	7ca9170b05565754556869c790e1e409f17be24e	retained_exact	-	-	source mode/blob equals target mode/blob	-
A1	att	aa2c55b74dd872c9f9156b09dcdf9b7f07075c8a	055cffcbc18eb26d15f3818aada50b82a4bd0fa8	T055	055cffcbc18eb26d15f3818aada50b82a4bd0fa8	accepted ATT/material HEAD	A	app/tests/attention-actions.test.mjs	100644	4a6180a6cc06de269518bacd2916cdfff72b5137	100644	4a6180a6cc06de269518bacd2916cdfff72b5137	retained_exact	-	-	source mode/blob equals target mode/blob	-
A1	att	aa2c55b74dd872c9f9156b09dcdf9b7f07075c8a	055cffcbc18eb26d15f3818aada50b82a4bd0fa8	T055	055cffcbc18eb26d15f3818aada50b82a4bd0fa8	accepted ATT/material HEAD	A	app/tests/attention-fixtures.mjs	100644	875064c7ce9b88f1bdb1b9bf13da1efc03a5f943	100644	875064c7ce9b88f1bdb1b9bf13da1efc03a5f943	retained_exact	-	-	source mode/blob equals target mode/blob	-
A1	att	aa2c55b74dd872c9f9156b09dcdf9b7f07075c8a	055cffcbc18eb26d15f3818aada50b82a4bd0fa8	T055	055cffcbc18eb26d15f3818aada50b82a4bd0fa8	accepted ATT/material HEAD	A	app/tests/attention-triage-recovery.test.mjs	100644	179782f4f4bd490659e8f5a985ced0e605e1837b	100644	179782f4f4bd490659e8f5a985ced0e605e1837b	retained_exact	-	-	source mode/blob equals target mode/blob	-
A1	att	aa2c55b74dd872c9f9156b09dcdf9b7f07075c8a	055cffcbc18eb26d15f3818aada50b82a4bd0fa8	T055	055cffcbc18eb26d15f3818aada50b82a4bd0fa8	accepted ATT/material HEAD	A	app/tests/attention-triage.test.mjs	100644	d10c25af0fc9f8a337c7c39c7f32c4eca724d587	100644	d10c25af0fc9f8a337c7c39c7f32c4eca724d587	retained_exact	-	-	source mode/blob equals target mode/blob	-
A1	att	aa2c55b74dd872c9f9156b09dcdf9b7f07075c8a	055cffcbc18eb26d15f3818aada50b82a4bd0fa8	T055	055cffcbc18eb26d15f3818aada50b82a4bd0fa8	accepted ATT/material HEAD	A	app/tests/fixtures/attention-actions.json	100644	db488449b6b35e4ad2e80e66de7f91d6a9aca5bf	100644	db488449b6b35e4ad2e80e66de7f91d6a9aca5bf	retained_exact	-	-	source mode/blob equals target mode/blob	-
A1	att	aa2c55b74dd872c9f9156b09dcdf9b7f07075c8a	055cffcbc18eb26d15f3818aada50b82a4bd0fa8	T055	055cffcbc18eb26d15f3818aada50b82a4bd0fa8	accepted ATT/material HEAD	M	app/tests/home-presentation.test.mjs	100644	e0b95bb3f69fe59bfa2ee55256c61d3c750f1d4f	100644	e0b95bb3f69fe59bfa2ee55256c61d3c750f1d4f	retained_exact	-	-	source mode/blob equals target mode/blob	-
A1	att	aa2c55b74dd872c9f9156b09dcdf9b7f07075c8a	055cffcbc18eb26d15f3818aada50b82a4bd0fa8	T055	055cffcbc18eb26d15f3818aada50b82a4bd0fa8	accepted ATT/material HEAD	A	app/tests/tiny-dom.mjs	100644	51fdf6ae8ed40f74813f42055a5104a0c9f0c6bb	100644	51fdf6ae8ed40f74813f42055a5104a0c9f0c6bb	retained_exact	-	-	source mode/blob equals target mode/blob	-
A1	att	aa2c55b74dd872c9f9156b09dcdf9b7f07075c8a	055cffcbc18eb26d15f3818aada50b82a4bd0fa8	T055	055cffcbc18eb26d15f3818aada50b82a4bd0fa8	accepted ATT/material HEAD	M	app/web/attention-view.mjs	100644	051c814a46653507c73ecd95b801bac76c4af1e9	100644	051c814a46653507c73ecd95b801bac76c4af1e9	retained_exact	-	-	source mode/blob equals target mode/blob	-
A1	att	aa2c55b74dd872c9f9156b09dcdf9b7f07075c8a	055cffcbc18eb26d15f3818aada50b82a4bd0fa8	T055	055cffcbc18eb26d15f3818aada50b82a4bd0fa8	accepted ATT/material HEAD	M	app/web/presentation-adapters.mjs	100644	d68723c54dcb283555af1edb69e61b0910380629	100644	d68723c54dcb283555af1edb69e61b0910380629	retained_exact	-	-	source mode/blob equals target mode/blob	-
A1	att	aa2c55b74dd872c9f9156b09dcdf9b7f07075c8a	055cffcbc18eb26d15f3818aada50b82a4bd0fa8	T055	055cffcbc18eb26d15f3818aada50b82a4bd0fa8	accepted ATT/material HEAD	M	app/web/styles.css	100644	9dcf36e6fe58cac8b9c2e5f4071e6ba7de8eb30a	100644	9dcf36e6fe58cac8b9c2e5f4071e6ba7de8eb30a	retained_exact	-	-	source mode/blob equals target mode/blob	-
A1	att	aa2c55b74dd872c9f9156b09dcdf9b7f07075c8a	055cffcbc18eb26d15f3818aada50b82a4bd0fa8	T055	055cffcbc18eb26d15f3818aada50b82a4bd0fa8	accepted ATT/material HEAD	A	engineering/mvp/execution/work-surface-kit/delivery-att-fe01.md	100644	d9947db5d19492fd7d06f9765f35d21ed9bbfbd1	100644	d9947db5d19492fd7d06f9765f35d21ed9bbfbd1	retained_exact	-	-	source mode/blob equals target mode/blob	-
A1	att	aa2c55b74dd872c9f9156b09dcdf9b7f07075c8a	055cffcbc18eb26d15f3818aada50b82a4bd0fa8	T055	055cffcbc18eb26d15f3818aada50b82a4bd0fa8	accepted ATT/material HEAD	A	evidence/att-fe01/README.md	100644	ce7f577881e862754d7b12a793e083b344bbf7a7	100644	ce7f577881e862754d7b12a793e083b344bbf7a7	retained_exact	-	-	source mode/blob equals target mode/blob	-
A1	att	aa2c55b74dd872c9f9156b09dcdf9b7f07075c8a	055cffcbc18eb26d15f3818aada50b82a4bd0fa8	T055	055cffcbc18eb26d15f3818aada50b82a4bd0fa8	accepted ATT/material HEAD	A	evidence/att-fe01/browser.mjs	100644	33476eb9a3d4fe0fe47fc989b0e85a0570210094	100644	33476eb9a3d4fe0fe47fc989b0e85a0570210094	retained_exact	-	-	source mode/blob equals target mode/blob	-
A1	att	aa2c55b74dd872c9f9156b09dcdf9b7f07075c8a	055cffcbc18eb26d15f3818aada50b82a4bd0fa8	T055	055cffcbc18eb26d15f3818aada50b82a4bd0fa8	accepted ATT/material HEAD	A	evidence/att-fe01/capture-action-fixtures.mjs	100644	7883ab054001e895eba0b9eeb3b0e9cd0f49ffa7	100644	7883ab054001e895eba0b9eeb3b0e9cd0f49ffa7	retained_exact	-	-	source mode/blob equals target mode/blob	-
A1	att	aa2c55b74dd872c9f9156b09dcdf9b7f07075c8a	055cffcbc18eb26d15f3818aada50b82a4bd0fa8	T055	055cffcbc18eb26d15f3818aada50b82a4bd0fa8	accepted ATT/material HEAD	A	evidence/att-fe01/checks.json	100644	753d73217d0c99406e715623bee8189a5c9c1c06	100644	753d73217d0c99406e715623bee8189a5c9c1c06	retained_exact	-	-	source mode/blob equals target mode/blob	-
A1	att	aa2c55b74dd872c9f9156b09dcdf9b7f07075c8a	055cffcbc18eb26d15f3818aada50b82a4bd0fa8	T055	055cffcbc18eb26d15f3818aada50b82a4bd0fa8	accepted ATT/material HEAD	A	evidence/att-fe01/checks.log	100644	744ed3f33234ad3c69f04a1f1dffce4061e764f2	100644	744ed3f33234ad3c69f04a1f1dffce4061e764f2	retained_exact	-	-	source mode/blob equals target mode/blob	-
A1	att	aa2c55b74dd872c9f9156b09dcdf9b7f07075c8a	055cffcbc18eb26d15f3818aada50b82a4bd0fa8	T055	055cffcbc18eb26d15f3818aada50b82a4bd0fa8	accepted ATT/material HEAD	A	evidence/att-fe01/checks.mjs	100644	6cfbe4aa4a1f36731e449ea4d3103894c736facb	100644	6cfbe4aa4a1f36731e449ea4d3103894c736facb	retained_exact	-	-	source mode/blob equals target mode/blob	-
A1	att	aa2c55b74dd872c9f9156b09dcdf9b7f07075c8a	055cffcbc18eb26d15f3818aada50b82a4bd0fa8	T055	055cffcbc18eb26d15f3818aada50b82a4bd0fa8	accepted ATT/material HEAD	A	evidence/att-fe01/contrast.log	100644	ee9183fc57d42c2eb4683cd66642ef321b4078e9	100644	ee9183fc57d42c2eb4683cd66642ef321b4078e9	retained_exact	-	-	source mode/blob equals target mode/blob	-
A1	att	aa2c55b74dd872c9f9156b09dcdf9b7f07075c8a	055cffcbc18eb26d15f3818aada50b82a4bd0fa8	T055	055cffcbc18eb26d15f3818aada50b82a4bd0fa8	accepted ATT/material HEAD	A	evidence/att-fe01/lint-colors.log	100644	99ca519a1c1db9af365b74e693c1eaa5363b4b63	100644	99ca519a1c1db9af365b74e693c1eaa5363b4b63	retained_exact	-	-	source mode/blob equals target mode/blob	-
A1	att	aa2c55b74dd872c9f9156b09dcdf9b7f07075c8a	055cffcbc18eb26d15f3818aada50b82a4bd0fa8	T055	055cffcbc18eb26d15f3818aada50b82a4bd0fa8	accepted ATT/material HEAD	A	evidence/att-fe01/lint-interaction.log	100644	5ea7138721e41cf7bed39982f6198565fba6c6be	100644	5ea7138721e41cf7bed39982f6198565fba6c6be	retained_exact	-	-	source mode/blob equals target mode/blob	-
A1	att	aa2c55b74dd872c9f9156b09dcdf9b7f07075c8a	055cffcbc18eb26d15f3818aada50b82a4bd0fa8	T055	055cffcbc18eb26d15f3818aada50b82a4bd0fa8	accepted ATT/material HEAD	A	evidence/att-fe01/lint-materials.log	100644	89b1e0b2362496d0821f463c4c461b8008099626	100644	89b1e0b2362496d0821f463c4c461b8008099626	retained_exact	-	-	source mode/blob equals target mode/blob	-
A1	att	aa2c55b74dd872c9f9156b09dcdf9b7f07075c8a	055cffcbc18eb26d15f3818aada50b82a4bd0fa8	T055	055cffcbc18eb26d15f3818aada50b82a4bd0fa8	accepted ATT/material HEAD	A	evidence/att-fe01/npm-ci.log	100644	3a14d34011245a391ec6ef3dad1396a16b69dba3	100644	3a14d34011245a391ec6ef3dad1396a16b69dba3	retained_exact	-	-	source mode/blob equals target mode/blob	-
A1	att	aa2c55b74dd872c9f9156b09dcdf9b7f07075c8a	055cffcbc18eb26d15f3818aada50b82a4bd0fa8	T055	055cffcbc18eb26d15f3818aada50b82a4bd0fa8	accepted ATT/material HEAD	A	evidence/att-fe01/screenshots/action-resolve-1440-light.png	100644	786c623c357d895f4943457bb59bdbcde39abbeb	100644	786c623c357d895f4943457bb59bdbcde39abbeb	retained_exact	-	-	source mode/blob equals target mode/blob	-
A1	att	aa2c55b74dd872c9f9156b09dcdf9b7f07075c8a	055cffcbc18eb26d15f3818aada50b82a4bd0fa8	T055	055cffcbc18eb26d15f3818aada50b82a4bd0fa8	accepted ATT/material HEAD	A	evidence/att-fe01/screenshots/action-sending-1440-light.png	100644	de6795855af6c0369f60dbb67d3ca8d5a9ca770e	100644	de6795855af6c0369f60dbb67d3ca8d5a9ca770e	retained_exact	-	-	source mode/blob equals target mode/blob	-
A1	att	aa2c55b74dd872c9f9156b09dcdf9b7f07075c8a	055cffcbc18eb26d15f3818aada50b82a4bd0fa8	T055	055cffcbc18eb26d15f3818aada50b82a4bd0fa8	accepted ATT/material HEAD	A	evidence/att-fe01/screenshots/action-snooze-1440-dark.png	100644	e8466ce38626bd2e0c1daf85365bf89455882977	100644	e8466ce38626bd2e0c1daf85365bf89455882977	retained_exact	-	-	source mode/blob equals target mode/blob	-
A1	att	aa2c55b74dd872c9f9156b09dcdf9b7f07075c8a	055cffcbc18eb26d15f3818aada50b82a4bd0fa8	T055	055cffcbc18eb26d15f3818aada50b82a4bd0fa8	accepted ATT/material HEAD	A	evidence/att-fe01/screenshots/action-waiting-1440-light.png	100644	b4f2ecf2164da001ac0ae6cf3f2991d3527bcb63	100644	b4f2ecf2164da001ac0ae6cf3f2991d3527bcb63	retained_exact	-	-	source mode/blob equals target mode/blob	-
A1	att	aa2c55b74dd872c9f9156b09dcdf9b7f07075c8a	055cffcbc18eb26d15f3818aada50b82a4bd0fa8	T055	055cffcbc18eb26d15f3818aada50b82a4bd0fa8	accepted ATT/material HEAD	A	evidence/att-fe01/screenshots/all-1440-light.png	100644	05e91659751eae9d6465edb0f8d07ad561d288c6	100644	05e91659751eae9d6465edb0f8d07ad561d288c6	retained_exact	-	-	source mode/blob equals target mode/blob	-
A1	att	aa2c55b74dd872c9f9156b09dcdf9b7f07075c8a	055cffcbc18eb26d15f3818aada50b82a4bd0fa8	T055	055cffcbc18eb26d15f3818aada50b82a4bd0fa8	accepted ATT/material HEAD	A	evidence/att-fe01/screenshots/conflict-1440-light.png	100644	3808cd89a22d1a49352a81818c2736913c9137c9	100644	3808cd89a22d1a49352a81818c2736913c9137c9	retained_exact	-	-	source mode/blob equals target mode/blob	-
A1	att	aa2c55b74dd872c9f9156b09dcdf9b7f07075c8a	055cffcbc18eb26d15f3818aada50b82a4bd0fa8	T055	055cffcbc18eb26d15f3818aada50b82a4bd0fa8	accepted ATT/material HEAD	A	evidence/att-fe01/screenshots/detail-390-light.png	100644	8f72b4debb8bed4a4d2d7114b0af29b707a8359f	100644	8f72b4debb8bed4a4d2d7114b0af29b707a8359f	retained_exact	-	-	source mode/blob equals target mode/blob	-
A1	att	aa2c55b74dd872c9f9156b09dcdf9b7f07075c8a	055cffcbc18eb26d15f3818aada50b82a4bd0fa8	T055	055cffcbc18eb26d15f3818aada50b82a4bd0fa8	accepted ATT/material HEAD	A	evidence/att-fe01/screenshots/later-1440-dark.png	100644	6b8814a47826e9a034a0a8fb38f788c01f309d7c	100644	6b8814a47826e9a034a0a8fb38f788c01f309d7c	retained_exact	-	-	source mode/blob equals target mode/blob	-
A1	att	aa2c55b74dd872c9f9156b09dcdf9b7f07075c8a	055cffcbc18eb26d15f3818aada50b82a4bd0fa8	T055	055cffcbc18eb26d15f3818aada50b82a4bd0fa8	accepted ATT/material HEAD	A	evidence/att-fe01/screenshots/list-390-light.png	100644	c2f109f212041f7bd32fedef5813d0ef38305297	100644	c2f109f212041f7bd32fedef5813d0ef38305297	retained_exact	-	-	source mode/blob equals target mode/blob	-
A1	att	aa2c55b74dd872c9f9156b09dcdf9b7f07075c8a	055cffcbc18eb26d15f3818aada50b82a4bd0fa8	T055	055cffcbc18eb26d15f3818aada50b82a4bd0fa8	accepted ATT/material HEAD	A	evidence/att-fe01/screenshots/needs-you-1440-light.png	100644	c1fb57b120fce2c6b3cbe6fcc01cb8cdf9973340	100644	c1fb57b120fce2c6b3cbe6fcc01cb8cdf9973340	retained_exact	-	-	source mode/blob equals target mode/blob	-
A1	att	aa2c55b74dd872c9f9156b09dcdf9b7f07075c8a	055cffcbc18eb26d15f3818aada50b82a4bd0fa8	T055	055cffcbc18eb26d15f3818aada50b82a4bd0fa8	accepted ATT/material HEAD	A	evidence/att-fe01/screenshots/unavailable-1440-light.png	100644	50ab99ecea02c103304ffd1481fa9d591f188f4d	100644	50ab99ecea02c103304ffd1481fa9d591f188f4d	retained_exact	-	-	source mode/blob equals target mode/blob	-
A1	att	aa2c55b74dd872c9f9156b09dcdf9b7f07075c8a	055cffcbc18eb26d15f3818aada50b82a4bd0fa8	T055	055cffcbc18eb26d15f3818aada50b82a4bd0fa8	accepted ATT/material HEAD	A	evidence/att-fe01/seed.log	100644	1718d95adb274536d23851c1000bb057d76a405c	100644	1718d95adb274536d23851c1000bb057d76a405c	retained_exact	-	-	source mode/blob equals target mode/blob	-
A1	att	aa2c55b74dd872c9f9156b09dcdf9b7f07075c8a	055cffcbc18eb26d15f3818aada50b82a4bd0fa8	T055	055cffcbc18eb26d15f3818aada50b82a4bd0fa8	accepted ATT/material HEAD	A	evidence/att-fe01/seed.mjs	100644	83980756f3aab65fede6ab2072abf66e3219475e	100644	83980756f3aab65fede6ab2072abf66e3219475e	retained_exact	-	-	source mode/blob equals target mode/blob	-
A1	att	aa2c55b74dd872c9f9156b09dcdf9b7f07075c8a	055cffcbc18eb26d15f3818aada50b82a4bd0fa8	T055	055cffcbc18eb26d15f3818aada50b82a4bd0fa8	accepted ATT/material HEAD	A	evidence/att-fe01/smoke.log	100644	835b6140e2df87375aba881d0084f9f324bd2ad4	100644	835b6140e2df87375aba881d0084f9f324bd2ad4	retained_exact	-	-	source mode/blob equals target mode/blob	-
A1	att	aa2c55b74dd872c9f9156b09dcdf9b7f07075c8a	055cffcbc18eb26d15f3818aada50b82a4bd0fa8	T055	055cffcbc18eb26d15f3818aada50b82a4bd0fa8	accepted ATT/material HEAD	A	evidence/att-fe01/tests.log	100644	ab202545e6714ae5ec8f509ba33c1555d2c044fd	100644	ab202545e6714ae5ec8f509ba33c1555d2c044fd	retained_exact	-	-	source mode/blob equals target mode/blob	-
A1	att	aa2c55b74dd872c9f9156b09dcdf9b7f07075c8a	055cffcbc18eb26d15f3818aada50b82a4bd0fa8	T4003	4003c548a314246d8c46516c4033fa5602e19c4b	assembled Spark candidate	A	app/tests/attention-actions.test.mjs	100644	4a6180a6cc06de269518bacd2916cdfff72b5137	100644	4a6180a6cc06de269518bacd2916cdfff72b5137	retained_exact	-	-	source mode/blob equals target mode/blob	-
A1	att	aa2c55b74dd872c9f9156b09dcdf9b7f07075c8a	055cffcbc18eb26d15f3818aada50b82a4bd0fa8	T4003	4003c548a314246d8c46516c4033fa5602e19c4b	assembled Spark candidate	A	app/tests/attention-fixtures.mjs	100644	875064c7ce9b88f1bdb1b9bf13da1efc03a5f943	100644	875064c7ce9b88f1bdb1b9bf13da1efc03a5f943	retained_exact	-	-	source mode/blob equals target mode/blob	-
A1	att	aa2c55b74dd872c9f9156b09dcdf9b7f07075c8a	055cffcbc18eb26d15f3818aada50b82a4bd0fa8	T4003	4003c548a314246d8c46516c4033fa5602e19c4b	assembled Spark candidate	A	app/tests/attention-triage-recovery.test.mjs	100644	179782f4f4bd490659e8f5a985ced0e605e1837b	100644	179782f4f4bd490659e8f5a985ced0e605e1837b	retained_exact	-	-	source mode/blob equals target mode/blob	-
A1	att	aa2c55b74dd872c9f9156b09dcdf9b7f07075c8a	055cffcbc18eb26d15f3818aada50b82a4bd0fa8	T4003	4003c548a314246d8c46516c4033fa5602e19c4b	assembled Spark candidate	A	app/tests/attention-triage.test.mjs	100644	d10c25af0fc9f8a337c7c39c7f32c4eca724d587	100644	d10c25af0fc9f8a337c7c39c7f32c4eca724d587	retained_exact	-	-	source mode/blob equals target mode/blob	-
A1	att	aa2c55b74dd872c9f9156b09dcdf9b7f07075c8a	055cffcbc18eb26d15f3818aada50b82a4bd0fa8	T4003	4003c548a314246d8c46516c4033fa5602e19c4b	assembled Spark candidate	A	app/tests/fixtures/attention-actions.json	100644	db488449b6b35e4ad2e80e66de7f91d6a9aca5bf	100644	db488449b6b35e4ad2e80e66de7f91d6a9aca5bf	retained_exact	-	-	source mode/blob equals target mode/blob	-
A1	att	aa2c55b74dd872c9f9156b09dcdf9b7f07075c8a	055cffcbc18eb26d15f3818aada50b82a4bd0fa8	T4003	4003c548a314246d8c46516c4033fa5602e19c4b	assembled Spark candidate	M	app/tests/home-presentation.test.mjs	100644	e0b95bb3f69fe59bfa2ee55256c61d3c750f1d4f	100644	e0b95bb3f69fe59bfa2ee55256c61d3c750f1d4f	retained_exact	-	-	source mode/blob equals target mode/blob	-
A1	att	aa2c55b74dd872c9f9156b09dcdf9b7f07075c8a	055cffcbc18eb26d15f3818aada50b82a4bd0fa8	T4003	4003c548a314246d8c46516c4033fa5602e19c4b	assembled Spark candidate	A	app/tests/tiny-dom.mjs	100644	51fdf6ae8ed40f74813f42055a5104a0c9f0c6bb	100644	51fdf6ae8ed40f74813f42055a5104a0c9f0c6bb	retained_exact	-	-	source mode/blob equals target mode/blob	-
A1	att	aa2c55b74dd872c9f9156b09dcdf9b7f07075c8a	055cffcbc18eb26d15f3818aada50b82a4bd0fa8	T4003	4003c548a314246d8c46516c4033fa5602e19c4b	assembled Spark candidate	M	app/web/attention-view.mjs	100644	051c814a46653507c73ecd95b801bac76c4af1e9	100644	051c814a46653507c73ecd95b801bac76c4af1e9	retained_exact	-	-	source mode/blob equals target mode/blob	-
A1	att	aa2c55b74dd872c9f9156b09dcdf9b7f07075c8a	055cffcbc18eb26d15f3818aada50b82a4bd0fa8	T4003	4003c548a314246d8c46516c4033fa5602e19c4b	assembled Spark candidate	M	app/web/presentation-adapters.mjs	100644	d68723c54dcb283555af1edb69e61b0910380629	100644	d68723c54dcb283555af1edb69e61b0910380629	retained_exact	-	-	source mode/blob equals target mode/blob	-
A1	att	aa2c55b74dd872c9f9156b09dcdf9b7f07075c8a	055cffcbc18eb26d15f3818aada50b82a4bd0fa8	T4003	4003c548a314246d8c46516c4033fa5602e19c4b	assembled Spark candidate	M	app/web/styles.css	100644	9dcf36e6fe58cac8b9c2e5f4071e6ba7de8eb30a	100644	e710b56594eefa41d925cb617679e0c5caa7c146	authorized_later	Spark	0082fef883e49fd19538c369f20a04c111d8c602;20d8330dc6555d073a6bdec7ebf1e6bafc7aee99	read-only Spark dialog and shared pill radius	later owner/hunk recorded in shared-invariants.tsv
A1	att	aa2c55b74dd872c9f9156b09dcdf9b7f07075c8a	055cffcbc18eb26d15f3818aada50b82a4bd0fa8	T4003	4003c548a314246d8c46516c4033fa5602e19c4b	assembled Spark candidate	A	engineering/mvp/execution/work-surface-kit/delivery-att-fe01.md	100644	d9947db5d19492fd7d06f9765f35d21ed9bbfbd1	100644	d9947db5d19492fd7d06f9765f35d21ed9bbfbd1	retained_exact	-	-	source mode/blob equals target mode/blob	-
A1	att	aa2c55b74dd872c9f9156b09dcdf9b7f07075c8a	055cffcbc18eb26d15f3818aada50b82a4bd0fa8	T4003	4003c548a314246d8c46516c4033fa5602e19c4b	assembled Spark candidate	A	evidence/att-fe01/README.md	100644	ce7f577881e862754d7b12a793e083b344bbf7a7	100644	ce7f577881e862754d7b12a793e083b344bbf7a7	retained_exact	-	-	source mode/blob equals target mode/blob	-
A1	att	aa2c55b74dd872c9f9156b09dcdf9b7f07075c8a	055cffcbc18eb26d15f3818aada50b82a4bd0fa8	T4003	4003c548a314246d8c46516c4033fa5602e19c4b	assembled Spark candidate	A	evidence/att-fe01/browser.mjs	100644	33476eb9a3d4fe0fe47fc989b0e85a0570210094	100644	33476eb9a3d4fe0fe47fc989b0e85a0570210094	retained_exact	-	-	source mode/blob equals target mode/blob	-
A1	att	aa2c55b74dd872c9f9156b09dcdf9b7f07075c8a	055cffcbc18eb26d15f3818aada50b82a4bd0fa8	T4003	4003c548a314246d8c46516c4033fa5602e19c4b	assembled Spark candidate	A	evidence/att-fe01/capture-action-fixtures.mjs	100644	7883ab054001e895eba0b9eeb3b0e9cd0f49ffa7	100644	7883ab054001e895eba0b9eeb3b0e9cd0f49ffa7	retained_exact	-	-	source mode/blob equals target mode/blob	-
A1	att	aa2c55b74dd872c9f9156b09dcdf9b7f07075c8a	055cffcbc18eb26d15f3818aada50b82a4bd0fa8	T4003	4003c548a314246d8c46516c4033fa5602e19c4b	assembled Spark candidate	A	evidence/att-fe01/checks.json	100644	753d73217d0c99406e715623bee8189a5c9c1c06	100644	753d73217d0c99406e715623bee8189a5c9c1c06	retained_exact	-	-	source mode/blob equals target mode/blob	-
A1	att	aa2c55b74dd872c9f9156b09dcdf9b7f07075c8a	055cffcbc18eb26d15f3818aada50b82a4bd0fa8	T4003	4003c548a314246d8c46516c4033fa5602e19c4b	assembled Spark candidate	A	evidence/att-fe01/checks.log	100644	744ed3f33234ad3c69f04a1f1dffce4061e764f2	100644	744ed3f33234ad3c69f04a1f1dffce4061e764f2	retained_exact	-	-	source mode/blob equals target mode/blob	-
A1	att	aa2c55b74dd872c9f9156b09dcdf9b7f07075c8a	055cffcbc18eb26d15f3818aada50b82a4bd0fa8	T4003	4003c548a314246d8c46516c4033fa5602e19c4b	assembled Spark candidate	A	evidence/att-fe01/checks.mjs	100644	6cfbe4aa4a1f36731e449ea4d3103894c736facb	100644	6cfbe4aa4a1f36731e449ea4d3103894c736facb	retained_exact	-	-	source mode/blob equals target mode/blob	-
A1	att	aa2c55b74dd872c9f9156b09dcdf9b7f07075c8a	055cffcbc18eb26d15f3818aada50b82a4bd0fa8	T4003	4003c548a314246d8c46516c4033fa5602e19c4b	assembled Spark candidate	A	evidence/att-fe01/contrast.log	100644	ee9183fc57d42c2eb4683cd66642ef321b4078e9	100644	ee9183fc57d42c2eb4683cd66642ef321b4078e9	retained_exact	-	-	source mode/blob equals target mode/blob	-
A1	att	aa2c55b74dd872c9f9156b09dcdf9b7f07075c8a	055cffcbc18eb26d15f3818aada50b82a4bd0fa8	T4003	4003c548a314246d8c46516c4033fa5602e19c4b	assembled Spark candidate	A	evidence/att-fe01/lint-colors.log	100644	99ca519a1c1db9af365b74e693c1eaa5363b4b63	100644	99ca519a1c1db9af365b74e693c1eaa5363b4b63	retained_exact	-	-	source mode/blob equals target mode/blob	-
A1	att	aa2c55b74dd872c9f9156b09dcdf9b7f07075c8a	055cffcbc18eb26d15f3818aada50b82a4bd0fa8	T4003	4003c548a314246d8c46516c4033fa5602e19c4b	assembled Spark candidate	A	evidence/att-fe01/lint-interaction.log	100644	5ea7138721e41cf7bed39982f6198565fba6c6be	100644	5ea7138721e41cf7bed39982f6198565fba6c6be	retained_exact	-	-	source mode/blob equals target mode/blob	-
A1	att	aa2c55b74dd872c9f9156b09dcdf9b7f07075c8a	055cffcbc18eb26d15f3818aada50b82a4bd0fa8	T4003	4003c548a314246d8c46516c4033fa5602e19c4b	assembled Spark candidate	A	evidence/att-fe01/lint-materials.log	100644	89b1e0b2362496d0821f463c4c461b8008099626	100644	89b1e0b2362496d0821f463c4c461b8008099626	retained_exact	-	-	source mode/blob equals target mode/blob	-
A1	att	aa2c55b74dd872c9f9156b09dcdf9b7f07075c8a	055cffcbc18eb26d15f3818aada50b82a4bd0fa8	T4003	4003c548a314246d8c46516c4033fa5602e19c4b	assembled Spark candidate	A	evidence/att-fe01/npm-ci.log	100644	3a14d34011245a391ec6ef3dad1396a16b69dba3	100644	3a14d34011245a391ec6ef3dad1396a16b69dba3	retained_exact	-	-	source mode/blob equals target mode/blob	-
A1	att	aa2c55b74dd872c9f9156b09dcdf9b7f07075c8a	055cffcbc18eb26d15f3818aada50b82a4bd0fa8	T4003	4003c548a314246d8c46516c4033fa5602e19c4b	assembled Spark candidate	A	evidence/att-fe01/screenshots/action-resolve-1440-light.png	100644	786c623c357d895f4943457bb59bdbcde39abbeb	100644	786c623c357d895f4943457bb59bdbcde39abbeb	retained_exact	-	-	source mode/blob equals target mode/blob	-
A1	att	aa2c55b74dd872c9f9156b09dcdf9b7f07075c8a	055cffcbc18eb26d15f3818aada50b82a4bd0fa8	T4003	4003c548a314246d8c46516c4033fa5602e19c4b	assembled Spark candidate	A	evidence/att-fe01/screenshots/action-sending-1440-light.png	100644	de6795855af6c0369f60dbb67d3ca8d5a9ca770e	100644	de6795855af6c0369f60dbb67d3ca8d5a9ca770e	retained_exact	-	-	source mode/blob equals target mode/blob	-
A1	att	aa2c55b74dd872c9f9156b09dcdf9b7f07075c8a	055cffcbc18eb26d15f3818aada50b82a4bd0fa8	T4003	4003c548a314246d8c46516c4033fa5602e19c4b	assembled Spark candidate	A	evidence/att-fe01/screenshots/action-snooze-1440-dark.png	100644	e8466ce38626bd2e0c1daf85365bf89455882977	100644	e8466ce38626bd2e0c1daf85365bf89455882977	retained_exact	-	-	source mode/blob equals target mode/blob	-
A1	att	aa2c55b74dd872c9f9156b09dcdf9b7f07075c8a	055cffcbc18eb26d15f3818aada50b82a4bd0fa8	T4003	4003c548a314246d8c46516c4033fa5602e19c4b	assembled Spark candidate	A	evidence/att-fe01/screenshots/action-waiting-1440-light.png	100644	b4f2ecf2164da001ac0ae6cf3f2991d3527bcb63	100644	b4f2ecf2164da001ac0ae6cf3f2991d3527bcb63	retained_exact	-	-	source mode/blob equals target mode/blob	-
A1	att	aa2c55b74dd872c9f9156b09dcdf9b7f07075c8a	055cffcbc18eb26d15f3818aada50b82a4bd0fa8	T4003	4003c548a314246d8c46516c4033fa5602e19c4b	assembled Spark candidate	A	evidence/att-fe01/screenshots/all-1440-light.png	100644	05e91659751eae9d6465edb0f8d07ad561d288c6	100644	05e91659751eae9d6465edb0f8d07ad561d288c6	retained_exact	-	-	source mode/blob equals target mode/blob	-
A1	att	aa2c55b74dd872c9f9156b09dcdf9b7f07075c8a	055cffcbc18eb26d15f3818aada50b82a4bd0fa8	T4003	4003c548a314246d8c46516c4033fa5602e19c4b	assembled Spark candidate	A	evidence/att-fe01/screenshots/conflict-1440-light.png	100644	3808cd89a22d1a49352a81818c2736913c9137c9	100644	3808cd89a22d1a49352a81818c2736913c9137c9	retained_exact	-	-	source mode/blob equals target mode/blob	-
A1	att	aa2c55b74dd872c9f9156b09dcdf9b7f07075c8a	055cffcbc18eb26d15f3818aada50b82a4bd0fa8	T4003	4003c548a314246d8c46516c4033fa5602e19c4b	assembled Spark candidate	A	evidence/att-fe01/screenshots/detail-390-light.png	100644	8f72b4debb8bed4a4d2d7114b0af29b707a8359f	100644	8f72b4debb8bed4a4d2d7114b0af29b707a8359f	retained_exact	-	-	source mode/blob equals target mode/blob	-
A1	att	aa2c55b74dd872c9f9156b09dcdf9b7f07075c8a	055cffcbc18eb26d15f3818aada50b82a4bd0fa8	T4003	4003c548a314246d8c46516c4033fa5602e19c4b	assembled Spark candidate	A	evidence/att-fe01/screenshots/later-1440-dark.png	100644	6b8814a47826e9a034a0a8fb38f788c01f309d7c	100644	6b8814a47826e9a034a0a8fb38f788c01f309d7c	retained_exact	-	-	source mode/blob equals target mode/blob	-
A1	att	aa2c55b74dd872c9f9156b09dcdf9b7f07075c8a	055cffcbc18eb26d15f3818aada50b82a4bd0fa8	T4003	4003c548a314246d8c46516c4033fa5602e19c4b	assembled Spark candidate	A	evidence/att-fe01/screenshots/list-390-light.png	100644	c2f109f212041f7bd32fedef5813d0ef38305297	100644	c2f109f212041f7bd32fedef5813d0ef38305297	retained_exact	-	-	source mode/blob equals target mode/blob	-
A1	att	aa2c55b74dd872c9f9156b09dcdf9b7f07075c8a	055cffcbc18eb26d15f3818aada50b82a4bd0fa8	T4003	4003c548a314246d8c46516c4033fa5602e19c4b	assembled Spark candidate	A	evidence/att-fe01/screenshots/needs-you-1440-light.png	100644	c1fb57b120fce2c6b3cbe6fcc01cb8cdf9973340	100644	c1fb57b120fce2c6b3cbe6fcc01cb8cdf9973340	retained_exact	-	-	source mode/blob equals target mode/blob	-
A1	att	aa2c55b74dd872c9f9156b09dcdf9b7f07075c8a	055cffcbc18eb26d15f3818aada50b82a4bd0fa8	T4003	4003c548a314246d8c46516c4033fa5602e19c4b	assembled Spark candidate	A	evidence/att-fe01/screenshots/unavailable-1440-light.png	100644	50ab99ecea02c103304ffd1481fa9d591f188f4d	100644	50ab99ecea02c103304ffd1481fa9d591f188f4d	retained_exact	-	-	source mode/blob equals target mode/blob	-
A1	att	aa2c55b74dd872c9f9156b09dcdf9b7f07075c8a	055cffcbc18eb26d15f3818aada50b82a4bd0fa8	T4003	4003c548a314246d8c46516c4033fa5602e19c4b	assembled Spark candidate	A	evidence/att-fe01/seed.log	100644	1718d95adb274536d23851c1000bb057d76a405c	100644	1718d95adb274536d23851c1000bb057d76a405c	retained_exact	-	-	source mode/blob equals target mode/blob	-
A1	att	aa2c55b74dd872c9f9156b09dcdf9b7f07075c8a	055cffcbc18eb26d15f3818aada50b82a4bd0fa8	T4003	4003c548a314246d8c46516c4033fa5602e19c4b	assembled Spark candidate	A	evidence/att-fe01/seed.mjs	100644	83980756f3aab65fede6ab2072abf66e3219475e	100644	83980756f3aab65fede6ab2072abf66e3219475e	retained_exact	-	-	source mode/blob equals target mode/blob	-
A1	att	aa2c55b74dd872c9f9156b09dcdf9b7f07075c8a	055cffcbc18eb26d15f3818aada50b82a4bd0fa8	T4003	4003c548a314246d8c46516c4033fa5602e19c4b	assembled Spark candidate	A	evidence/att-fe01/smoke.log	100644	835b6140e2df87375aba881d0084f9f324bd2ad4	100644	835b6140e2df87375aba881d0084f9f324bd2ad4	retained_exact	-	-	source mode/blob equals target mode/blob	-
A1	att	aa2c55b74dd872c9f9156b09dcdf9b7f07075c8a	055cffcbc18eb26d15f3818aada50b82a4bd0fa8	T4003	4003c548a314246d8c46516c4033fa5602e19c4b	assembled Spark candidate	A	evidence/att-fe01/tests.log	100644	ab202545e6714ae5ec8f509ba33c1555d2c044fd	100644	ab202545e6714ae5ec8f509ba33c1555d2c044fd	retained_exact	-	-	source mode/blob equals target mode/blob	-
M1	material	68b8d3d67d6b66d1a6c2c8d4f72ff7079135b662	aa2c55b74dd872c9f9156b09dcdf9b7f07075c8a	T055	055cffcbc18eb26d15f3818aada50b82a4bd0fa8	accepted ATT/material HEAD	A	engineering/design/material-specimen-2026-09-10/README.md	100644	020e0b08eb4306a101a06cdae569ee93cbdc2e90	100644	020e0b08eb4306a101a06cdae569ee93cbdc2e90	retained_exact	-	-	source mode/blob equals target mode/blob	-
M1	material	68b8d3d67d6b66d1a6c2c8d4f72ff7079135b662	aa2c55b74dd872c9f9156b09dcdf9b7f07075c8a	T055	055cffcbc18eb26d15f3818aada50b82a4bd0fa8	accepted ATT/material HEAD	A	engineering/design/material-specimen-2026-09-10/captures/board-a-main__1440-dark-reduce-transparency.png	100644	d113fa5e40e8109250a2355d23734900c8ea6b70	100644	d113fa5e40e8109250a2355d23734900c8ea6b70	retained_exact	-	-	source mode/blob equals target mode/blob	-
M1	material	68b8d3d67d6b66d1a6c2c8d4f72ff7079135b662	aa2c55b74dd872c9f9156b09dcdf9b7f07075c8a	T055	055cffcbc18eb26d15f3818aada50b82a4bd0fa8	accepted ATT/material HEAD	A	engineering/design/material-specimen-2026-09-10/captures/board-a-main__1440-dark.png	100644	c115963d12baf4d4f07f29cdbcde18225def44da	100644	c115963d12baf4d4f07f29cdbcde18225def44da	retained_exact	-	-	source mode/blob equals target mode/blob	-
M1	material	68b8d3d67d6b66d1a6c2c8d4f72ff7079135b662	aa2c55b74dd872c9f9156b09dcdf9b7f07075c8a	T055	055cffcbc18eb26d15f3818aada50b82a4bd0fa8	accepted ATT/material HEAD	A	engineering/design/material-specimen-2026-09-10/captures/board-a-main__1440-light-forced-colors-sim.png	100644	668bb2475664060d12b1829aa32fbb2fbeab7238	100644	668bb2475664060d12b1829aa32fbb2fbeab7238	retained_exact	-	-	source mode/blob equals target mode/blob	-
M1	material	68b8d3d67d6b66d1a6c2c8d4f72ff7079135b662	aa2c55b74dd872c9f9156b09dcdf9b7f07075c8a	T055	055cffcbc18eb26d15f3818aada50b82a4bd0fa8	accepted ATT/material HEAD	A	engineering/design/material-specimen-2026-09-10/captures/board-a-main__1440-light-nosupport.png	100644	0b604a3b1ba39dd29aa86627e720485e24f72ca8	100644	0b604a3b1ba39dd29aa86627e720485e24f72ca8	retained_exact	-	-	source mode/blob equals target mode/blob	-
M1	material	68b8d3d67d6b66d1a6c2c8d4f72ff7079135b662	aa2c55b74dd872c9f9156b09dcdf9b7f07075c8a	T055	055cffcbc18eb26d15f3818aada50b82a4bd0fa8	accepted ATT/material HEAD	A	engineering/design/material-specimen-2026-09-10/captures/board-a-main__1440-light-reduce-transparency.png	100644	0b604a3b1ba39dd29aa86627e720485e24f72ca8	100644	0b604a3b1ba39dd29aa86627e720485e24f72ca8	retained_exact	-	-	source mode/blob equals target mode/blob	-
M1	material	68b8d3d67d6b66d1a6c2c8d4f72ff7079135b662	aa2c55b74dd872c9f9156b09dcdf9b7f07075c8a	T055	055cffcbc18eb26d15f3818aada50b82a4bd0fa8	accepted ATT/material HEAD	A	engineering/design/material-specimen-2026-09-10/captures/board-a-main__1440-light.png	100644	697cd3eaf9a183c594d3dfb7658fb2093611334c	100644	697cd3eaf9a183c594d3dfb7658fb2093611334c	retained_exact	-	-	source mode/blob equals target mode/blob	-
M1	material	68b8d3d67d6b66d1a6c2c8d4f72ff7079135b662	aa2c55b74dd872c9f9156b09dcdf9b7f07075c8a	T055	055cffcbc18eb26d15f3818aada50b82a4bd0fa8	accepted ATT/material HEAD	A	engineering/design/material-specimen-2026-09-10/captures/board-a-main__390-dark.png	100644	7fcb16a58320fd8bd091423222c9183fdcbab5bd	100644	7fcb16a58320fd8bd091423222c9183fdcbab5bd	retained_exact	-	-	source mode/blob equals target mode/blob	-
M1	material	68b8d3d67d6b66d1a6c2c8d4f72ff7079135b662	aa2c55b74dd872c9f9156b09dcdf9b7f07075c8a	T055	055cffcbc18eb26d15f3818aada50b82a4bd0fa8	accepted ATT/material HEAD	A	engineering/design/material-specimen-2026-09-10/captures/board-a-main__390-light.png	100644	74f3501cbf05e57f373eb371aa3fb73f57785a7b	100644	74f3501cbf05e57f373eb371aa3fb73f57785a7b	retained_exact	-	-	source mode/blob equals target mode/blob	-
M1	material	68b8d3d67d6b66d1a6c2c8d4f72ff7079135b662	aa2c55b74dd872c9f9156b09dcdf9b7f07075c8a	T055	055cffcbc18eb26d15f3818aada50b82a4bd0fa8	accepted ATT/material HEAD	A	engineering/design/material-specimen-2026-09-10/captures/board-b-header-mechanics__1440-light-zoom200.png	100644	78ef9298bfa71f6266694f02aada6d387a3bae2a	100644	78ef9298bfa71f6266694f02aada6d387a3bae2a	retained_exact	-	-	source mode/blob equals target mode/blob	-
M1	material	68b8d3d67d6b66d1a6c2c8d4f72ff7079135b662	aa2c55b74dd872c9f9156b09dcdf9b7f07075c8a	T055	055cffcbc18eb26d15f3818aada50b82a4bd0fa8	accepted ATT/material HEAD	A	engineering/design/material-specimen-2026-09-10/captures/board-b-header__1440-dark-reduce-transparency.png	100644	d3b69df11ceb09b694564fe7340571b0fee36bde	100644	d3b69df11ceb09b694564fe7340571b0fee36bde	retained_exact	-	-	source mode/blob equals target mode/blob	-
M1	material	68b8d3d67d6b66d1a6c2c8d4f72ff7079135b662	aa2c55b74dd872c9f9156b09dcdf9b7f07075c8a	T055	055cffcbc18eb26d15f3818aada50b82a4bd0fa8	accepted ATT/material HEAD	A	engineering/design/material-specimen-2026-09-10/captures/board-b-header__1440-dark.png	100644	48d96411464f3af9f2796548e4970d1173e160da	100644	48d96411464f3af9f2796548e4970d1173e160da	retained_exact	-	-	source mode/blob equals target mode/blob	-
M1	material	68b8d3d67d6b66d1a6c2c8d4f72ff7079135b662	aa2c55b74dd872c9f9156b09dcdf9b7f07075c8a	T055	055cffcbc18eb26d15f3818aada50b82a4bd0fa8	accepted ATT/material HEAD	A	engineering/design/material-specimen-2026-09-10/captures/board-b-header__1440-light-b0-quiet.png	100644	556e4906a63f881771b72d9f1428d689bcc9c5b6	100644	556e4906a63f881771b72d9f1428d689bcc9c5b6	retained_exact	-	-	source mode/blob equals target mode/blob	-
M1	material	68b8d3d67d6b66d1a6c2c8d4f72ff7079135b662	aa2c55b74dd872c9f9156b09dcdf9b7f07075c8a	T055	055cffcbc18eb26d15f3818aada50b82a4bd0fa8	accepted ATT/material HEAD	A	engineering/design/material-specimen-2026-09-10/captures/board-b-header__1440-light-b2-code.png	100644	c8454b57fbc83bb78b5fc8548a91a67eb5085b1c	100644	c8454b57fbc83bb78b5fc8548a91a67eb5085b1c	retained_exact	-	-	source mode/blob equals target mode/blob	-
M1	material	68b8d3d67d6b66d1a6c2c8d4f72ff7079135b662	aa2c55b74dd872c9f9156b09dcdf9b7f07075c8a	T055	055cffcbc18eb26d15f3818aada50b82a4bd0fa8	accepted ATT/material HEAD	A	engineering/design/material-specimen-2026-09-10/captures/board-b-header__1440-light-b4-status.png	100644	ed82967b6d3cb5b324ff673627e38de3616e379e	100644	ed82967b6d3cb5b324ff673627e38de3616e379e	retained_exact	-	-	source mode/blob equals target mode/blob	-
M1	material	68b8d3d67d6b66d1a6c2c8d4f72ff7079135b662	aa2c55b74dd872c9f9156b09dcdf9b7f07075c8a	T055	055cffcbc18eb26d15f3818aada50b82a4bd0fa8	accepted ATT/material HEAD	A	engineering/design/material-specimen-2026-09-10/captures/board-b-header__1440-light-forced-colors-sim.png	100644	05c74578baff4e44b08652e4f1d9484bb947e9cb	100644	05c74578baff4e44b08652e4f1d9484bb947e9cb	retained_exact	-	-	source mode/blob equals target mode/blob	-
M1	material	68b8d3d67d6b66d1a6c2c8d4f72ff7079135b662	aa2c55b74dd872c9f9156b09dcdf9b7f07075c8a	T055	055cffcbc18eb26d15f3818aada50b82a4bd0fa8	accepted ATT/material HEAD	A	engineering/design/material-specimen-2026-09-10/captures/board-b-header__1440-light-nosupport.png	100644	78730580d4da6064dd5c9cdcb9075b1906210511	100644	78730580d4da6064dd5c9cdcb9075b1906210511	retained_exact	-	-	source mode/blob equals target mode/blob	-
M1	material	68b8d3d67d6b66d1a6c2c8d4f72ff7079135b662	aa2c55b74dd872c9f9156b09dcdf9b7f07075c8a	T055	055cffcbc18eb26d15f3818aada50b82a4bd0fa8	accepted ATT/material HEAD	A	engineering/design/material-specimen-2026-09-10/captures/board-b-header__1440-light-reduce-transparency.png	100644	78730580d4da6064dd5c9cdcb9075b1906210511	100644	78730580d4da6064dd5c9cdcb9075b1906210511	retained_exact	-	-	source mode/blob equals target mode/blob	-
M1	material	68b8d3d67d6b66d1a6c2c8d4f72ff7079135b662	aa2c55b74dd872c9f9156b09dcdf9b7f07075c8a	T055	055cffcbc18eb26d15f3818aada50b82a4bd0fa8	accepted ATT/material HEAD	A	engineering/design/material-specimen-2026-09-10/captures/board-b-header__1440-light.png	100644	a6edb7e12162dba278d78bd63c6c642bd5df9c8f	100644	a6edb7e12162dba278d78bd63c6c642bd5df9c8f	retained_exact	-	-	source mode/blob equals target mode/blob	-
M1	material	68b8d3d67d6b66d1a6c2c8d4f72ff7079135b662	aa2c55b74dd872c9f9156b09dcdf9b7f07075c8a	T055	055cffcbc18eb26d15f3818aada50b82a4bd0fa8	accepted ATT/material HEAD	A	engineering/design/material-specimen-2026-09-10/captures/board-b-header__390-dark.png	100644	f85efbc6d693eb18828af1c9667ef18c6663201b	100644	f85efbc6d693eb18828af1c9667ef18c6663201b	retained_exact	-	-	source mode/blob equals target mode/blob	-
M1	material	68b8d3d67d6b66d1a6c2c8d4f72ff7079135b662	aa2c55b74dd872c9f9156b09dcdf9b7f07075c8a	T055	055cffcbc18eb26d15f3818aada50b82a4bd0fa8	accepted ATT/material HEAD	A	engineering/design/material-specimen-2026-09-10/captures/board-b-header__390-light.png	100644	2843f05d7ab74d267a7dec361f9c111a5ec50366	100644	2843f05d7ab74d267a7dec361f9c111a5ec50366	retained_exact	-	-	source mode/blob equals target mode/blob	-
M1	material	68b8d3d67d6b66d1a6c2c8d4f72ff7079135b662	aa2c55b74dd872c9f9156b09dcdf9b7f07075c8a	T055	055cffcbc18eb26d15f3818aada50b82a4bd0fa8	accepted ATT/material HEAD	A	engineering/design/material-specimen-2026-09-10/captures/board-c-transient__1440-dark-b4-status.png	100644	15d93b3229517e14227b4a4f527162a5a9f6be47	100644	15d93b3229517e14227b4a4f527162a5a9f6be47	retained_exact	-	-	source mode/blob equals target mode/blob	-
M1	material	68b8d3d67d6b66d1a6c2c8d4f72ff7079135b662	aa2c55b74dd872c9f9156b09dcdf9b7f07075c8a	T055	055cffcbc18eb26d15f3818aada50b82a4bd0fa8	accepted ATT/material HEAD	A	engineering/design/material-specimen-2026-09-10/captures/board-c-transient__1440-dark-reduce-transparency.png	100644	3a8f64da899ad5d67da8c6809dd2a49a0bcb8e3c	100644	3a8f64da899ad5d67da8c6809dd2a49a0bcb8e3c	retained_exact	-	-	source mode/blob equals target mode/blob	-
M1	material	68b8d3d67d6b66d1a6c2c8d4f72ff7079135b662	aa2c55b74dd872c9f9156b09dcdf9b7f07075c8a	T055	055cffcbc18eb26d15f3818aada50b82a4bd0fa8	accepted ATT/material HEAD	A	engineering/design/material-specimen-2026-09-10/captures/board-c-transient__1440-dark.png	100644	b9dc3c66bab6f6a97de5f8c4c275362c839b3d0a	100644	b9dc3c66bab6f6a97de5f8c4c275362c839b3d0a	retained_exact	-	-	source mode/blob equals target mode/blob	-
M1	material	68b8d3d67d6b66d1a6c2c8d4f72ff7079135b662	aa2c55b74dd872c9f9156b09dcdf9b7f07075c8a	T055	055cffcbc18eb26d15f3818aada50b82a4bd0fa8	accepted ATT/material HEAD	A	engineering/design/material-specimen-2026-09-10/captures/board-c-transient__1440-light-b2-code.png	100644	27b6a1ac18522417b3981595556794fa15a29764	100644	27b6a1ac18522417b3981595556794fa15a29764	retained_exact	-	-	source mode/blob equals target mode/blob	-
M1	material	68b8d3d67d6b66d1a6c2c8d4f72ff7079135b662	aa2c55b74dd872c9f9156b09dcdf9b7f07075c8a	T055	055cffcbc18eb26d15f3818aada50b82a4bd0fa8	accepted ATT/material HEAD	A	engineering/design/material-specimen-2026-09-10/captures/board-c-transient__1440-light-b4-status.png	100644	f6f5a27d31b4966f25133a5cffffda1a7b9a7132	100644	f6f5a27d31b4966f25133a5cffffda1a7b9a7132	retained_exact	-	-	source mode/blob equals target mode/blob	-
M1	material	68b8d3d67d6b66d1a6c2c8d4f72ff7079135b662	aa2c55b74dd872c9f9156b09dcdf9b7f07075c8a	T055	055cffcbc18eb26d15f3818aada50b82a4bd0fa8	accepted ATT/material HEAD	A	engineering/design/material-specimen-2026-09-10/captures/board-c-transient__1440-light-forced-colors-sim.png	100644	7a1d84b06d0c5511ce1335d7e2cce6770cbf6139	100644	7a1d84b06d0c5511ce1335d7e2cce6770cbf6139	retained_exact	-	-	source mode/blob equals target mode/blob	-
M1	material	68b8d3d67d6b66d1a6c2c8d4f72ff7079135b662	aa2c55b74dd872c9f9156b09dcdf9b7f07075c8a	T055	055cffcbc18eb26d15f3818aada50b82a4bd0fa8	accepted ATT/material HEAD	A	engineering/design/material-specimen-2026-09-10/captures/board-c-transient__1440-light-reduce-transparency.png	100644	ad0c3c3d5f40cc95faf7f5ac4c258c8be5ebfabd	100644	ad0c3c3d5f40cc95faf7f5ac4c258c8be5ebfabd	retained_exact	-	-	source mode/blob equals target mode/blob	-
M1	material	68b8d3d67d6b66d1a6c2c8d4f72ff7079135b662	aa2c55b74dd872c9f9156b09dcdf9b7f07075c8a	T055	055cffcbc18eb26d15f3818aada50b82a4bd0fa8	accepted ATT/material HEAD	A	engineering/design/material-specimen-2026-09-10/captures/board-c-transient__1440-light-zoom200.png	100644	a0f89884ce8900f3c75848b39c68de55b26c46cb	100644	a0f89884ce8900f3c75848b39c68de55b26c46cb	retained_exact	-	-	source mode/blob equals target mode/blob	-
M1	material	68b8d3d67d6b66d1a6c2c8d4f72ff7079135b662	aa2c55b74dd872c9f9156b09dcdf9b7f07075c8a	T055	055cffcbc18eb26d15f3818aada50b82a4bd0fa8	accepted ATT/material HEAD	A	engineering/design/material-specimen-2026-09-10/captures/board-c-transient__1440-light.png	100644	da201b793ff9decdf55c308659bb5c6a661b8001	100644	da201b793ff9decdf55c308659bb5c6a661b8001	retained_exact	-	-	source mode/blob equals target mode/blob	-
M1	material	68b8d3d67d6b66d1a6c2c8d4f72ff7079135b662	aa2c55b74dd872c9f9156b09dcdf9b7f07075c8a	T055	055cffcbc18eb26d15f3818aada50b82a4bd0fa8	accepted ATT/material HEAD	A	engineering/design/material-specimen-2026-09-10/captures/board-c-transient__390-dark.png	100644	9a1e451cc05e104fd4a4452c92bf2af32e5730f2	100644	9a1e451cc05e104fd4a4452c92bf2af32e5730f2	retained_exact	-	-	source mode/blob equals target mode/blob	-
M1	material	68b8d3d67d6b66d1a6c2c8d4f72ff7079135b662	aa2c55b74dd872c9f9156b09dcdf9b7f07075c8a	T055	055cffcbc18eb26d15f3818aada50b82a4bd0fa8	accepted ATT/material HEAD	A	engineering/design/material-specimen-2026-09-10/captures/board-c-transient__390-light.png	100644	66417f00eef64e4c3e57c94435dd26abb83cc4ba	100644	66417f00eef64e4c3e57c94435dd26abb83cc4ba	retained_exact	-	-	source mode/blob equals target mode/blob	-
M1	material	68b8d3d67d6b66d1a6c2c8d4f72ff7079135b662	aa2c55b74dd872c9f9156b09dcdf9b7f07075c8a	T055	055cffcbc18eb26d15f3818aada50b82a4bd0fa8	accepted ATT/material HEAD	A	engineering/design/material-specimen-2026-09-10/captures/board-d-review__1440-dark.png	100644	7ecd0fc525af5df4cc246901c57efb6ca2c4cfbb	100644	7ecd0fc525af5df4cc246901c57efb6ca2c4cfbb	retained_exact	-	-	source mode/blob equals target mode/blob	-
M1	material	68b8d3d67d6b66d1a6c2c8d4f72ff7079135b662	aa2c55b74dd872c9f9156b09dcdf9b7f07075c8a	T055	055cffcbc18eb26d15f3818aada50b82a4bd0fa8	accepted ATT/material HEAD	A	engineering/design/material-specimen-2026-09-10/captures/board-d-review__1440-light-zoom200.png	100644	64781512da0944c356724e178d3075a87170af65	100644	64781512da0944c356724e178d3075a87170af65	retained_exact	-	-	source mode/blob equals target mode/blob	-
M1	material	68b8d3d67d6b66d1a6c2c8d4f72ff7079135b662	aa2c55b74dd872c9f9156b09dcdf9b7f07075c8a	T055	055cffcbc18eb26d15f3818aada50b82a4bd0fa8	accepted ATT/material HEAD	A	engineering/design/material-specimen-2026-09-10/captures/board-d-review__1440-light.png	100644	60fa6f2e436ccc9294004e274f42a378119a0d94	100644	60fa6f2e436ccc9294004e274f42a378119a0d94	retained_exact	-	-	source mode/blob equals target mode/blob	-
M1	material	68b8d3d67d6b66d1a6c2c8d4f72ff7079135b662	aa2c55b74dd872c9f9156b09dcdf9b7f07075c8a	T055	055cffcbc18eb26d15f3818aada50b82a4bd0fa8	accepted ATT/material HEAD	A	engineering/design/material-specimen-2026-09-10/captures/board-d-review__390-dark.png	100644	01f1e5efef1a9963c4c19695653856a0c6ef15cc	100644	01f1e5efef1a9963c4c19695653856a0c6ef15cc	retained_exact	-	-	source mode/blob equals target mode/blob	-
M1	material	68b8d3d67d6b66d1a6c2c8d4f72ff7079135b662	aa2c55b74dd872c9f9156b09dcdf9b7f07075c8a	T055	055cffcbc18eb26d15f3818aada50b82a4bd0fa8	accepted ATT/material HEAD	A	engineering/design/material-specimen-2026-09-10/captures/board-d-review__390-light.png	100644	2edf15e4131036701b4eab3da16566188ccde362	100644	2edf15e4131036701b4eab3da16566188ccde362	retained_exact	-	-	source mode/blob equals target mode/blob	-
M1	material	68b8d3d67d6b66d1a6c2c8d4f72ff7079135b662	aa2c55b74dd872c9f9156b09dcdf9b7f07075c8a	T055	055cffcbc18eb26d15f3818aada50b82a4bd0fa8	accepted ATT/material HEAD	A	engineering/design/material-specimen-2026-09-10/captures/board-e-negative__1440-dark.png	100644	020ab31cb574da23f3b444eeb6e9ccd0a3c2f6d5	100644	020ab31cb574da23f3b444eeb6e9ccd0a3c2f6d5	retained_exact	-	-	source mode/blob equals target mode/blob	-
M1	material	68b8d3d67d6b66d1a6c2c8d4f72ff7079135b662	aa2c55b74dd872c9f9156b09dcdf9b7f07075c8a	T055	055cffcbc18eb26d15f3818aada50b82a4bd0fa8	accepted ATT/material HEAD	A	engineering/design/material-specimen-2026-09-10/captures/board-e-negative__1440-light.png	100644	9b65ac679a86e387c4241e1e5061afd1ff2d1c4b	100644	9b65ac679a86e387c4241e1e5061afd1ff2d1c4b	retained_exact	-	-	source mode/blob equals target mode/blob	-
M1	material	68b8d3d67d6b66d1a6c2c8d4f72ff7079135b662	aa2c55b74dd872c9f9156b09dcdf9b7f07075c8a	T055	055cffcbc18eb26d15f3818aada50b82a4bd0fa8	accepted ATT/material HEAD	A	engineering/design/material-specimen-2026-09-10/captures/board-e-negative__390-dark.png	100644	00b4395cad915e6ba23aad94389ddc5e90f9f2f7	100644	00b4395cad915e6ba23aad94389ddc5e90f9f2f7	retained_exact	-	-	source mode/blob equals target mode/blob	-
M1	material	68b8d3d67d6b66d1a6c2c8d4f72ff7079135b662	aa2c55b74dd872c9f9156b09dcdf9b7f07075c8a	T055	055cffcbc18eb26d15f3818aada50b82a4bd0fa8	accepted ATT/material HEAD	A	engineering/design/material-specimen-2026-09-10/captures/board-e-negative__390-light.png	100644	f62c3e054224542134d28b55cad0eb80647262f3	100644	f62c3e054224542134d28b55cad0eb80647262f3	retained_exact	-	-	source mode/blob equals target mode/blob	-
M1	material	68b8d3d67d6b66d1a6c2c8d4f72ff7079135b662	aa2c55b74dd872c9f9156b09dcdf9b7f07075c8a	T055	055cffcbc18eb26d15f3818aada50b82a4bd0fa8	accepted ATT/material HEAD	A	engineering/design/material-specimen-2026-09-10/captures/board-f-focus__1440-dark.png	100644	dbe4b27147d7903184c32ff4ae121b9a4b1343a3	100644	dbe4b27147d7903184c32ff4ae121b9a4b1343a3	retained_exact	-	-	source mode/blob equals target mode/blob	-
M1	material	68b8d3d67d6b66d1a6c2c8d4f72ff7079135b662	aa2c55b74dd872c9f9156b09dcdf9b7f07075c8a	T055	055cffcbc18eb26d15f3818aada50b82a4bd0fa8	accepted ATT/material HEAD	A	engineering/design/material-specimen-2026-09-10/captures/board-f-focus__1440-light.png	100644	cea6f8be1aa3b04019b50775d8ebf897e8fdc292	100644	cea6f8be1aa3b04019b50775d8ebf897e8fdc292	retained_exact	-	-	source mode/blob equals target mode/blob	-
M1	material	68b8d3d67d6b66d1a6c2c8d4f72ff7079135b662	aa2c55b74dd872c9f9156b09dcdf9b7f07075c8a	T055	055cffcbc18eb26d15f3818aada50b82a4bd0fa8	accepted ATT/material HEAD	A	engineering/design/material-specimen-2026-09-10/captures/board-f-focus__390-dark.png	100644	b2aadefc07b672548b172854467a659a63c01a47	100644	b2aadefc07b672548b172854467a659a63c01a47	retained_exact	-	-	source mode/blob equals target mode/blob	-
M1	material	68b8d3d67d6b66d1a6c2c8d4f72ff7079135b662	aa2c55b74dd872c9f9156b09dcdf9b7f07075c8a	T055	055cffcbc18eb26d15f3818aada50b82a4bd0fa8	accepted ATT/material HEAD	A	engineering/design/material-specimen-2026-09-10/captures/board-f-focus__390-light.png	100644	f64b21d1543d4fe165a64c4847e5c222fb7d577b	100644	f64b21d1543d4fe165a64c4847e5c222fb7d577b	retained_exact	-	-	source mode/blob equals target mode/blob	-
M1	material	68b8d3d67d6b66d1a6c2c8d4f72ff7079135b662	aa2c55b74dd872c9f9156b09dcdf9b7f07075c8a	T055	055cffcbc18eb26d15f3818aada50b82a4bd0fa8	accepted ATT/material HEAD	A	engineering/design/material-specimen-2026-09-10/index.html	100644	b91ad06ca2f143fe6de0275f7be243b339b7d2d4	100644	b91ad06ca2f143fe6de0275f7be243b339b7d2d4	retained_exact	-	-	source mode/blob equals target mode/blob	-
M1	material	68b8d3d67d6b66d1a6c2c8d4f72ff7079135b662	aa2c55b74dd872c9f9156b09dcdf9b7f07075c8a	T055	055cffcbc18eb26d15f3818aada50b82a4bd0fa8	accepted ATT/material HEAD	A	engineering/design/material-specimen-2026-09-10/measurements.json	100644	d1df1627c2ace37af68ed8c9670d9ac0e14c91b1	100644	d1df1627c2ace37af68ed8c9670d9ac0e14c91b1	retained_exact	-	-	source mode/blob equals target mode/blob	-
M1	material	68b8d3d67d6b66d1a6c2c8d4f72ff7079135b662	aa2c55b74dd872c9f9156b09dcdf9b7f07075c8a	T055	055cffcbc18eb26d15f3818aada50b82a4bd0fa8	accepted ATT/material HEAD	A	engineering/design/material-specimen-2026-09-10/observations.md	100644	45f28b184d1b5deb08ed06453174f4cfbe05b0aa	100644	45f28b184d1b5deb08ed06453174f4cfbe05b0aa	retained_exact	-	-	source mode/blob equals target mode/blob	-
M1	material	68b8d3d67d6b66d1a6c2c8d4f72ff7079135b662	aa2c55b74dd872c9f9156b09dcdf9b7f07075c8a	T055	055cffcbc18eb26d15f3818aada50b82a4bd0fa8	accepted ATT/material HEAD	A	engineering/design/material-specimen-2026-09-10/specimen.css	100644	592aaf81b42c2dca102d7f66934438de690259a4	100644	592aaf81b42c2dca102d7f66934438de690259a4	retained_exact	-	-	source mode/blob equals target mode/blob	-
M1	material	68b8d3d67d6b66d1a6c2c8d4f72ff7079135b662	aa2c55b74dd872c9f9156b09dcdf9b7f07075c8a	T055	055cffcbc18eb26d15f3818aada50b82a4bd0fa8	accepted ATT/material HEAD	A	engineering/design/material-specimen-2026-09-10/specimen.mjs	100644	d28d723de9e82fcb0747bfaf840fb259830f2a1e	100644	d28d723de9e82fcb0747bfaf840fb259830f2a1e	retained_exact	-	-	source mode/blob equals target mode/blob	-
M1	material	68b8d3d67d6b66d1a6c2c8d4f72ff7079135b662	aa2c55b74dd872c9f9156b09dcdf9b7f07075c8a	T055	055cffcbc18eb26d15f3818aada50b82a4bd0fa8	accepted ATT/material HEAD	A	engineering/mvp/execution/work-surface-kit/explore/ex-fe05-material-specimen.md	100644	db1eed46ddb5ee17ae9629740a0a7f42a87b296a	100644	db1eed46ddb5ee17ae9629740a0a7f42a87b296a	retained_exact	-	-	source mode/blob equals target mode/blob	-
M1	material	68b8d3d67d6b66d1a6c2c8d4f72ff7079135b662	aa2c55b74dd872c9f9156b09dcdf9b7f07075c8a	T4003	4003c548a314246d8c46516c4033fa5602e19c4b	assembled Spark candidate	A	engineering/design/material-specimen-2026-09-10/README.md	100644	020e0b08eb4306a101a06cdae569ee93cbdc2e90	-	-	topology_excluded	topology	-	material source aa2 postdates candidate 4003 construction; 51 material paths require reconciliation into any final Spark merge	material source aa2 postdates candidate 4003 construction; 51 material paths require reconciliation into any final Spark merge
M1	material	68b8d3d67d6b66d1a6c2c8d4f72ff7079135b662	aa2c55b74dd872c9f9156b09dcdf9b7f07075c8a	T4003	4003c548a314246d8c46516c4033fa5602e19c4b	assembled Spark candidate	A	engineering/design/material-specimen-2026-09-10/captures/board-a-main__1440-dark-reduce-transparency.png	100644	d113fa5e40e8109250a2355d23734900c8ea6b70	-	-	topology_excluded	topology	-	material source aa2 postdates candidate 4003 construction; 51 material paths require reconciliation into any final Spark merge	material source aa2 postdates candidate 4003 construction; 51 material paths require reconciliation into any final Spark merge
M1	material	68b8d3d67d6b66d1a6c2c8d4f72ff7079135b662	aa2c55b74dd872c9f9156b09dcdf9b7f07075c8a	T4003	4003c548a314246d8c46516c4033fa5602e19c4b	assembled Spark candidate	A	engineering/design/material-specimen-2026-09-10/captures/board-a-main__1440-dark.png	100644	c115963d12baf4d4f07f29cdbcde18225def44da	-	-	topology_excluded	topology	-	material source aa2 postdates candidate 4003 construction; 51 material paths require reconciliation into any final Spark merge	material source aa2 postdates candidate 4003 construction; 51 material paths require reconciliation into any final Spark merge
M1	material	68b8d3d67d6b66d1a6c2c8d4f72ff7079135b662	aa2c55b74dd872c9f9156b09dcdf9b7f07075c8a	T4003	4003c548a314246d8c46516c4033fa5602e19c4b	assembled Spark candidate	A	engineering/design/material-specimen-2026-09-10/captures/board-a-main__1440-light-forced-colors-sim.png	100644	668bb2475664060d12b1829aa32fbb2fbeab7238	-	-	topology_excluded	topology	-	material source aa2 postdates candidate 4003 construction; 51 material paths require reconciliation into any final Spark merge	material source aa2 postdates candidate 4003 construction; 51 material paths require reconciliation into any final Spark merge
M1	material	68b8d3d67d6b66d1a6c2c8d4f72ff7079135b662	aa2c55b74dd872c9f9156b09dcdf9b7f07075c8a	T4003	4003c548a314246d8c46516c4033fa5602e19c4b	assembled Spark candidate	A	engineering/design/material-specimen-2026-09-10/captures/board-a-main__1440-light-nosupport.png	100644	0b604a3b1ba39dd29aa86627e720485e24f72ca8	-	-	topology_excluded	topology	-	material source aa2 postdates candidate 4003 construction; 51 material paths require reconciliation into any final Spark merge	material source aa2 postdates candidate 4003 construction; 51 material paths require reconciliation into any final Spark merge
M1	material	68b8d3d67d6b66d1a6c2c8d4f72ff7079135b662	aa2c55b74dd872c9f9156b09dcdf9b7f07075c8a	T4003	4003c548a314246d8c46516c4033fa5602e19c4b	assembled Spark candidate	A	engineering/design/material-specimen-2026-09-10/captures/board-a-main__1440-light-reduce-transparency.png	100644	0b604a3b1ba39dd29aa86627e720485e24f72ca8	-	-	topology_excluded	topology	-	material source aa2 postdates candidate 4003 construction; 51 material paths require reconciliation into any final Spark merge	material source aa2 postdates candidate 4003 construction; 51 material paths require reconciliation into any final Spark merge
M1	material	68b8d3d67d6b66d1a6c2c8d4f72ff7079135b662	aa2c55b74dd872c9f9156b09dcdf9b7f07075c8a	T4003	4003c548a314246d8c46516c4033fa5602e19c4b	assembled Spark candidate	A	engineering/design/material-specimen-2026-09-10/captures/board-a-main__1440-light.png	100644	697cd3eaf9a183c594d3dfb7658fb2093611334c	-	-	topology_excluded	topology	-	material source aa2 postdates candidate 4003 construction; 51 material paths require reconciliation into any final Spark merge	material source aa2 postdates candidate 4003 construction; 51 material paths require reconciliation into any final Spark merge
M1	material	68b8d3d67d6b66d1a6c2c8d4f72ff7079135b662	aa2c55b74dd872c9f9156b09dcdf9b7f07075c8a	T4003	4003c548a314246d8c46516c4033fa5602e19c4b	assembled Spark candidate	A	engineering/design/material-specimen-2026-09-10/captures/board-a-main__390-dark.png	100644	7fcb16a58320fd8bd091423222c9183fdcbab5bd	-	-	topology_excluded	topology	-	material source aa2 postdates candidate 4003 construction; 51 material paths require reconciliation into any final Spark merge	material source aa2 postdates candidate 4003 construction; 51 material paths require reconciliation into any final Spark merge
M1	material	68b8d3d67d6b66d1a6c2c8d4f72ff7079135b662	aa2c55b74dd872c9f9156b09dcdf9b7f07075c8a	T4003	4003c548a314246d8c46516c4033fa5602e19c4b	assembled Spark candidate	A	engineering/design/material-specimen-2026-09-10/captures/board-a-main__390-light.png	100644	74f3501cbf05e57f373eb371aa3fb73f57785a7b	-	-	topology_excluded	topology	-	material source aa2 postdates candidate 4003 construction; 51 material paths require reconciliation into any final Spark merge	material source aa2 postdates candidate 4003 construction; 51 material paths require reconciliation into any final Spark merge
M1	material	68b8d3d67d6b66d1a6c2c8d4f72ff7079135b662	aa2c55b74dd872c9f9156b09dcdf9b7f07075c8a	T4003	4003c548a314246d8c46516c4033fa5602e19c4b	assembled Spark candidate	A	engineering/design/material-specimen-2026-09-10/captures/board-b-header-mechanics__1440-light-zoom200.png	100644	78ef9298bfa71f6266694f02aada6d387a3bae2a	-	-	topology_excluded	topology	-	material source aa2 postdates candidate 4003 construction; 51 material paths require reconciliation into any final Spark merge	material source aa2 postdates candidate 4003 construction; 51 material paths require reconciliation into any final Spark merge
M1	material	68b8d3d67d6b66d1a6c2c8d4f72ff7079135b662	aa2c55b74dd872c9f9156b09dcdf9b7f07075c8a	T4003	4003c548a314246d8c46516c4033fa5602e19c4b	assembled Spark candidate	A	engineering/design/material-specimen-2026-09-10/captures/board-b-header__1440-dark-reduce-transparency.png	100644	d3b69df11ceb09b694564fe7340571b0fee36bde	-	-	topology_excluded	topology	-	material source aa2 postdates candidate 4003 construction; 51 material paths require reconciliation into any final Spark merge	material source aa2 postdates candidate 4003 construction; 51 material paths require reconciliation into any final Spark merge
M1	material	68b8d3d67d6b66d1a6c2c8d4f72ff7079135b662	aa2c55b74dd872c9f9156b09dcdf9b7f07075c8a	T4003	4003c548a314246d8c46516c4033fa5602e19c4b	assembled Spark candidate	A	engineering/design/material-specimen-2026-09-10/captures/board-b-header__1440-dark.png	100644	48d96411464f3af9f2796548e4970d1173e160da	-	-	topology_excluded	topology	-	material source aa2 postdates candidate 4003 construction; 51 material paths require reconciliation into any final Spark merge	material source aa2 postdates candidate 4003 construction; 51 material paths require reconciliation into any final Spark merge
M1	material	68b8d3d67d6b66d1a6c2c8d4f72ff7079135b662	aa2c55b74dd872c9f9156b09dcdf9b7f07075c8a	T4003	4003c548a314246d8c46516c4033fa5602e19c4b	assembled Spark candidate	A	engineering/design/material-specimen-2026-09-10/captures/board-b-header__1440-light-b0-quiet.png	100644	556e4906a63f881771b72d9f1428d689bcc9c5b6	-	-	topology_excluded	topology	-	material source aa2 postdates candidate 4003 construction; 51 material paths require reconciliation into any final Spark merge	material source aa2 postdates candidate 4003 construction; 51 material paths require reconciliation into any final Spark merge
M1	material	68b8d3d67d6b66d1a6c2c8d4f72ff7079135b662	aa2c55b74dd872c9f9156b09dcdf9b7f07075c8a	T4003	4003c548a314246d8c46516c4033fa5602e19c4b	assembled Spark candidate	A	engineering/design/material-specimen-2026-09-10/captures/board-b-header__1440-light-b2-code.png	100644	c8454b57fbc83bb78b5fc8548a91a67eb5085b1c	-	-	topology_excluded	topology	-	material source aa2 postdates candidate 4003 construction; 51 material paths require reconciliation into any final Spark merge	material source aa2 postdates candidate 4003 construction; 51 material paths require reconciliation into any final Spark merge
M1	material	68b8d3d67d6b66d1a6c2c8d4f72ff7079135b662	aa2c55b74dd872c9f9156b09dcdf9b7f07075c8a	T4003	4003c548a314246d8c46516c4033fa5602e19c4b	assembled Spark candidate	A	engineering/design/material-specimen-2026-09-10/captures/board-b-header__1440-light-b4-status.png	100644	ed82967b6d3cb5b324ff673627e38de3616e379e	-	-	topology_excluded	topology	-	material source aa2 postdates candidate 4003 construction; 51 material paths require reconciliation into any final Spark merge	material source aa2 postdates candidate 4003 construction; 51 material paths require reconciliation into any final Spark merge
M1	material	68b8d3d67d6b66d1a6c2c8d4f72ff7079135b662	aa2c55b74dd872c9f9156b09dcdf9b7f07075c8a	T4003	4003c548a314246d8c46516c4033fa5602e19c4b	assembled Spark candidate	A	engineering/design/material-specimen-2026-09-10/captures/board-b-header__1440-light-forced-colors-sim.png	100644	05c74578baff4e44b08652e4f1d9484bb947e9cb	-	-	topology_excluded	topology	-	material source aa2 postdates candidate 4003 construction; 51 material paths require reconciliation into any final Spark merge	material source aa2 postdates candidate 4003 construction; 51 material paths require reconciliation into any final Spark merge
M1	material	68b8d3d67d6b66d1a6c2c8d4f72ff7079135b662	aa2c55b74dd872c9f9156b09dcdf9b7f07075c8a	T4003	4003c548a314246d8c46516c4033fa5602e19c4b	assembled Spark candidate	A	engineering/design/material-specimen-2026-09-10/captures/board-b-header__1440-light-nosupport.png	100644	78730580d4da6064dd5c9cdcb9075b1906210511	-	-	topology_excluded	topology	-	material source aa2 postdates candidate 4003 construction; 51 material paths require reconciliation into any final Spark merge	material source aa2 postdates candidate 4003 construction; 51 material paths require reconciliation into any final Spark merge
M1	material	68b8d3d67d6b66d1a6c2c8d4f72ff7079135b662	aa2c55b74dd872c9f9156b09dcdf9b7f07075c8a	T4003	4003c548a314246d8c46516c4033fa5602e19c4b	assembled Spark candidate	A	engineering/design/material-specimen-2026-09-10/captures/board-b-header__1440-light-reduce-transparency.png	100644	78730580d4da6064dd5c9cdcb9075b1906210511	-	-	topology_excluded	topology	-	material source aa2 postdates candidate 4003 construction; 51 material paths require reconciliation into any final Spark merge	material source aa2 postdates candidate 4003 construction; 51 material paths require reconciliation into any final Spark merge
M1	material	68b8d3d67d6b66d1a6c2c8d4f72ff7079135b662	aa2c55b74dd872c9f9156b09dcdf9b7f07075c8a	T4003	4003c548a314246d8c46516c4033fa5602e19c4b	assembled Spark candidate	A	engineering/design/material-specimen-2026-09-10/captures/board-b-header__1440-light.png	100644	a6edb7e12162dba278d78bd63c6c642bd5df9c8f	-	-	topology_excluded	topology	-	material source aa2 postdates candidate 4003 construction; 51 material paths require reconciliation into any final Spark merge	material source aa2 postdates candidate 4003 construction; 51 material paths require reconciliation into any final Spark merge
M1	material	68b8d3d67d6b66d1a6c2c8d4f72ff7079135b662	aa2c55b74dd872c9f9156b09dcdf9b7f07075c8a	T4003	4003c548a314246d8c46516c4033fa5602e19c4b	assembled Spark candidate	A	engineering/design/material-specimen-2026-09-10/captures/board-b-header__390-dark.png	100644	f85efbc6d693eb18828af1c9667ef18c6663201b	-	-	topology_excluded	topology	-	material source aa2 postdates candidate 4003 construction; 51 material paths require reconciliation into any final Spark merge	material source aa2 postdates candidate 4003 construction; 51 material paths require reconciliation into any final Spark merge
M1	material	68b8d3d67d6b66d1a6c2c8d4f72ff7079135b662	aa2c55b74dd872c9f9156b09dcdf9b7f07075c8a	T4003	4003c548a314246d8c46516c4033fa5602e19c4b	assembled Spark candidate	A	engineering/design/material-specimen-2026-09-10/captures/board-b-header__390-light.png	100644	2843f05d7ab74d267a7dec361f9c111a5ec50366	-	-	topology_excluded	topology	-	material source aa2 postdates candidate 4003 construction; 51 material paths require reconciliation into any final Spark merge	material source aa2 postdates candidate 4003 construction; 51 material paths require reconciliation into any final Spark merge
M1	material	68b8d3d67d6b66d1a6c2c8d4f72ff7079135b662	aa2c55b74dd872c9f9156b09dcdf9b7f07075c8a	T4003	4003c548a314246d8c46516c4033fa5602e19c4b	assembled Spark candidate	A	engineering/design/material-specimen-2026-09-10/captures/board-c-transient__1440-dark-b4-status.png	100644	15d93b3229517e14227b4a4f527162a5a9f6be47	-	-	topology_excluded	topology	-	material source aa2 postdates candidate 4003 construction; 51 material paths require reconciliation into any final Spark merge	material source aa2 postdates candidate 4003 construction; 51 material paths require reconciliation into any final Spark merge
M1	material	68b8d3d67d6b66d1a6c2c8d4f72ff7079135b662	aa2c55b74dd872c9f9156b09dcdf9b7f07075c8a	T4003	4003c548a314246d8c46516c4033fa5602e19c4b	assembled Spark candidate	A	engineering/design/material-specimen-2026-09-10/captures/board-c-transient__1440-dark-reduce-transparency.png	100644	3a8f64da899ad5d67da8c6809dd2a49a0bcb8e3c	-	-	topology_excluded	topology	-	material source aa2 postdates candidate 4003 construction; 51 material paths require reconciliation into any final Spark merge	material source aa2 postdates candidate 4003 construction; 51 material paths require reconciliation into any final Spark merge
M1	material	68b8d3d67d6b66d1a6c2c8d4f72ff7079135b662	aa2c55b74dd872c9f9156b09dcdf9b7f07075c8a	T4003	4003c548a314246d8c46516c4033fa5602e19c4b	assembled Spark candidate	A	engineering/design/material-specimen-2026-09-10/captures/board-c-transient__1440-dark.png	100644	b9dc3c66bab6f6a97de5f8c4c275362c839b3d0a	-	-	topology_excluded	topology	-	material source aa2 postdates candidate 4003 construction; 51 material paths require reconciliation into any final Spark merge	material source aa2 postdates candidate 4003 construction; 51 material paths require reconciliation into any final Spark merge
M1	material	68b8d3d67d6b66d1a6c2c8d4f72ff7079135b662	aa2c55b74dd872c9f9156b09dcdf9b7f07075c8a	T4003	4003c548a314246d8c46516c4033fa5602e19c4b	assembled Spark candidate	A	engineering/design/material-specimen-2026-09-10/captures/board-c-transient__1440-light-b2-code.png	100644	27b6a1ac18522417b3981595556794fa15a29764	-	-	topology_excluded	topology	-	material source aa2 postdates candidate 4003 construction; 51 material paths require reconciliation into any final Spark merge	material source aa2 postdates candidate 4003 construction; 51 material paths require reconciliation into any final Spark merge
M1	material	68b8d3d67d6b66d1a6c2c8d4f72ff7079135b662	aa2c55b74dd872c9f9156b09dcdf9b7f07075c8a	T4003	4003c548a314246d8c46516c4033fa5602e19c4b	assembled Spark candidate	A	engineering/design/material-specimen-2026-09-10/captures/board-c-transient__1440-light-b4-status.png	100644	f6f5a27d31b4966f25133a5cffffda1a7b9a7132	-	-	topology_excluded	topology	-	material source aa2 postdates candidate 4003 construction; 51 material paths require reconciliation into any final Spark merge	material source aa2 postdates candidate 4003 construction; 51 material paths require reconciliation into any final Spark merge
M1	material	68b8d3d67d6b66d1a6c2c8d4f72ff7079135b662	aa2c55b74dd872c9f9156b09dcdf9b7f07075c8a	T4003	4003c548a314246d8c46516c4033fa5602e19c4b	assembled Spark candidate	A	engineering/design/material-specimen-2026-09-10/captures/board-c-transient__1440-light-forced-colors-sim.png	100644	7a1d84b06d0c5511ce1335d7e2cce6770cbf6139	-	-	topology_excluded	topology	-	material source aa2 postdates candidate 4003 construction; 51 material paths require reconciliation into any final Spark merge	material source aa2 postdates candidate 4003 construction; 51 material paths require reconciliation into any final Spark merge
M1	material	68b8d3d67d6b66d1a6c2c8d4f72ff7079135b662	aa2c55b74dd872c9f9156b09dcdf9b7f07075c8a	T4003	4003c548a314246d8c46516c4033fa5602e19c4b	assembled Spark candidate	A	engineering/design/material-specimen-2026-09-10/captures/board-c-transient__1440-light-reduce-transparency.png	100644	ad0c3c3d5f40cc95faf7f5ac4c258c8be5ebfabd	-	-	topology_excluded	topology	-	material source aa2 postdates candidate 4003 construction; 51 material paths require reconciliation into any final Spark merge	material source aa2 postdates candidate 4003 construction; 51 material paths require reconciliation into any final Spark merge
M1	material	68b8d3d67d6b66d1a6c2c8d4f72ff7079135b662	aa2c55b74dd872c9f9156b09dcdf9b7f07075c8a	T4003	4003c548a314246d8c46516c4033fa5602e19c4b	assembled Spark candidate	A	engineering/design/material-specimen-2026-09-10/captures/board-c-transient__1440-light-zoom200.png	100644	a0f89884ce8900f3c75848b39c68de55b26c46cb	-	-	topology_excluded	topology	-	material source aa2 postdates candidate 4003 construction; 51 material paths require reconciliation into any final Spark merge	material source aa2 postdates candidate 4003 construction; 51 material paths require reconciliation into any final Spark merge
M1	material	68b8d3d67d6b66d1a6c2c8d4f72ff7079135b662	aa2c55b74dd872c9f9156b09dcdf9b7f07075c8a	T4003	4003c548a314246d8c46516c4033fa5602e19c4b	assembled Spark candidate	A	engineering/design/material-specimen-2026-09-10/captures/board-c-transient__1440-light.png	100644	da201b793ff9decdf55c308659bb5c6a661b8001	-	-	topology_excluded	topology	-	material source aa2 postdates candidate 4003 construction; 51 material paths require reconciliation into any final Spark merge	material source aa2 postdates candidate 4003 construction; 51 material paths require reconciliation into any final Spark merge
M1	material	68b8d3d67d6b66d1a6c2c8d4f72ff7079135b662	aa2c55b74dd872c9f9156b09dcdf9b7f07075c8a	T4003	4003c548a314246d8c46516c4033fa5602e19c4b	assembled Spark candidate	A	engineering/design/material-specimen-2026-09-10/captures/board-c-transient__390-dark.png	100644	9a1e451cc05e104fd4a4452c92bf2af32e5730f2	-	-	topology_excluded	topology	-	material source aa2 postdates candidate 4003 construction; 51 material paths require reconciliation into any final Spark merge	material source aa2 postdates candidate 4003 construction; 51 material paths require reconciliation into any final Spark merge
M1	material	68b8d3d67d6b66d1a6c2c8d4f72ff7079135b662	aa2c55b74dd872c9f9156b09dcdf9b7f07075c8a	T4003	4003c548a314246d8c46516c4033fa5602e19c4b	assembled Spark candidate	A	engineering/design/material-specimen-2026-09-10/captures/board-c-transient__390-light.png	100644	66417f00eef64e4c3e57c94435dd26abb83cc4ba	-	-	topology_excluded	topology	-	material source aa2 postdates candidate 4003 construction; 51 material paths require reconciliation into any final Spark merge	material source aa2 postdates candidate 4003 construction; 51 material paths require reconciliation into any final Spark merge
M1	material	68b8d3d67d6b66d1a6c2c8d4f72ff7079135b662	aa2c55b74dd872c9f9156b09dcdf9b7f07075c8a	T4003	4003c548a314246d8c46516c4033fa5602e19c4b	assembled Spark candidate	A	engineering/design/material-specimen-2026-09-10/captures/board-d-review__1440-dark.png	100644	7ecd0fc525af5df4cc246901c57efb6ca2c4cfbb	-	-	topology_excluded	topology	-	material source aa2 postdates candidate 4003 construction; 51 material paths require reconciliation into any final Spark merge	material source aa2 postdates candidate 4003 construction; 51 material paths require reconciliation into any final Spark merge
M1	material	68b8d3d67d6b66d1a6c2c8d4f72ff7079135b662	aa2c55b74dd872c9f9156b09dcdf9b7f07075c8a	T4003	4003c548a314246d8c46516c4033fa5602e19c4b	assembled Spark candidate	A	engineering/design/material-specimen-2026-09-10/captures/board-d-review__1440-light-zoom200.png	100644	64781512da0944c356724e178d3075a87170af65	-	-	topology_excluded	topology	-	material source aa2 postdates candidate 4003 construction; 51 material paths require reconciliation into any final Spark merge	material source aa2 postdates candidate 4003 construction; 51 material paths require reconciliation into any final Spark merge
M1	material	68b8d3d67d6b66d1a6c2c8d4f72ff7079135b662	aa2c55b74dd872c9f9156b09dcdf9b7f07075c8a	T4003	4003c548a314246d8c46516c4033fa5602e19c4b	assembled Spark candidate	A	engineering/design/material-specimen-2026-09-10/captures/board-d-review__1440-light.png	100644	60fa6f2e436ccc9294004e274f42a378119a0d94	-	-	topology_excluded	topology	-	material source aa2 postdates candidate 4003 construction; 51 material paths require reconciliation into any final Spark merge	material source aa2 postdates candidate 4003 construction; 51 material paths require reconciliation into any final Spark merge
M1	material	68b8d3d67d6b66d1a6c2c8d4f72ff7079135b662	aa2c55b74dd872c9f9156b09dcdf9b7f07075c8a	T4003	4003c548a314246d8c46516c4033fa5602e19c4b	assembled Spark candidate	A	engineering/design/material-specimen-2026-09-10/captures/board-d-review__390-dark.png	100644	01f1e5efef1a9963c4c19695653856a0c6ef15cc	-	-	topology_excluded	topology	-	material source aa2 postdates candidate 4003 construction; 51 material paths require reconciliation into any final Spark merge	material source aa2 postdates candidate 4003 construction; 51 material paths require reconciliation into any final Spark merge
M1	material	68b8d3d67d6b66d1a6c2c8d4f72ff7079135b662	aa2c55b74dd872c9f9156b09dcdf9b7f07075c8a	T4003	4003c548a314246d8c46516c4033fa5602e19c4b	assembled Spark candidate	A	engineering/design/material-specimen-2026-09-10/captures/board-d-review__390-light.png	100644	2edf15e4131036701b4eab3da16566188ccde362	-	-	topology_excluded	topology	-	material source aa2 postdates candidate 4003 construction; 51 material paths require reconciliation into any final Spark merge	material source aa2 postdates candidate 4003 construction; 51 material paths require reconciliation into any final Spark merge
M1	material	68b8d3d67d6b66d1a6c2c8d4f72ff7079135b662	aa2c55b74dd872c9f9156b09dcdf9b7f07075c8a	T4003	4003c548a314246d8c46516c4033fa5602e19c4b	assembled Spark candidate	A	engineering/design/material-specimen-2026-09-10/captures/board-e-negative__1440-dark.png	100644	020ab31cb574da23f3b444eeb6e9ccd0a3c2f6d5	-	-	topology_excluded	topology	-	material source aa2 postdates candidate 4003 construction; 51 material paths require reconciliation into any final Spark merge	material source aa2 postdates candidate 4003 construction; 51 material paths require reconciliation into any final Spark merge
M1	material	68b8d3d67d6b66d1a6c2c8d4f72ff7079135b662	aa2c55b74dd872c9f9156b09dcdf9b7f07075c8a	T4003	4003c548a314246d8c46516c4033fa5602e19c4b	assembled Spark candidate	A	engineering/design/material-specimen-2026-09-10/captures/board-e-negative__1440-light.png	100644	9b65ac679a86e387c4241e1e5061afd1ff2d1c4b	-	-	topology_excluded	topology	-	material source aa2 postdates candidate 4003 construction; 51 material paths require reconciliation into any final Spark merge	material source aa2 postdates candidate 4003 construction; 51 material paths require reconciliation into any final Spark merge
M1	material	68b8d3d67d6b66d1a6c2c8d4f72ff7079135b662	aa2c55b74dd872c9f9156b09dcdf9b7f07075c8a	T4003	4003c548a314246d8c46516c4033fa5602e19c4b	assembled Spark candidate	A	engineering/design/material-specimen-2026-09-10/captures/board-e-negative__390-dark.png	100644	00b4395cad915e6ba23aad94389ddc5e90f9f2f7	-	-	topology_excluded	topology	-	material source aa2 postdates candidate 4003 construction; 51 material paths require reconciliation into any final Spark merge	material source aa2 postdates candidate 4003 construction; 51 material paths require reconciliation into any final Spark merge
M1	material	68b8d3d67d6b66d1a6c2c8d4f72ff7079135b662	aa2c55b74dd872c9f9156b09dcdf9b7f07075c8a	T4003	4003c548a314246d8c46516c4033fa5602e19c4b	assembled Spark candidate	A	engineering/design/material-specimen-2026-09-10/captures/board-e-negative__390-light.png	100644	f62c3e054224542134d28b55cad0eb80647262f3	-	-	topology_excluded	topology	-	material source aa2 postdates candidate 4003 construction; 51 material paths require reconciliation into any final Spark merge	material source aa2 postdates candidate 4003 construction; 51 material paths require reconciliation into any final Spark merge
M1	material	68b8d3d67d6b66d1a6c2c8d4f72ff7079135b662	aa2c55b74dd872c9f9156b09dcdf9b7f07075c8a	T4003	4003c548a314246d8c46516c4033fa5602e19c4b	assembled Spark candidate	A	engineering/design/material-specimen-2026-09-10/captures/board-f-focus__1440-dark.png	100644	dbe4b27147d7903184c32ff4ae121b9a4b1343a3	-	-	topology_excluded	topology	-	material source aa2 postdates candidate 4003 construction; 51 material paths require reconciliation into any final Spark merge	material source aa2 postdates candidate 4003 construction; 51 material paths require reconciliation into any final Spark merge
M1	material	68b8d3d67d6b66d1a6c2c8d4f72ff7079135b662	aa2c55b74dd872c9f9156b09dcdf9b7f07075c8a	T4003	4003c548a314246d8c46516c4033fa5602e19c4b	assembled Spark candidate	A	engineering/design/material-specimen-2026-09-10/captures/board-f-focus__1440-light.png	100644	cea6f8be1aa3b04019b50775d8ebf897e8fdc292	-	-	topology_excluded	topology	-	material source aa2 postdates candidate 4003 construction; 51 material paths require reconciliation into any final Spark merge	material source aa2 postdates candidate 4003 construction; 51 material paths require reconciliation into any final Spark merge
M1	material	68b8d3d67d6b66d1a6c2c8d4f72ff7079135b662	aa2c55b74dd872c9f9156b09dcdf9b7f07075c8a	T4003	4003c548a314246d8c46516c4033fa5602e19c4b	assembled Spark candidate	A	engineering/design/material-specimen-2026-09-10/captures/board-f-focus__390-dark.png	100644	b2aadefc07b672548b172854467a659a63c01a47	-	-	topology_excluded	topology	-	material source aa2 postdates candidate 4003 construction; 51 material paths require reconciliation into any final Spark merge	material source aa2 postdates candidate 4003 construction; 51 material paths require reconciliation into any final Spark merge
M1	material	68b8d3d67d6b66d1a6c2c8d4f72ff7079135b662	aa2c55b74dd872c9f9156b09dcdf9b7f07075c8a	T4003	4003c548a314246d8c46516c4033fa5602e19c4b	assembled Spark candidate	A	engineering/design/material-specimen-2026-09-10/captures/board-f-focus__390-light.png	100644	f64b21d1543d4fe165a64c4847e5c222fb7d577b	-	-	topology_excluded	topology	-	material source aa2 postdates candidate 4003 construction; 51 material paths require reconciliation into any final Spark merge	material source aa2 postdates candidate 4003 construction; 51 material paths require reconciliation into any final Spark merge
M1	material	68b8d3d67d6b66d1a6c2c8d4f72ff7079135b662	aa2c55b74dd872c9f9156b09dcdf9b7f07075c8a	T4003	4003c548a314246d8c46516c4033fa5602e19c4b	assembled Spark candidate	A	engineering/design/material-specimen-2026-09-10/index.html	100644	b91ad06ca2f143fe6de0275f7be243b339b7d2d4	-	-	topology_excluded	topology	-	material source aa2 postdates candidate 4003 construction; 51 material paths require reconciliation into any final Spark merge	material source aa2 postdates candidate 4003 construction; 51 material paths require reconciliation into any final Spark merge
M1	material	68b8d3d67d6b66d1a6c2c8d4f72ff7079135b662	aa2c55b74dd872c9f9156b09dcdf9b7f07075c8a	T4003	4003c548a314246d8c46516c4033fa5602e19c4b	assembled Spark candidate	A	engineering/design/material-specimen-2026-09-10/measurements.json	100644	d1df1627c2ace37af68ed8c9670d9ac0e14c91b1	-	-	topology_excluded	topology	-	material source aa2 postdates candidate 4003 construction; 51 material paths require reconciliation into any final Spark merge	material source aa2 postdates candidate 4003 construction; 51 material paths require reconciliation into any final Spark merge
M1	material	68b8d3d67d6b66d1a6c2c8d4f72ff7079135b662	aa2c55b74dd872c9f9156b09dcdf9b7f07075c8a	T4003	4003c548a314246d8c46516c4033fa5602e19c4b	assembled Spark candidate	A	engineering/design/material-specimen-2026-09-10/observations.md	100644	45f28b184d1b5deb08ed06453174f4cfbe05b0aa	-	-	topology_excluded	topology	-	material source aa2 postdates candidate 4003 construction; 51 material paths require reconciliation into any final Spark merge	material source aa2 postdates candidate 4003 construction; 51 material paths require reconciliation into any final Spark merge
M1	material	68b8d3d67d6b66d1a6c2c8d4f72ff7079135b662	aa2c55b74dd872c9f9156b09dcdf9b7f07075c8a	T4003	4003c548a314246d8c46516c4033fa5602e19c4b	assembled Spark candidate	A	engineering/design/material-specimen-2026-09-10/specimen.css	100644	592aaf81b42c2dca102d7f66934438de690259a4	-	-	topology_excluded	topology	-	material source aa2 postdates candidate 4003 construction; 51 material paths require reconciliation into any final Spark merge	material source aa2 postdates candidate 4003 construction; 51 material paths require reconciliation into any final Spark merge
M1	material	68b8d3d67d6b66d1a6c2c8d4f72ff7079135b662	aa2c55b74dd872c9f9156b09dcdf9b7f07075c8a	T4003	4003c548a314246d8c46516c4033fa5602e19c4b	assembled Spark candidate	A	engineering/design/material-specimen-2026-09-10/specimen.mjs	100644	d28d723de9e82fcb0747bfaf840fb259830f2a1e	-	-	topology_excluded	topology	-	material source aa2 postdates candidate 4003 construction; 51 material paths require reconciliation into any final Spark merge	material source aa2 postdates candidate 4003 construction; 51 material paths require reconciliation into any final Spark merge
M1	material	68b8d3d67d6b66d1a6c2c8d4f72ff7079135b662	aa2c55b74dd872c9f9156b09dcdf9b7f07075c8a	T4003	4003c548a314246d8c46516c4033fa5602e19c4b	assembled Spark candidate	A	engineering/mvp/execution/work-surface-kit/explore/ex-fe05-material-specimen.md	100644	db1eed46ddb5ee17ae9629740a0a7f42a87b296a	-	-	topology_excluded	topology	-	material source aa2 postdates candidate 4003 construction; 51 material paths require reconciliation into any final Spark merge	material source aa2 postdates candidate 4003 construction; 51 material paths require reconciliation into any final Spark merge
SP1	spark-1	68b8d3d67d6b66d1a6c2c8d4f72ff7079135b662	9761303450280c8100aec4b0c4617f9d2c55e7bb	T055	055cffcbc18eb26d15f3818aada50b82a4bd0fa8	accepted ATT/material HEAD	M	app/server/index.mjs	100644	60669723b1f5e26f2a1a00d8ee904cbf03c85250	100644	be1a0d8e6e35318e8d1e3d841819ac7dda149f7d	topology_excluded	topology	-	T055 predates Spark; source paths are expected absent/older until Spark is merged	T055 predates Spark; source paths are expected absent/older until Spark is merged
SP1	spark-1	68b8d3d67d6b66d1a6c2c8d4f72ff7079135b662	9761303450280c8100aec4b0c4617f9d2c55e7bb	T055	055cffcbc18eb26d15f3818aada50b82a4bd0fa8	accepted ATT/material HEAD	A	app/tests/fixtures/spark-derivations/empty.json	100644	81dbbfb2a04818c47e149bd46538a2695e455726	-	-	topology_excluded	topology	-	T055 predates Spark; source paths are expected absent/older until Spark is merged	T055 predates Spark; source paths are expected absent/older until Spark is merged
SP1	spark-1	68b8d3d67d6b66d1a6c2c8d4f72ff7079135b662	9761303450280c8100aec4b0c4617f9d2c55e7bb	T055	055cffcbc18eb26d15f3818aada50b82a4bd0fa8	accepted ATT/material HEAD	A	app/tests/fixtures/spark-derivations/partial.json	100644	dcb6a192ea9e6bbea3a46d6f0c37241446fe56ef	-	-	topology_excluded	topology	-	T055 predates Spark; source paths are expected absent/older until Spark is merged	T055 predates Spark; source paths are expected absent/older until Spark is merged
SP1	spark-1	68b8d3d67d6b66d1a6c2c8d4f72ff7079135b662	9761303450280c8100aec4b0c4617f9d2c55e7bb	T055	055cffcbc18eb26d15f3818aada50b82a4bd0fa8	accepted ATT/material HEAD	A	app/tests/fixtures/spark-derivations/quiet.json	100644	f88354d82ac798179b061cdc6b976fffefcc21df	-	-	topology_excluded	topology	-	T055 predates Spark; source paths are expected absent/older until Spark is merged	T055 predates Spark; source paths are expected absent/older until Spark is merged
SP1	spark-1	68b8d3d67d6b66d1a6c2c8d4f72ff7079135b662	9761303450280c8100aec4b0c4617f9d2c55e7bb	T055	055cffcbc18eb26d15f3818aada50b82a4bd0fa8	accepted ATT/material HEAD	A	app/tests/fixtures/spark-derivations/stale.json	100644	c503c5ab66e9bff5fc9564339be949be88e441ae	-	-	topology_excluded	topology	-	T055 predates Spark; source paths are expected absent/older until Spark is merged	T055 predates Spark; source paths are expected absent/older until Spark is merged
SP1	spark-1	68b8d3d67d6b66d1a6c2c8d4f72ff7079135b662	9761303450280c8100aec4b0c4617f9d2c55e7bb	T055	055cffcbc18eb26d15f3818aada50b82a4bd0fa8	accepted ATT/material HEAD	A	app/tests/fixtures/spark-derivations/truncated.json	100644	26bd43c5235d58c8af6fac0f8e285e8ff2e010e6	-	-	topology_excluded	topology	-	T055 predates Spark; source paths are expected absent/older until Spark is merged	T055 predates Spark; source paths are expected absent/older until Spark is merged
SP1	spark-1	68b8d3d67d6b66d1a6c2c8d4f72ff7079135b662	9761303450280c8100aec4b0c4617f9d2c55e7bb	T055	055cffcbc18eb26d15f3818aada50b82a4bd0fa8	accepted ATT/material HEAD	A	app/tests/spark-projection.test.mjs	100644	4466d6518f4e8f6889abc8830ba3d33465a7fb0e	-	-	topology_excluded	topology	-	T055 predates Spark; source paths are expected absent/older until Spark is merged	T055 predates Spark; source paths are expected absent/older until Spark is merged
SP1	spark-1	68b8d3d67d6b66d1a6c2c8d4f72ff7079135b662	9761303450280c8100aec4b0c4617f9d2c55e7bb	T055	055cffcbc18eb26d15f3818aada50b82a4bd0fa8	accepted ATT/material HEAD	A	app/tests/spark-view.test.mjs	100644	69be5c3723e0aaa9bf449964745a87de6827c12b	-	-	topology_excluded	topology	-	T055 predates Spark; source paths are expected absent/older until Spark is merged	T055 predates Spark; source paths are expected absent/older until Spark is merged
SP1	spark-1	68b8d3d67d6b66d1a6c2c8d4f72ff7079135b662	9761303450280c8100aec4b0c4617f9d2c55e7bb	T055	055cffcbc18eb26d15f3818aada50b82a4bd0fa8	accepted ATT/material HEAD	M	app/web/app.mjs	100644	4a7aca156b2eb2d9dbba86e4fa524cb50d0ace3e	100644	61dc2fe6b6965971700605c32d3934ddcdf928ab	topology_excluded	topology	-	T055 predates Spark; source paths are expected absent/older until Spark is merged	T055 predates Spark; source paths are expected absent/older until Spark is merged
SP1	spark-1	68b8d3d67d6b66d1a6c2c8d4f72ff7079135b662	9761303450280c8100aec4b0c4617f9d2c55e7bb	T055	055cffcbc18eb26d15f3818aada50b82a4bd0fa8	accepted ATT/material HEAD	M	app/web/index.html	100644	3c33872bc294a6f7f12e3edeff702a3e8cea4aa8	100644	f2eb1e0ef2277d6e30b01e59b0bad47f089cc6dd	topology_excluded	topology	-	T055 predates Spark; source paths are expected absent/older until Spark is merged	T055 predates Spark; source paths are expected absent/older until Spark is merged
SP1	spark-1	68b8d3d67d6b66d1a6c2c8d4f72ff7079135b662	9761303450280c8100aec4b0c4617f9d2c55e7bb	T055	055cffcbc18eb26d15f3818aada50b82a4bd0fa8	accepted ATT/material HEAD	A	app/web/spark-projection.mjs	100644	afdf8657e95956e6c5e3c935c4884783ea7602cd	-	-	topology_excluded	topology	-	T055 predates Spark; source paths are expected absent/older until Spark is merged	T055 predates Spark; source paths are expected absent/older until Spark is merged
SP1	spark-1	68b8d3d67d6b66d1a6c2c8d4f72ff7079135b662	9761303450280c8100aec4b0c4617f9d2c55e7bb	T055	055cffcbc18eb26d15f3818aada50b82a4bd0fa8	accepted ATT/material HEAD	A	app/web/spark-view.mjs	100644	c39799f3a2fbedc67e197bb268312eb9e0ccb260	-	-	topology_excluded	topology	-	T055 predates Spark; source paths are expected absent/older until Spark is merged	T055 predates Spark; source paths are expected absent/older until Spark is merged
SP1	spark-1	68b8d3d67d6b66d1a6c2c8d4f72ff7079135b662	9761303450280c8100aec4b0c4617f9d2c55e7bb	T055	055cffcbc18eb26d15f3818aada50b82a4bd0fa8	accepted ATT/material HEAD	M	app/web/styles.css	100644	df49bb08cde01fc41a421777b9792f0aaa5df5d2	100644	9dcf36e6fe58cac8b9c2e5f4071e6ba7de8eb30a	topology_excluded	topology	-	T055 predates Spark; source paths are expected absent/older until Spark is merged	T055 predates Spark; source paths are expected absent/older until Spark is merged
SP1	spark-1	68b8d3d67d6b66d1a6c2c8d4f72ff7079135b662	9761303450280c8100aec4b0c4617f9d2c55e7bb	T055	055cffcbc18eb26d15f3818aada50b82a4bd0fa8	accepted ATT/material HEAD	A	engineering/design/spark-surface-2026-09-10/delivery-sp1-fe.md	100644	f1403dfba89be73dc812f15e0f6b12d183fd1e1a	-	-	topology_excluded	topology	-	T055 predates Spark; source paths are expected absent/older until Spark is merged	T055 predates Spark; source paths are expected absent/older until Spark is merged
SP1	spark-1	68b8d3d67d6b66d1a6c2c8d4f72ff7079135b662	9761303450280c8100aec4b0c4617f9d2c55e7bb	T4003	4003c548a314246d8c46516c4033fa5602e19c4b	assembled Spark candidate	M	app/server/index.mjs	100644	60669723b1f5e26f2a1a00d8ee904cbf03c85250	100644	60669723b1f5e26f2a1a00d8ee904cbf03c85250	retained_exact	-	-	source mode/blob equals target mode/blob	-
SP1	spark-1	68b8d3d67d6b66d1a6c2c8d4f72ff7079135b662	9761303450280c8100aec4b0c4617f9d2c55e7bb	T4003	4003c548a314246d8c46516c4033fa5602e19c4b	assembled Spark candidate	A	app/tests/fixtures/spark-derivations/empty.json	100644	81dbbfb2a04818c47e149bd46538a2695e455726	100644	81dbbfb2a04818c47e149bd46538a2695e455726	retained_exact	-	-	source mode/blob equals target mode/blob	-
SP1	spark-1	68b8d3d67d6b66d1a6c2c8d4f72ff7079135b662	9761303450280c8100aec4b0c4617f9d2c55e7bb	T4003	4003c548a314246d8c46516c4033fa5602e19c4b	assembled Spark candidate	A	app/tests/fixtures/spark-derivations/partial.json	100644	dcb6a192ea9e6bbea3a46d6f0c37241446fe56ef	100644	dcb6a192ea9e6bbea3a46d6f0c37241446fe56ef	retained_exact	-	-	source mode/blob equals target mode/blob	-
SP1	spark-1	68b8d3d67d6b66d1a6c2c8d4f72ff7079135b662	9761303450280c8100aec4b0c4617f9d2c55e7bb	T4003	4003c548a314246d8c46516c4033fa5602e19c4b	assembled Spark candidate	A	app/tests/fixtures/spark-derivations/quiet.json	100644	f88354d82ac798179b061cdc6b976fffefcc21df	100644	f88354d82ac798179b061cdc6b976fffefcc21df	retained_exact	-	-	source mode/blob equals target mode/blob	-
SP1	spark-1	68b8d3d67d6b66d1a6c2c8d4f72ff7079135b662	9761303450280c8100aec4b0c4617f9d2c55e7bb	T4003	4003c548a314246d8c46516c4033fa5602e19c4b	assembled Spark candidate	A	app/tests/fixtures/spark-derivations/stale.json	100644	c503c5ab66e9bff5fc9564339be949be88e441ae	100644	c503c5ab66e9bff5fc9564339be949be88e441ae	retained_exact	-	-	source mode/blob equals target mode/blob	-
SP1	spark-1	68b8d3d67d6b66d1a6c2c8d4f72ff7079135b662	9761303450280c8100aec4b0c4617f9d2c55e7bb	T4003	4003c548a314246d8c46516c4033fa5602e19c4b	assembled Spark candidate	A	app/tests/fixtures/spark-derivations/truncated.json	100644	26bd43c5235d58c8af6fac0f8e285e8ff2e010e6	100644	26bd43c5235d58c8af6fac0f8e285e8ff2e010e6	retained_exact	-	-	source mode/blob equals target mode/blob	-
SP1	spark-1	68b8d3d67d6b66d1a6c2c8d4f72ff7079135b662	9761303450280c8100aec4b0c4617f9d2c55e7bb	T4003	4003c548a314246d8c46516c4033fa5602e19c4b	assembled Spark candidate	A	app/tests/spark-projection.test.mjs	100644	4466d6518f4e8f6889abc8830ba3d33465a7fb0e	100644	4466d6518f4e8f6889abc8830ba3d33465a7fb0e	retained_exact	-	-	source mode/blob equals target mode/blob	-
SP1	spark-1	68b8d3d67d6b66d1a6c2c8d4f72ff7079135b662	9761303450280c8100aec4b0c4617f9d2c55e7bb	T4003	4003c548a314246d8c46516c4033fa5602e19c4b	assembled Spark candidate	A	app/tests/spark-view.test.mjs	100644	69be5c3723e0aaa9bf449964745a87de6827c12b	100644	69be5c3723e0aaa9bf449964745a87de6827c12b	retained_exact	-	-	source mode/blob equals target mode/blob	-
SP1	spark-1	68b8d3d67d6b66d1a6c2c8d4f72ff7079135b662	9761303450280c8100aec4b0c4617f9d2c55e7bb	T4003	4003c548a314246d8c46516c4033fa5602e19c4b	assembled Spark candidate	M	app/web/app.mjs	100644	4a7aca156b2eb2d9dbba86e4fa524cb50d0ace3e	100644	4a7aca156b2eb2d9dbba86e4fa524cb50d0ace3e	retained_exact	-	-	source mode/blob equals target mode/blob	-
SP1	spark-1	68b8d3d67d6b66d1a6c2c8d4f72ff7079135b662	9761303450280c8100aec4b0c4617f9d2c55e7bb	T4003	4003c548a314246d8c46516c4033fa5602e19c4b	assembled Spark candidate	M	app/web/index.html	100644	3c33872bc294a6f7f12e3edeff702a3e8cea4aa8	100644	3c33872bc294a6f7f12e3edeff702a3e8cea4aa8	retained_exact	-	-	source mode/blob equals target mode/blob	-
SP1	spark-1	68b8d3d67d6b66d1a6c2c8d4f72ff7079135b662	9761303450280c8100aec4b0c4617f9d2c55e7bb	T4003	4003c548a314246d8c46516c4033fa5602e19c4b	assembled Spark candidate	A	app/web/spark-projection.mjs	100644	afdf8657e95956e6c5e3c935c4884783ea7602cd	100644	afdf8657e95956e6c5e3c935c4884783ea7602cd	retained_exact	-	-	source mode/blob equals target mode/blob	-
SP1	spark-1	68b8d3d67d6b66d1a6c2c8d4f72ff7079135b662	9761303450280c8100aec4b0c4617f9d2c55e7bb	T4003	4003c548a314246d8c46516c4033fa5602e19c4b	assembled Spark candidate	A	app/web/spark-view.mjs	100644	c39799f3a2fbedc67e197bb268312eb9e0ccb260	100644	ec5bc14e6b742cc8bb9dbd9121b1e8edb33454ca	authorized_later	Spark repair	eccacd04f715cc7502f755b4e3df71e5353bcce2	preserves scope, retry identity, navigation focus	later owner/hunk recorded in shared-invariants.tsv
SP1	spark-1	68b8d3d67d6b66d1a6c2c8d4f72ff7079135b662	9761303450280c8100aec4b0c4617f9d2c55e7bb	T4003	4003c548a314246d8c46516c4033fa5602e19c4b	assembled Spark candidate	M	app/web/styles.css	100644	df49bb08cde01fc41a421777b9792f0aaa5df5d2	100644	e710b56594eefa41d925cb617679e0c5caa7c146	authorized_later	ATT merge/Spark repair	9db6fc4362a07dc8ff20e1914e2ac471f20b62c1;20d8330dc6555d073a6bdec7ebf1e6bafc7aee99	ATT action/view CSS plus Spark radius	later owner/hunk recorded in shared-invariants.tsv
SP1	spark-1	68b8d3d67d6b66d1a6c2c8d4f72ff7079135b662	9761303450280c8100aec4b0c4617f9d2c55e7bb	T4003	4003c548a314246d8c46516c4033fa5602e19c4b	assembled Spark candidate	A	engineering/design/spark-surface-2026-09-10/delivery-sp1-fe.md	100644	f1403dfba89be73dc812f15e0f6b12d183fd1e1a	100644	f1403dfba89be73dc812f15e0f6b12d183fd1e1a	retained_exact	-	-	source mode/blob equals target mode/blob	-
SP2	spark-2	9761303450280c8100aec4b0c4617f9d2c55e7bb	eccacd04f715cc7502f755b4e3df71e5353bcce2	T055	055cffcbc18eb26d15f3818aada50b82a4bd0fa8	accepted ATT/material HEAD	M	app/web/spark-view.mjs	100644	ec5bc14e6b742cc8bb9dbd9121b1e8edb33454ca	-	-	topology_excluded	topology	-	T055 predates Spark repairs; source paths are expected absent until Spark is merged	T055 predates Spark repairs; source paths are expected absent until Spark is merged
SP2	spark-2	9761303450280c8100aec4b0c4617f9d2c55e7bb	eccacd04f715cc7502f755b4e3df71e5353bcce2	T055	055cffcbc18eb26d15f3818aada50b82a4bd0fa8	accepted ATT/material HEAD	A	evidence/spark-delivery-20260910/README.md	100644	d5fc72e583000681635c8f0ea5b89bcb11633de3	-	-	topology_excluded	topology	-	T055 predates Spark repairs; source paths are expected absent until Spark is merged	T055 predates Spark repairs; source paths are expected absent until Spark is merged
SP2	spark-2	9761303450280c8100aec4b0c4617f9d2c55e7bb	eccacd04f715cc7502f755b4e3df71e5353bcce2	T055	055cffcbc18eb26d15f3818aada50b82a4bd0fa8	accepted ATT/material HEAD	A	evidence/spark-delivery-20260910/browser-regressions-before.json	100644	66f4cc7ed5e5c6a12011964bd31afbaa67dd6f85	-	-	topology_excluded	topology	-	T055 predates Spark repairs; source paths are expected absent until Spark is merged	T055 predates Spark repairs; source paths are expected absent until Spark is merged
SP2	spark-2	9761303450280c8100aec4b0c4617f9d2c55e7bb	eccacd04f715cc7502f755b4e3df71e5353bcce2	T055	055cffcbc18eb26d15f3818aada50b82a4bd0fa8	accepted ATT/material HEAD	A	evidence/spark-delivery-20260910/browser-regressions.json	100644	dc2c417690f276829a7f0e530c967e243226e9b6	-	-	topology_excluded	topology	-	T055 predates Spark repairs; source paths are expected absent until Spark is merged	T055 predates Spark repairs; source paths are expected absent until Spark is merged
SP2	spark-2	9761303450280c8100aec4b0c4617f9d2c55e7bb	eccacd04f715cc7502f755b4e3df71e5353bcce2	T055	055cffcbc18eb26d15f3818aada50b82a4bd0fa8	accepted ATT/material HEAD	A	evidence/spark-delivery-20260910/browser-regressions.mjs	100644	62d18ee6559665124fbc2ba63a42970f66e1944e	-	-	topology_excluded	topology	-	T055 predates Spark repairs; source paths are expected absent until Spark is merged	T055 predates Spark repairs; source paths are expected absent until Spark is merged
SP2	spark-2	9761303450280c8100aec4b0c4617f9d2c55e7bb	eccacd04f715cc7502f755b4e3df71e5353bcce2	T055	055cffcbc18eb26d15f3818aada50b82a4bd0fa8	accepted ATT/material HEAD	A	evidence/spark-delivery-20260910/unit.log	100644	8fb01e891046812c7cc188f41bc73c77be9883bd	-	-	topology_excluded	topology	-	T055 predates Spark repairs; source paths are expected absent until Spark is merged	T055 predates Spark repairs; source paths are expected absent until Spark is merged
SP2	spark-2	9761303450280c8100aec4b0c4617f9d2c55e7bb	eccacd04f715cc7502f755b4e3df71e5353bcce2	T4003	4003c548a314246d8c46516c4033fa5602e19c4b	assembled Spark candidate	M	app/web/spark-view.mjs	100644	ec5bc14e6b742cc8bb9dbd9121b1e8edb33454ca	100644	ec5bc14e6b742cc8bb9dbd9121b1e8edb33454ca	retained_exact	-	-	source mode/blob equals target mode/blob	-
SP2	spark-2	9761303450280c8100aec4b0c4617f9d2c55e7bb	eccacd04f715cc7502f755b4e3df71e5353bcce2	T4003	4003c548a314246d8c46516c4033fa5602e19c4b	assembled Spark candidate	A	evidence/spark-delivery-20260910/README.md	100644	d5fc72e583000681635c8f0ea5b89bcb11633de3	100644	41c5d576bd90890c1d37a8767c8d5d8646039493	authorized_later	Spark repair	20d8330dc6555d073a6bdec7ebf1e6bafc7aee99	records radius-lint repair	later owner/hunk recorded in shared-invariants.tsv
SP2	spark-2	9761303450280c8100aec4b0c4617f9d2c55e7bb	eccacd04f715cc7502f755b4e3df71e5353bcce2	T4003	4003c548a314246d8c46516c4033fa5602e19c4b	assembled Spark candidate	A	evidence/spark-delivery-20260910/browser-regressions-before.json	100644	66f4cc7ed5e5c6a12011964bd31afbaa67dd6f85	100644	66f4cc7ed5e5c6a12011964bd31afbaa67dd6f85	retained_exact	-	-	source mode/blob equals target mode/blob	-
SP2	spark-2	9761303450280c8100aec4b0c4617f9d2c55e7bb	eccacd04f715cc7502f755b4e3df71e5353bcce2	T4003	4003c548a314246d8c46516c4033fa5602e19c4b	assembled Spark candidate	A	evidence/spark-delivery-20260910/browser-regressions.json	100644	dc2c417690f276829a7f0e530c967e243226e9b6	100644	dc2c417690f276829a7f0e530c967e243226e9b6	retained_exact	-	-	source mode/blob equals target mode/blob	-
SP2	spark-2	9761303450280c8100aec4b0c4617f9d2c55e7bb	eccacd04f715cc7502f755b4e3df71e5353bcce2	T4003	4003c548a314246d8c46516c4033fa5602e19c4b	assembled Spark candidate	A	evidence/spark-delivery-20260910/browser-regressions.mjs	100644	62d18ee6559665124fbc2ba63a42970f66e1944e	100644	62d18ee6559665124fbc2ba63a42970f66e1944e	retained_exact	-	-	source mode/blob equals target mode/blob	-
SP2	spark-2	9761303450280c8100aec4b0c4617f9d2c55e7bb	eccacd04f715cc7502f755b4e3df71e5353bcce2	T4003	4003c548a314246d8c46516c4033fa5602e19c4b	assembled Spark candidate	A	evidence/spark-delivery-20260910/unit.log	100644	8fb01e891046812c7cc188f41bc73c77be9883bd	100644	8fb01e891046812c7cc188f41bc73c77be9883bd	retained_exact	-	-	source mode/blob equals target mode/blob	-
SP3	spark-3	eccacd04f715cc7502f755b4e3df71e5353bcce2	20d8330dc6555d073a6bdec7ebf1e6bafc7aee99	T055	055cffcbc18eb26d15f3818aada50b82a4bd0fa8	accepted ATT/material HEAD	M	app/web/styles.css	100644	cedb7724131711eddab290643c91a00bccac78ab	100644	9dcf36e6fe58cac8b9c2e5f4071e6ba7de8eb30a	topology_excluded	topology	-	T055 predates Spark repairs; source paths are expected absent/older until Spark is merged	T055 predates Spark repairs; source paths are expected absent/older until Spark is merged
SP3	spark-3	eccacd04f715cc7502f755b4e3df71e5353bcce2	20d8330dc6555d073a6bdec7ebf1e6bafc7aee99	T055	055cffcbc18eb26d15f3818aada50b82a4bd0fa8	accepted ATT/material HEAD	M	evidence/spark-delivery-20260910/README.md	100644	41c5d576bd90890c1d37a8767c8d5d8646039493	-	-	topology_excluded	topology	-	T055 predates Spark repairs; source paths are expected absent/older until Spark is merged	T055 predates Spark repairs; source paths are expected absent/older until Spark is merged
SP3	spark-3	eccacd04f715cc7502f755b4e3df71e5353bcce2	20d8330dc6555d073a6bdec7ebf1e6bafc7aee99	T055	055cffcbc18eb26d15f3818aada50b82a4bd0fa8	accepted ATT/material HEAD	A	evidence/spark-delivery-20260910/lint-shapes.log	100644	dfcd1056d6cc48b5646d47a2d3cddb13d1723ded	-	-	topology_excluded	topology	-	T055 predates Spark repairs; source paths are expected absent/older until Spark is merged	T055 predates Spark repairs; source paths are expected absent/older until Spark is merged
SP3	spark-3	eccacd04f715cc7502f755b4e3df71e5353bcce2	20d8330dc6555d073a6bdec7ebf1e6bafc7aee99	T4003	4003c548a314246d8c46516c4033fa5602e19c4b	assembled Spark candidate	M	app/web/styles.css	100644	cedb7724131711eddab290643c91a00bccac78ab	100644	e710b56594eefa41d925cb617679e0c5caa7c146	authorized_later	ATT merge	9db6fc4362a07dc8ff20e1914e2ac471f20b62c1	ATT view/action CSS is merged over Spark tree	later owner/hunk recorded in shared-invariants.tsv
SP3	spark-3	eccacd04f715cc7502f755b4e3df71e5353bcce2	20d8330dc6555d073a6bdec7ebf1e6bafc7aee99	T4003	4003c548a314246d8c46516c4033fa5602e19c4b	assembled Spark candidate	M	evidence/spark-delivery-20260910/README.md	100644	41c5d576bd90890c1d37a8767c8d5d8646039493	100644	41c5d576bd90890c1d37a8767c8d5d8646039493	retained_exact	-	-	source mode/blob equals target mode/blob	-
SP3	spark-3	eccacd04f715cc7502f755b4e3df71e5353bcce2	20d8330dc6555d073a6bdec7ebf1e6bafc7aee99	T4003	4003c548a314246d8c46516c4033fa5602e19c4b	assembled Spark candidate	A	evidence/spark-delivery-20260910/lint-shapes.log	100644	dfcd1056d6cc48b5646d47a2d3cddb13d1723ded	100644	dfcd1056d6cc48b5646d47a2d3cddb13d1723ded	retained_exact	-	-	source mode/blob equals target mode/blob	-
SPF	spark-final	68b8d3d67d6b66d1a6c2c8d4f72ff7079135b662	20d8330dc6555d073a6bdec7ebf1e6bafc7aee99	T055	055cffcbc18eb26d15f3818aada50b82a4bd0fa8	accepted ATT/material HEAD	M	app/server/index.mjs	100644	60669723b1f5e26f2a1a00d8ee904cbf03c85250	100644	be1a0d8e6e35318e8d1e3d841819ac7dda149f7d	topology_excluded	topology	-	T055 predates Spark; final Spark source paths are expected absent/older until Spark is merged	T055 predates Spark; final Spark source paths are expected absent/older until Spark is merged
SPF	spark-final	68b8d3d67d6b66d1a6c2c8d4f72ff7079135b662	20d8330dc6555d073a6bdec7ebf1e6bafc7aee99	T055	055cffcbc18eb26d15f3818aada50b82a4bd0fa8	accepted ATT/material HEAD	A	app/tests/fixtures/spark-derivations/empty.json	100644	81dbbfb2a04818c47e149bd46538a2695e455726	-	-	topology_excluded	topology	-	T055 predates Spark; final Spark source paths are expected absent/older until Spark is merged	T055 predates Spark; final Spark source paths are expected absent/older until Spark is merged
SPF	spark-final	68b8d3d67d6b66d1a6c2c8d4f72ff7079135b662	20d8330dc6555d073a6bdec7ebf1e6bafc7aee99	T055	055cffcbc18eb26d15f3818aada50b82a4bd0fa8	accepted ATT/material HEAD	A	app/tests/fixtures/spark-derivations/partial.json	100644	dcb6a192ea9e6bbea3a46d6f0c37241446fe56ef	-	-	topology_excluded	topology	-	T055 predates Spark; final Spark source paths are expected absent/older until Spark is merged	T055 predates Spark; final Spark source paths are expected absent/older until Spark is merged
SPF	spark-final	68b8d3d67d6b66d1a6c2c8d4f72ff7079135b662	20d8330dc6555d073a6bdec7ebf1e6bafc7aee99	T055	055cffcbc18eb26d15f3818aada50b82a4bd0fa8	accepted ATT/material HEAD	A	app/tests/fixtures/spark-derivations/quiet.json	100644	f88354d82ac798179b061cdc6b976fffefcc21df	-	-	topology_excluded	topology	-	T055 predates Spark; final Spark source paths are expected absent/older until Spark is merged	T055 predates Spark; final Spark source paths are expected absent/older until Spark is merged
SPF	spark-final	68b8d3d67d6b66d1a6c2c8d4f72ff7079135b662	20d8330dc6555d073a6bdec7ebf1e6bafc7aee99	T055	055cffcbc18eb26d15f3818aada50b82a4bd0fa8	accepted ATT/material HEAD	A	app/tests/fixtures/spark-derivations/stale.json	100644	c503c5ab66e9bff5fc9564339be949be88e441ae	-	-	topology_excluded	topology	-	T055 predates Spark; final Spark source paths are expected absent/older until Spark is merged	T055 predates Spark; final Spark source paths are expected absent/older until Spark is merged
SPF	spark-final	68b8d3d67d6b66d1a6c2c8d4f72ff7079135b662	20d8330dc6555d073a6bdec7ebf1e6bafc7aee99	T055	055cffcbc18eb26d15f3818aada50b82a4bd0fa8	accepted ATT/material HEAD	A	app/tests/fixtures/spark-derivations/truncated.json	100644	26bd43c5235d58c8af6fac0f8e285e8ff2e010e6	-	-	topology_excluded	topology	-	T055 predates Spark; final Spark source paths are expected absent/older until Spark is merged	T055 predates Spark; final Spark source paths are expected absent/older until Spark is merged
SPF	spark-final	68b8d3d67d6b66d1a6c2c8d4f72ff7079135b662	20d8330dc6555d073a6bdec7ebf1e6bafc7aee99	T055	055cffcbc18eb26d15f3818aada50b82a4bd0fa8	accepted ATT/material HEAD	A	app/tests/spark-projection.test.mjs	100644	4466d6518f4e8f6889abc8830ba3d33465a7fb0e	-	-	topology_excluded	topology	-	T055 predates Spark; final Spark source paths are expected absent/older until Spark is merged	T055 predates Spark; final Spark source paths are expected absent/older until Spark is merged
SPF	spark-final	68b8d3d67d6b66d1a6c2c8d4f72ff7079135b662	20d8330dc6555d073a6bdec7ebf1e6bafc7aee99	T055	055cffcbc18eb26d15f3818aada50b82a4bd0fa8	accepted ATT/material HEAD	A	app/tests/spark-view.test.mjs	100644	69be5c3723e0aaa9bf449964745a87de6827c12b	-	-	topology_excluded	topology	-	T055 predates Spark; final Spark source paths are expected absent/older until Spark is merged	T055 predates Spark; final Spark source paths are expected absent/older until Spark is merged
SPF	spark-final	68b8d3d67d6b66d1a6c2c8d4f72ff7079135b662	20d8330dc6555d073a6bdec7ebf1e6bafc7aee99	T055	055cffcbc18eb26d15f3818aada50b82a4bd0fa8	accepted ATT/material HEAD	M	app/web/app.mjs	100644	4a7aca156b2eb2d9dbba86e4fa524cb50d0ace3e	100644	61dc2fe6b6965971700605c32d3934ddcdf928ab	topology_excluded	topology	-	T055 predates Spark; final Spark source paths are expected absent/older until Spark is merged	T055 predates Spark; final Spark source paths are expected absent/older until Spark is merged
SPF	spark-final	68b8d3d67d6b66d1a6c2c8d4f72ff7079135b662	20d8330dc6555d073a6bdec7ebf1e6bafc7aee99	T055	055cffcbc18eb26d15f3818aada50b82a4bd0fa8	accepted ATT/material HEAD	M	app/web/index.html	100644	3c33872bc294a6f7f12e3edeff702a3e8cea4aa8	100644	f2eb1e0ef2277d6e30b01e59b0bad47f089cc6dd	topology_excluded	topology	-	T055 predates Spark; final Spark source paths are expected absent/older until Spark is merged	T055 predates Spark; final Spark source paths are expected absent/older until Spark is merged
SPF	spark-final	68b8d3d67d6b66d1a6c2c8d4f72ff7079135b662	20d8330dc6555d073a6bdec7ebf1e6bafc7aee99	T055	055cffcbc18eb26d15f3818aada50b82a4bd0fa8	accepted ATT/material HEAD	A	app/web/spark-projection.mjs	100644	afdf8657e95956e6c5e3c935c4884783ea7602cd	-	-	topology_excluded	topology	-	T055 predates Spark; final Spark source paths are expected absent/older until Spark is merged	T055 predates Spark; final Spark source paths are expected absent/older until Spark is merged
SPF	spark-final	68b8d3d67d6b66d1a6c2c8d4f72ff7079135b662	20d8330dc6555d073a6bdec7ebf1e6bafc7aee99	T055	055cffcbc18eb26d15f3818aada50b82a4bd0fa8	accepted ATT/material HEAD	A	app/web/spark-view.mjs	100644	ec5bc14e6b742cc8bb9dbd9121b1e8edb33454ca	-	-	topology_excluded	topology	-	T055 predates Spark; final Spark source paths are expected absent/older until Spark is merged	T055 predates Spark; final Spark source paths are expected absent/older until Spark is merged
SPF	spark-final	68b8d3d67d6b66d1a6c2c8d4f72ff7079135b662	20d8330dc6555d073a6bdec7ebf1e6bafc7aee99	T055	055cffcbc18eb26d15f3818aada50b82a4bd0fa8	accepted ATT/material HEAD	M	app/web/styles.css	100644	cedb7724131711eddab290643c91a00bccac78ab	100644	9dcf36e6fe58cac8b9c2e5f4071e6ba7de8eb30a	topology_excluded	topology	-	T055 predates Spark; final Spark source paths are expected absent/older until Spark is merged	T055 predates Spark; final Spark source paths are expected absent/older until Spark is merged
SPF	spark-final	68b8d3d67d6b66d1a6c2c8d4f72ff7079135b662	20d8330dc6555d073a6bdec7ebf1e6bafc7aee99	T055	055cffcbc18eb26d15f3818aada50b82a4bd0fa8	accepted ATT/material HEAD	A	engineering/design/spark-surface-2026-09-10/delivery-sp1-fe.md	100644	f1403dfba89be73dc812f15e0f6b12d183fd1e1a	-	-	topology_excluded	topology	-	T055 predates Spark; final Spark source paths are expected absent/older until Spark is merged	T055 predates Spark; final Spark source paths are expected absent/older until Spark is merged
SPF	spark-final	68b8d3d67d6b66d1a6c2c8d4f72ff7079135b662	20d8330dc6555d073a6bdec7ebf1e6bafc7aee99	T055	055cffcbc18eb26d15f3818aada50b82a4bd0fa8	accepted ATT/material HEAD	A	evidence/spark-delivery-20260910/README.md	100644	41c5d576bd90890c1d37a8767c8d5d8646039493	-	-	topology_excluded	topology	-	T055 predates Spark; final Spark source paths are expected absent/older until Spark is merged	T055 predates Spark; final Spark source paths are expected absent/older until Spark is merged
SPF	spark-final	68b8d3d67d6b66d1a6c2c8d4f72ff7079135b662	20d8330dc6555d073a6bdec7ebf1e6bafc7aee99	T055	055cffcbc18eb26d15f3818aada50b82a4bd0fa8	accepted ATT/material HEAD	A	evidence/spark-delivery-20260910/browser-regressions-before.json	100644	66f4cc7ed5e5c6a12011964bd31afbaa67dd6f85	-	-	topology_excluded	topology	-	T055 predates Spark; final Spark source paths are expected absent/older until Spark is merged	T055 predates Spark; final Spark source paths are expected absent/older until Spark is merged
SPF	spark-final	68b8d3d67d6b66d1a6c2c8d4f72ff7079135b662	20d8330dc6555d073a6bdec7ebf1e6bafc7aee99	T055	055cffcbc18eb26d15f3818aada50b82a4bd0fa8	accepted ATT/material HEAD	A	evidence/spark-delivery-20260910/browser-regressions.json	100644	dc2c417690f276829a7f0e530c967e243226e9b6	-	-	topology_excluded	topology	-	T055 predates Spark; final Spark source paths are expected absent/older until Spark is merged	T055 predates Spark; final Spark source paths are expected absent/older until Spark is merged
SPF	spark-final	68b8d3d67d6b66d1a6c2c8d4f72ff7079135b662	20d8330dc6555d073a6bdec7ebf1e6bafc7aee99	T055	055cffcbc18eb26d15f3818aada50b82a4bd0fa8	accepted ATT/material HEAD	A	evidence/spark-delivery-20260910/browser-regressions.mjs	100644	62d18ee6559665124fbc2ba63a42970f66e1944e	-	-	topology_excluded	topology	-	T055 predates Spark; final Spark source paths are expected absent/older until Spark is merged	T055 predates Spark; final Spark source paths are expected absent/older until Spark is merged
SPF	spark-final	68b8d3d67d6b66d1a6c2c8d4f72ff7079135b662	20d8330dc6555d073a6bdec7ebf1e6bafc7aee99	T055	055cffcbc18eb26d15f3818aada50b82a4bd0fa8	accepted ATT/material HEAD	A	evidence/spark-delivery-20260910/lint-shapes.log	100644	dfcd1056d6cc48b5646d47a2d3cddb13d1723ded	-	-	topology_excluded	topology	-	T055 predates Spark; final Spark source paths are expected absent/older until Spark is merged	T055 predates Spark; final Spark source paths are expected absent/older until Spark is merged
SPF	spark-final	68b8d3d67d6b66d1a6c2c8d4f72ff7079135b662	20d8330dc6555d073a6bdec7ebf1e6bafc7aee99	T055	055cffcbc18eb26d15f3818aada50b82a4bd0fa8	accepted ATT/material HEAD	A	evidence/spark-delivery-20260910/unit.log	100644	8fb01e891046812c7cc188f41bc73c77be9883bd	-	-	topology_excluded	topology	-	T055 predates Spark; final Spark source paths are expected absent/older until Spark is merged	T055 predates Spark; final Spark source paths are expected absent/older until Spark is merged
SPF	spark-final	68b8d3d67d6b66d1a6c2c8d4f72ff7079135b662	20d8330dc6555d073a6bdec7ebf1e6bafc7aee99	T4003	4003c548a314246d8c46516c4033fa5602e19c4b	assembled Spark candidate	M	app/server/index.mjs	100644	60669723b1f5e26f2a1a00d8ee904cbf03c85250	100644	60669723b1f5e26f2a1a00d8ee904cbf03c85250	retained_exact	-	-	source mode/blob equals target mode/blob	-
SPF	spark-final	68b8d3d67d6b66d1a6c2c8d4f72ff7079135b662	20d8330dc6555d073a6bdec7ebf1e6bafc7aee99	T4003	4003c548a314246d8c46516c4033fa5602e19c4b	assembled Spark candidate	A	app/tests/fixtures/spark-derivations/empty.json	100644	81dbbfb2a04818c47e149bd46538a2695e455726	100644	81dbbfb2a04818c47e149bd46538a2695e455726	retained_exact	-	-	source mode/blob equals target mode/blob	-
SPF	spark-final	68b8d3d67d6b66d1a6c2c8d4f72ff7079135b662	20d8330dc6555d073a6bdec7ebf1e6bafc7aee99	T4003	4003c548a314246d8c46516c4033fa5602e19c4b	assembled Spark candidate	A	app/tests/fixtures/spark-derivations/partial.json	100644	dcb6a192ea9e6bbea3a46d6f0c37241446fe56ef	100644	dcb6a192ea9e6bbea3a46d6f0c37241446fe56ef	retained_exact	-	-	source mode/blob equals target mode/blob	-
SPF	spark-final	68b8d3d67d6b66d1a6c2c8d4f72ff7079135b662	20d8330dc6555d073a6bdec7ebf1e6bafc7aee99	T4003	4003c548a314246d8c46516c4033fa5602e19c4b	assembled Spark candidate	A	app/tests/fixtures/spark-derivations/quiet.json	100644	f88354d82ac798179b061cdc6b976fffefcc21df	100644	f88354d82ac798179b061cdc6b976fffefcc21df	retained_exact	-	-	source mode/blob equals target mode/blob	-
SPF	spark-final	68b8d3d67d6b66d1a6c2c8d4f72ff7079135b662	20d8330dc6555d073a6bdec7ebf1e6bafc7aee99	T4003	4003c548a314246d8c46516c4033fa5602e19c4b	assembled Spark candidate	A	app/tests/fixtures/spark-derivations/stale.json	100644	c503c5ab66e9bff5fc9564339be949be88e441ae	100644	c503c5ab66e9bff5fc9564339be949be88e441ae	retained_exact	-	-	source mode/blob equals target mode/blob	-
SPF	spark-final	68b8d3d67d6b66d1a6c2c8d4f72ff7079135b662	20d8330dc6555d073a6bdec7ebf1e6bafc7aee99	T4003	4003c548a314246d8c46516c4033fa5602e19c4b	assembled Spark candidate	A	app/tests/fixtures/spark-derivations/truncated.json	100644	26bd43c5235d58c8af6fac0f8e285e8ff2e010e6	100644	26bd43c5235d58c8af6fac0f8e285e8ff2e010e6	retained_exact	-	-	source mode/blob equals target mode/blob	-
SPF	spark-final	68b8d3d67d6b66d1a6c2c8d4f72ff7079135b662	20d8330dc6555d073a6bdec7ebf1e6bafc7aee99	T4003	4003c548a314246d8c46516c4033fa5602e19c4b	assembled Spark candidate	A	app/tests/spark-projection.test.mjs	100644	4466d6518f4e8f6889abc8830ba3d33465a7fb0e	100644	4466d6518f4e8f6889abc8830ba3d33465a7fb0e	retained_exact	-	-	source mode/blob equals target mode/blob	-
SPF	spark-final	68b8d3d67d6b66d1a6c2c8d4f72ff7079135b662	20d8330dc6555d073a6bdec7ebf1e6bafc7aee99	T4003	4003c548a314246d8c46516c4033fa5602e19c4b	assembled Spark candidate	A	app/tests/spark-view.test.mjs	100644	69be5c3723e0aaa9bf449964745a87de6827c12b	100644	69be5c3723e0aaa9bf449964745a87de6827c12b	retained_exact	-	-	source mode/blob equals target mode/blob	-
SPF	spark-final	68b8d3d67d6b66d1a6c2c8d4f72ff7079135b662	20d8330dc6555d073a6bdec7ebf1e6bafc7aee99	T4003	4003c548a314246d8c46516c4033fa5602e19c4b	assembled Spark candidate	M	app/web/app.mjs	100644	4a7aca156b2eb2d9dbba86e4fa524cb50d0ace3e	100644	4a7aca156b2eb2d9dbba86e4fa524cb50d0ace3e	retained_exact	-	-	source mode/blob equals target mode/blob	-
SPF	spark-final	68b8d3d67d6b66d1a6c2c8d4f72ff7079135b662	20d8330dc6555d073a6bdec7ebf1e6bafc7aee99	T4003	4003c548a314246d8c46516c4033fa5602e19c4b	assembled Spark candidate	M	app/web/index.html	100644	3c33872bc294a6f7f12e3edeff702a3e8cea4aa8	100644	3c33872bc294a6f7f12e3edeff702a3e8cea4aa8	retained_exact	-	-	source mode/blob equals target mode/blob	-
SPF	spark-final	68b8d3d67d6b66d1a6c2c8d4f72ff7079135b662	20d8330dc6555d073a6bdec7ebf1e6bafc7aee99	T4003	4003c548a314246d8c46516c4033fa5602e19c4b	assembled Spark candidate	A	app/web/spark-projection.mjs	100644	afdf8657e95956e6c5e3c935c4884783ea7602cd	100644	afdf8657e95956e6c5e3c935c4884783ea7602cd	retained_exact	-	-	source mode/blob equals target mode/blob	-
SPF	spark-final	68b8d3d67d6b66d1a6c2c8d4f72ff7079135b662	20d8330dc6555d073a6bdec7ebf1e6bafc7aee99	T4003	4003c548a314246d8c46516c4033fa5602e19c4b	assembled Spark candidate	A	app/web/spark-view.mjs	100644	ec5bc14e6b742cc8bb9dbd9121b1e8edb33454ca	100644	ec5bc14e6b742cc8bb9dbd9121b1e8edb33454ca	retained_exact	-	-	source mode/blob equals target mode/blob	-
SPF	spark-final	68b8d3d67d6b66d1a6c2c8d4f72ff7079135b662	20d8330dc6555d073a6bdec7ebf1e6bafc7aee99	T4003	4003c548a314246d8c46516c4033fa5602e19c4b	assembled Spark candidate	M	app/web/styles.css	100644	cedb7724131711eddab290643c91a00bccac78ab	100644	e710b56594eefa41d925cb617679e0c5caa7c146	authorized_later	Spark	0082fef883e49fd19538c369f20a04c111d8c602;20d8330dc6555d073a6bdec7ebf1e6bafc7aee99	read-only Spark dialog and shared pill radius	later owner/hunk recorded in shared-invariants.tsv
SPF	spark-final	68b8d3d67d6b66d1a6c2c8d4f72ff7079135b662	20d8330dc6555d073a6bdec7ebf1e6bafc7aee99	T4003	4003c548a314246d8c46516c4033fa5602e19c4b	assembled Spark candidate	A	engineering/design/spark-surface-2026-09-10/delivery-sp1-fe.md	100644	f1403dfba89be73dc812f15e0f6b12d183fd1e1a	100644	f1403dfba89be73dc812f15e0f6b12d183fd1e1a	retained_exact	-	-	source mode/blob equals target mode/blob	-
SPF	spark-final	68b8d3d67d6b66d1a6c2c8d4f72ff7079135b662	20d8330dc6555d073a6bdec7ebf1e6bafc7aee99	T4003	4003c548a314246d8c46516c4033fa5602e19c4b	assembled Spark candidate	A	evidence/spark-delivery-20260910/README.md	100644	41c5d576bd90890c1d37a8767c8d5d8646039493	100644	41c5d576bd90890c1d37a8767c8d5d8646039493	retained_exact	-	-	source mode/blob equals target mode/blob	-
SPF	spark-final	68b8d3d67d6b66d1a6c2c8d4f72ff7079135b662	20d8330dc6555d073a6bdec7ebf1e6bafc7aee99	T4003	4003c548a314246d8c46516c4033fa5602e19c4b	assembled Spark candidate	A	evidence/spark-delivery-20260910/browser-regressions-before.json	100644	66f4cc7ed5e5c6a12011964bd31afbaa67dd6f85	100644	66f4cc7ed5e5c6a12011964bd31afbaa67dd6f85	retained_exact	-	-	source mode/blob equals target mode/blob	-
SPF	spark-final	68b8d3d67d6b66d1a6c2c8d4f72ff7079135b662	20d8330dc6555d073a6bdec7ebf1e6bafc7aee99	T4003	4003c548a314246d8c46516c4033fa5602e19c4b	assembled Spark candidate	A	evidence/spark-delivery-20260910/browser-regressions.json	100644	dc2c417690f276829a7f0e530c967e243226e9b6	100644	dc2c417690f276829a7f0e530c967e243226e9b6	retained_exact	-	-	source mode/blob equals target mode/blob	-
SPF	spark-final	68b8d3d67d6b66d1a6c2c8d4f72ff7079135b662	20d8330dc6555d073a6bdec7ebf1e6bafc7aee99	T4003	4003c548a314246d8c46516c4033fa5602e19c4b	assembled Spark candidate	A	evidence/spark-delivery-20260910/browser-regressions.mjs	100644	62d18ee6559665124fbc2ba63a42970f66e1944e	100644	62d18ee6559665124fbc2ba63a42970f66e1944e	retained_exact	-	-	source mode/blob equals target mode/blob	-
SPF	spark-final	68b8d3d67d6b66d1a6c2c8d4f72ff7079135b662	20d8330dc6555d073a6bdec7ebf1e6bafc7aee99	T4003	4003c548a314246d8c46516c4033fa5602e19c4b	assembled Spark candidate	A	evidence/spark-delivery-20260910/lint-shapes.log	100644	dfcd1056d6cc48b5646d47a2d3cddb13d1723ded	100644	dfcd1056d6cc48b5646d47a2d3cddb13d1723ded	retained_exact	-	-	source mode/blob equals target mode/blob	-
SPF	spark-final	68b8d3d67d6b66d1a6c2c8d4f72ff7079135b662	20d8330dc6555d073a6bdec7ebf1e6bafc7aee99	T4003	4003c548a314246d8c46516c4033fa5602e19c4b	assembled Spark candidate	A	evidence/spark-delivery-20260910/unit.log	100644	8fb01e891046812c7cc188f41bc73c77be9883bd	100644	8fb01e891046812c7cc188f41bc73c77be9883bd	retained_exact	-	-	source mode/blob equals target mode/blob	-
