
> se-agent-v5-runtime@0.1.0 check:product
> node scripts/product-check.mjs


==> bounded synthetic test suite

> se-agent-v5-runtime@0.1.0 pretest
> node scripts/check-historical-fixtures.mjs

Historical test inputs verified: 45 commit/path/hash checks.

> se-agent-v5-runtime@0.1.0 test
> node --test --test-concurrency=4 tests/*.test.mjs ../tests/*.test.mjs

TAP version 13
# Subtest: 颜色字面量只出现在 tier:S 块内
ok 1 - 颜色字面量只出现在 tier:S 块内
  ---
  duration_ms: 101.73425
  type: 'test'
  ...
# Subtest: 两 skin × 两宗的角色对比度不低于门槛
ok 2 - 两 skin × 两宗的角色对比度不低于门槛
  ---
  duration_ms: 46.838583
  type: 'test'
  ...
# Subtest: renderer is a neutral projection surface and dispatches typed actions without actor fields
ok 3 - renderer is a neutral projection surface and dispatches typed actions without actor fields
  ---
  duration_ms: 2.363458
  type: 'test'
  ...
# Subtest: catalog exposes development evidence-memo and business-free probe factories
ok 4 - catalog exposes development evidence-memo and business-free probe factories
  ---
  duration_ms: 0.917833
  type: 'test'
  ...
# Subtest: manifest is machine-marked development and advertises generic binding fields
ok 5 - manifest is machine-marked development and advertises generic binding fields
  ---
  duration_ms: 0.165417
  type: 'test'
  ...
# Subtest: legacy transport import resolves the single shared Core owner
ok 6 - legacy transport import resolves the single shared Core owner
  ---
  duration_ms: 1.3065
  type: 'test'
  ...
# Subtest: createBinding owns Matter creation and projection exposes source, evidence, candidate, artifact and draft
ok 7 - createBinding owns Matter creation and projection exposes source, evidence, candidate, artifact and draft
  ---
  duration_ms: 126.119291
  type: 'test'
  ...
# Subtest: begin exposes only namespaced source/propose tools and Core rejects late candidate calls after close
ok 8 - begin exposes only namespaced source/propose tools and Core rejects late candidate calls after close
  ---
  duration_ms: 114.579
  type: 'test'
  ...
# Subtest: humanAction accepts only host-derived local-user and uses the same Review route for formal Artifact
ok 9 - humanAction accepts only host-derived local-user and uses the same Review route for formal Artifact
  ---
  duration_ms: 106.396167
  type: 'test'
  ...
# Subtest: close gates admission before cleanup and finish maps cancellation without acceptance
ok 10 - close gates admission before cleanup and finish maps cancellation without acceptance
  ---
  duration_ms: 114.652916
  type: 'test'
  ...
# Subtest: same data directory admits one POSIX flock owner and keeps the inode after release
ok 11 - same data directory admits one POSIX flock owner and keeps the inode after release
  ---
  duration_ms: 200.470167
  type: 'test'
  ...
# Subtest: unexpected holder death invokes onLost and the next host can safely reacquire
ok 12 - unexpected holder death invokes onLost and the next host can safely reacquire
  ---
  duration_ms: 122.196667
  type: 'test'
  ...
# Subtest: owner SIGKILL closes the parent pipe and does not require deleting the lock file
ok 13 - owner SIGKILL closes the parent pipe and does not require deleting the lock file
  ---
  duration_ms: 232.886084
  type: 'test'
  ...
# (node:16207) ExperimentalWarning: SQLite is an experimental feature and might change at any time
# (Use `node --trace-warnings ...` to show where the warning was created)
# Subtest: answer admission race: ask_user queued behind cancel returns 409
ok 14 - answer admission race: ask_user queued behind cancel returns 409
  ---
  duration_ms: 640.096917
  type: 'test'
  ...
# Subtest: answer admission race: permission queued behind cancel returns 409
ok 15 - answer admission race: permission queued behind cancel returns 409
  ---
  duration_ms: 273.868334
  type: 'test'
  ...
# Subtest: normal ask_user answer still resolves and completes the run
ok 16 - normal ask_user answer still resolves and completes the run
  ---
  duration_ms: 709.540792
  type: 'test'
  ...
# Subtest: double permission answer records one decision and rejects the other
ok 17 - double permission answer records one decision and rejects the other
  ---
  duration_ms: 498.509292
  type: 'test'
  ...
# Subtest: the limited scanner recognizes imports while ignoring comments and strings
ok 18 - the limited scanner recognizes imports while ignoring comments and strings
  ---
  duration_ms: 1.092416
  type: 'test'
  ...
# Subtest: legal and forbidden synthetic edges exercise all approved boundaries
ok 19 - legal and forbidden synthetic edges exercise all approved boundaries
  ---
  duration_ms: 1.461959
  type: 'test'
  ...
# Subtest: the current Core, runtime, renderer, and composition-root graph obeys ownership
ok 20 - the current Core, runtime, renderer, and composition-root graph obeys ownership
  ---
  duration_ms: 65.078417
  type: 'test'
  ...
# (node:16321) ExperimentalWarning: SQLite is an experimental feature and might change at any time
# (Use `node --trace-warnings ...` to show where the warning was created)
# Subtest: AM-C unchanged core wire golden and complete no-op remain stable with Explore contribution
ok 21 - AM-C unchanged core wire golden and complete no-op remain stable with Explore contribution
  ---
  duration_ms: 903.818333
  type: 'test'
  ...
# Subtest: AM-C separates request shape, old prefix, and semantic tool diffs
ok 22 - AM-C separates request shape, old prefix, and semantic tool diffs
  ---
  duration_ms: 722.156708
  type: 'test'
  ...
# Subtest: AM-C records description, schema, and permission changes as expected diffs
ok 23 - AM-C records description, schema, and permission changes as expected diffs
  ---
  duration_ms: 1501.818166
  type: 'test'
  ...
# Subtest: history refs keep exact UTF-8 blobs reachable through Git GC; another session cannot read them
ok 24 - history refs keep exact UTF-8 blobs reachable through Git GC; another session cannot read them
  ---
  duration_ms: 673.276208
  type: 'test'
  ...
# Subtest: history cancellation waits for the Git process to exit and the next save repairs interrupted init
ok 25 - history cancellation waits for the Git process to exit and the next save repairs interrupted init
  ---
  duration_ms: 1375.405083
  type: 'test'
  ...
# Subtest: existing non-blob history object is an integrity failure
ok 26 - existing non-blob history object is an integrity failure
  ---
  duration_ms: 216.099792
  type: 'test'
  ...
# (node:16464) ExperimentalWarning: SQLite is an experimental feature and might change at any time
# (Use `node --trace-warnings ...` to show where the warning was created)
# Subtest: R1-HIST-1: v1 and v2 remain readable after current-file deletion
ok 27 - R1-HIST-1: v1 and v2 remain readable after current-file deletion
  ---
  duration_ms: 800.126
  type: 'test'
  ...
# Subtest: R1-HIST-2: cross-session, wrong-record, and unrecorded lookups are 404 and reads are pure
ok 28 - R1-HIST-2: cross-session, wrong-record, and unrecorded lookups are 404 and reads are pure
  ---
  duration_ms: 900.830666
  type: 'test'
  ...
# Subtest: R1-HIST-3: historical text truncates on a UTF-8 boundary with full bytes/hash
ok 29 - R1-HIST-3: historical text truncates on a UTF-8 boundary with full bytes/hash
  ---
  duration_ms: 546.515708
  type: 'test'
  ...
# Subtest: R1-HIST-4: a recorded legacy artifact without history returns 410 history_unavailable
ok 30 - R1-HIST-4: a recorded legacy artifact without history returns 410 history_unavailable
  ---
  duration_ms: 546.042416
  type: 'test'
  ...
# Subtest: R1-HIST-5: object/metadata byte mismatch returns 500 artifact_integrity_failed
ok 31 - R1-HIST-5: object/metadata byte mismatch returns 500 artifact_integrity_failed
  ---
  duration_ms: 529.82625
  type: 'test'
  ...
# Subtest: R1-HIST-6: SIGKILL after history and before rename exposes neither file nor artifact
ok 32 - R1-HIST-6: SIGKILL after history and before rename exposes neither file nor artifact
  ---
  duration_ms: 1542.20025
  type: 'test'
  ...
# Subtest: R1-HIST-7: SIGKILL after rename and before record leaves current file unrecorded
ok 33 - R1-HIST-7: SIGKILL after rename and before record leaves current file unrecorded
  ---
  duration_ms: 1359.738917
  type: 'test'
  ...
# Subtest: R1-HIST-8: SIGKILL after record preserves historical bytes across restart
ok 34 - R1-HIST-8: SIGKILL after record preserves historical bytes across restart
  ---
  duration_ms: 1402.212667
  type: 'test'
  ...
# (node:18401) ExperimentalWarning: SQLite is an experimental feature and might change at any time
# (Use `node --trace-warnings ...` to show where the warning was created)
# Subtest: only native text updates project as assistant deltas
ok 35 - only native text updates project as assistant deltas
  ---
  duration_ms: 0.787292
  type: 'test'
  ...
# Subtest: stream filtering retains final assistant messages and request telemetry
ok 36 - stream filtering retains final assistant messages and request telemetry
  ---
  duration_ms: 602.226208
  type: 'test'
  ...
# (node:18900) ExperimentalWarning: SQLite is an experimental feature and might change at any time
# (Use `node --trace-warnings ...` to show where the warning was created)
# Subtest: catalog staleness keeps durable result readable and refuses further adapter work
ok 37 - catalog staleness keeps durable result readable and refuses further adapter work
  ---
  duration_ms: 64.38725
  type: 'test'
  ...
# Subtest: policy rejection records dependency before adapter I/O, leaving Run unresolved
ok 38 - policy rejection records dependency before adapter I/O, leaving Run unresolved
  ---
  duration_ms: 56.7115
  type: 'test'
  ...
# Subtest: late query cannot overwrite cancellation and lost cancel ACK remains unresolved
ok 39 - late query cannot overwrite cancellation and lost cancel ACK remains unresolved
  ---
  duration_ms: 125.758208
  type: 'test'
  ...
# Subtest: stopped Run forbids dispatch and wait stays inside local budget
ok 40 - stopped Run forbids dispatch and wait stays inside local budget
  ---
  duration_ms: 136.978958
  type: 'test'
  ...
# Subtest: host/Pi wrapper denial of an old async_get leaves the new Run unresolved
ok 41 - host/Pi wrapper denial of an old async_get leaves the new Run unresolved
  ---
  duration_ms: 275.209958
  type: 'test'
  ...
# Subtest: fixture independently releases two documents without timing assertions
ok 42 - fixture independently releases two documents without timing assertions
  ---
  duration_ms: 100.702792
  type: 'test'
  ...
# Subtest: fixture makes delivery identity idempotent and exposes launch/result acknowledgement loss
ok 43 - fixture makes delivery identity idempotent and exposes launch/result acknowledgement loss
  ---
  duration_ms: 83.49275
  type: 'test'
  ...
# Subtest: fixture keeps cancel-before-success and cancel-after-success distinct
ok 44 - fixture keeps cancel-before-success and cancel-after-success distinct
  ---
  duration_ms: 67.971333
  type: 'test'
  ...
# Subtest: SIGKILLs the state-owning provider and queries persisted synthetic settlement after restart
ok 45 - SIGKILLs the state-owning provider and queries persisted synthetic settlement after restart
  ---
  duration_ms: 159.2325
  type: 'test'
  ...
# Subtest: in-flight provider SIGKILL retains the accepted synthetic record without implicit resume or relaunch
ok 46 - in-flight provider SIGKILL retains the accepted synthetic record without implicit resume or relaunch
  ---
  duration_ms: 120.724708
  type: 'test'
  ...
# Subtest: concurrent launches publish complete synthetic state before their barriers open
ok 47 - concurrent launches publish complete synthetic state before their barriers open
  ---
  duration_ms: 119.780333
  type: 'test'
  ...
# Subtest: reused job IDs reject a changed immutable request without incrementing the launch attempt
ok 48 - reused job IDs reject a changed immutable request without incrementing the launch attempt
  ---
  duration_ms: 69.919584
  type: 'test'
  ...
# Subtest: AM-B-T1 captures the final MCP payload and preserves the synchronous loop
ok 49 - AM-B-T1 captures the final MCP payload and preserves the synchronous loop
  ---
  duration_ms: 55.174
  type: 'test'
  ...
# Subtest: AM-B-T1 records task-shaped responses as unsupported and shows the current continuation gap
ok 50 - AM-B-T1 records task-shaped responses as unsupported and shows the current continuation gap
  ---
  duration_ms: 13.6065
  type: 'test'
  ...
# Subtest: AM-B-T1 does not treat partial args as a completed tool result, and exposes current wire gaps
ok 51 - AM-B-T1 does not treat partial args as a completed tool result, and exposes current wire gaps
  ---
  duration_ms: 17.491584
  type: 'test'
  ...
# Subtest: AM-B-T1 observes Pi 0.85.1 final HTTP encoding and waits for complete streamed tool arguments
ok 52 - AM-B-T1 observes Pi 0.85.1 final HTTP encoding and waits for complete streamed tool arguments
  ---
  duration_ms: 55.524334
  type: 'test'
  ...
# (node:19427) ExperimentalWarning: SQLite is an experimental feature and might change at any time
# (Use `node --trace-warnings ...` to show where the warning was created)
# Subtest: independent recovery: SIGKILL at async_intent keeps one original task/run and never relaunches
ok 53 - independent recovery: SIGKILL at async_intent keeps one original task/run and never relaunches
  ---
  duration_ms: 1118.109792
  type: 'test'
  ...
# Subtest: independent recovery: SIGKILL at async_dispatch keeps one original task/run and never relaunches
ok 54 - independent recovery: SIGKILL at async_dispatch keeps one original task/run and never relaunches
  ---
  duration_ms: 992.948584
  type: 'test'
  ...
# Subtest: independent recovery: SIGKILL at async_result keeps one original task/run and never relaunches
ok 55 - independent recovery: SIGKILL at async_result keeps one original task/run and never relaunches
  ---
  duration_ms: 1456.950333
  type: 'test'
  ...
# Subtest: independent recovery: SIGKILL at async_delivery keeps one original task/run and never relaunches
ok 56 - independent recovery: SIGKILL at async_delivery keeps one original task/run and never relaunches
  ---
  duration_ms: 1184.891791
  type: 'test'
  ...
# Subtest: fixed old main schema4 RuntimeStore rejects a schema13 state without changing bytes
ok 57 - fixed old main schema4 RuntimeStore rejects a schema13 state without changing bytes
  ---
  duration_ms: 1463.411708
  type: 'test'
  ...
# Subtest: schema3 and schema4 migrate with an exact independent backup and reopen
ok 58 - schema3 and schema4 migrate with an exact independent backup and reopen
  ---
  duration_ms: 1187.312334
  type: 'test'
  ...
# Subtest: invalid UTF-8 schema4 input is refused before migration and its bytes remain untouched
ok 59 - invalid UTF-8 schema4 input is refused before migration and its bytes remain untouched
  ---
  duration_ms: 90.666458
  type: 'test'
  ...
# (node:19429) ExperimentalWarning: SQLite is an experimental feature and might change at any time
# (Use `node --trace-warnings ...` to show where the warning was created)
# Subtest: current: full schemaVersion:1 view is an independent literal copy with availability last
ok 60 - current: full schemaVersion:1 view is an independent literal copy with availability last
  ---
  duration_ms: 4.899
  type: 'test'
  ...
# Subtest: availability classes follow the frozen priority with no inference
ok 61 - availability classes follow the frozen priority with no inference
  ---
  duration_ms: 1.486459
  type: 'test'
  ...
# Subtest: options omit result and/or deliveries but never rewrite the rest
ok 62 - options omit result and/or deliveries but never rewrite the rest
  ---
  duration_ms: 0.497292
  type: 'test'
  ...
# Subtest: nulls and prepared-but-unrecorded delivery facts are preserved, never filled in
ok 63 - nulls and prepared-but-unrecorded delivery facts are preserved, never filled in
  ---
  duration_ms: 0.401209
  type: 'test'
  ...
# Subtest: succeeded and cancelRequestedAt coexist; terminal evidence is immutable in the view
ok 64 - succeeded and cancelRequestedAt coexist; terminal evidence is immutable in the view
  ---
  duration_ms: 0.8395
  type: 'test'
  ...
# Subtest: an older delivery snapshot is projected as-is and never repaired into newer facts
ok 65 - an older delivery snapshot is projected as-is and never repaired into newer facts
  ---
  duration_ms: 0.240667
  type: 'test'
  ...
# Subtest: no invented fields and no auto-recovery in the projection
ok 66 - no invented fields and no auto-recovery in the projection
  ---
  duration_ms: 0.184292
  type: 'test'
  ...
# Subtest: a stale source never projects as current even when a result exists
ok 67 - a stale source never projects as current even when a result exists
  ---
  duration_ms: 0.169792
  type: 'test'
  ...
# Subtest: HTTP list/detail packets: real host + synthetic adapter, scoped and paged
ok 68 - HTTP list/detail packets: real host + synthetic adapter, scoped and paged
  ---
  duration_ms: 712.429584
  type: 'test'
  ...
# (node:19430) ExperimentalWarning: SQLite is an experimental feature and might change at any time
# (Use `node --trace-warnings ...` to show where the warning was created)
# Subtest: two durable reads use actual host/Pi tools and wait only on the selected source
ok 69 - two durable reads use actual host/Pi tools and wait only on the selected source
  ---
  duration_ms: 626.510209
  type: 'test'
  ...
# Subtest: premature final and lost launch ACK preserve query-only recovery, then a later Run consumes the original task
ok 70 - premature final and lost launch ACK preserve query-only recovery, then a later Run consumes the original task
  ---
  duration_ms: 502.742458
  type: 'test'
  ...
# Subtest: source/implementation absence remains readable; corrupt bytes and cross-session consumption are refused
ok 71 - source/implementation absence remains readable; corrupt bytes and cross-session consumption are refused
  ---
  duration_ms: 118.876125
  type: 'test'
  ...
# Subtest: schema3/4 migrate through exclusive backup and refuse existing backup paths
ok 72 - schema3/4 migrate through exclusive backup and refuse existing backup paths
  ---
  duration_ms: 433.177292
  type: 'test'
  ...
# Subtest: invalid UTF-8 schema4 is refused before backup or replacement
ok 73 - invalid UTF-8 schema4 is refused before backup or replacement
  ---
  duration_ms: 113.44925
  type: 'test'
  ...
# Subtest: the projection accepts exactly the actions this app was built against
ok 74 - the projection accepts exactly the actions this app was built against
  ---
  duration_ms: 1.282125
  type: 'test'
  ...
# Subtest: a descriptor fails closed on a stale revision, an unknown action or a widened schema
ok 75 - a descriptor fails closed on a stale revision, an unknown action or a widened schema
  ---
  duration_ms: 0.434
  type: 'test'
  ...
# Subtest: the detail offers only advertised, understood actions and never an out-of-scope control
ok 76 - the detail offers only advertised, understood actions and never an out-of-scope control
  ---
  duration_ms: 33.583167
  type: 'test'
  ...
# Subtest: an item whose descriptors this app cannot read offers no controls at all
ok 77 - an item whose descriptors this app cannot read offers no controls at all
  ---
  duration_ms: 2.599
  type: 'test'
  ...
# Subtest: acknowledge is the action itself: an empty payload, no dialog, no toggle
ok 78 - acknowledge is the action itself: an empty payload, no dialog, no toggle
  ---
  duration_ms: 7.066
  type: 'test'
  ...
# Subtest: resolve requires a reason and refuses to send without one
ok 79 - resolve requires a reason and refuses to send without one
  ---
  duration_ms: 10.019084
  type: 'test'
  ...
# Subtest: snooze records a next action and only sends a due time when the trigger is one
ok 80 - snooze records a next action and only sends a due time when the trigger is one
  ---
  duration_ms: 9.810208
  type: 'test'
  ...
# Subtest: a recorded due time is required for the at trigger and is sent with its zone
ok 81 - a recorded due time is required for the at trigger and is sent with its zone
  ---
  duration_ms: 9.703583
  type: 'test'
  ...
# Subtest: resume and reopen name their target state and offer no third one
ok 82 - resume and reopen name their target state and offer no third one
  ---
  duration_ms: 7.866708
  type: 'test'
  ...
# Subtest: a resolved item offers reopen and nothing the contract withdrew
ok 83 - a resolved item offers reopen and nothing the contract withdrew
  ---
  duration_ms: 4.302166
  type: 'test'
  ...
# Subtest: nothing is optimistic: only the submit control changes while a request is open
ok 84 - nothing is optimistic: only the submit control changes while a request is open
  ---
  duration_ms: 4.016375
  type: 'test'
  ...
# Subtest: when the last row of a page leaves, the view backs up to a page that exists
ok 85 - when the last row of a page leaves, the view backs up to a page that exists
  ---
  duration_ms: 3.833167
  type: 'test'
  ...
# (node:19705) ExperimentalWarning: SQLite is an experimental feature and might change at any time
# (Use `node --trace-warnings ...` to show where the warning was created)
# Subtest: global Attention has replayable identity, shared configuration and a real governed Run
ok 86 - global Attention has replayable identity, shared configuration and a real governed Run
  ---
  duration_ms: 620.360041
  type: 'test'
  ...
# Subtest: progressive memory lists metadata, excludes drafts/tools and binds exact message text
ok 87 - progressive memory lists metadata, excludes drafts/tools and binds exact message text
  ---
  duration_ms: 361.265791
  type: 'test'
  ...
# Subtest: schema5 with retained records migrates exactly and global/project invariants reject corruption
ok 88 - schema5 with retained records migrates exactly and global/project invariants reject corruption
  ---
  duration_ms: 182.0855
  type: 'test'
  ...
# Subtest: conversation retry preserves creation identity and exact Run command after a lost receipt
ok 89 - conversation retry preserves creation identity and exact Run command after a lost receipt
  ---
  duration_ms: 0.582083
  type: 'test'
  ...
# Subtest: closing during send keeps its receipt and restores the finished conversation on reopen
ok 90 - closing during send keeps its receipt and restores the finished conversation on reopen
  ---
  duration_ms: 0.155625
  type: 'test'
  ...
# Subtest: a delayed history choice cannot replace the newer conversation or draft
ok 91 - a delayed history choice cannot replace the newer conversation or draft
  ---
  duration_ms: 0.137292
  type: 'test'
  ...
# Subtest: conversation rename persists metadata without changing history, scope or draft
ok 92 - conversation rename persists metadata without changing history, scope or draft
  ---
  duration_ms: 107.482708
  type: 'test'
  ...
# Subtest: Attention CAS, full request identity, typed transitions and immutable receipt
ok 93 - Attention CAS, full request identity, typed transitions and immutable receipt
  ---
  duration_ms: 106.474417
  type: 'test'
  ...
# Subtest: scope applies before IDs, descriptors, counts, lookups, receipts and source queries
ok 94 - scope applies before IDs, descriptors, counts, lookups, receipts and source queries
  ---
  duration_ms: 93.106541
  type: 'test'
  ...
# Subtest: runtime registry-only grant hides detail, search predicates, event/receipt/source and signals
ok 95 - runtime registry-only grant hides detail, search predicates, event/receipt/source and signals
  ---
  duration_ms: 97.360917
  type: 'test'
  ...
# Subtest: explicit signal policy records observations without status, seen or authorization changes
ok 96 - explicit signal policy records observations without status, seen or authorization changes
  ---
  duration_ms: 110.43525
  type: 'test'
  ...
# Subtest: schema-aware exact/literal grep/relation filters are bounded and no regex executes
ok 97 - schema-aware exact/literal grep/relation filters are bounded and no regex executes
  ---
  duration_ms: 107.447208
  type: 'test'
  ...
# Subtest: source references bind exact retained Core bytes and scope; external locators stay unknown
ok 98 - source references bind exact retained Core bytes and scope; external locators stay unknown
  ---
  duration_ms: 106.058125
  type: 'test'
  ...
# Subtest: unknown schema/action, stale mutation, corrupt state and hidden unknown schema fail closed
ok 99 - unknown schema/action, stale mutation, corrupt state and hidden unknown schema fail closed
  ---
  duration_ms: 289.270667
  type: 'test'
  ...
# Subtest: simultaneous actions serialize CAS, and needs_you is an explicit typed transition
ok 100 - simultaneous actions serialize CAS, and needs_you is an explicit typed transition
  ---
  duration_ms: 90.96075
  type: 'test'
  ...
# Subtest: missing audit/receipt or rewritten receipt is refused before a new state change
ok 101 - missing audit/receipt or rewritten receipt is refused before a new state change
  ---
  duration_ms: 411.955667
  type: 'test'
  ...
# Subtest: GitHub fixture preserves raw conditional values, pagination, snapshots on 304, and changing poll cadence
ok 102 - GitHub fixture preserves raw conditional values, pagination, snapshots on 304, and changing poll cadence
  ---
  duration_ms: 1.396125
  type: 'test'
  ...
# Subtest: GitHub fixture retains notification semantics that are unsafe to collapse
ok 103 - GitHub fixture retains notification semantics that are unsafe to collapse
  ---
  duration_ms: 0.218334
  type: 'test'
  ...
# Subtest: GitHub fixture surfaces unsupported credentials, revoked authorization and rate limits
ok 104 - GitHub fixture surfaces unsupported credentials, revoked authorization and rate limits
  ---
  duration_ms: 0.371375
  type: 'test'
  ...
# Subtest: GitHub fixture rejects contradictory scripts
ok 105 - GitHub fixture rejects contradictory scripts
  ---
  duration_ms: 0.081958
  type: 'test'
  ...
# Subtest: Gmail fixture supplies duplicate and out-of-order push/history pages without advancing a caller cursor
ok 106 - Gmail fixture supplies duplicate and out-of-order push/history pages without advancing a caller cursor
  ---
  duration_ms: 0.857917
  type: 'test'
  ...
# Subtest: Gmail fixture presents interruption, gap, expired watch, mismatch, and revoked authorization as explicit provider outcomes
ok 107 - Gmail fixture presents interruption, gap, expired watch, mismatch, and revoked authorization as explicit provider outcomes
  ---
  duration_ms: 1.147833
  type: 'test'
  ...
# Subtest: Gmail fixture rejects malformed and contradictory scripted responses
ok 108 - Gmail fixture rejects malformed and contradictory scripted responses
  ---
  duration_ms: 0.195334
  type: 'test'
  ...
# (node:20584) ExperimentalWarning: SQLite is an experimental feature and might change at any time
# (Use `node --trace-warnings ...` to show where the warning was created)
# Subtest: ATT-BE-01 HTTP round trip keeps multi-Matter/source/execution refs through typed CAS and producer loss
ok 109 - ATT-BE-01 HTTP round trip keeps multi-Matter/source/execution refs through typed CAS and producer loss
  ---
  duration_ms: 1118.022375
  type: 'test'
  ...
# Subtest: Attention scope, actor ownership, unknown fields and schema versions fail closed over every query kind
ok 110 - Attention scope, actor ownership, unknown fields and schema versions fail closed over every query kind
  ---
  duration_ms: 192.411542
  type: 'test'
  ...
# Subtest: Runtime Attention adapter captures host execution context, records signals only, and closes with the Run
ok 111 - Runtime Attention adapter captures host execution context, records signals only, and closes with the Run
  ---
  duration_ms: 659.9965
  type: 'test'
  ...
# Subtest: generated Attention consumer packet records the HTTP/Pi/Core invariants
ok 112 - generated Attention consumer packet records the HTTP/Pi/Core invariants
  ---
  duration_ms: 6.2695
  type: 'test'
  ...
# Subtest: Attention SIGKILL at before_commit leaves zero or one complete request effect
ok 113 - Attention SIGKILL at before_commit leaves zero or one complete request effect
  ---
  duration_ms: 209.214
  type: 'test'
  ...
# Subtest: Attention SIGKILL at after_commit_before_ack leaves zero or one complete request effect
ok 114 - Attention SIGKILL at after_commit_before_ack leaves zero or one complete request effect
  ---
  duration_ms: 193.586583
  type: 'test'
  ...
# Subtest: synthetic trace vectors preserve edits, stale approval, unknown effect, duplicate surfacing and non-score samples
ok 115 - synthetic trace vectors preserve edits, stale approval, unknown effect, duplicate surfacing and non-score samples
  ---
  duration_ms: 1.3185
  type: 'test'
  ...
# Subtest: trace fixture validator rejects contradictions rather than turning missing evidence into a score
ok 116 - trace fixture validator rejects contradictions rather than turning missing evidence into a score
  ---
  duration_ms: 0.223667
  type: 'test'
  ...
# Subtest: trace fixture validation runner is executable within the fixture directory
ok 117 - trace fixture validation runner is executable within the fixture directory
  ---
  duration_ms: 33.650167
  type: 'test'
  ...
# (node:21035) ExperimentalWarning: SQLite is an experimental feature and might change at any time
# (Use `node --trace-warnings ...` to show where the warning was created)
# Subtest: ATT-ACT-1 · a submitted action carries the inspected revision and is read back canonically
ok 118 - ATT-ACT-1 · a submitted action carries the inspected revision and is read back canonically
  ---
  duration_ms: 608.493208
  type: 'test'
  ...
# Subtest: ATT-ACT-2 · a stale revision is refused, announced and never silently replayed
ok 119 - ATT-ACT-2 · a stale revision is refused, announced and never silently replayed
  ---
  duration_ms: 1064.613958
  type: 'test'
  ...
# Subtest: ATT-ACT-3 · a lost response is recovered from the receipt, not guessed
ok 120 - ATT-ACT-3 · a lost response is recovered from the receipt, not guessed
  ---
  duration_ms: 441.707917
  type: 'test'
  ...
# Subtest: ATT-ACT-4 · a request that never left is retried under its own identity, once
ok 121 - ATT-ACT-4 · a request that never left is retried under its own identity, once
  ---
  duration_ms: 559.570292
  type: 'test'
  ...
# Subtest: ATT-ACT-5 · a reused identity with different content is refused and surfaced
ok 122 - ATT-ACT-5 · a reused identity with different content is refused and surfaced
  ---
  duration_ms: 440.174
  type: 'test'
  ...
# Subtest: Snooze records Later, which stays a visible view and starts no timer
ok 123 - Snooze records Later, which stays a visible view and starts no timer
  ---
  duration_ms: 563.948791
  type: 'test'
  ...
# Subtest: the workspace holds no timer of its own
ok 124 - the workspace holds no timer of its own
  ---
  duration_ms: 0.610042
  type: 'test'
  ...
# Subtest: relative time reads the recorded instant without rewriting it
ok 125 - relative time reads the recorded instant without rewriting it
  ---
  duration_ms: 16.860333
  type: 'test'
  ...
# Subtest: the state strip is six explicit views and each one is its own exact query
ok 126 - the state strip is six explicit views and each one is its own exact query
  ---
  duration_ms: 7.089334
  type: 'test'
  ...
# Subtest: All renders the order the server returned and adds no client sort
ok 127 - All renders the order the server returned and adds no client sort
  ---
  duration_ms: 0.614042
  type: 'test'
  ...
# Subtest: a row states its status and when the record was updated, and nothing else
ok 128 - a row states its status and when the record was updated, and nothing else
  ---
  duration_ms: 1.077083
  type: 'test'
  ...
# Subtest: J K and the arrows walk the list, clamp at both ends and stay out of text controls
ok 129 - J K and the arrows walk the list, clamp at both ends and stay out of text controls
  ---
  duration_ms: 1.835709
  type: 'test'
  ...
# Subtest: Enter opens the focused row and Escape returns focus to it
ok 130 - Enter opens the focused row and Escape returns focus to it
  ---
  duration_ms: 3.317875
  type: 'test'
  ...
# Subtest: Back to items returns to the row, never to the project selector
ok 131 - Back to items returns to the row, never to the project selector
  ---
  duration_ms: 2.452583
  type: 'test'
  ...
# Subtest: pagination is explicit and a view change starts again at the first page
ok 132 - pagination is explicit and a view change starts again at the first page
  ---
  duration_ms: 3.382958
  type: 'test'
  ...
# Subtest: a pending query keeps the workspace readable and never sorts a half page
ok 133 - a pending query keeps the workspace readable and never sorts a half page
  ---
  duration_ms: 1.524792
  type: 'test'
  ...
# Subtest: a refused read speaks the adjudicated sentence, never the wire code
ok 134 - a refused read speaks the adjudicated sentence, never the wire code
  ---
  duration_ms: 2.335458
  type: 'test'
  ...
# Subtest: late A conflict cannot replace B draft or show A conflict in the same project
ok 135 - late A conflict cannot replace B draft or show A conflict in the same project
  ---
  duration_ms: 26.335917
  type: 'test'
  ...
# Subtest: late A success after project switch leaves B draft and receipt state alone
ok 136 - late A success after project switch leaves B draft and receipt state alone
  ---
  duration_ms: 8.518291
  type: 'test'
  ...
# Subtest: keyboard opening, editing and receipt feedback call no WAAPI animations
ok 137 - keyboard opening, editing and receipt feedback call no WAAPI animations
  ---
  duration_ms: 11.005625
  type: 'test'
  ...
# Subtest: overlapping settlements keep feedback motion held until B registry read finishes
ok 138 - overlapping settlements keep feedback motion held until B registry read finishes
  ---
  duration_ms: 10.083083
  type: 'test'
  ...
# Subtest: seen and status are two drawn facts; acknowledging changes only seen
ok 139 - seen and status are two drawn facts; acknowledging changes only seen
  ---
  duration_ms: 22.923959
  type: 'test'
  ...
# Subtest: the receipt line waits for the receipt and the re-read, and never precedes them
ok 140 - the receipt line waits for the receipt and the re-read, and never precedes them
  ---
  duration_ms: 7.028542
  type: 'test'
  ...
# Subtest: a mismatched receipt draws no receipt line
ok 141 - a mismatched receipt draws no receipt line
  ---
  duration_ms: 3.617
  type: 'test'
  ...
# Subtest: a version conflict keeps the draft and states the version now on screen
ok 142 - a version conflict keeps the draft and states the version now on screen
  ---
  duration_ms: 5.32225
  type: 'test'
  ...
# Subtest: an unknown result moves focus to Retry sending and keeps the submit closed
ok 143 - an unknown result moves focus to Retry sending and keeps the submit closed
  ---
  duration_ms: 5.04175
  type: 'test'
  ...
# Subtest: Mark as seen cannot be sent twice while its request is out
ok 144 - Mark as seen cannot be sent twice while its request is out
  ---
  duration_ms: 3.545458
  type: 'test'
  ...
# Subtest: an item that leaves the current view after a receipt is named, with its new status
ok 145 - an item that leaves the current view after a receipt is named, with its new status
  ---
  duration_ms: 3.960042
  type: 'test'
  ...
# Subtest: the assistant entry is part of the workspace heading, not an item detail
ok 146 - the assistant entry is part of the workspace heading, not an item detail
  ---
  duration_ms: 1.999375
  type: 'test'
  ...
# (node:21397) ExperimentalWarning: SQLite is an experimental feature and might change at any time
# (Use `node --trace-warnings ...` to show where the warning was created)
# Subtest: T-CANCEL-2: cancelling while waiting for the first token yields stopping then cancelled
ok 147 - T-CANCEL-2: cancelling while waiting for the first token yields stopping then cancelled
  ---
  duration_ms: 612.3295
  type: 'test'
  ...
# Subtest: T-CANCEL-3: cancelling during ask_user closes the question and refuses a late answer
ok 148 - T-CANCEL-3: cancelling during ask_user closes the question and refuses a late answer
  ---
  duration_ms: 131.962042
  type: 'test'
  ...
# Subtest: T-CANCEL-4: a late allow after cancelling a permission is refused and writes nothing
ok 149 - T-CANCEL-4: a late allow after cancelling a permission is refused and writes nothing
  ---
  duration_ms: 1097.012875
  type: 'test'
  ...
# Subtest: T-CANCEL-5: cancelling a run that is not in this process reports unknown, not cancelled
ok 150 - T-CANCEL-5: cancelling a run that is not in this process reports unknown, not cancelled
  ---
  duration_ms: 497.684458
  type: 'test'
  ...
# Subtest: T-PERM-6: concurrent allow and deny on one permission — first wins, second is 409
ok 151 - T-PERM-6: concurrent allow and deny on one permission — first wins, second is 409
  ---
  duration_ms: 766.491333
  type: 'test'
  ...
# Subtest: T-PERM-7: read_only makes ws_write absent, not present-and-refused
ok 152 - T-PERM-7: read_only makes ws_write absent, not present-and-refused
  ---
  duration_ms: 232.258959
  type: 'test'
  ...
# Subtest: card middle layer retains same-target disclosure, resets target and scope, keeps warnings outside
ok 153 - card middle layer retains same-target disclosure, resets target and scope, keeps warnings outside
  ---
  duration_ms: 1.765459
  type: 'test'
  ...
# Subtest: Runtime summary rejects previous-session counts and preserves unknown rather than zero
ok 154 - Runtime summary rejects previous-session counts and preserves unknown rather than zero
  ---
  duration_ms: 0.461583
  type: 'test'
  ...
# Subtest: presentation entry directory omits unimplemented slots and keeps actual loading/error states
ok 155 - presentation entry directory omits unimplemented slots and keeps actual loading/error states
  ---
  duration_ms: 0.350916
  type: 'test'
  ...
# Subtest: injected reader checks live scope identity revision and resets disclosure after scope change
ok 156 - injected reader checks live scope identity revision and resets disclosure after scope change
  ---
  duration_ms: 0.251916
  type: 'test'
  ...
# Subtest: entry reader receives the exact opener and scope changes do not transfer focus
ok 157 - entry reader receives the exact opener and scope changes do not transfer focus
  ---
  duration_ms: 0.472917
  type: 'test'
  ...
# Subtest: production only admits explicit handlers and preserves exact captured bytes
ok 158 - production only admits explicit handlers and preserves exact captured bytes
  ---
  duration_ms: 0.679042
  type: 'test'
  ...
# Subtest: synthetic feedback is mutually exclusive and reversible; failure preserves selection
ok 159 - synthetic feedback is mutually exclusive and reversible; failure preserves selection
  ---
  duration_ms: 27.689708
  type: 'test'
  ...
# Subtest: feedback lock suppresses duplicate/inverse requests and detached results cannot update a new target
ok 160 - feedback lock suppresses duplicate/inverse requests and detached results cannot update a new target
  ---
  duration_ms: 1.220375
  type: 'test'
  ...
# Subtest: streaming allows only exact current-text copy, while unavailable actions report reasons
ok 161 - streaming allows only exact current-text copy, while unavailable actions report reasons
  ---
  duration_ms: 1.295875
  type: 'test'
  ...
# Subtest: regeneration requires explicit confirmation and retains original scope
ok 162 - regeneration requires explicit confirmation and retains original scope
  ---
  duration_ms: 1.747833
  type: 'test'
  ...
# Subtest: synthetic playback can be paused, resumed and stopped without a speech service
ok 163 - synthetic playback can be paused, resumed and stopped without a speech service
  ---
  duration_ms: 4.286833
  type: 'test'
  ...
# Subtest: production rejects undeclared lifecycle handlers even when supplied
ok 164 - production rejects undeclared lifecycle handlers even when supplied
  ---
  duration_ms: 0.244625
  type: 'test'
  ...
# Subtest: same bytes and key from a replacement record cannot accept an async result
ok 165 - same bytes and key from a replacement record cannot accept an async result
  ---
  duration_ms: 1.823167
  type: 'test'
  ...
# Subtest: unavailable and native channels preserve draft and do not acquire a Run
ok 166 - unavailable and native channels preserve draft and do not acquire a Run
  ---
  duration_ms: 1.159417
  type: 'test'
  ...
# Subtest: draft and reading recovery are isolated by account, session and channel
ok 167 - draft and reading recovery are isolated by account, session and channel
  ---
  duration_ms: 0.452542
  type: 'test'
  ...
# Subtest: closing a detail cannot stop a run or change a work/permission fact
ok 168 - closing a detail cannot stop a run or change a work/permission fact
  ---
  duration_ms: 0.37175
  type: 'test'
  ...
# Subtest: revocation after search rejects exact read and drops cached contents
ok 169 - revocation after search rejects exact read and drops cached contents
  ---
  duration_ms: 0.426417
  type: 'test'
  ...
# Subtest: late account, session and source reads cannot overwrite the current detail
ok 170 - late account, session and source reads cannot overwrite the current detail
  ---
  duration_ms: 0.308792
  type: 'test'
  ...
# Subtest: old references remain exact; stale judgment refresh cannot accept or resolve
ok 171 - old references remain exact; stale judgment refresh cannot accept or resolve
  ---
  duration_ms: 0.450083
  type: 'test'
  ...
# Subtest: cancel and session changes cannot apply an old response to the current conversation
ok 172 - cancel and session changes cannot apply an old response to the current conversation
  ---
  duration_ms: 0.170166
  type: 'test'
  ...
# Subtest: model picker mock rejects unknown operations and stale picker scope
ok 173 - model picker mock rejects unknown operations and stale picker scope
  ---
  duration_ms: 0.351084
  type: 'test'
  ...
# Subtest: preview server has no API or mutation route and cannot traverse mounts
ok 174 - preview server has no API or mutation route and cannot traverse mounts
  ---
  duration_ms: 20.593833
  type: 'test'
  ...
# Subtest: Chat sits in the Home / Attention / Spark group as a plain button
ok 175 - Chat sits in the Home / Attention / Spark group as a plain button
  ---
  duration_ms: 1.78625
  type: 'test'
  ...
# Subtest: openChatPage opens the page over the existing session and creates nothing
ok 176 - openChatPage opens the page over the existing session and creates nothing
  ---
  duration_ms: 0.448417
  type: 'test'
  ...
# Subtest: recent chats across open projects, newest first, marking Work and the current one
ok 177 - recent chats across open projects, newest first, marking Work and the current one
  ---
  duration_ms: 9.559625
  type: 'test'
  ...
# Subtest: empty state and New chat stay primary while explanation and sibling entries are disclosed
ok 178 - empty state and New chat stay primary while explanation and sibling entries are disclosed
  ---
  duration_ms: 1.126
  type: 'test'
  ...
# Subtest: app wiring: the Chat seat opens the page, the page closes like Attention, and it is served
ok 179 - app wiring: the Chat seat opens the page, the page closes like Attention, and it is served
  ---
  duration_ms: 0.869417
  type: 'test'
  ...
# Subtest: stream append restores selection onto replacement nodes and preserves viewport anchor
ok 180 - stream append restores selection onto replacement nodes and preserves viewport anchor
  ---
  duration_ms: 0.58525
  type: 'test'
  ...
# Subtest: a different session or missing immutable row cannot inherit selection or anchor
ok 181 - a different session or missing immutable row cannot inherit selection or anchor
  ---
  duration_ms: 0.29125
  type: 'test'
  ...
# Subtest: changed selected source bytes are not silently selected as if unchanged
ok 182 - changed selected source bytes are not silently selected as if unchanged
  ---
  duration_ms: 0.087125
  type: 'test'
  ...
# Subtest: following latest does not restore an older viewport anchor
ok 183 - following latest does not restore an older viewport anchor
  ---
  duration_ms: 0.08175
  type: 'test'
  ...
# Subtest: band · 48 on the web, a native host only raises it
ok 184 - band · 48 on the web, a native host only raises it
  ---
  duration_ms: 0.632875
  type: 'test'
  ...
# Subtest: band · one title line; Chat is the default mode and is not restated
ok 185 - band · one title line; Chat is the default mode and is not restated
  ---
  duration_ms: 0.610125
  type: 'test'
  ...
# Subtest: sidebar · 16 glyph on a 32 row, 2 between nav rows, 16 between groups, 44 on touch
ok 186 - sidebar · 16 glyph on a 32 row, 2 between nav rows, 16 between groups, 44 on touch
  ---
  duration_ms: 0.344375
  type: 'test'
  ...
# Subtest: content column · prose and composer share one inset resolved against one width
ok 187 - content column · prose and composer share one inset resolved against one width
  ---
  duration_ms: 0.18125
  type: 'test'
  ...
# Subtest: summary · cards fold to the strip before the reading column drops under 640 + two tight insets
ok 188 - summary · cards fold to the strip before the reading column drops under 640 + two tight insets
  ---
  duration_ms: 0.096
  type: 'test'
  ...
# Subtest: composer · content-driven and bounded; growth never writes value
ok 189 - composer · content-driven and bounded; growth never writes value
  ---
  duration_ms: 0.255541
  type: 'test'
  ...
# Subtest: Home keeps its own 820 column and composer sizes
ok 190 - Home keeps its own 820 column and composer sizes
  ---
  duration_ms: 0.080458
  type: 'test'
  ...
# Subtest: recorded references deduplicate exact identity but retain different Run versions
ok 191 - recorded references deduplicate exact identity but retain different Run versions
  ---
  duration_ms: 0.471459
  type: 'test'
  ...
# Subtest: unbound discussion reads no made-up source endpoint; file opens exact captured version
ok 192 - unbound discussion reads no made-up source endpoint; file opens exact captured version
  ---
  duration_ms: 3.310958
  type: 'test'
  ...
# Subtest: scope change rejects late work projection, with no source bytes in the replacement view
ok 193 - scope change rejects late work projection, with no source bytes in the replacement view
  ---
  duration_ms: 0.504167
  type: 'test'
  ...
# Subtest: read failure remains explicit and refresh is available
ok 194 - read failure remains explicit and refresh is available
  ---
  duration_ms: 0.465542
  type: 'test'
  ...
# Subtest: fixed candidate evidence never substitutes the current source revision
ok 195 - fixed candidate evidence never substitutes the current source revision
  ---
  duration_ms: 0.155834
  type: 'test'
  ...
# Subtest: quoting a full recorded file keeps exact text lines and provenance; current files are rejected
ok 196 - quoting a full recorded file keeps exact text lines and provenance; current files are rejected
  ---
  duration_ms: 0.211292
  type: 'test'
  ...
# Subtest: missing or mismatched historical bytes stay explicit rather than falling back to latest
ok 197 - missing or mismatched historical bytes stay explicit rather than falling back to latest
  ---
  duration_ms: 1.204833
  type: 'test'
  ...
# Subtest: WK-92 · Chat 与 Work 由既有的 extensionBinding 分开，不由新状态分开
ok 198 - WK-92 · Chat 与 Work 由既有的 extensionBinding 分开，不由新状态分开
  ---
  duration_ms: 0.679875
  type: 'test'
  ...
# Subtest: WK-92 · Continue in Matter 只走既有的 extension 路由；不新增端点、不复制、不迁移
ok 199 - WK-92 · Continue in Matter 只走既有的 extension 路由；不新增端点、不复制、不迁移
  ---
  duration_ms: 0.899875
  type: 'test'
  ...
# Subtest: WK-92 / M-2 · scope 位在工作面标题带上，仍是陈述而不是控件
ok 200 - WK-92 / M-2 · scope 位在工作面标题带上，仍是陈述而不是控件
  ---
  duration_ms: 0.502583
  type: 'test'
  ...
# Subtest: WK-92 / §4 · Memory 组：不用 Session Memory，Sources ≠ Memory，Temporary chat 零控件
ok 201 - WK-92 / §4 · Memory 组：不用 Session Memory，Sources ≠ Memory，Temporary chat 零控件
  ---
  duration_ms: 0.23275
  type: 'test'
  ...
# Subtest: WK-92 · 导航只对 Work 加一个标记，Chat 是默认的那一种
ok 202 - WK-92 · 导航只对 Work 加一个标记，Chat 是默认的那一种
  ---
  duration_ms: 0.155833
  type: 'test'
  ...
# (node:21801) ExperimentalWarning: SQLite is an experimental feature and might change at any time
# (Use `node --trace-warnings ...` to show where the warning was created)
# Subtest: native compaction cancel settles with no persisted partial summary
ok 203 - native compaction cancel settles with no persisted partial summary
  ---
  duration_ms: 166.178375
  type: 'test'
  ...
# Subtest: native compaction deadline settles with no persisted partial summary
ok 204 - native compaction deadline settles with no persisted partial summary
  ---
  duration_ms: 416.322916
  type: 'test'
  ...
# Subtest: native overflow recovery persists a summary and a restarted host uses it
ok 205 - native overflow recovery persists a summary and a restarted host uses it
  ---
  duration_ms: 243.869458
  type: 'test'
  ...
# (node:22021) ExperimentalWarning: SQLite is an experimental feature and might change at any time
# (Use `node --trace-warnings ...` to show where the warning was created)
# Subtest: automatic threshold persists a summary and sends it in the next request
ok 206 - automatic threshold persists a summary and sends it in the next request
  ---
  duration_ms: 592.581917
  type: 'test'
  ...
# Subtest: provider-default omits SDK-generated reasoning controls on ordinary and compaction requests
ok 207 - provider-default omits SDK-generated reasoning controls on ordinary and compaction requests
  ---
  duration_ms: 268.283667
  type: 'test'
  ...
# Subtest: failed summary leaves the journal unchanged and marks run usage missing
ok 208 - failed summary leaves the journal unchanged and marks run usage missing
  ---
  duration_ms: 230.790459
  type: 'test'
  ...
# Subtest: native summary retry succeeds but usage stays missing and counts only reported values
ok 209 - native summary retry succeeds but usage stays missing and counts only reported values
  ---
  duration_ms: 2506.939667
  type: 'test'
  ...
# Subtest: maxCompactions disables later automatic summaries while the ordinary turn completes
ok 210 - maxCompactions disables later automatic summaries while the ordinary turn completes
  ---
  duration_ms: 261.337208
  type: 'test'
  ...
# Subtest: CI-B · support is read from CSS.supports, never assumed
ok 211 - CI-B · support is read from CSS.supports, never assumed
  ---
  duration_ms: 0.528041
  type: 'test'
  ...
# Subtest: CI-B · fit follows scrollHeight and respects the box model
ok 212 - CI-B · fit follows scrollHeight and respects the box model
  ---
  duration_ms: 0.174625
  type: 'test'
  ...
# Subtest: CI-B · with native support nothing is installed; without it, input refits and value is never written
ok 213 - CI-B · with native support nothing is installed; without it, input refits and value is never written
  ---
  duration_ms: 0.284959
  type: 'test'
  ...
# Subtest: CI-F · only an image-only paste gets a sentence; text is never swallowed
ok 214 - CI-F · only an image-only paste gets a sentence; text is never swallowed
  ---
  duration_ms: 0.161708
  type: 'test'
  ...
# Subtest: CI-B / CI-F · wiring: no paste is prevented, growth is @supports-gated, the module is served
ok 215 - CI-B / CI-F · wiring: no paste is prevented, growth is @supports-gated, the module is served
  ---
  duration_ms: 0.409333
  type: 'test'
  ...
# Subtest: CI-B · each variant keeps a plain ceiling, dvh hosts get the 28dvh override, Home anchors the resting box
ok 216 - CI-B · each variant keeps a plain ceiling, dvh hosts get the 28dvh override, Home anchors the resting box
  ---
  duration_ms: 0.193792
  type: 'test'
  ...
# (node:22071) ExperimentalWarning: SQLite is an experimental feature and might change at any time
# (Use `node --trace-warnings ...` to show where the warning was created)
# Subtest: adapter reads inclusive input once, preserves explicit zero, and never uses output/cache/estimated totals
ok 217 - adapter reads inclusive input once, preserves explicit zero, and never uses output/cache/estimated totals
  ---
  duration_ms: 0.533792
  type: 'test'
  ...
# Subtest: SSE adapter preserves bytes across chunk boundaries and clears usage for each retry
ok 218 - SSE adapter preserves bytes across chunk boundaries and clears usage for each retry
  ---
  duration_ms: 4.949625
  type: 'test'
  ...
# Subtest: bounded observer recovers after oversized frames and forwards stream errors
ok 219 - bounded observer recovers after oversized frames and forwards stream errors
  ---
  duration_ms: 43.457708
  type: 'test'
  ...
# Subtest: request binding exposes measured capacity only when completed, with no normalized-zero fallback
ok 220 - request binding exposes measured capacity only when completed, with no normalized-zero fallback
  ---
  duration_ms: 1.703125
  type: 'test'
  ...
# Subtest: ring projects completed request scope, zero, overflow and unknown without using heuristics
ok 221 - ring projects completed request scope, zero, overflow and unknown without using heuristics
  ---
  duration_ms: 0.766625
  type: 'test'
  ...
# Subtest: real local SDK transport persists request-input capacity with the recorded model window
ok 222 - real local SDK transport persists request-input capacity with the recorded model window
  ---
  duration_ms: 145.101167
  type: 'test'
  ...
# Subtest: cache diagnostics separate hit/miss from capacity and preserve missing versus zero
ok 223 - cache diagnostics separate hit/miss from capacity and preserve missing versus zero
  ---
  duration_ms: 5.928125
  type: 'test'
  ...
# Subtest: roles exist in both schemes and stay separate from review / danger / diff
ok 224 - roles exist in both schemes and stay separate from review / danger / diff
  ---
  duration_ms: 0.929458
  type: 'test'
  ...
# Subtest: the switch is the specimen: on = accent, disabled = unavailable pair, off = neutral
ok 225 - the switch is the specimen: on = accent, disabled = unavailable pair, off = neutral
  ---
  duration_ms: 0.368416
  type: 'test'
  ...
# Subtest: the Pages paper link is an action, not the Review marker
ok 226 - the Pages paper link is an action, not the Review marker
  ---
  duration_ms: 0.167833
  type: 'test'
  ...
# (node:22121) ExperimentalWarning: SQLite is an experimental feature and might change at any time
# (Use `node --trace-warnings ...` to show where the warning was created)
# Subtest: control: scope provenance, reset, CAS, and cross-session isolation survive restart
ok 227 - control: scope provenance, reset, CAS, and cross-session isolation survive restart
  ---
  duration_ms: 208.917208
  type: 'test'
  ...
# Subtest: control: active Run freezes config; retry preserves its original runtime binding
ok 228 - control: active Run freezes config; retry preserves its original runtime binding
  ---
  duration_ms: 170.387125
  type: 'test'
  ...
# Subtest: policy: last match within scope, outer ceilings and literal regex characters
ok 229 - policy: last match within scope, outer ceilings and literal regex characters
  ---
  duration_ms: 0.352542
  type: 'test'
  ...
# Subtest: control APIs: source content remains pinned after replacement; templates are human-invoked drafts
ok 230 - control APIs: source content remains pinned after replacement; templates are human-invoked drafts
  ---
  duration_ms: 233.248333
  type: 'test'
  ...
# Subtest: policy: path denial reaches the executor; exposed write does not imply allowed write
ok 231 - policy: path denial reaches the executor; exposed write does not imply allowed write
  ---
  duration_ms: 483.586667
  type: 'test'
  ...
# Subtest: policy: domain tools use the same execution gate, including exact arguments across approval
ok 232 - policy: domain tools use the same execution gate, including exact arguments across approval
  ---
  duration_ms: 0.293333
  type: 'test'
  ...
# Subtest: context: skill metadata is progressive, installed content grants no plugin/tool authority
ok 233 - context: skill metadata is progressive, installed content grants no plugin/tool authority
  ---
  duration_ms: 281.8045
  type: 'test'
  ...
# Subtest: composition: versioned profile restricts resources, never raises host permission, and missing requirements block admission
ok 234 - composition: versioned profile restricts resources, never raises host permission, and missing requirements block admission
  ---
  duration_ms: 231.290709
  type: 'test'
  ...
# Subtest: control config: corrupt or future version fails closed without overwriting the file
ok 235 - control config: corrupt or future version fails closed without overwriting the file
  ---
  duration_ms: 117.290542
  type: 'test'
  ...
# Subtest: compatibility: valid schema 3 upgrades with exact backup and schema 6 fence
ok 236 - compatibility: valid schema 3 upgrades with exact backup and schema 6 fence
  ---
  duration_ms: 119.624459
  type: 'test'
  ...
# Subtest: MCP modern: discovery is separate from exposure and execution consent
ok 237 - MCP modern: discovery is separate from exposure and execution consent
  ---
  duration_ms: 524.826375
  type: 'test'
  ...
# Subtest: MCP legacy: discovery is separate from exposure and execution consent
ok 238 - MCP legacy: discovery is separate from exposure and execution consent
  ---
  duration_ms: 732.095584
  type: 'test'
  ...
# Subtest: MCP: first unknown outcome closes subsequent tool admission in the same Run
ok 239 - MCP: first unknown outcome closes subsequent tool admission in the same Run
  ---
  duration_ms: 498.101709
  type: 'test'
  ...
# Subtest: MCP: a lost remote call result becomes an unknown Run, never an automatic replay
ok 240 - MCP: a lost remote call result becomes an unknown Run, never an automatic replay
  ---
  duration_ms: 705.469209
  type: 'test'
  ...
# Subtest: admission serializes permission changes and extension binding before runtime snapshots can diverge
ok 241 - admission serializes permission changes and extension binding before runtime snapshots can diverge
  ---
  duration_ms: 710.214875
  type: 'test'
  ...
# Subtest: context: additive compiled counts separate catalog text, deferred bodies and draft-only templates
ok 242 - context: additive compiled counts separate catalog text, deferred bodies and draft-only templates
  ---
  duration_ms: 90.156041
  type: 'test'
  ...
# Subtest: MA2-02 · the Thread directory projects only the published contract
ok 243 - MA2-02 · the Thread directory projects only the published contract
  ---
  duration_ms: 1.348125
  type: 'test'
  ...
# Subtest: MA2-02 · a mailbox page must stay inside the bounds the server reported
ok 244 - MA2-02 · a mailbox page must stay inside the bounds the server reported
  ---
  duration_ms: 0.472625
  type: 'test'
  ...
# Subtest: MA2-02 · an undelivered message keeps an explicit null, not an empty time
ok 245 - MA2-02 · an undelivered message keeps an explicit null, not an empty time
  ---
  duration_ms: 0.112542
  type: 'test'
  ...
# Subtest: MA2-02 · receipts are validated with the same gate as the directory rows
ok 246 - MA2-02 · receipts are validated with the same gate as the directory rows
  ---
  duration_ms: 0.160541
  type: 'test'
  ...
# Subtest: MA2-02 · Session options carry the scope the server itself derives
ok 247 - MA2-02 · Session options carry the scope the server itself derives
  ---
  duration_ms: 0.17825
  type: 'test'
  ...
# Subtest: MA2-02 · option lists offer only bindings the server would accept
ok 248 - MA2-02 · option lists offer only bindings the server would accept
  ---
  duration_ms: 0.183625
  type: 'test'
  ...
# Subtest: MA2-02 · both new modules are admitted by the static allowlist
ok 249 - MA2-02 · both new modules are admitted by the static allowlist
  ---
  duration_ms: 0.138791
  type: 'test'
  ...
# Subtest: MA2-02 · the consumer surface adds no second run-start path
ok 250 - MA2-02 · the consumer surface adds no second run-start path
  ---
  duration_ms: 0.290375
  type: 'test'
  ...
# (node:22711) ExperimentalWarning: SQLite is an experimental feature and might change at any time
# (Use `node --trace-warnings ...` to show where the warning was created)
# Subtest: Thread identity and membership are durable, explicit and not Session identity
ok 251 - Thread identity and membership are durable, explicit and not Session identity
  ---
  duration_ms: 109.747417
  type: 'test'
  ...
# Subtest: outbox replay is idempotent; conflicting payload and invented source are refused
ok 252 - outbox replay is idempotent; conflicting payload and invented source are refused
  ---
  duration_ms: 51.704958
  type: 'test'
  ...
# Subtest: late delivery retains origin and distinguishes stale target from missing target
ok 253 - late delivery retains origin and distinguishes stale target from missing target
  ---
  duration_ms: 50.5425
  type: 'test'
  ...
# Subtest: reply lineage requires a delivered reverse envelope, not an unrelated latest message
ok 254 - reply lineage requires a delivered reverse envelope, not an unrelated latest message
  ---
  duration_ms: 53.177542
  type: 'test'
  ...
# Subtest: global Attention directory spans scopes; it never yields another mailbox body or membership
ok 255 - global Attention directory spans scopes; it never yields another mailbox body or membership
  ---
  duration_ms: 50.87625
  type: 'test'
  ...
# Subtest: runtime cross-scope sending is Attention-only; a project Run is refused at that guard alone
ok 256 - runtime cross-scope sending is Attention-only; a project Run is refused at that guard alone
  ---
  duration_ms: 52.236542
  type: 'test'
  ...
# Subtest: a domain-bound Session cannot message from a Run even with a host-shaped origin
ok 257 - a domain-bound Session cannot message from a Run even with a host-shaped origin
  ---
  duration_ms: 48.60875
  type: 'test'
  ...
# Subtest: delete and scope change do not recreate a recipient or reroute queued messages
ok 258 - delete and scope change do not recreate a recipient or reroute queued messages
  ---
  duration_ms: 50.457833
  type: 'test'
  ...
# Subtest: RuntimeStore6 migration preserves global scope and exact backup; corrupt ledger fails closed
ok 259 - RuntimeStore6 migration preserves global scope and exact backup; corrupt ledger fails closed
  ---
  duration_ms: 146.6685
  type: 'test'
  ...
# Subtest: child grant monotonically narrows; the reducer passes caller-supplied conflict strings through and refuses contradictory results for one execution ID
ok 260 - child grant monotonically narrows; the reducer passes caller-supplied conflict strings through and refuses contradictory results for one execution ID
  ---
  duration_ms: 1.515042
  type: 'test'
  ...
# Subtest: child tool boundary denies widening and completion remains undelivered/unaccepted
ok 261 - child tool boundary denies widening and completion remains undelivered/unaccepted
  ---
  duration_ms: 0.633417
  type: 'test'
  ...
# Subtest: cancel, timeout, late completion and mutated caller input cannot change child settlement or origin
ok 262 - cancel, timeout, late completion and mutated caller input cannot change child settlement or origin
  ---
  duration_ms: 5.999209
  type: 'test'
  ...
# Subtest: authenticated HTTP Thread/message entry reaches a real inbox without starting a model
ok 263 - authenticated HTTP Thread/message entry reaches a real inbox without starting a model
  ---
  duration_ms: 121.388167
  type: 'test'
  ...
# Subtest: a crash inside the enqueue write leaves no half message; the same key then sends exactly once
ok 264 - a crash inside the enqueue write leaves no half message; the same key then sends exactly once
  ---
  duration_ms: 226.12475
  type: 'test'
  ...
# Subtest: a crash inside the delivery write keeps the message queued; recovery then delivers it exactly once
ok 265 - a crash inside the delivery write keeps the message queued; recovery then delivers it exactly once
  ---
  duration_ms: 175.240916
  type: 'test'
  ...
# Subtest: clean restart after the outbox write completed recovers exactly one local delivery without a Run
ok 266 - clean restart after the outbox write completed recovers exactly one local delivery without a Run
  ---
  duration_ms: 847.359875
  type: 'test'
  ...
# Subtest: model messages require a real permission decision and cannot auto-run the recipient
ok 267 - model messages require a real permission decision and cannot auto-run the recipient
  ---
  duration_ms: 439.60575
  type: 'test'
  ...
# Subtest: global Attention crosses scope through the model tool, still spending exactly one exact-argument decision
ok 268 - global Attention crosses scope through the model tool, still spending exactly one exact-argument decision
  ---
  duration_ms: 909.148291
  type: 'test'
  ...
# Subtest: domain-bound Sessions receive no coordination tool at either composition site
ok 269 - domain-bound Sessions receive no coordination tool at either composition site
  ---
  duration_ms: 593.647125
  type: 'test'
  ...
# Subtest: read-only tool metadata agrees with dispatch denial; project model directory excludes other scopes
ok 270 - read-only tool metadata agrees with dispatch denial; project model directory excludes other scopes
  ---
  duration_ms: 404.088583
  type: 'test'
  ...
# Subtest: schema7 effort survives upgrade; fixed old host refuses schema9 and restores only the separate original backup
ok 271 - schema7 effort survives upgrade; fixed old host refuses schema9 and restores only the separate original backup
  ---
  duration_ms: 318.550416
  type: 'test'
  ...
# Subtest: mailbox pagination preserves ordered identities and refuses duplicate or oversized queries
ok 272 - mailbox pagination preserves ordered identities and refuses duplicate or oversized queries
  ---
  duration_ms: 73.969833
  type: 'test'
  ...
# (node:23360) ExperimentalWarning: SQLite is an experimental feature and might change at any time
# (Use `node --trace-warnings ...` to show where the warning was created)
# Subtest: T-CRED-1: missing credential fails the run without touching HOME/.pi
ok 273 - T-CRED-1: missing credential fails the run without touching HOME/.pi
  ---
  duration_ms: 140.747459
  type: 'test'
  ...
# Subtest: T-CRED-2: a credential written via the API flows through and never leaks
ok 274 - T-CRED-2: a credential written via the API flows through and never leaks
  ---
  duration_ms: 450.517291
  type: 'test'
  ...
# Subtest: T-CRED-3: inherited DEEPSEEK_API_KEY is stripped at startup and logged
ok 275 - T-CRED-3: inherited DEEPSEEK_API_KEY is stripped at startup and logged
  ---
  duration_ms: 77.764625
  type: 'test'
  ...
# Subtest: T-CRED-4: PUT/DELETE credential during an active run is 409 and the run finishes on its own key
ok 276 - T-CRED-4: PUT/DELETE credential during an active run is 409 and the run finishes on its own key
  ---
  duration_ms: 920.609375
  type: 'test'
  ...
# Subtest: T-CRED-5: a sentinel HOME auth.json and env var are never used as credentials
ok 277 - T-CRED-5: a sentinel HOME auth.json and env var are never used as credentials
  ---
  duration_ms: 998.364209
  type: 'test'
  ...
# Subtest: diffWords marks only the changed tokens and never leading indentation
ok 278 - diffWords marks only the changed tokens and never leading indentation
  ---
  duration_ms: 1.113958
  type: 'test'
  ...
# Subtest: diffModel: word segments only for exactly one removed + one added line
ok 279 - diffModel: word segments only for exactly one removed + one added line
  ---
  duration_ms: 0.493958
  type: 'test'
  ...
# Subtest: renderDiff keeps ± and line numbers as text and puts blocks only on new words
ok 280 - renderDiff keeps ± and line numbers as text and puts blocks only on new words
  ---
  duration_ms: 1.442166
  type: 'test'
  ...
# Subtest: renderDiff treats markup as text, renders the no-newline marker, and handles empty input
ok 281 - renderDiff treats markup as text, renders the no-newline marker, and handles empty input
  ---
  duration_ms: 0.4275
  type: 'test'
  ...
# Subtest: Settings preview and the static allowlist use the shared renderer and fixture
ok 282 - Settings preview and the static allowlist use the shared renderer and fixture
  ---
  duration_ms: 1.805458
  type: 'test'
  ...
# Subtest: staging has no backend effect, preserves focus nodes on unchanged render, and exposes a visible count
ok 283 - staging has no backend effect, preserves focus nodes on unchanged render, and exposes a visible count
  ---
  duration_ms: 2.105125
  type: 'test'
  ...
# Subtest: an unknown upload is immutable until exact replay reconciles its retained revision
ok 284 - an unknown upload is immutable until exact replay reconciles its retained revision
  ---
  duration_ms: 0.631708
  type: 'test'
  ...
# Subtest: a confirmed upload refusal permits removing the unsaved draft attachment
ok 285 - a confirmed upload refusal permits removing the unsaved draft attachment
  ---
  duration_ms: 0.29625
  type: 'test'
  ...
# (node:23523) ExperimentalWarning: SQLite is an experimental feature and might change at any time
# (Use `node --trace-warnings ...` to show where the warning was created)
# Subtest: DRT02 DeepSeek: actual SDK stream, Deny/Approve, reasoning replay and reopened history
ok 286 - DRT02 DeepSeek: actual SDK stream, Deny/Approve, reasoning replay and reopened history
  ---
  duration_ms: 2454.383041
  type: 'test'
  ...
# Subtest: DRT02 DeepSeek error: explicit terminal state and no fallback
ok 287 - DRT02 DeepSeek error: explicit terminal state and no fallback
  ---
  duration_ms: 164.39725
  type: 'test'
  ...
# Subtest: DRT02 DeepSeek cancel: explicit terminal state and no fallback
ok 288 - DRT02 DeepSeek cancel: explicit terminal state and no fallback
  ---
  duration_ms: 93.349375
  type: 'test'
  ...
# Subtest: DRT02 DeepSeek missing-metadata: explicit terminal state and no fallback
ok 289 - DRT02 DeepSeek missing-metadata: explicit terminal state and no fallback
  ---
  duration_ms: 410.062458
  type: 'test'
  ...
# Subtest: DRT02 DeepSeek: provider alias reaches public request telemetry through the actual SDK
ok 290 - DRT02 DeepSeek: provider alias reaches public request telemetry through the actual SDK
  ---
  duration_ms: 498.915042
  type: 'test'
  ...
# (node:23769) ExperimentalWarning: SQLite is an experimental feature and might change at any time
# (Use `node --trace-warnings ...` to show where the warning was created)
# Subtest: T-DUR-1: a crash before the tool runs leaves no file, no artifact and no replay
ok 291 - T-DUR-1: a crash before the tool runs leaves no file, no artifact and no replay
  ---
  duration_ms: 1073.064666
  type: 'test'
  ...
# Subtest: T-DUR-2: a crash between the write and the record surfaces the file as unrecorded
ok 292 - T-DUR-2: a crash between the write and the record surfaces the file as unrecorded
  ---
  duration_ms: 1220.018584
  type: 'test'
  ...
# Subtest: T-DUR-3: a crash after the record is persisted keeps artifact and file in agreement
ok 293 - T-DUR-3: a crash after the record is persisted keeps artifact and file in agreement
  ---
  duration_ms: 1369.20625
  type: 'test'
  ...
# Subtest: T-DUR-4: a crash during a store write keeps the last complete state and discards the tmp
ok 294 - T-DUR-4: a crash during a store write keeps the last complete state and discards the tmp
  ---
  duration_ms: 1103.411458
  type: 'test'
  ...
# Subtest: a corrupt leftover tmp never affects the state that is loaded
ok 295 - a corrupt leftover tmp never affects the state that is loaded
  ---
  duration_ms: 101.003791
  type: 'test'
  ...
# Subtest: T-IDEM-5: replaying a commandId after a restart returns the original unknown run
ok 296 - T-IDEM-5: replaying a commandId after a restart returns the original unknown run
  ---
  duration_ms: 1554.077709
  type: 'test'
  ...
# Subtest: completed Run disclosure groups successful tools and exact allowed history in timeline order
ok 297 - completed Run disclosure groups successful tools and exact allowed history in timeline order
  ---
  duration_ms: 0.75325
  type: 'test'
  ...
# Subtest: incomplete, failed, pending, denied, malformed, and cross-call rows stay outside the summary
ok 298 - incomplete, failed, pending, denied, malformed, and cross-call rows stay outside the summary
  ---
  duration_ms: 0.608875
  type: 'test'
  ...
# Subtest: a completed Run with only errors or unfinished calls gets no empty summary
ok 299 - a completed Run with only errors or unfinished calls gets no empty summary
  ---
  duration_ms: 0.059167
  type: 'test'
  ...
# Subtest: member IDs and disclosure state keys remain stable and surface-scoped
ok 300 - member IDs and disclosure state keys remain stable and surface-scoped
  ---
  duration_ms: 0.098667
  type: 'test'
  ...
# Subtest: file candidate identity, exact replay, immutable pages, closed admission and atomic acceptance
ok 301 - file candidate identity, exact replay, immutable pages, closed admission and atomic acceptance
  ---
  duration_ms: 105.963792
  type: 'test'
  ...
# Subtest: coverage is monotone; frozen candidate precedes later unknown input; semantic failures stay diagnostic
ok 302 - coverage is monotone; frozen candidate precedes later unknown input; semantic failures stay diagnostic
  ---
  duration_ms: 92.245792
  type: 'test'
  ...
# Subtest: failed deterministic checks cannot accept, and source membership changes invalidate file basis
ok 303 - failed deterministic checks cannot accept, and source membership changes invalidate file basis
  ---
  duration_ms: 92.104333
  type: 'test'
  ...
# Subtest: illegal provenance, encoding, count, path and byte limits reject without candidate side effects
ok 304 - illegal provenance, encoding, count, path and byte limits reject without candidate side effects
  ---
  duration_ms: 93.692083
  type: 'test'
  ...
# Subtest: SIGKILL file save and accept commit boundaries leave zero or one complete durable effect
ok 305 - SIGKILL file save and accept commit boundaries leave zero or one complete durable effect
  ---
  duration_ms: 1256.801292
  type: 'test'
  ...
# Subtest: metadata byte boundary, escaped wire envelope, file/path/count boundaries and empty files are exact
ok 306 - metadata byte boundary, escaped wire envelope, file/path/count boundaries and empty files are exact
  ---
  duration_ms: 142.237583
  type: 'test'
  ...
# Subtest: file diff binds only frozen base, uses linear replacement, preserves newlines and refuses oversized output
ok 307 - file diff binds only frozen base, uses linear replacement, preserves newlines and refuses oversized output
  ---
  duration_ms: 106.696792
  type: 'test'
  ...
# Subtest: corrupt bytes, manifest, column bindings and a verification record copied from another identity refuse reads and acceptance
ok 308 - corrupt bytes, manifest, column bindings and a verification record copied from another identity refuse reads and acceptance
  ---
  duration_ms: 1071.886334
  type: 'test'
  ...
# Subtest: a changed trusted policy cannot accept an old PASS; empty evidence is diagnostic failed
ok 309 - a changed trusted policy cannot accept an old PASS; empty evidence is diagnostic failed
  ---
  duration_ms: 270.639958
  type: 'test'
  ...
# Subtest: unknown file schema exposes scoped bounded metadata but cannot decode or accept
ok 310 - unknown file schema exposes scoped bounded metadata but cannot decode or accept
  ---
  duration_ms: 238.312041
  type: 'test'
  ...
# Subtest: verification outcome corruption is refused and acceptance rechecks required evidence
ok 311 - verification outcome corruption is refused and acceptance rechecks required evidence
  ---
  duration_ms: 207.4195
  type: 'test'
  ...
# Subtest: file runs require a concrete Session identity at the private bridge boundary
ok 312 - file runs require a concrete Session identity at the private bridge boundary
  ---
  duration_ms: 108.314667
  type: 'test'
  ...
# (node:24799) ExperimentalWarning: SQLite is an experimental feature and might change at any time
# (Use `node --trace-warnings ...` to show where the warning was created)
# Subtest: real service/Pi recorded write, permission CAS, save, human accept, deletion and producer-absent exact reads
ok 313 - real service/Pi recorded write, permission CAS, save, human accept, deletion and producer-absent exact reads
  ---
  duration_ms: 1633.958292
  type: 'test'
  ...
# Subtest: extra workspace reads and continued history yield unknown; an unrecorded selector never imports
ok 314 - extra workspace reads and continued history yield unknown; an unrecorded selector never imports
  ---
  duration_ms: 1446.563875
  type: 'test'
  ...
# Subtest: actual list/grep/ask/load inputs, continued history and compaction-enabled admission remain unknown
ok 315 - actual list/grep/ask/load inputs, continued history and compaction-enabled admission remain unknown
  ---
  duration_ms: 3996.773959
  type: 'test'
  ...
# Subtest: steering, failed coverage persistence, and Stop racing immutable capture cannot publish a complete candidate
ok 316 - steering, failed coverage persistence, and Stop racing immutable capture cannot publish a complete candidate
  ---
  duration_ms: 2087.592625
  type: 'test'
  ...
# Subtest: missing or corrupt history rejects recorded import even though current workspace bytes still exist
ok 317 - missing or corrupt history rejects recorded import even though current workspace bytes still exist
  ---
  duration_ms: 917.536542
  type: 'test'
  ...
# Subtest: a real loopback MCP tool executes only after its extra-input marker is durable
ok 318 - a real loopback MCP tool executes only after its extra-input marker is durable
  ---
  duration_ms: 934.309791
  type: 'test'
  ...
# Subtest: SIGKILL after history or rename leaves an orphan version that no later Run may import
ok 319 - SIGKILL after history or rename leaves an orphan version that no later Run may import
  ---
  duration_ms: 3662.221875
  type: 'test'
  ...
# (node:25081) ExperimentalWarning: SQLite is an experimental feature and might change at any time
# (Use `node --trace-warnings ...` to show where the warning was created)
# Subtest: Inbound NDA reaches loopback with declared reasoning while Work metadata stays fixed
ok 320 - Inbound NDA reaches loopback with declared reasoning while Work metadata stays fixed
  ---
  duration_ms: 624.7515
  type: 'test'
  ...
# (node:25763) ExperimentalWarning: SQLite is an experimental feature and might change at any time
# (Use `node --trace-warnings ...` to show where the warning was created)
# Subtest: extension restart: loaded binding continues; invalidation and unload keep their generations
ok 321 - extension restart: loaded binding continues; invalidation and unload keep their generations
  ---
  duration_ms: 1343.150458
  type: 'test'
  ...
# Subtest: extension restart: changed version requires reload; empty composition preserves dormant records
ok 322 - extension restart: changed version requires reload; empty composition preserves dormant records
  ---
  duration_ms: 232.4965
  type: 'test'
  ...
# (node:25780) ExperimentalWarning: SQLite is an experimental feature and might change at any time
# (Use `node --trace-warnings ...` to show where the warning was created)
# Subtest: T-EXT-1: se_read_source succeeds through service.createRun on AgentSession
ok 323 - T-EXT-1: se_read_source succeeds through service.createRun on AgentSession
  ---
  duration_ms: 614.820917
  type: 'test'
  ...
# Subtest: T-EXT-2: se_submit_candidate goes through once and Core rejects the late call
ok 324 - T-EXT-2: se_submit_candidate goes through once and Core rejects the late call
  ---
  duration_ms: 332.257375
  type: 'test'
  ...
# Subtest: governance: policy is separate from Matter, exact replay cannot resurrect revoked disclosure
ok 325 - governance: policy is separate from Matter, exact replay cannot resurrect revoked disclosure
  ---
  duration_ms: 98.787833
  type: 'test'
  ...
# Subtest: governance: scope and registry-only grant hide bodies, hashes, counts and unknown schemas
ok 326 - governance: scope and registry-only grant hide bodies, hashes, counts and unknown schemas
  ---
  duration_ms: 198.986667
  type: 'test'
  ...
# Subtest: governance: pagination binds visible collection; source updates require rediscovery while policy remains valid
ok 327 - governance: pagination binds visible collection; source updates require rediscovery while policy remains valid
  ---
  duration_ms: 101.610208
  type: 'test'
  ...
# Subtest: governance: registry and Attention source links do not grant target Matter access
ok 328 - governance: registry and Attention source links do not grant target Matter access
  ---
  duration_ms: 89.778542
  type: 'test'
  ...
# Subtest: governance: accepted Artifact is exact, bounded and distinct from pending candidates
ok 329 - governance: accepted Artifact is exact, bounded and distinct from pending candidates
  ---
  duration_ms: 92.378417
  type: 'test'
  ...
# Subtest: governance: unsupported schema, malformed envelopes and hidden queries fail closed
ok 330 - governance: unsupported schema, malformed envelopes and hidden queries fail closed
  ---
  duration_ms: 86.476084
  type: 'test'
  ...
# Subtest: governance: corrupt bytes and missing policy provenance are refused without repair
ok 331 - governance: corrupt bytes and missing policy provenance are refused without repair
  ---
  duration_ms: 391.988125
  type: 'test'
  ...
# Subtest: governance: file Artifact delegates to exact immutable manifest/content reader
ok 332 - governance: file Artifact delegates to exact immutable manifest/content reader
  ---
  duration_ms: 91.566792
  type: 'test'
  ...
# Subtest: governance: unknown Matter contract is discoverable metadata but cannot be decoded
ok 333 - governance: unknown Matter contract is discoverable metadata but cannot be decoded
  ---
  duration_ms: 93.060583
  type: 'test'
  ...
# Subtest: governance: non-object or corrupted policy provenance has uniform runtime absence and structured human refusal
ok 334 - governance: non-object or corrupted policy provenance has uniform runtime absence and structured human refusal
  ---
  duration_ms: 356.691667
  type: 'test'
  ...
# Subtest: governance: oversized content cannot prevent human policy-only revocation
ok 335 - governance: oversized content cannot prevent human policy-only revocation
  ---
  duration_ms: 82.795875
  type: 'test'
  ...
# (node:26448) ExperimentalWarning: SQLite is an experimental feature and might change at any time
# (Use `node --trace-warnings ...` to show where the warning was created)
# Subtest: governance authenticated HTTP rejects identity injection and cross-project refs, grants are human-only
ok 336 - governance authenticated HTTP rejects identity injection and cross-project refs, grants are human-only
  ---
  duration_ms: 239.754916
  type: 'test'
  ...
# Subtest: global Pi tools discover, inspect and read exact governed evidence; project catalogs cannot install them
ok 337 - global Pi tools discover, inspect and read exact governed evidence; project catalogs cannot install them
  ---
  duration_ms: 1946.557458
  type: 'test'
  ...
# Subtest: runtime adapter rejects mismatched/closed host Runs and a change while Core read is pending
ok 338 - runtime adapter rejects mismatched/closed host Runs and a change while Core read is pending
  ---
  duration_ms: 500.212584
  type: 'test'
  ...
# Subtest: governance policy SIGKILL before_commit preserves zero/one complete effect
ok 339 - governance policy SIGKILL before_commit preserves zero/one complete effect
  ---
  duration_ms: 292.506959
  type: 'test'
  ...
# Subtest: governance policy SIGKILL after_commit_before_ack preserves zero/one complete effect
ok 340 - governance policy SIGKILL after_commit_before_ack preserves zero/one complete effect
  ---
  duration_ms: 290.436292
  type: 'test'
  ...
# Subtest: Core3/app4 migrates atomically with an exclusive original backup; fixed old host refuses new DB and reads separate backup
ok 341 - Core3/app4 migrates atomically with an exclusive original backup; fixed old host refuses new DB and reads separate backup
  ---
  duration_ms: 525.72925
  type: 'test'
  ...
# Subtest: migration refuses existing or symlink backup, malformed owned schema, and partial new tables without modifying old bytes
ok 342 - migration refuses existing or symlink backup, malformed owned schema, and partial new tables without modifying old bytes
  ---
  duration_ms: 769.700375
  type: 'test'
  ...
# Subtest: governance migration SIGKILL governance_migration_before_commit keeps schema markers and tables together
ok 343 - governance migration SIGKILL governance_migration_before_commit keeps schema markers and tables together
  ---
  duration_ms: 343.730667
  type: 'test'
  ...
# Subtest: governance migration SIGKILL governance_migration_after_commit keeps schema markers and tables together
ok 344 - governance migration SIGKILL governance_migration_after_commit keeps schema markers and tables together
  ---
  duration_ms: 352.814917
  type: 'test'
  ...
# Subtest: disclosure expiry is checked at query time with a deterministic future clock
ok 345 - disclosure expiry is checked at query time with a deterministic future clock
  ---
  duration_ms: 189.215542
  type: 'test'
  ...
# Subtest: worker preserves regex matches, line numbers and Unicode
ok 346 - worker preserves regex matches, line numbers and Unicode
  ---
  duration_ms: 25.894
  type: 'test'
  ...
# Subtest: pathological regex times out while the service event loop stays responsive
ok 347 - pathological regex times out while the service event loop stays responsive
  ---
  duration_ms: 2005.19175
  type: 'test'
  ...
# Subtest: abort terminates pathological matching before its worker timeout
ok 348 - abort terminates pathological matching before its worker timeout
  ---
  duration_ms: 155.103375
  type: 'test'
  ...
# Subtest: already aborted search cannot start matching
ok 349 - already aborted search cannot start matching
  ---
  duration_ms: 1.796
  type: 'test'
  ...
# Subtest: Home Activity rejects malformed dates, totals, and requested periods
ok 350 - Home Activity rejects malformed dates, totals, and requested periods
  ---
  duration_ms: 1.996542
  type: 'test'
  ...
# Subtest: Home Attention rejects invalid identity, revision, and pagination packets
ok 351 - Home Attention rejects invalid identity, revision, and pagination packets
  ---
  duration_ms: 0.618083
  type: 'test'
  ...
# Subtest: Home Attention detail accepts only the display contract
ok 352 - Home Attention detail accepts only the display contract
  ---
  duration_ms: 0.295209
  type: 'test'
  ...
# Subtest: standalone Attention ignores an older project query after a newer open
ok 353 - standalone Attention ignores an older project query after a newer open
  ---
  duration_ms: 15.921584
  type: 'test'
  ...
# Subtest: standalone Attention ignores a stale detail after project selection changes
ok 354 - standalone Attention ignores a stale detail after project selection changes
  ---
  duration_ms: 2.304333
  type: 'test'
  ...
# Subtest: Attention registry opens the global agent explicitly without a model request
ok 355 - Attention registry opens the global agent explicitly without a model request
  ---
  duration_ms: 0.576042
  type: 'test'
  ...
# Subtest: Back to items clears a pending detail and rejects its late response
ok 356 - Back to items clears a pending detail and rejects its late response
  ---
  duration_ms: 1.38
  type: 'test'
  ...
# Subtest: Review belongs only to needs_you across Home and Attention states
ok 357 - Review belongs only to needs_you across Home and Attention states
  ---
  duration_ms: 1.238875
  type: 'test'
  ...
# Subtest: text-only pending and failed Home rows render and retain their exact navigation scope
ok 358 - text-only pending and failed Home rows render and retain their exact navigation scope
  ---
  duration_ms: 0.740708
  type: 'test'
  ...
# Subtest: Home retains native targets for unchanged projections and uses current callbacks
ok 359 - Home retains native targets for unchanged projections and uses current callbacks
  ---
  duration_ms: 0.51675
  type: 'test'
  ...
# Subtest: Home immediately renders changed facts, removed targets, filters, and errors
ok 360 - Home immediately renders changed facts, removed targets, filters, and errors
  ---
  duration_ms: 0.699875
  type: 'test'
  ...
# Subtest: Home remounts after the shared stream was used by a chat
ok 361 - Home remounts after the shared stream was used by a chat
  ---
  duration_ms: 0.453625
  type: 'test'
  ...
# Subtest: P01 installed SDK modern aggregates pages
ok 362 - P01 installed SDK modern aggregates pages
  ---
  duration_ms: 52.826458
  type: 'test'
  ...
# Subtest: P01 installed SDK modern aggregates empty
ok 363 - P01 installed SDK modern aggregates empty
  ---
  duration_ms: 14.020083
  type: 'test'
  ...
# Subtest: P01 modern rejects incomplete failure atomically
ok 364 - P01 modern rejects incomplete failure atomically
  ---
  duration_ms: 6.466417
  type: 'test'
  ...
# Subtest: P01 modern rejects incomplete cycle atomically
ok 365 - P01 modern rejects incomplete cycle atomically
  ---
  duration_ms: 9.420292
  type: 'test'
  ...
# Subtest: P01 modern rejects incomplete empty-cycle atomically
ok 366 - P01 modern rejects incomplete empty-cycle atomically
  ---
  duration_ms: 4.640625
  type: 'test'
  ...
# Subtest: P01 modern rejects incomplete duplicate atomically
ok 367 - P01 modern rejects incomplete duplicate atomically
  ---
  duration_ms: 2.535375
  type: 'test'
  ...
# Subtest: P01 modern rejects incomplete cross-page-duplicate atomically
ok 368 - P01 modern rejects incomplete cross-page-duplicate atomically
  ---
  duration_ms: 5.371208
  type: 'test'
  ...
# Subtest: P01 modern rejects incomplete count atomically
ok 369 - P01 modern rejects incomplete count atomically
  ---
  duration_ms: 3.525833
  type: 'test'
  ...
# Subtest: P01 modern rejects incomplete bytes atomically
ok 370 - P01 modern rejects incomplete bytes atomically
  ---
  duration_ms: 7.982625
  type: 'test'
  ...
# Subtest: P01 modern rejects incomplete page-limit atomically
ok 371 - P01 modern rejects incomplete page-limit atomically
  ---
  duration_ms: 96.2325
  type: 'test'
  ...
# Subtest: P01 installed SDK legacy aggregates pages
ok 372 - P01 installed SDK legacy aggregates pages
  ---
  duration_ms: 14.477834
  type: 'test'
  ...
# Subtest: P01 installed SDK legacy aggregates empty
ok 373 - P01 installed SDK legacy aggregates empty
  ---
  duration_ms: 6.089
  type: 'test'
  ...
# Subtest: P01 legacy rejects incomplete failure atomically
ok 374 - P01 legacy rejects incomplete failure atomically
  ---
  duration_ms: 5.759625
  type: 'test'
  ...
# Subtest: P01 legacy rejects incomplete cycle atomically
ok 375 - P01 legacy rejects incomplete cycle atomically
  ---
  duration_ms: 9.3425
  type: 'test'
  ...
# Subtest: P01 legacy rejects incomplete empty-cycle atomically
ok 376 - P01 legacy rejects incomplete empty-cycle atomically
  ---
  duration_ms: 4.232375
  type: 'test'
  ...
# Subtest: P01 legacy rejects incomplete duplicate atomically
ok 377 - P01 legacy rejects incomplete duplicate atomically
  ---
  duration_ms: 4.038792
  type: 'test'
  ...
# Subtest: P01 legacy rejects incomplete cross-page-duplicate atomically
ok 378 - P01 legacy rejects incomplete cross-page-duplicate atomically
  ---
  duration_ms: 4.074417
  type: 'test'
  ...
# Subtest: P01 legacy rejects incomplete count atomically
ok 379 - P01 legacy rejects incomplete count atomically
  ---
  duration_ms: 3.179083
  type: 'test'
  ...
# Subtest: P01 legacy rejects incomplete bytes atomically
ok 380 - P01 legacy rejects incomplete bytes atomically
  ---
  duration_ms: 6.226833
  type: 'test'
  ...
# Subtest: P01 legacy rejects incomplete page-limit atomically
ok 381 - P01 legacy rejects incomplete page-limit atomically
  ---
  duration_ms: 89.324083
  type: 'test'
  ...
# Subtest: P01 concurrent connects expose only the latest requested connection
ok 382 - P01 concurrent connects expose only the latest requested connection
  ---
  duration_ms: 6.347375
  type: 'test'
  ...
# Subtest: P01 disconnect while discovery waits cannot publish a late catalog
ok 383 - P01 disconnect while discovery waits cannot publish a late catalog
  ---
  duration_ms: 4.271541
  type: 'test'
  ...
# Subtest: P01 transport error invalidates callability until explicit reconnect
ok 384 - P01 transport error invalidates callability until explicit reconnect
  ---
  duration_ms: 9.375625
  type: 'test'
  ...
# (node:29989) ExperimentalWarning: SQLite is an experimental feature and might change at any time
# (Use `node --trace-warnings ...` to show where the warning was created)
# Subtest: P02 reported: effect is unknown, fenced and preserved across restart
ok 385 - P02 reported: effect is unknown, fenced and preserved across restart
  ---
  duration_ms: 680.426292
  type: 'test'
  ...
# Subtest: P02 drop: effect is unknown, fenced and preserved across restart
ok 386 - P02 drop: effect is unknown, fenced and preserved across restart
  ---
  duration_ms: 669.165291
  type: 'test'
  ...
# Subtest: P02 receipt-failure: effect is unknown, fenced and preserved across restart
ok 387 - P02 receipt-failure: effect is unknown, fenced and preserved across restart
  ---
  duration_ms: 807.988417
  type: 'test'
  ...
# Subtest: P02 cancel: effect is unknown, fenced and preserved across restart
ok 388 - P02 cancel: effect is unknown, fenced and preserved across restart
  ---
  duration_ms: 202.032291
  type: 'test'
  ...
# Subtest: P02 restart-inflight: effect is unknown, fenced and preserved across restart
ok 389 - P02 restart-inflight: effect is unknown, fenced and preserved across restart
  ---
  duration_ms: 806.104834
  type: 'test'
  ...
# Subtest: P02 orphan-cancel: effect is unknown, fenced and preserved across restart
ok 390 - P02 orphan-cancel: effect is unknown, fenced and preserved across restart
  ---
  duration_ms: 1019.547958
  type: 'test'
  ...
# Subtest: P02 pre-dispatch refusal has no effect and no unknown receipt
ok 391 - P02 pre-dispatch refusal has no effect and no unknown receipt
  ---
  duration_ms: 2.968542
  type: 'test'
  ...
# Subtest: P02 SIGKILL after remote effect before result leaves a durable unreconciled dispatch
ok 392 - P02 SIGKILL after remote effect before result leaves a durable unreconciled dispatch
  ---
  duration_ms: 1158.72775
  type: 'test'
  ...
# Subtest: P02 failed durable dispatch intent prevents the remote call
ok 393 - P02 failed durable dispatch intent prevents the remote call
  ---
  duration_ms: 4.209209
  type: 'test'
  ...
# (node:30235) ExperimentalWarning: SQLite is an experimental feature and might change at any time
# (Use `node --trace-warnings ...` to show where the warning was created)
# Subtest: P02b actual modern SDK preserves structured {"answer":42}
ok 394 - P02b actual modern SDK preserves structured {"answer":42}
  ---
  duration_ms: 39.582042
  type: 'test'
  ...
# Subtest: P02b actual modern SDK preserves structured [1,"two"]
ok 395 - P02b actual modern SDK preserves structured [1,"two"]
  ---
  duration_ms: 9.2465
  type: 'test'
  ...
# Subtest: P02b actual modern SDK preserves structured null
ok 396 - P02b actual modern SDK preserves structured null
  ---
  duration_ms: 7.804333
  type: 'test'
  ...
# Subtest: P02b actual modern SDK preserves structured false
ok 397 - P02b actual modern SDK preserves structured false
  ---
  duration_ms: 4.029667
  type: 'test'
  ...
# Subtest: P02b actual modern SDK preserves structured 0
ok 398 - P02b actual modern SDK preserves structured 0
  ---
  duration_ms: 4.08125
  type: 'test'
  ...
# Subtest: P02b actual modern SDK preserves structured "scalar"
ok 399 - P02b actual modern SDK preserves structured "scalar"
  ---
  duration_ms: 6.893
  type: 'test'
  ...
# Subtest: P02b actual legacy SDK preserves body plus supported structure
ok 400 - P02b actual legacy SDK preserves body plus supported structure
  ---
  duration_ms: 14.751917
  type: 'test'
  ...
# Subtest: P02b structured-only and non-rendered resource blocks stay explicit
ok 401 - P02b structured-only and non-rendered resource blocks stay explicit
  ---
  duration_ms: 7.605375
  type: 'test'
  ...
# Subtest: P02b invalid/oversized result fences uncertainty without raw dumping
ok 402 - P02b invalid/oversized result fences uncertainty without raw dumping
  ---
  duration_ms: 13.625625
  type: 'test'
  ...
# Subtest: P02b success: native projection and scoped full result survive restart
ok 403 - P02b success: native projection and scoped full result survive restart
  ---
  duration_ms: 1107.992375
  type: 'test'
  ...
# Subtest: P02b error: native projection and scoped full result survive restart
ok 404 - P02b error: native projection and scoped full result survive restart
  ---
  duration_ms: 1015.652084
  type: 'test'
  ...
# Subtest: P02b installed SDK output schema rejection is effect-unknown
ok 405 - P02b installed SDK output schema rejection is effect-unknown
  ---
  duration_ms: 9.602083
  type: 'test'
  ...
# Subtest: P02b failed result retention cannot become a successful empty result
ok 406 - P02b failed result retention cannot become a successful empty result
  ---
  duration_ms: 6.055708
  type: 'test'
  ...
# Subtest: P02b repeated native call IDs receive distinct Host dispatch identities
ok 407 - P02b repeated native call IDs receive distinct Host dispatch identities
  ---
  duration_ms: 4.36875
  type: 'test'
  ...
# (node:32525) ExperimentalWarning: SQLite is an experimental feature and might change at any time
# (Use `node --trace-warnings ...` to show where the warning was created)
# Subtest: T-IDEM-1: replaying the same commandId with the same input returns the same run
ok 408 - T-IDEM-1: replaying the same commandId with the same input returns the same run
  ---
  duration_ms: 595.088458
  type: 'test'
  ...
# Subtest: T-IDEM-2: replaying the same commandId with a different input is 409 command_conflict
ok 409 - T-IDEM-2: replaying the same commandId with a different input is 409 command_conflict
  ---
  duration_ms: 89.757625
  type: 'test'
  ...
# Subtest: T-IDEM-3: two concurrent creates with the same commandId produce exactly one run
ok 410 - T-IDEM-3: two concurrent creates with the same commandId produce exactly one run
  ---
  duration_ms: 109.393667
  type: 'test'
  ...
# Subtest: T-IDEM-4: a lost response then a resend returns the same run and executes once
ok 411 - T-IDEM-4: a lost response then a resend returns the same run and executes once
  ---
  duration_ms: 300.474291
  type: 'test'
  ...
# Subtest: T-IDEM-6: the same commandId in another session is a different command
ok 412 - T-IDEM-6: the same commandId in another session is a different command
  ---
  duration_ms: 553.904292
  type: 'test'
  ...
# Subtest: C4: unloaded extension preserves old receipts but still blocks new work
ok 413 - C4: unloaded extension preserves old receipts but still blocks new work
  ---
  duration_ms: 457.932542
  type: 'test'
  ...
# Subtest: Inspector separates recorded/current targets and folds version/cache details without losing unknown accounting
ok 414 - Inspector separates recorded/current targets and folds version/cache details without losing unknown accounting
  ---
  duration_ms: 17.645917
  type: 'test'
  ...
# Subtest: Inspector tool activity reuses thread projection and never turns an unfinished tool into success
ok 415 - Inspector tool activity reuses thread projection and never turns an unfinished tool into success
  ---
  duration_ms: 0.637625
  type: 'test'
  ...
# Subtest: file quotes work on initial and cached views, while replaced targets invalidate old buttons
ok 416 - file quotes work on initial and cached views, while replaced targets invalidate old buttons
  ---
  duration_ms: 2.378167
  type: 'test'
  ...
# (node:33398) ExperimentalWarning: SQLite is an experimental feature and might change at any time
# (Use `node --trace-warnings ...` to show where the warning was created)
# Subtest: Pinned jsdiff adapter preserves original lines, whitespace, Unicode and missing final newline
ok 417 - Pinned jsdiff adapter preserves original lines, whitespace, Unicode and missing final newline
  ---
  duration_ms: 1.4125
  type: 'test'
  ...
# Subtest: Comparison returns explicit limited state instead of partial diff or expensive word allocation
ok 418 - Comparison returns explicit limited state instead of partial diff or expensive word allocation
  ---
  duration_ms: 1.865
  type: 'test'
  ...
# Subtest: HTTP comparison requires two exact versions in one session and makes no adoption or revision change
ok 419 - HTTP comparison requires two exact versions in one session and makes no adoption or revision change
  ---
  duration_ms: 119.711042
  type: 'test'
  ...
# (node:33507) ExperimentalWarning: SQLite is an experimental feature and might change at any time
# (Use `node --trace-warnings ...` to show where the warning was created)
# Subtest: Session deletion serializes after a queued upload; delete-first rejects upload
ok 420 - Session deletion serializes after a queued upload; delete-first rejects upload
  ---
  duration_ms: 109.39925
  type: 'test'
  ...
# Subtest: shutdown waits for accepted intake writes and rejects new material uploads
ok 421 - shutdown waits for accepted intake writes and rejects new material uploads
  ---
  duration_ms: 74.695167
  type: 'test'
  ...
# Subtest: retained uploads stay separate, fetch versions on disclosure, and return focus to the exact row
ok 422 - retained uploads stay separate, fetch versions on disclosure, and return focus to the exact row
  ---
  duration_ms: 23.9255
  type: 'test'
  ...
# Subtest: comparison requires two explicit retained revisions and renders the exact server diff
ok 423 - comparison requires two explicit retained revisions and renders the exact server diff
  ---
  duration_ms: 25.21575
  type: 'test'
  ...
# Subtest: limited source comparisons show the reason without partial diff, and failed comparisons can retry
ok 424 - limited source comparisons show the reason without partial diff, and failed comparisons can retry
  ---
  duration_ms: 25.651083
  type: 'test'
  ...
# Subtest: file upload preserves BOM and CRLF bytes through a same-command retry
ok 425 - file upload preserves BOM and CRLF bytes through a same-command retry
  ---
  duration_ms: 27.289958
  type: 'test'
  ...
# Subtest: a rejected file read from an old session cannot write an error into the new session
ok 426 - a rejected file read from an old session cannot write an error into the new session
  ---
  duration_ms: 7.371625
  type: 'test'
  ...
# Subtest: explicit retained refresh restores only its own focused button
ok 427 - explicit retained refresh restores only its own focused button
  ---
  duration_ms: 6.451666
  type: 'test'
  ...
# Subtest: 503 preserves the exact draft and command for retry; editing the draft gets a new command
ok 428 - 503 preserves the exact draft and command for retry; editing the draft gets a new command
  ---
  duration_ms: 24.838625
  type: 'test'
  ...
# Subtest: 409 refresh requires opening the changed version before a new replacement is submitted
ok 429 - 409 refresh requires opening the changed version before a new replacement is submitted
  ---
  duration_ms: 21.020833
  type: 'test'
  ...
# Subtest: Inspector opens retained UTF-8 at an exact revision and validates full text identity
ok 430 - Inspector opens retained UTF-8 at an exact revision and validates full text identity
  ---
  duration_ms: 10.3985
  type: 'test'
  ...
# (node:33557) ExperimentalWarning: SQLite is an experimental feature and might change at any time
# (Use `node --trace-warnings ...` to show where the warning was created)
# Subtest: Intake retains UTF-8 r1/r2 and independent session identity; same bytes do not merge scopes
ok 431 - Intake retains UTF-8 r1/r2 and independent session identity; same bytes do not merge scopes
  ---
  duration_ms: 9.749584
  type: 'test'
  ...
# Subtest: Intake command payload conflicts, CAS and delayed pending delivery cannot rewrite later revisions
ok 432 - Intake command payload conflicts, CAS and delayed pending delivery cannot rewrite later revisions
  ---
  duration_ms: 5.885625
  type: 'test'
  ...
# Subtest: Intake exact reads reject mismatched hashes and corrupt bytes, including duplicate upload reuse
ok 433 - Intake exact reads reject mismatched hashes and corrupt bytes, including duplicate upload reuse
  ---
  duration_ms: 5.461834
  type: 'test'
  ...
# Subtest: Intake restarts with pending receipt and rejects unknown schema without rewriting it
ok 434 - Intake restarts with pending receipt and rejects unknown schema without rewriting it
  ---
  duration_ms: 3.921333
  type: 'test'
  ...
# Subtest: Intake will not follow a sidecar database symlink
ok 435 - Intake will not follow a sidecar database symlink
  ---
  duration_ms: 1.250875
  type: 'test'
  ...
# Subtest: HTTP uploads retain exact versions across workspace edits and restart; deleted session cannot disclose
ok 436 - HTTP uploads retain exact versions across workspace edits and restart; deleted session cannot disclose
  ---
  duration_ms: 199.99375
  type: 'test'
  ...
# Subtest: HTTP simultaneous CAS uploads admit one source revision and leave the losing text out of workspace
ok 437 - HTTP simultaneous CAS uploads admit one source revision and leave the losing text out of workspace
  ---
  duration_ms: 70.232125
  type: 'test'
  ...
# Subtest: Upload delivery failure leaves readable bytes; same command recovers and superseded pending never overwrites
ok 438 - Upload delivery failure leaves readable bytes; same command recovers and superseded pending never overwrites
  ---
  duration_ms: 72.687666
  type: 'test'
  ...
# (node:33558) ExperimentalWarning: SQLite is an experimental feature and might change at any time
# (Use `node --trace-warnings ...` to show where the warning was created)
# Subtest: T-CANCEL-1: cancel during tool execution leaves no partial file
ok 439 - T-CANCEL-1: cancel during tool execution leaves no partial file
  ---
  duration_ms: 138.320584
  type: 'test'
  ...
# Subtest: cancelling a run with no pending question also ends cancelled
ok 440 - cancelling a run with no pending question also ends cancelled
  ---
  duration_ms: 462.687208
  type: 'test'
  ...
# startup: reconciled workspace of session 54047cad-cf0e-4ae2-9c1b-97b59a68f4e0 after an interrupted run; 0 file(s) are not covered by a recorded content version
# Subtest: T-RESTART-1: restart during waiting_user yields unknown/expired_restart and the host session continues
ok 441 - T-RESTART-1: restart during waiting_user yields unknown/expired_restart and the host session continues
  ---
  duration_ms: 1489.775708
  type: 'test'
  ...
# Subtest: T-USAGE-1: a completed run records non-zero usage with missing:false
ok 442 - T-USAGE-1: a completed run records non-zero usage with missing:false
  ---
  duration_ms: 562.0735
  type: 'test'
  ...
# Subtest: T-USAGE-2: cancelling in the second turn keeps the first turn's usage and marks missing
ok 443 - T-USAGE-2: cancelling in the second turn keeps the first turn's usage and marks missing
  ---
  duration_ms: 1034.032083
  type: 'test'
  ...
# Subtest: T-USAGE-3: a provider error after a good turn fails the run without erasing usage
ok 444 - T-USAGE-3: a provider error after a good turn fails the run without erasing usage
  ---
  duration_ms: 14408.561
  type: 'test'
  ...
# Subtest: T-BUDGET-1: waiting_user time is excluded from the execution deadline
ok 445 - T-BUDGET-1: waiting_user time is excluded from the execution deadline
  ---
  duration_ms: 1702.757083
  type: 'test'
  ...
# Subtest: T-USAGE-4: a retried provider call is surfaced as a notice and counted once
ok 446 - T-USAGE-4: a retried provider call is surfaced as a notice and counted once
  ---
  duration_ms: 2400.61625
  type: 'test'
  ...
# Subtest: T-USAGE-5: a long waiting_user then an answer completes with whole usage and no budget trip
ok 447 - T-USAGE-5: a long waiting_user then an answer completes with whole usage and no budget trip
  ---
  duration_ms: 2894.964334
  type: 'test'
  ...
# (node:33655) ExperimentalWarning: SQLite is an experimental feature and might change at any time
# (Use `node --trace-warnings ...` to show where the warning was created)
# Subtest: Local registration is inert, pins reviewed bytes, and loads through existing lifecycle and binding
ok 448 - Local registration is inert, pins reviewed bytes, and loads through existing lifecycle and binding
  ---
  duration_ms: 667.990042
  type: 'test'
  ...
# Subtest: Local intake rejects symbolic links, malformed manifests and stale previews without loading code
ok 449 - Local intake rejects symbolic links, malformed manifests and stale previews without loading code
  ---
  duration_ms: 69.572333
  type: 'test'
  ...
# Subtest: Registered snapshot tampering fails closed before a local module import
ok 450 - Registered snapshot tampering fails closed before a local module import
  ---
  duration_ms: 64.555666
  type: 'test'
  ...
# Subtest: An executable that violates its reviewed ABI is disposed before load fails
ok 451 - An executable that violates its reviewed ABI is disposed before load fails
  ---
  duration_ms: 71.399125
  type: 'test'
  ...
# Subtest: Local startup failure disposes synchronous instances both on Load and on restart
ok 452 - Local startup failure disposes synchronous instances both on Load and on restart
  ---
  duration_ms: 197.811167
  type: 'test'
  ...
# Subtest: Failed local cleanup persists invalidation and never restores a loaded package on restart
ok 453 - Failed local cleanup persists invalidation and never restores a loaded package on restart
  ---
  duration_ms: 132.13525
  type: 'test'
  ...
# Subtest: A failed unload receipt cannot reactivate the disposed local package on restart
ok 454 - A failed unload receipt cannot reactivate the disposed local package on restart
  ---
  duration_ms: 126.371458
  type: 'test'
  ...
# Subtest: Malformed persisted suspension markers fail closed before local activation
ok 455 - Malformed persisted suspension markers fail closed before local activation
  ---
  duration_ms: 117.386208
  type: 'test'
  ...
# Subtest: Changing a reviewed local path clears the visible trust and registration controls
ok 456 - Changing a reviewed local path clears the visible trust and registration controls
  ---
  duration_ms: 14.12
  type: 'test'
  ...
# Subtest: Closing the local extension editor retains focus on its collapsed entry
ok 457 - Closing the local extension editor retains focus on its collapsed entry
  ---
  duration_ms: 0.394125
  type: 'test'
  ...
# (node:33935) ExperimentalWarning: SQLite is an experimental feature and might change at any time
# (Use `node --trace-warnings ...` to show where the warning was created)
# Subtest: real HTTP candidate pages preserve Markdown bytes, and wrong Matter scope is refused
ok 458 - real HTTP candidate pages preserve Markdown bytes, and wrong Matter scope is refused
  ---
  duration_ms: 631.104916
  type: 'test'
  ...
# Subtest: accepted Artifact pages remain exact after producer deletion and extension unload
ok 459 - accepted Artifact pages remain exact after producer deletion and extension unload
  ---
  duration_ms: 483.297416
  type: 'test'
  ...
# Subtest: independent SHA-256 and code-point helpers agree with the browser source contract
ok 460 - independent SHA-256 and code-point helpers agree with the browser source contract
  ---
  duration_ms: 3.484625
  type: 'test'
  ...
# Subtest: readCoreManifest returns verified file refs and sends a bounded candidate query
ok 461 - readCoreManifest returns verified file refs and sends a bounded candidate query
  ---
  duration_ms: 0.576209
  type: 'test'
  ...
# Subtest: readCoreManifest uses the explicit Artifact selector and preserves its identity
ok 462 - readCoreManifest uses the explicit Artifact selector and preserves its identity
  ---
  duration_ms: 0.194458
  type: 'test'
  ...
# Subtest: readCoreManifest rejects wrong identities, holes, duplicate paths and unsupported pages
ok 463 - readCoreManifest rejects wrong identities, holes, duplicate paths and unsupported pages
  ---
  duration_ms: 0.499541
  type: 'test'
  ...
# Subtest: readCoreFile assembles pages using server code-point cursors and an independent final hash
ok 464 - readCoreFile assembles pages using server code-point cursors and an independent final hash
  ---
  duration_ms: 1.404541
  type: 'test'
  ...
# Subtest: readCoreFile accepts an exact empty terminal page
ok 465 - readCoreFile accepts an exact empty terminal page
  ---
  duration_ms: 0.73275
  type: 'test'
  ...
# Subtest: readCoreFile rejects wrong IDs, hash swaps, path swaps and pagination holes
ok 466 - readCoreFile rejects wrong IDs, hash swaps, path swaps and pagination holes
  ---
  duration_ms: 0.880625
  type: 'test'
  ...
# Subtest: readCoreFile rejects a continuation replay or changed duplicate page
ok 467 - readCoreFile rejects a continuation replay or changed duplicate page
  ---
  duration_ms: 0.153458
  type: 'test'
  ...
# Subtest: readCoreFile rejects a changed identity on any page and a wrong final digest
ok 468 - readCoreFile rejects a changed identity on any page and a wrong final digest
  ---
  duration_ms: 0.808875
  type: 'test'
  ...
# Subtest: readCoreFile aborts before and after a delayed page, without returning partial source
ok 469 - readCoreFile aborts before and after a delayed page, without returning partial source
  ---
  duration_ms: 0.412417
  type: 'test'
  ...
# Subtest: coreFileSubjects exposes only supported, scoped Core file refs
ok 470 - coreFileSubjects exposes only supported, scoped Core file refs
  ---
  duration_ms: 0.170375
  type: 'test'
  ...
# Subtest: projectMarkdown preserves BOM, CRLF, combining marks, duplicate block ranges and safe semantic nodes
ok 471 - projectMarkdown preserves BOM, CRLF, combining marks, duplicate block ranges and safe semantic nodes
  ---
  duration_ms: 9.305542
  type: 'test'
  ...
# Subtest: projectMarkdown parses complete definitions, keeps unsafe links inert, and emits bounded warnings
ok 472 - projectMarkdown parses complete definitions, keeps unsafe links inert, and emits bounded warnings
  ---
  duration_ms: 2.317542
  type: 'test'
  ...
# Subtest: projectMarkdown refuses malformed identity, source text, and size
ok 473 - projectMarkdown refuses malformed identity, source text, and size
  ---
  duration_ms: 0.513834
  type: 'test'
  ...
# Subtest: projectMarkdown creates a revision-local key and never claims writable review state
ok 474 - projectMarkdown creates a revision-local key and never claims writable review state
  ---
  duration_ms: 2.175042
  type: 'test'
  ...
# Subtest: sha256Text does not silently normalize source
ok 475 - sha256Text does not silently normalize source
  ---
  duration_ms: 0.810833
  type: 'test'
  ...
# Subtest: readCoreFile propagates producer absence as an exact read, not a fallback
ok 476 - readCoreFile propagates producer absence as an exact read, not a fallback
  ---
  duration_ms: 0.293
  type: 'test'
  ...
# lint-materials: 2 处违反 WK-101 / WK-102
# lint-materials: 1 处违反 WK-101 / WK-102
# lint-materials: 1 处违反 WK-101 / WK-102
# Subtest: 产品样式表通过材质 lint 两项
ok 477 - 产品样式表通过材质 lint 两项
  ---
  duration_ms: 42.435292
  type: 'test'
  ...
# Subtest: 未登记的类名上出现 backdrop-filter 会被拒绝
ok 478 - 未登记的类名上出现 backdrop-filter 会被拒绝
  ---
  duration_ms: 28.859
  type: 'test'
  ...
# Subtest: 半透明表面缺少 reduced-transparency 回退会被拒绝
ok 479 - 半透明表面缺少 reduced-transparency 回退会被拒绝
  ---
  duration_ms: 28.4755
  type: 'test'
  ...
# Subtest: 私有 blur 取值会被拒绝
ok 480 - 私有 blur 取值会被拒绝
  ---
  duration_ms: 28.149417
  type: 'test'
  ...
# (node:34759) ExperimentalWarning: SQLite is an experimental feature and might change at any time
# (Use `node --trace-warnings ...` to show where the warning was created)
# Subtest: model capability contract: legacy boolean is not promoted into invented effort tiers; explicit per-model lists stay isolated
ok 481 - model capability contract: legacy boolean is not promoted into invented effort tiers; explicit per-model lists stay isolated
  ---
  duration_ms: 136.438666
  type: 'test'
  ...
# Subtest: model capability contract: effort lists reject invalid values; config CAS detects missing and stale writers
ok 482 - model capability contract: effort lists reject invalid values; config CAS detects missing and stale writers
  ---
  duration_ms: 74.390125
  type: 'test'
  ...
# Subtest: installed model descriptors are API-specific and preserve exact concrete effort ladders
ok 483 - installed model descriptors are API-specific and preserve exact concrete effort ladders
  ---
  duration_ms: 69.145833
  type: 'test'
  ...
# Subtest: editing a connection invalidates selected effort, and each Run freezes a capability binding across reopen
ok 484 - editing a connection invalidates selected effort, and each Run freezes a capability binding across reopen
  ---
  duration_ms: 388.54975
  type: 'test'
  ...
# Subtest: schema12→13 migration preserves config and active Run, adds unknown capability, bumps CAS epoch, and invalidates old receipt
ok 485 - schema12→13 migration preserves config and active Run, adds unknown capability, bumps CAS epoch, and invalidates old receipt
  ---
  duration_ms: 524.053333
  type: 'test'
  ...
# Subtest: search rerender and direct click cannot re-enable/save a stale unsupported effort
ok 486 - search rerender and direct click cannot re-enable/save a stale unsupported effort
  ---
  duration_ms: 17.337917
  type: 'test'
  ...
# Subtest: 三条 happy path 是闭集，且每条只用后端目录里真有的 provider 身份
ok 487 - 三条 happy path 是闭集，且每条只用后端目录里真有的 provider 身份
  ---
  duration_ms: 1.356917
  type: 'test'
  ...
# Subtest: 路径由连接记录自己说，不由一份全局配置反推
ok 488 - 路径由连接记录自己说，不由一份全局配置反推
  ---
  duration_ms: 0.213833
  type: 'test'
  ...
# Subtest: Connections 列后端注册表报的每一条，结构不假设单数
ok 489 - Connections 列后端注册表报的每一条，结构不假设单数
  ---
  duration_ms: 0.163666
  type: 'test'
  ...
# Subtest: PV-27 / PV-30 · 窗口读数如实：unknown、目录值、用户填的值各说各的
ok 490 - PV-27 / PV-30 · 窗口读数如实：unknown、目录值、用户填的值各说各的
  ---
  duration_ms: 10.210583
  type: 'test'
  ...
# Subtest: PV-34 / PV-46 · 保存失败的三类直接消费后端错误码与枚举，前端不重新归类
ok 491 - PV-34 / PV-46 · 保存失败的三类直接消费后端错误码与枚举，前端不重新归类
  ---
  duration_ms: 0.292125
  type: 'test'
  ...
# Subtest: WK-108/PV-62 · 冒烟不再留位：BE-39 落地后六步全部可用，各自说清楚做什么
ok 492 - WK-108/PV-62 · 冒烟不再留位：BE-39 落地后六步全部可用，各自说清楚做什么
  ---
  duration_ms: 0.355959
  type: 'test'
  ...
# Subtest: PV-73 · smoke 步的 “· Answered” 状态词只在成功后出现，字承担完成态
ok 493 - PV-73 · smoke 步的 “· Answered” 状态词只在成功后出现，字承担完成态
  ---
  duration_ms: 0.263583
  type: 'test'
  ...
# Subtest: WK-108 · 探测控件只出现在表单里写得出 Base URL 的那条路径上
ok 494 - WK-108 · 探测控件只出现在表单里写得出 Base URL 的那条路径上
  ---
  duration_ms: 0.078
  type: 'test'
  ...
# Subtest: WK-108 · 请求体逐字按文档：三个字段，无 key 省略字段，不加 header
ok 495 - WK-108 · 请求体逐字按文档：三个字段，无 key 省略字段，不加 header
  ---
  duration_ms: 0.267375
  type: 'test'
  ...
# Subtest: WK-108 · 结果原样呈现后端 status 与 message；ok 不被改写成一句更强的话
ok 496 - WK-108 · 结果原样呈现后端 status 与 message；ok 不被改写成一句更强的话
  ---
  duration_ms: 0.438542
  type: 'test'
  ...
# Subtest: PV-24 · 目录报来的模型 ID 进入这条连接的 Model 列表，并随连接保存
ok 497 - PV-24 · 目录报来的模型 ID 进入这条连接的 Model 列表，并随连接保存
  ---
  duration_ms: 0.327542
  type: 'test'
  ...
# Subtest: BE02 契约 · 凭据请求体的键是连接 id，不是 provider 身份
ok 498 - BE02 契约 · 凭据请求体的键是连接 id，不是 provider 身份
  ---
  duration_ms: 0.189
  type: 'test'
  ...
# Subtest: PV-M-1 · 两处写入合一：任一处保存都不清掉另一处的字段
ok 499 - PV-M-1 · 两处写入合一：任一处保存都不清掉另一处的字段
  ---
  duration_ms: 0.1875
  type: 'test'
  ...
# Subtest: PV-53 · 模型选择器的用户连接分组标签是它的端点主机名，取不到注册表时退回 id
ok 500 - PV-53 · 模型选择器的用户连接分组标签是它的端点主机名，取不到注册表时退回 id
  ---
  duration_ms: 0.078541
  type: 'test'
  ...
# Subtest: PV-27 · 未知与 unsupported 都用 provider default；enum 按 API 精确列值
ok 501 - PV-27 · 未知与 unsupported 都用 provider default；enum 按 API 精确列值
  ---
  duration_ms: 0.244333
  type: 'test'
  ...
# Subtest: PV-61 · reasoningSource:"unknown" 换成真话，不再替目录说它没说过的话
ok 502 - PV-61 · reasoningSource:"unknown" 换成真话，不再替目录说它没说过的话
  ---
  duration_ms: 0.034958
  type: 'test'
  ...
# Subtest: 项 7 · origin:"connection" 的模型在选择器路由行追加一句，目录原生行不追加
ok 503 - 项 7 · origin:"connection" 的模型在选择器路由行追加一句，目录原生行不追加
  ---
  duration_ms: 0.029333
  type: 'test'
  ...
# Subtest: MCP intake keeps saving, discovery and exposure as separate steps
ok 504 - MCP intake keeps saving, discovery and exposure as separate steps
  ---
  duration_ms: 0.047084
  type: 'test'
  ...
# Subtest: WK-105 ⑤ · 侧栏宽落进 256–280 的下沿
ok 505 - WK-105 ⑤ · 侧栏宽落进 256–280 的下沿
  ---
  duration_ms: 0.050708
  type: 'test'
  ...
# Subtest: PV-64 · 六态回执的文案映射：五类登记文案，unknown 只写原话
ok 506 - PV-64 · 六态回执的文案映射：五类登记文案，unknown 只写原话
  ---
  duration_ms: 3.064208
  type: 'test'
  ...
# Subtest: PV-42 · 连接行的最近回执：成功/失败/null 三态
ok 507 - PV-42 · 连接行的最近回执：成功/失败/null 三态
  ---
  duration_ms: 0.252042
  type: 'test'
  ...
# Subtest: 连接行 lastVerification 有值 / null 两态；configurationStatus 非 ready 时降级
ok 508 - 连接行 lastVerification 有值 / null 两态；configurationStatus 非 ready 时降级
  ---
  duration_ms: 0.263459
  type: 'test'
  ...
# Subtest: PV-63 · 自动发现的触发条件与去抖：baseUrl/key 的 input 去抖 600ms，blur 立即跑
ok 509 - PV-63 · 自动发现的触发条件与去抖：baseUrl/key 的 input 去抖 600ms，blur 立即跑
  ---
  duration_ms: 0.200292
  type: 'test'
  ...
# Subtest: PV-63/38 · “Save and ask once” 与 “Save only” 的请求序：event.submitter 分流，冒烟不自动触发
ok 510 - PV-63/38 · “Save and ask once” 与 “Save only” 的请求序：event.submitter 分流，冒烟不自动触发
  ---
  duration_ms: 0.263083
  type: 'test'
  ...
# Subtest: PV-64 · is-arrived 一帧后移除：同一帧加、下一帧 rAF 移除，交给既有过渡播放
ok 511 - PV-64 · is-arrived 一帧后移除：同一帧加、下一帧 rAF 移除，交给既有过渡播放
  ---
  duration_ms: 0.13675
  type: 'test'
  ...
# Subtest: PV-64 · “Ask again” 显式重放同一个 {connectionId, model}
ok 512 - PV-64 · “Ask again” 显式重放同一个 {connectionId, model}
  ---
  duration_ms: 0.077917
  type: 'test'
  ...
# Subtest: PV-59/63 · 键入一个模型 ID 的三步序：PUT connection → PUT config →（主动作）POST verify，中途失败停步不回滚
ok 513 - PV-59/63 · 键入一个模型 ID 的三步序：PUT connection → PUT config →（主动作）POST verify，中途失败停步不回滚
  ---
  duration_ms: 0.127875
  type: 'test'
  ...
# Subtest: PV-61 · custom model reasoning declaration records exact optional effort values
ok 514 - PV-61 · custom model reasoning declaration records exact optional effort values
  ---
  duration_ms: 0.105959
  type: 'test'
  ...
# Subtest: 回执块六态的文案落点：成功两行不着色，失败一行借 --danger，`is-asking`/`is-failed` 互斥
ok 515 - 回执块六态的文案落点：成功两行不着色，失败一行借 --danger，`is-asking`/`is-failed` 互斥
  ---
  duration_ms: 0.274542
  type: 'test'
  ...
# Subtest: bounded NDA playbook and fixture manifest are versioned and serializable
ok 516 - bounded NDA playbook and fixture manifest are versioned and serializable
  ---
  duration_ms: 0.86525
  type: 'test'
  ...
# Subtest: buildReview produces the four frozen gold outcomes with source-aware anchors
ok 517 - buildReview produces the four frozen gold outcomes with source-aware anchors
  ---
  duration_ms: 3.278625
  type: 'test'
  ...
# Subtest: verifyReview rejects self-reported conclusions, missing coverage and duplicate rules
ok 518 - verifyReview rejects self-reported conclusions, missing coverage and duplicate rules
  ---
  duration_ms: 1.28375
  type: 'test'
  ...
# Subtest: verifyReview rejects bad source anchors and reconciliation tampering
ok 519 - verifyReview rejects bad source anchors and reconciliation tampering
  ---
  duration_ms: 0.798958
  type: 'test'
  ...
# Subtest: candidate adapters are serializable and preserve proposal-only obligations
ok 520 - candidate adapters are serializable and preserve proposal-only obligations
  ---
  duration_ms: 0.508208
  type: 'test'
  ...
# Subtest: a missing source clause remains unresolved and a forged pass is rejected
ok 521 - a missing source clause remains unresolved and a forged pass is rejected
  ---
  duration_ms: 0.298792
  type: 'test'
  ...
# Subtest: source conflict and unsupported clause stay visible with bounded evidence
ok 522 - source conflict and unsupported clause stay visible with bounded evidence
  ---
  duration_ms: 0.935084
  type: 'test'
  ...
# Subtest: development and holdout fixtures are distinct but obey the same deterministic contract
ok 523 - development and holdout fixtures are distinct but obey the same deterministic contract
  ---
  duration_ms: 0.554834
  type: 'test'
  ...
# (node:34902) ExperimentalWarning: SQLite is an experimental feature and might change at any time
# (Use `node --trace-warnings ...` to show where the warning was created)
# Subtest: NDA producer receives the full submission schema and static reason contract on actual Pi wire
ok 524 - NDA producer receives the full submission schema and static reason contract on actual Pi wire
  ---
  duration_ms: 600.449625
  type: 'test'
  ...
# Subtest: a reference producer can submit from advertised vocabulary and approved sources without buildReview
ok 525 - a reference producer can submit from advertised vocabulary and approved sources without buildReview
  ---
  duration_ms: 501.168833
  type: 'test'
  ...
# (node:34903) ExperimentalWarning: SQLite is an experimental feature and might change at any time
# (Use `node --trace-warnings ...` to show where the warning was created)
# Subtest: the delivered NDA renderer is served at its declared path and carries no data channel of its own
ok 526 - the delivered NDA renderer is served at its declared path and carries no data channel of its own
  ---
  duration_ms: 181.269875
  type: 'test'
  ...
# Subtest: the packet reading takes the rules, the status words and the lineage the packet actually carries
ok 527 - the packet reading takes the rules, the status words and the lineage the packet actually carries
  ---
  duration_ms: 0.461875
  type: 'test'
  ...
# Subtest: only the advertised decisions are readable as controls, and none in read-only history
ok 528 - only the advertised decisions are readable as controls, and none in read-only history
  ---
  duration_ms: 0.381833
  type: 'test'
  ...
# Subtest: a domain payload this build cannot decode is not read as findings
ok 529 - a domain payload this build cannot decode is not read as findings
  ---
  duration_ms: 0.185334
  type: 'test'
  ...
# (node:34972) ExperimentalWarning: SQLite is an experimental feature and might change at any time
# (Use `node --trace-warnings ...` to show where the warning was created)
# Subtest: NDA through Pi: verified proposal, trusted decision, revised candidate, source history and new Session context
ok 530 - NDA through Pi: verified proposal, trusted decision, revised candidate, source history and new Session context
  ---
  duration_ms: 1748.810708
  type: 'test'
  ...
# Subtest: NDA unresolved facts remain reviewable; forged pass and attempted acceptance fail
ok 531 - NDA unresolved facts remain reviewable; forged pass and attempted acceptance fail
  ---
  duration_ms: 863.585291
  type: 'test'
  ...
# Subtest: cumulative assistant deltas and their final stay one non-pending row
ok 532 - cumulative assistant deltas and their final stay one non-pending row
  ---
  duration_ms: 0.631667
  type: 'test'
  ...
# Subtest: subsequent complete assistant messages get separate rows even with identical text
ok 533 - subsequent complete assistant messages get separate rows even with identical text
  ---
  duration_ms: 0.368166
  type: 'test'
  ...
# Subtest: a later assistant message's deltas do not overwrite the first message
ok 534 - a later assistant message's deltas do not overwrite the first message
  ---
  duration_ms: 0.32
  type: 'test'
  ...
# Subtest: tool boundaries preserve assistant/tool/assistant order and tool result identity
ok 535 - tool boundaries preserve assistant/tool/assistant order and tool result identity
  ---
  duration_ms: 0.129041
  type: 'test'
  ...
# Subtest: assistant and tool rows stay scoped when runs reuse segment and call identities
ok 536 - assistant and tool rows stay scoped when runs reuse segment and call identities
  ---
  duration_ms: 0.199917
  type: 'test'
  ...
# Subtest: terminal run keeps an incomplete delta pending but a terminal final is settled
ok 537 - terminal run keeps an incomplete delta pending but a terminal final is settled
  ---
  duration_ms: 0.07
  type: 'test'
  ...
# Subtest: assistant time uses only its matching recorded Run start, never a redraw clock
ok 538 - assistant time uses only its matching recorded Run start, never a redraw clock
  ---
  duration_ms: 0.12225
  type: 'test'
  ...
# Subtest: message time has readable provenance content without naming the native time role
ok 539 - message time has readable provenance content without naming the native time role
  ---
  duration_ms: 23.618583
  type: 'test'
  ...
# (node:35006) ExperimentalWarning: SQLite is an experimental feature and might change at any time
# (Use `node --trace-warnings ...` to show where the warning was created)
# Subtest: permission CAS mismatches leave pending question, waiter, events and persisted bytes untouched
ok 540 - permission CAS mismatches leave pending question, waiter, events and persisted bytes untouched
  ---
  duration_ms: 586.53975
  type: 'test'
  ...
# Subtest: each expectation is independently optional and malformed expectations are 400
ok 541 - each expectation is independently optional and malformed expectations are 400
  ---
  duration_ms: 1500.138792
  type: 'test'
  ...
# Subtest: CAS comparison happens inside the mutation queue after a stale service read
ok 542 - CAS comparison happens inside the mutation queue after a stale service read
  ---
  duration_ms: 212.724666
  type: 'test'
  ...
# Subtest: two matching concurrent answers still resolve at most once
ok 543 - two matching concurrent answers still resolve at most once
  ---
  duration_ms: 798.9245
  type: 'test'
  ...
# Subtest: ask_user does not accept permission expectations
ok 544 - ask_user does not accept permission expectations
  ---
  duration_ms: 492.691083
  type: 'test'
  ...
# (node:35312) ExperimentalWarning: SQLite is an experimental feature and might change at any time
# (Use `node --trace-warnings ...` to show where the warning was created)
# Subtest: T-PERM-1: ask mode + allow lets ws_write succeed
ok 545 - T-PERM-1: ask mode + allow lets ws_write succeed
  ---
  duration_ms: 1104.813042
  type: 'test'
  ...
# Subtest: T-PERM-2: ask mode + deny returns isError and writes nothing
ok 546 - T-PERM-2: ask mode + deny returns isError and writes nothing
  ---
  duration_ms: 1002.331459
  type: 'test'
  ...
# Subtest: T-PERM-3: cancel while waiting on a permission leaves no file and Run cancelled
ok 547 - T-PERM-3: cancel while waiting on a permission leaves no file and Run cancelled
  ---
  duration_ms: 505.975417
  type: 'test'
  ...
# Subtest: read_only permission mode never injects ws_write
ok 548 - read_only permission mode never injects ws_write
  ---
  duration_ms: 494.767792
  type: 'test'
  ...
# Subtest: T-PERM-4: the allowed write matches the approved contentSha256
ok 549 - T-PERM-4: the allowed write matches the approved contentSha256
  ---
  duration_ms: 1007.804292
  type: 'test'
  ...
# Subtest: T-PERM-5: changed parameters open a new permission and the old questionId is dead
ok 550 - T-PERM-5: changed parameters open a new permission and the old questionId is dead
  ---
  duration_ms: 996.953875
  type: 'test'
  ...
# Subtest: toStatTiles reads the three sets' totals in the window the backend can express
ok 551 - toStatTiles reads the three sets' totals in the window the backend can express
  ---
  duration_ms: 1.22725
  type: 'test'
  ...
# Subtest: a set the answer did not carry reads as words, never as a zero
ok 552 - a set the answer did not carry reads as words, never as a zero
  ---
  duration_ms: 0.072
  type: 'test'
  ...
# Subtest: the caption states the scope it was actually given
ok 553 - the caption states the scope it was actually given
  ---
  duration_ms: 0.131042
  type: 'test'
  ...
# Subtest: toWorkCards passes recorded fields through and names the missing ones
ok 554 - toWorkCards passes recorded fields through and names the missing ones
  ---
  duration_ms: 0.132125
  type: 'test'
  ...
# Subtest: pending rows keep the server's own request word and invent no run state
ok 555 - pending rows keep the server's own request word and invent no run state
  ---
  duration_ms: 0.097416
  type: 'test'
  ...
# Subtest: inspection rows keep unknown apart from failed and report a missing code as null
ok 556 - inspection rows keep unknown apart from failed and report a missing code as null
  ---
  duration_ms: 0.081
  type: 'test'
  ...
# Subtest: adapters do not read the clock
ok 557 - adapters do not read the clock
  ---
  duration_ms: 0.071833
  type: 'test'
  ...
# Subtest: the recorded story is a work-only sample: no host facts, every entry a 2xx work read
ok 558 - the recorded story is a work-only sample: no host facts, every entry a 2xx work read
  ---
  duration_ms: 0.998958
  type: 'test'
  ...
# Subtest: entry: only a workspace with no projects and nothing remembered enters on its own
ok 559 - entry: only a workspace with no projects and nothing remembered enters on its own
  ---
  duration_ms: 0.739584
  type: 'test'
  ...
# Subtest: inactive, the layer answers nothing; active, it answers work reads from the story and leaves host reads alone
ok 560 - inactive, the layer answers nothing; active, it answers work reads from the story and leaves host reads alone
  ---
  duration_ms: 1.262959
  type: 'test'
  ...
# Subtest: reads of an example object that were not recorded fail as not found; reads of real objects pass through
ok 561 - reads of an example object that were not recorded fail as not found; reads of real objects pass through
  ---
  duration_ms: 0.21
  type: 'test'
  ...
# Subtest: writes: drafts on example chats are a no-op, every other write against an example object is refused with a sentence, real writes pass
ok 562 - writes: drafts on example chats are a no-op, every other write against an example object is refused with a sentence, real writes pass
  ---
  duration_ms: 0.604916
  type: 'test'
  ...
# Subtest: mutation bodies cannot target an example object through an ID-free route
ok 563 - mutation bodies cannot target an example object through an ID-free route
  ---
  duration_ms: 0.160292
  type: 'test'
  ...
# Subtest: aggregate preview reads are bypassed only after real project context exists
ok 564 - aggregate preview reads are bypassed only after real project context exists
  ---
  duration_ms: 0.058417
  type: 'test'
  ...
# Subtest: exit: an admitted real run establishes the workspace for good; leaving by hand only remembers 'off' and can be reopened
ok 565 - exit: an admitted real run establishes the workspace for good; leaving by hand only remembers 'off' and can be reopened
  ---
  duration_ms: 0.21275
  type: 'test'
  ...
# Subtest: a broken storage is survivable: memory reads null, writes are dropped
ok 566 - a broken storage is survivable: memory reads null, writes are dropped
  ---
  duration_ms: 0.356833
  type: 'test'
  ...
# Subtest: FE-04 · 在途词只有一个，且只在在途时出现
ok 567 - FE-04 · 在途词只有一个，且只在在途时出现
  ---
  duration_ms: 0.904041
  type: 'test'
  ...
# Subtest: FE-04 / M-9 · 五个送出一次决定的控件都经过同一个在途词，且保持静止态宽度
ok 568 - FE-04 / M-9 · 五个送出一次决定的控件都经过同一个在途词，且保持静止态宽度
  ---
  duration_ms: 0.4165
  type: 'test'
  ...
# Subtest: FE-04 · cancel requested 不把 Run 说成 stopped
ok 569 - FE-04 · cancel requested 不把 Run 说成 stopped
  ---
  duration_ms: 0.104917
  type: 'test'
  ...
# Subtest: FE-04 · 在途的是哪一个决定也是事实，回执到达时一并撤掉
ok 570 - FE-04 · 在途的是哪一个决定也是事实，回执到达时一并撤掉
  ---
  duration_ms: 0.088
  type: 'test'
  ...
# Subtest: FE-04 · 重试之前撤掉上一次的失败，两卡一致
ok 571 - FE-04 · 重试之前撤掉上一次的失败，两卡一致
  ---
  duration_ms: 0.172458
  type: 'test'
  ...
# Subtest: FE-04 · 问题卡的提交失败会被读出来
ok 572 - FE-04 · 问题卡的提交失败会被读出来
  ---
  duration_ms: 0.106583
  type: 'test'
  ...
# Subtest: FE-04 · Failed 与 Interrupted 由两个不同的事实给出
ok 573 - FE-04 · Failed 与 Interrupted 由两个不同的事实给出
  ---
  duration_ms: 0.295542
  type: 'test'
  ...
# Subtest: FE-04 · 授权卡上不存在 always-allow 这一档
ok 574 - FE-04 · 授权卡上不存在 always-allow 这一档
  ---
  duration_ms: 0.210125
  type: 'test'
  ...
# Subtest: FE-04 · inbox 键盘没有批量键与数字键
ok 575 - FE-04 · inbox 键盘没有批量键与数字键
  ---
  duration_ms: 0.817375
  type: 'test'
  ...
# Subtest: every registry glyph is in the sprite and in the ui-controls allowlist
ok 576 - every registry glyph is in the sprite and in the ui-controls allowlist
  ---
  duration_ms: 0.498083
  type: 'test'
  ...
# Subtest: offline icon geometry reproduces every pinned sprite shape without changes
ok 577 - offline icon geometry reproduces every pinned sprite shape without changes
  ---
  duration_ms: 1.426458
  type: 'test'
  ...
# Subtest: recreated controls contain local shapes and retain their action after disconnection
ok 578 - recreated controls contain local shapes and retain their action after disconnection
  ---
  duration_ms: 1.98325
  type: 'test'
  ...
# Subtest: disclosure rows use a native SVG chevron without changing the summary or its name
ok 579 - disclosure rows use a native SVG chevron without changing the summary or its name
  ---
  duration_ms: 0.280416
  type: 'test'
  ...
# Subtest: sprite symbols are exactly the pinned Lucide files plus the CourtWork domain files, with recorded hashes
ok 580 - sprite symbols are exactly the pinned Lucide files plus the CourtWork domain files, with recorded hashes
  ---
  duration_ms: 6.683792
  type: 'test'
  ...
# Subtest: domain glyphs follow the admitted geometry contract
ok 581 - domain glyphs follow the admitted geometry contract
  ---
  duration_ms: 0.683292
  type: 'test'
  ...
# Subtest: Spark, Attention and Chat seats and the Settings groups carry their registered glyphs
ok 582 - Spark, Attention and Chat seats and the Settings groups carry their registered glyphs
  ---
  duration_ms: 1.05
  type: 'test'
  ...
# Subtest: Plugins and Models use distinct established object silhouettes
ok 583 - Plugins and Models use distinct established object silhouettes
  ---
  duration_ms: 0.1035
  type: 'test'
  ...
# Subtest: registry owners and generated browser projection agree
ok 584 - registry owners and generated browser projection agree
  ---
  duration_ms: 12.943542
  type: 'test'
  ...
# Subtest: single-purpose collisions fail while contextual shared geometry is admitted
ok 585 - single-purpose collisions fail while contextual shared geometry is admitted
  ---
  duration_ms: 0.935375
  type: 'test'
  ...
# Subtest: unknown geometry and unapproved identity state variants fail
ok 586 - unknown geometry and unapproved identity state variants fail
  ---
  duration_ms: 0.599458
  type: 'test'
  ...
# Subtest: contextual names are complete, no-icon and Pages representations are legal
ok 587 - contextual names are complete, no-icon and Pages representations are legal
  ---
  duration_ms: 0.299708
  type: 'test'
  ...
# Subtest: semantic action preserves existing control anatomy and handler
ok 588 - semantic action preserves existing control anatomy and handler
  ---
  duration_ms: 0.841708
  type: 'test'
  ...
# Subtest: migrated workspace close/add controls cannot return to raw glyph calls
ok 589 - migrated workspace close/add controls cannot return to raw glyph calls
  ---
  duration_ms: 0.850875
  type: 'test'
  ...
# Subtest: Pages text projection cannot leak its App glyph, malformed owner and representations fail
ok 590 - Pages text projection cannot leak its App glyph, malformed owner and representations fail
  ---
  duration_ms: 0.417917
  type: 'test'
  ...
# Subtest: actual workspace consumers preserve callbacks and contextual names
ok 591 - actual workspace consumers preserve callbacks and contextual names
  ---
  duration_ms: 3.475875
  type: 'test'
  ...
# Subtest: domain navigation preserves its handler with a visible label and glyph
ok 592 - domain navigation preserves its handler with a visible label and glyph
  ---
  duration_ms: 0.526625
  type: 'test'
  ...
# (node:35763) ExperimentalWarning: SQLite is an experimental feature and might change at any time
# (Use `node --trace-warnings ...` to show where the warning was created)
# Subtest: unassigned chats run with ordinary tools, isolated files/configuration, and restore by Session ID
ok 593 - unassigned chats run with ordinary tools, isolated files/configuration, and restore by Session ID
  ---
  duration_ms: 689.199875
  type: 'test'
  ...
# Subtest: unassigned coordination scope does not merge all null-project conversations
ok 594 - unassigned coordination scope does not merge all null-project conversations
  ---
  duration_ms: 48.030458
  type: 'test'
  ...
# Subtest: schema13 upgrades byte-backed identities and configuration without resetting declared capabilities or CAS
ok 595 - schema13 upgrades byte-backed identities and configuration without resetting declared capabilities or CAS
  ---
  duration_ms: 142.708458
  type: 'test'
  ...
# Subtest: summary labels use explicit Session scope, never null project as Attention authority
ok 596 - summary labels use explicit Session scope, never null project as Attention authority
  ---
  duration_ms: 0.371417
  type: 'test'
  ...
# (node:35892) ExperimentalWarning: SQLite is an experimental feature and might change at any time
# (Use `node --trace-warnings ...` to show where the warning was created)
# Subtest: PV-54: both consumers use one pure provider projection, preserving existing exports
ok 597 - PV-54: both consumers use one pure provider projection, preserving existing exports
  ---
  duration_ms: 2.752625
  type: 'test'
  ...
# Subtest: PV-54: the real host serves exactly the shared projection module
ok 598 - PV-54: the real host serves exactly the shared projection module
  ---
  duration_ms: 101.27325
  type: 'test'
  ...
# (node:35925) ExperimentalWarning: SQLite is an experimental feature and might change at any time
# (Use `node --trace-warnings ...` to show where the warning was created)
# Subtest: PV-32 · 旧 credentials.json 的 provider 键一次性迁到连接 id
ok 599 - PV-32 · 旧 credentials.json 的 provider 键一次性迁到连接 id
  ---
  duration_ms: 170.246667
  type: 'test'
  ...
# Subtest: PV-25 · 兼容连接：发现 → 保存 → 选中 → 真跑一次 run，run 记录读得出连接与凭据来源
ok 600 - PV-25 · 兼容连接：发现 → 保存 → 选中 → 真跑一次 run，run 记录读得出连接与凭据来源
  ---
  duration_ms: 371.338334
  type: 'test'
  ...
# Subtest: PV-26 · 两条连接各持自己的 key，互不覆盖
ok 601 - PV-26 · 两条连接各持自己的 key，互不覆盖
  ---
  duration_ms: 998.891125
  type: 'test'
  ...
# Subtest: PV-31 · 用户连接注册在独立 provider id 上，删除即注销
ok 602 - PV-31 · 用户连接注册在独立 provider id 上，删除即注销
  ---
  duration_ms: 83.468125
  type: 'test'
  ...
# Subtest: PV-30 · 未知 contextWindow 不猜值：关压缩并显式记录，用户填值后来源标为 user
ok 603 - PV-30 · 未知 contextWindow 不猜值：关压缩并显式记录，用户填值后来源标为 user
  ---
  duration_ms: 917.570083
  type: 'test'
  ...
# Subtest: PV-24 · 零成本的 Model 记录不会在 usage 面变成事实上的 $0
ok 604 - PV-24 · 零成本的 Model 记录不会在 usage 面变成事实上的 $0
  ---
  duration_ms: 559.559458
  type: 'test'
  ...
# Subtest: 重启后连接与凭据仍可用；列表落空的连接不阻止启动
ok 605 - 重启后连接与凭据仍可用；列表落空的连接不阻止启动
  ---
  duration_ms: 194.166
  type: 'test'
  ...
# Subtest: PV-34 · 保存失败区分认证失败 / 目录不可达 / 模型不在该目录
ok 606 - PV-34 · 保存失败区分认证失败 / 目录不可达 / 模型不在该目录
  ---
  duration_ms: 68.784583
  type: 'test'
  ...
# Subtest: 连接的增删改查受同一条配置队列与 active_run 冻结约束
ok 607 - 连接的增删改查受同一条配置队列与 active_run 冻结约束
  ---
  duration_ms: 301.04625
  type: 'test'
  ...
# Subtest: T-CRED · 用户连接路径同样不读 HOME/.pi 与环境变量
ok 608 - T-CRED · 用户连接路径同样不读 HOME/.pi 与环境变量
  ---
  duration_ms: 503.923084
  type: 'test'
  ...
# (node:36357) ExperimentalWarning: SQLite is an experimental feature and might change at any time
# (Use `node --trace-warnings ...` to show where the warning was created)
# Subtest: PV-59 · 目录连接 PUT 只接受 models；api/baseUrl/apiKey 出现即 400
ok 609 - PV-59 · 目录连接 PUT 只接受 models；api/baseUrl/apiKey 出现即 400
  ---
  duration_ms: 115.450083
  type: 'test'
  ...
# Subtest: PV-59 · 追加的模型 id 不得与已装目录冲突
ok 610 - PV-59 · 追加的模型 id 不得与已装目录冲突
  ---
  duration_ms: 72.29075
  type: 'test'
  ...
# Subtest: PV-59 · 目录连接加一个不在已装目录的模型：可保存、可选为生效、run 发起门放行；删掉后 run 发起门 503；原生模型仍可解析
ok 611 - PV-59 · 目录连接加一个不在已装目录的模型：可保存、可选为生效、run 发起门放行；删掉后 run 发起门 503；原生模型仍可解析
  ---
  duration_ms: 744.407125
  type: 'test'
  ...
# Subtest: reasoning capability · legacy 与显式声明保留，但不越过 fixture 无 reasoning 协议
ok 612 - reasoning capability · legacy 与显式声明保留，但不越过 fixture 无 reasoning 协议
  ---
  duration_ms: 89.810875
  type: 'test'
  ...
# Subtest: PV-62/PV-84 · verify 四类 fixture 结果：成功 ok、401→authentication_failed、未知模型→http_error、不可达→unreachable，且不冒充精度
ok 613 - PV-62/PV-84 · verify 四类 fixture 结果：成功 ok、401→authentication_failed、未知模型→http_error、不可达→unreachable，且不冒充精度
  ---
  duration_ms: 129.39975
  type: 'test'
  ...
# Subtest: PV-62 · verify 的三道门：模型不可准入 400、连接无凭据 400、活动 run 期间 409
ok 614 - PV-62 · verify 的三道门：模型不可准入 400、连接无凭据 400、活动 run 期间 409
  ---
  duration_ms: 1444.703541
  type: 'test'
  ...
# Subtest: PV-42 · 回执绑定失配返回 null；重启后额外模型与回执可用
ok 615 - PV-42 · 回执绑定失配返回 null；重启后额外模型与回执可用
  ---
  duration_ms: 220.943584
  type: 'test'
  ...
# Subtest: T-CRED-VERIFY · fixture 除外：fake 连接的 verify 不要求预先配置凭据；兼容连接仍要求，且不读 HOME/.pi 与环境变量
ok 616 - T-CRED-VERIFY · fixture 除外：fake 连接的 verify 不要求预先配置凭据；兼容连接仍要求，且不读 HOME/.pi 与环境变量
  ---
  duration_ms: 76.302875
  type: 'test'
  ...
# (node:36438) ExperimentalWarning: SQLite is an experimental feature and might change at any time
# (Use `node --trace-warnings ...` to show where the warning was created)
# Subtest: provider preview HTTP contract, bounds, authentication and unchanged runtime
ok 617 - provider preview HTTP contract, bounds, authentication and unchanged runtime
  ---
  duration_ms: 10683.283459
  type: 'test'
  ...
# (node:36804) ExperimentalWarning: SQLite is an experimental feature and might change at any time
# (Use `node --trace-warnings ...` to show where the warning was created)
# Subtest: openai-completions: real SDK tool loop, stable consecutive prefix, cache usage and restart
ok 618 - openai-completions: real SDK tool loop, stable consecutive prefix, cache usage and restart
  ---
  duration_ms: 1154.626166
  type: 'test'
  ...
# Subtest: openai-responses: real SDK tool loop, stable consecutive prefix, cache usage and restart
ok 619 - openai-responses: real SDK tool loop, stable consecutive prefix, cache usage and restart
  ---
  duration_ms: 621.461
  type: 'test'
  ...
# (node:36885) ExperimentalWarning: SQLite is an experimental feature and might change at any time
# (Use `node --trace-warnings ...` to show where the warning was created)
# Subtest: Provider requirements stay separate from model declarations and endpoint names
ok 620 - Provider requirements stay separate from model declarations and endpoint names
  ---
  duration_ms: 0.964292
  type: 'test'
  ...
# Subtest: Models uses only provider protocols advertised by the Host
ok 621 - Models uses only provider protocols advertised by the Host
  ---
  duration_ms: 0.089208
  type: 'test'
  ...
# Subtest: Provider declaration read is harmless and DeepSeek route validation preserves saved configuration
ok 622 - Provider declaration read is harmless and DeepSeek route validation preserves saved configuration
  ---
  duration_ms: 112.789583
  type: 'test'
  ...
# Subtest: Models presents the reported harness and links tool configuration without inventing an adapter switch
ok 623 - Models presents the reported harness and links tool configuration without inventing an adapter switch
  ---
  duration_ms: 2.872958
  type: 'test'
  ...
# Subtest: fixture no-reasoning protocol cannot gain a native effort field from extra model declarations
ok 624 - fixture no-reasoning protocol cannot gain a native effort field from extra model declarations
  ---
  duration_ms: 0.37175
  type: 'test'
  ...
# Subtest: schema13 upgrade preserves every schema11 pending operation, including missing-record recovery
ok 625 - schema13 upgrade preserves every schema11 pending operation, including missing-record recovery
  ---
  duration_ms: 147.499333
  type: 'test'
  ...
# (node:37156) ExperimentalWarning: SQLite is an experimental feature and might change at any time
# (Use `node --trace-warnings ...` to show where the warning was created)
# Subtest: verify resolves active identity API/endpoint overrides without leaking them to another connection
ok 626 - verify resolves active identity API/endpoint overrides without leaking them to another connection
  ---
  duration_ms: 126.678875
  type: 'test'
  ...
# (node:37440) ExperimentalWarning: SQLite is an experimental feature and might change at any time
# (Use `node --trace-warnings ...` to show where the warning was created)
# Subtest: HYP-01: abort before openQuestion waiter is installed does not hang
ok 627 - HYP-01: abort before openQuestion waiter is installed does not hang
  ---
  duration_ms: 157.116917
  type: 'test'
  ...
# (node:37533) ExperimentalWarning: SQLite is an experimental feature and might change at any time
# (Use `node --trace-warnings ...` to show where the warning was created)
# Subtest: release capability lifecycle: advertise, effect, suspend, restore, and restart stay bound
ok 628 - release capability lifecycle: advertise, effect, suspend, restore, and restart stay bound
  ---
  duration_ms: 2099.602667
  type: 'test'
  ...
# (node:37567) ExperimentalWarning: SQLite is an experimental feature and might change at any time
# (Use `node --trace-warnings ...` to show where the warning was created)
# Subtest: release input binding: initial context and runtime_load keep source identity without granting tools
ok 629 - release input binding: initial context and runtime_load keep source identity without granting tools
  ---
  duration_ms: 603.157
  type: 'test'
  ...
# Subtest: release input binding: compaction cannot expand a replacement binding or rewrite an old one
ok 630 - release input binding: compaction cannot expand a replacement binding or rewrite an old one
  ---
  duration_ms: 490.463125
  type: 'test'
  ...
# Subtest: release input binding: aggregate compiled context is rejected before Run identity exists
ok 631 - release input binding: aggregate compiled context is rejected before Run identity exists
  ---
  duration_ms: 81.353334
  type: 'test'
  ...
# (node:37968) ExperimentalWarning: SQLite is an experimental feature and might change at any time
# (Use `node --trace-warnings ...` to show where the warning was created)
# Subtest: DF06 MCP permission denial records no dispatch intent and reaches no remote effect
ok 632 - DF06 MCP permission denial records no dispatch intent and reaches no remote effect
  ---
  duration_ms: 1038.971917
  type: 'test'
  ...
# Subtest: DF06 cancelling a pending MCP approval ends cancelled without dispatch or effect
ok 633 - DF06 cancelling a pending MCP approval ends cancelled without dispatch or effect
  ---
  duration_ms: 588.402416
  type: 'test'
  ...
# Subtest: DF06 failed MCP result-receipt persistence fences one remote effect and never replays after reopen
ok 634 - DF06 failed MCP result-receipt persistence fences one remote effect and never replays after reopen
  ---
  duration_ms: 1099.468917
  type: 'test'
  ...
# (node:37969) ExperimentalWarning: SQLite is an experimental feature and might change at any time
# (Use `node --trace-warnings ...` to show where the warning was created)
# Subtest: NDA renderer is an exact declared path: missing is 404, present bytes are served, siblings stay private
ok 635 - NDA renderer is an exact declared path: missing is 404, present bytes are served, siblings stay private
  ---
  duration_ms: 838.419209
  type: 'test'
  ...
# (node:37986) ExperimentalWarning: SQLite is an experimental feature and might change at any time
# (Use `node --trace-warnings ...` to show where the warning was created)
# Subtest: host stream observation separates first output/text and preserves terminal identity without claiming TPS
ok 636 - host stream observation separates first output/text and preserves terminal identity without claiming TPS
  ---
  duration_ms: 2.13925
  type: 'test'
  ...
# Subtest: provider-default payload omits generated reasoning controls after the existing callback
ok 637 - provider-default payload omits generated reasoning controls after the existing callback
  ---
  duration_ms: 0.403584
  type: 'test'
  ...
# Subtest: explicit effort uses the declared adapter mapping and provider identity, not endpoint hostname
ok 638 - explicit effort uses the declared adapter mapping and provider identity, not endpoint hostname
  ---
  duration_ms: 0.108792
  type: 'test'
  ...
# Subtest: production compatible registration pins generic reasoning on heuristic-looking loopback paths
ok 639 - production compatible registration pins generic reasoning on heuristic-looking loopback paths
  ---
  duration_ms: 100.046584
  type: 'test'
  ...
# Subtest: capability projection admits only values the selected adapter can encode
ok 640 - capability projection admits only values the selected adapter can encode
  ---
  duration_ms: 0.162875
  type: 'test'
  ...
# Subtest: request telemetry keeps SDK setting provenance and a safe capability snapshot
ok 641 - request telemetry keeps SDK setting provenance and a safe capability snapshot
  ---
  duration_ms: 0.388667
  type: 'test'
  ...
# Subtest: interrupted stream and dispatch error do not report successful usage
ok 642 - interrupted stream and dispatch error do not report successful usage
  ---
  duration_ms: 0.266375
  type: 'test'
  ...
# Subtest: result-only SDK calls still emit a terminal request measurement exactly once
ok 643 - result-only SDK calls still emit a terminal request measurement exactly once
  ---
  duration_ms: 0.121916
  type: 'test'
  ...
# Subtest: provider response identifiers stay separate from runtime identity without forwarding extra metadata
ok 644 - provider response identifiers stay separate from runtime identity without forwarding extra metadata
  ---
  duration_ms: 0.415833
  type: 'test'
  ...
# Subtest: effort is capability checked and recorded by real local SDK requests
ok 645 - effort is capability checked and recorded by real local SDK requests
  ---
  duration_ms: 226.701292
  type: 'test'
  ...
# Subtest: malformed measurement records are omitted before rendering
ok 646 - malformed measurement records are omitted before rendering
  ---
  duration_ms: 0.286208
  type: 'test'
  ...
# Subtest: schema6 migration preserves both global and project sessions
ok 647 - schema6 migration preserves both global and project sessions
  ---
  duration_ms: 100.754208
  type: 'test'
  ...
# Subtest: no ready frame rejects within readyTimeoutMs and reaps the failed worker
ok 648 - no ready frame rejects within readyTimeoutMs and reaps the failed worker
  ---
  duration_ms: 89.658333
  type: 'test'
  ...
# Subtest: a request with no response times out, clears pending, and reaps the transport
ok 649 - a request with no response times out, clears pending, and reaps the transport
  ---
  duration_ms: 136.928375
  type: 'test'
  ...
# Subtest: close ignores a missing close acknowledgement, is bounded, and reaps the worker
ok 650 - close ignores a missing close acknowledgement, is bounded, and reaps the worker
  ---
  duration_ms: 39.17275
  type: 'test'
  ...
# Subtest: a partial response frame is bounded by the request deadline and the transport is reaped
ok 651 - a partial response frame is bounded by the request deadline and the transport is reaped
  ---
  duration_ms: 138.643083
  type: 'test'
  ...
# Subtest: invalid JSON invalidates and reaps the transport
ok 652 - invalid JSON invalidates and reaps the transport
  ---
  duration_ms: 31.19375
  type: 'test'
  ...
# Subtest: an oversized unterminated frame is rejected before unbounded buffering
ok 653 - an oversized unterminated frame is rejected before unbounded buffering
  ---
  duration_ms: 41.910125
  type: 'test'
  ...
# Subtest: stderr is capped while a failed request is cleaned up
ok 654 - stderr is capped while a failed request is cleaned up
  ---
  duration_ms: 135.308208
  type: 'test'
  ...
# Subtest: concurrent starts share one worker and one readiness result
ok 655 - concurrent starts share one worker and one readiness result
  ---
  duration_ms: 31.018708
  type: 'test'
  ...
# Subtest: close during startup rejects start and reaps the child
ok 656 - close during startup rejects start and reaps the child
  ---
  duration_ms: 3.851584
  type: 'test'
  ...
# Subtest: maxPending rejects excess calls and failed transport cleanup leaves no pending entries
ok 657 - maxPending rejects excess calls and failed transport cleanup leaves no pending entries
  ---
  duration_ms: 132.127917
  type: 'test'
  ...
# Subtest: a failed transport can restart after its child has been reaped
ok 658 - a failed transport can restart after its child has been reaped
  ---
  duration_ms: 68.440416
  type: 'test'
  ...
# Subtest: late events from an old generation cannot satisfy or damage the replacement
ok 659 - late events from an old generation cannot satisfy or damage the replacement
  ---
  duration_ms: 184.695
  type: 'test'
  ...
# Subtest: close rejects in-flight admissions, then permits a reaped replacement generation
ok 660 - close rejects in-flight admissions, then permits a reaped replacement generation
  ---
  duration_ms: 64.584625
  type: 'test'
  ...
# Subtest: Runtime11 migrates a real schema10 byte sequence, preserves provider fields, and fences the old host
ok 661 - Runtime11 migrates a real schema10 byte sequence, preserves provider fields, and fences the old host
  ---
  duration_ms: 350.022458
  type: 'test'
  ...
# Subtest: a fixed schema10 host can read an exact schema10 backup in an independent directory
ok 662 - a fixed schema10 host can read an exact schema10 backup in an independent directory
  ---
  duration_ms: 296.925458
  type: 'test'
  ...
# Subtest: Runtime11 pending configuration markers survive reopen and finish durably
ok 663 - Runtime11 pending configuration markers survive reopen and finish durably
  ---
  duration_ms: 140.54825
  type: 'test'
  ...
# Subtest: Runtime11 refuses a malformed pending marker without changing the original bytes
ok 664 - Runtime11 refuses a malformed pending marker without changing the original bytes
  ---
  duration_ms: 99.122292
  type: 'test'
  ...
# (node:38591) ExperimentalWarning: SQLite is an experimental feature and might change at any time
# (Use `node --trace-warnings ...` to show where the warning was created)
# Subtest: Q02 · HTTP/store field boundaries preserve valid Unicode and reject controls without changing files
ok 665 - Q02 · HTTP/store field boundaries preserve valid Unicode and reject controls without changing files
  ---
  duration_ms: 293.293167
  type: 'test'
  ...
# Subtest: Q02 · a 240-character model and 2048-character endpoint survive reopen and keep the execution descriptor
ok 666 - Q02 · a 240-character model and 2048-character endpoint survive reopen and keep the execution descriptor
  ---
  duration_ms: 808.647166
  type: 'test'
  ...
# Subtest: Q02 · registration failure leaves a recoverable record without a ghost provider
ok 667 - Q02 · registration failure leaves a recoverable record without a ghost provider
  ---
  duration_ms: 79.42425
  type: 'test'
  ...
# Subtest: Q02 · a provider store failure can be retried with PUT and does not publish a ghost registration
ok 668 - Q02 · a provider store failure can be retried with PUT and does not publish a ghost registration
  ---
  duration_ms: 71.675584
  type: 'test'
  ...
# Subtest: Q02 · replacing a connection fences the route when the new store write fails, then recovers after restart
ok 669 - Q02 · replacing a connection fences the route when the new store write fails, then recovers after restart
  ---
  duration_ms: 136.988584
  type: 'test'
  ...
# Subtest: Q02 · credential file, runtime key, and generation failures remain inspectable and retryable
    # Subtest: runtime-key
    ok 1 - runtime-key
      ---
      duration_ms: 85.056166
      type: 'test'
      ...
    # Subtest: credential-path
    ok 2 - credential-path
      ---
      duration_ms: 92.812084
      type: 'test'
      ...
    # Subtest: generation
    ok 3 - generation
      ---
      duration_ms: 90.038666
      type: 'test'
      ...
    1..3
ok 670 - Q02 · credential file, runtime key, and generation failures remain inspectable and retryable
  ---
  duration_ms: 268.393458
  type: 'test'
  ...
# Subtest: Q02 · credential_delete explicitly abandons a pending credential_set and clears its key
ok 671 - Q02 · credential_delete explicitly abandons a pending credential_set and clears its key
  ---
  duration_ms: 90.614375
  type: 'test'
  ...
# Subtest: Q02 · a final pending-marker persist failure fences an already-applied credential until the same retry
ok 672 - Q02 · a final pending-marker persist failure fences an already-applied credential until the same retry
  ---
  duration_ms: 88.108167
  type: 'test'
  ...
# Subtest: Q02 · startup skips pending registration/key load, preserves receipt replay, and only same-operation retry clears it
ok 673 - Q02 · startup skips pending registration/key load, preserves receipt replay, and only same-operation retry clears it
  ---
  duration_ms: 373.425333
  type: 'test'
  ...
# Subtest: Q02 · a pending delete with a missing record can be retried to clean credentials
ok 674 - Q02 · a pending delete with a missing record can be retried to clean credentials
  ---
  duration_ms: 161.435584
  type: 'test'
  ...
# Subtest: activity stops on wait, disconnect and terminal state without inventing cancellation acceptance
ok 675 - activity stops on wait, disconnect and terminal state without inventing cancellation acceptance
  ---
  duration_ms: 0.585959
  type: 'test'
  ...
# Subtest: word clock survives polling, announces facts once, and stale callbacks cannot revive old work
ok 676 - word clock survives polling, announces facts once, and stale callbacks cannot revive old work
  ---
  duration_ms: 1.233
  type: 'test'
  ...
# Subtest: Attention can subtract measurement actions without removing the status fact
ok 677 - Attention can subtract measurement actions without removing the status fact
  ---
  duration_ms: 0.49
  type: 'test'
  ...
# Subtest: process phrases follow exact tool/notice lifecycles and never turn prose into a progress claim
ok 678 - process phrases follow exact tool/notice lifecycles and never turn prose into a progress claim
  ---
  duration_ms: 0.152083
  type: 'test'
  ...
# Subtest: Context reads the selected Run only, preserves missing and zero, and never computes capacity usage
ok 679 - Context reads the selected Run only, preserves missing and zero, and never computes capacity usage
  ---
  duration_ms: 15.342291
  type: 'test'
  ...
# (node:38755) ExperimentalWarning: SQLite is an experimental feature and might change at any time
# (Use `node --trace-warnings ...` to show where the warning was created)
# Subtest: BG02-T1: a cancelled, a failed and a restart-unknown Run can each be continued, and the continued Run is unchanged
ok 680 - BG02-T1: a cancelled, a failed and a restart-unknown Run can each be continued, and the continued Run is unchanged
  ---
  duration_ms: 15220.163458
  type: 'test'
  ...
# Subtest: BG02-T1/T7: a Run left in flight by SIGKILL becomes unknown, keeps its lineage and can itself be continued
ok 681 - BG02-T1/T7: a Run left in flight by SIGKILL becomes unknown, keeps its lineage and can itself be continued
  ---
  duration_ms: 15112.17225
  type: 'test'
  ...
# Subtest: BG02-T2: lineage is a chain — a Run that already has a continuation refuses a second one
ok 682 - BG02-T2: lineage is a chain — a Run that already has a continuation refuses a second one
  ---
  duration_ms: 43399.364167
  type: 'test'
  ...
# Subtest: BG02-T3: completed, still-running, foreign/absent and effect-unreconciled targets are each refused
ok 683 - BG02-T3: completed, still-running, foreign/absent and effect-unreconciled targets are each refused
  ---
  duration_ms: 29175.692208
  type: 'test'
  ...
# Subtest: BG02-T4: command identity includes the lineage claim
ok 684 - BG02-T4: command identity includes the lineage claim
  ---
  duration_ms: 29311.435709
  type: 'test'
  ...
# Subtest: BG02-T5: a continuation carries its own input; the earlier prompt is not copied or replayed
ok 685 - BG02-T5: a continuation carries its own input; the earlier prompt is not copied or replayed
  ---
  duration_ms: 14999.414375
  type: 'test'
  ...
# Subtest: BG02-T6: schema 8 upgrades once with an exact backup, and an occupied backup path stops the upgrade
ok 686 - BG02-T6: schema 8 upgrades once with an exact backup, and an occupied backup path stops the upgrade
  ---
  duration_ms: 203.626083
  type: 'test'
  ...
# Subtest: BG02-T6: a schema 11 state with an impossible lineage fails closed, and the schema10 host refuses schema 11 entirely
ok 687 - BG02-T6: a schema 11 state with an impossible lineage fails closed, and the schema10 host refuses schema 11 entirely
  ---
  duration_ms: 420.982125
  type: 'test'
  ...
# Subtest: integration: main schema 9 lineage survives schema 11 provider-connection migration
ok 688 - integration: main schema 9 lineage survives schema 11 provider-connection migration
  ---
  duration_ms: 134.466166
  type: 'test'
  ...
# Subtest: Runtime detail retains each object reading position and focus through a snapshot refresh
ok 689 - Runtime detail retains each object reading position and focus through a snapshot refresh
  ---
  duration_ms: 20.920875
  type: 'test'
  ...
# Subtest: Late recorded-source completion preserves the currently read object position
ok 690 - Late recorded-source completion preserves the currently read object position
  ---
  duration_ms: 11.400833
  type: 'test'
  ...
# Subtest: Changing Session does not carry an old object reading position into the new context
ok 691 - Changing Session does not carry an old object reading position into the new context
  ---
  duration_ms: 7.719917
  type: 'test'
  ...
# Subtest: Permission explanation remains before an already opened long recorded source
ok 692 - Permission explanation remains before an already opened long recorded source
  ---
  duration_ms: 11.838041
  type: 'test'
  ...
# Subtest: Distinct legal resource IDs keep independent DOM relationships and reading positions
ok 693 - Distinct legal resource IDs keep independent DOM relationships and reading positions
  ---
  duration_ms: 14.75725
  type: 'test'
  ...
# Subtest: A pending source read and permission explanation settle independently
ok 694 - A pending source read and permission explanation settle independently
  ---
  duration_ms: 14.361583
  type: 'test'
  ...
# Subtest: A failed source response from a prior Session cannot replace the new read
ok 695 - A failed source response from a prior Session cannot replace the new read
  ---
  duration_ms: 15.793375
  type: 'test'
  ...
# (node:38878) ExperimentalWarning: SQLite is an experimental feature and might change at any time
# (Use `node --trace-warnings ...` to show where the warning was created)
# Subtest: current host context reaches the model without changing user input; capabilities use the installed catalog
ok 696 - current host context reaches the model without changing user input; capabilities use the installed catalog
  ---
  duration_ms: 584.31775
  type: 'test'
  ...
# Subtest: a Run waits for its final event to persist before publishing completion
ok 697 - a Run waits for its final event to persist before publishing completion
  ---
  duration_ms: 500.919791
  type: 'test'
  ...
# Subtest: event persistence failure is reported as runtime failure instead of completion
ok 698 - event persistence failure is reported as runtime failure instead of completion
  ---
  duration_ms: 423.601375
  type: 'test'
  ...
# Subtest: CLI SIGTERM settles a waiting Run and the same data directory reopens
ok 699 - CLI SIGTERM settles a waiting Run and the same data directory reopens
  ---
  duration_ms: 1114.549875
  type: 'test'
  ...
# (node:39023) ExperimentalWarning: SQLite is an experimental feature and might change at any time
# (Use `node --trace-warnings ...` to show where the warning was created)
# Subtest: normal Save completes the intake only after the Host snapshot accepts the resource
ok 700 - normal Save completes the intake only after the Host snapshot accepts the resource
  ---
  duration_ms: 277.873333
  type: 'test'
  ...
# Subtest: a successful banner retry keeps a new scoped draft and focus after a late Host receipt
ok 701 - a successful banner retry keeps a new scoped draft and focus after a late Host receipt
  ---
  duration_ms: 332.778917
  type: 'test'
  ...
# Subtest: if a draft changes after conflict, the explicit retry saves the old reviewed value without clearing the newer edit
ok 702 - if a draft changes after conflict, the explicit retry saves the old reviewed value without clearing the newer edit
  ---
  duration_ms: 272.411041
  type: 'test'
  ...
# Subtest: a second CAS conflict retains the receipt callback for the next explicit retry
ok 703 - a second CAS conflict retains the receipt callback for the next explicit retry
  ---
  duration_ms: 328.986
  type: 'test'
  ...
# Subtest: a late retry receipt from a prior Session cannot replace or finalize the new Session intake
ok 704 - a late retry receipt from a prior Session cannot replace or finalize the new Session intake
  ---
  duration_ms: 317.815667
  type: 'test'
  ...
# Subtest: active-run guidance is visible in the real Tools and Skills Settings groups
ok 705 - active-run guidance is visible in the real Tools and Skills Settings groups
  ---
  duration_ms: 619.251791
  type: 'test'
  ...
# Subtest: Tools and Skills keep the HTTP read cause and last confirmed revision visible
ok 706 - Tools and Skills keep the HTTP read cause and last confirmed revision visible
  ---
  duration_ms: 115.618875
  type: 'test'
  ...
# Subtest: the real Tools Settings group exposes its filtered CAS retry and applies it explicitly
ok 707 - the real Tools Settings group exposes its filtered CAS retry and applies it explicitly
  ---
  duration_ms: 209.4425
  type: 'test'
  ...
# (node:39168) ExperimentalWarning: SQLite is an experimental feature and might change at any time
# (Use `node --trace-warnings ...` to show where the warning was created)
# Subtest: MCP intake validates without connecting and saves an unexposed resource in the selected scope
ok 708 - MCP intake validates without connecting and saves an unexposed resource in the selected scope
  ---
  duration_ms: 9.851583
  type: 'test'
  ...
# Subtest: Changed source cannot use stale validation and failed save retains its draft
ok 709 - Changed source cannot use stale validation and failed save retains its draft
  ---
  duration_ms: 20.661208
  type: 'test'
  ...
# Subtest: Late validation cannot populate a new Session draft; active runs disable saves
ok 710 - Late validation cannot populate a new Session draft; active runs disable saves
  ---
  duration_ms: 2.198291
  type: 'test'
  ...
# Subtest: New Skill exposure is atomic, survives restart, and can be enabled independently
ok 711 - New Skill exposure is atomic, survives restart, and can be enabled independently
  ---
  duration_ms: 222.110083
  type: 'test'
  ...
# Subtest: Skill file reads invalidate previews even when a later directory selection is invalid
ok 712 - Skill file reads invalidate previews even when a later directory selection is invalid
  ---
  duration_ms: 11.810458
  type: 'test'
  ...
# Subtest: instruction shares the reviewed, unexposed intake path without Skill-only fields
ok 713 - instruction shares the reviewed, unexposed intake path without Skill-only fields
  ---
  duration_ms: 6.637375
  type: 'test'
  ...
# Subtest: reference shares the reviewed, unexposed intake path without Skill-only fields
ok 714 - reference shares the reviewed, unexposed intake path without Skill-only fields
  ---
  duration_ms: 7.514083
  type: 'test'
  ...
# Subtest: prompt_template shares the reviewed, unexposed intake path without Skill-only fields
ok 715 - prompt_template shares the reviewed, unexposed intake path without Skill-only fields
  ---
  duration_ms: 7.019833
  type: 'test'
  ...
# Subtest: Switching resource types keeps independent drafts and cannot reuse another type preview
ok 716 - Switching resource types keeps independent drafts and cannot reuse another type preview
  ---
  duration_ms: 7.647042
  type: 'test'
  ...
# Subtest: Text resource intake resolves and persists all three kinds without model admission
ok 717 - Text resource intake resolves and persists all three kinds without model admission
  ---
  duration_ms: 84.791708
  type: 'test'
  ...
# Subtest: runtime projection: parent/profile gates are explanations, not removable overrides
ok 718 - runtime projection: parent/profile gates are explanations, not removable overrides
  ---
  duration_ms: 0.520625
  type: 'test'
  ...
# Subtest: runtime projection: historical counts stay partial; new catalogs count admitted text only
ok 719 - runtime projection: historical counts stay partial; new catalogs count admitted text only
  ---
  duration_ms: 0.074916
  type: 'test'
  ...
# (node:39315) ExperimentalWarning: SQLite is an experimental feature and might change at any time
# (Use `node --trace-warnings ...` to show where the warning was created)
# Subtest: BE-5: POST /runtime-sources/resolve returns exact UTF-8 identity for all six inline kinds; provenance stays unverified and nothing is imported
ok 720 - BE-5: POST /runtime-sources/resolve returns exact UTF-8 identity for all six inline kinds; provenance stays unverified and nothing is imported
  ---
  duration_ms: 121.507209
  type: 'test'
  ...
# Subtest: BE-5: token, origin, content-type and body-size guards plus malformed/extra-field input follow the existing host boundaries
ok 721 - BE-5: token, origin, content-type and body-size guards plus malformed/extra-field input follow the existing host boundaries
  ---
  duration_ms: 194.9505
  type: 'test'
  ...
# Subtest: BE-5: every locator kind stays explicitly unsupported over real HTTP with an exact echo, and no content identity is invented
ok 722 - BE-5: every locator kind stays explicitly unsupported over real HTTP with an exact echo, and no content identity is invented
  ---
  duration_ms: 81.816375
  type: 'test'
  ...
# Subtest: BE-5: an isolated child probe proves locator and inline MCP resolution performs no file read, socket connect, HTTP request, fetch or child process
ok 723 - BE-5: an isolated child probe proves locator and inline MCP resolution performs no file read, socket connect, HTTP request, fetch or child process
  ---
  duration_ms: 853.904125
  type: 'test'
  ...
# Subtest: BE-5: pure resolution stays available during an active Run while config, disk, revision and the Run binding remain unchanged and nothing imports
ok 724 - BE-5: pure resolution stays available during an active Run while config, disk, revision and the Run binding remain unchanged and nothing imports
  ---
  duration_ms: 601.022792
  type: 'test'
  ...
# Subtest: BE-5: the service seam mirrors the pure resolver and adapts its 400s to the host error shape
ok 725 - BE-5: the service seam mirrors the pure resolver and adapts its 400s to the host error shape
  ---
  duration_ms: 83.084833
  type: 'test'
  ...
# Subtest: attention: a healthy snapshot produces an empty list, not a hidden one
ok 726 - attention: a healthy snapshot produces an empty list, not a hidden one
  ---
  duration_ms: 0.698042
  type: 'test'
  ...
# Subtest: attention: health, diagnostics, ask permissions, trust and missing ids each raise one entry
ok 727 - attention: health, diagnostics, ask permissions, trust and missing ids each raise one entry
  ---
  duration_ms: 0.295667
  type: 'test'
  ...
# Subtest: contrast: the ratio is WCAG 2.x and the extremes are exact
ok 728 - contrast: the ratio is WCAG 2.x and the extremes are exact
  ---
  duration_ms: 0.127667
  type: 'test'
  ...
# Subtest: contrast: the browser warning checks exactly the build report pairs
ok 729 - contrast: the browser warning checks exactly the build report pairs
  ---
  duration_ms: 0.531459
  type: 'test'
  ...
# Subtest: RuntimeStore persists schemaVersion 13 session/run fields and the canonical user event
ok 730 - RuntimeStore persists schemaVersion 13 session/run fields and the canonical user event
  ---
  duration_ms: 116.000834
  type: 'test'
  ...
# Subtest: RuntimeStore createRun is idempotent by commandId and rejects a conflicting replay
ok 731 - RuntimeStore createRun is idempotent by commandId and rejects a conflicting replay
  ---
  duration_ms: 57.053708
  type: 'test'
  ...
# Subtest: RuntimeStore rejects an older schemaVersion file with no migration and does not rewrite it
ok 732 - RuntimeStore rejects an older schemaVersion file with no migration and does not rewrite it
  ---
  duration_ms: 94.3235
  type: 'test'
  ...
# Subtest: T-CRED-6: credentialGeneration is persisted and keeps increasing across a reopen
ok 733 - T-CRED-6: credentialGeneration is persisted and keeps increasing across a reopen
  ---
  duration_ms: 96.055209
  type: 'test'
  ...
# Subtest: copy guard rejects default record nouns and allows verbs, user values and disclosed diagnostics
ok 734 - copy guard rejects default record nouns and allows verbs, user values and disclosed diagnostics
  ---
  duration_ms: 17.960875
  type: 'test'
  ...
# Subtest: raw consumer guard rejects new, duplicated and stale literal consumers
ok 735 - raw consumer guard rejects new, duplicated and stale literal consumers
  ---
  duration_ms: 0.631666
  type: 'test'
  ...
# Subtest: actual raw consumers and Pages cross-map remain registered
ok 736 - actual raw consumers and Pages cross-map remain registered
  ---
  duration_ms: 21.991875
  type: 'test'
  ...
# Subtest: CC-S · settings-active 时侧栏不渲染，而不是只被藏起来
ok 737 - CC-S · settings-active 时侧栏不渲染，而不是只被藏起来
  ---
  duration_ms: 0.658875
  type: 'test'
  ...
# Subtest: CC-S · Back to app 是唯一的离开动作，落在页标题行左端
ok 738 - CC-S · Back to app 是唯一的离开动作，落在页标题行左端
  ---
  duration_ms: 0.239625
  type: 'test'
  ...
# Subtest: CC-S · 设置的两列有自己的几何 token，不借 --nav 的列轨
ok 739 - CC-S · 设置的两列有自己的几何 token，不借 --nav 的列轨
  ---
  duration_ms: 0.367834
  type: 'test'
  ...
# Subtest: WK-115 ① · 第六个状态词是 Unknown，Interrupted 只在明确的终态上出现
ok 740 - WK-115 ① · 第六个状态词是 Unknown，Interrupted 只在明确的终态上出现
  ---
  duration_ms: 0.847542
  type: 'test'
  ...
# Subtest: WK-115 ② · Home / End 是纯导航键，且只在焦点已在列表里时接管
ok 741 - WK-115 ② · Home / End 是纯导航键，且只在焦点已在列表里时接管
  ---
  duration_ms: 0.308917
  type: 'test'
  ...
# Subtest: WK-115 ② · 两条列表各自 role=list，不合并
ok 742 - WK-115 ② · 两条列表各自 role=list，不合并
  ---
  duration_ms: 0.207042
  type: 'test'
  ...
# Subtest: WK-116 · 改约已落在文档里，不是一次 CSS 修复
ok 743 - WK-116 · 改约已落在文档里，不是一次 CSS 修复
  ---
  duration_ms: 0.115459
  type: 'test'
  ...
# Subtest: Host-owned profile exposure is text while configurable resources retain a switch
ok 744 - Host-owned profile exposure is text while configurable resources retain a switch
  ---
  duration_ms: 4.607167
  type: 'test'
  ...
# Subtest: Plugins shows owner states without inventing a host lifecycle switch or duplicate tool row
ok 745 - Plugins shows owner states without inventing a host lifecycle switch or duplicate tool row
  ---
  duration_ms: 0.739291
  type: 'test'
  ...
# Subtest: Plugins preserves active-run restrictions and reports empty and failed reads
ok 746 - Plugins preserves active-run restrictions and reports empty and failed reads
  ---
  duration_ms: 6.275584
  type: 'test'
  ...
# Subtest: 一组完整的 Tier S token 通过，并被规范成可以直接落进样式表的声明
ok 747 - 一组完整的 Tier S token 通过，并被规范成可以直接落进样式表的声明
  ---
  duration_ms: 1.275792
  type: 'test'
  ...
# Subtest: 旧 gray-steel 全量块仍可读取，但新外观格式不接受其固定语义键
ok 748 - 旧 gray-steel 全量块仍可读取，但新外观格式不接受其固定语义键
  ---
  duration_ms: 0.760084
  type: 'test'
  ...
# Subtest: 产品内的 gray-steel 与 skins/gray-steel.css 逐字相同：两处不许漂移
ok 749 - 产品内的 gray-steel 与 skins/gray-steel.css 逐字相同：两处不许漂移
  ---
  duration_ms: 0.706042
  type: 'test'
  ...
# Subtest: 不是既有 token 名的声明被逐行拒绝，整组不落地
ok 750 - 不是既有 token 名的声明被逐行拒绝，整组不落地
  ---
  duration_ms: 0.109333
  type: 'test'
  ...
# Subtest: 颜色 token 只接受 hex：命名色、函数与变量都不行
ok 751 - 颜色 token 只接受 hex：命名色、函数与变量都不行
  ---
  duration_ms: 0.223458
  type: 'test'
  ...
# Subtest: url( · expression · @import · 转义 · 标记这些形状先于逐行解析被拒绝
ok 752 - url( · expression · @import · 转义 · 标记这些形状先于逐行解析被拒绝
  ---
  duration_ms: 0.07875
  type: 'test'
  ...
# Subtest: 半套色阶被拒绝，并把缺的名字说出来
ok 753 - 半套色阶被拒绝，并把缺的名字说出来
  ---
  duration_ms: 0.066042
  type: 'test'
  ...
# Subtest: 行号指回原文，一次报完所有问题
ok 754 - 行号指回原文，一次报完所有问题
  ---
  duration_ms: 0.0675
  type: 'test'
  ...
# Subtest: legacy 数值可读，但新外观许可域拒绝材质参数
ok 755 - legacy 数值可读，但新外观许可域拒绝材质参数
  ---
  duration_ms: 0.433917
  type: 'test'
  ...
# Subtest: 一次只收一个块：粘贴整份 skin 文件被拒绝而不是只应用第一段
ok 756 - 一次只收一个块：粘贴整份 skin 文件被拒绝而不是只应用第一段
  ---
  duration_ms: 0.325625
  type: 'test'
  ...
# Subtest: 空输入与超长输入各有自己的话，不是同一句错误
ok 757 - 空输入与超长输入各有自己的话，不是同一句错误
  ---
  duration_ms: 0.112916
  type: 'test'
  ...
# Subtest: 代码字体只收字体族名，收不下分号与括号
ok 758 - 代码字体只收字体族名，收不下分号与括号
  ---
  duration_ms: 0.089709
  type: 'test'
  ...
# Subtest: 读偏好只认闭集里的值：坏掉的存储读成默认，不是读成垃圾
ok 759 - 读偏好只认闭集里的值：坏掉的存储读成默认，不是读成垃圾
  ---
  duration_ms: 0.090833
  type: 'test'
  ...
# Subtest: Home 版面偏好是闭集：默认 Modules，坏值读回 Modules 而不是读成第三种版面
ok 760 - Home 版面偏好是闭集：默认 Modules，坏值读回 Modules 而不是读成第三种版面
  ---
  duration_ms: 0.084417
  type: 'test'
  ...
# Subtest: Home 模块只安装有既定读取接缝的 Activity 与 Attention
ok 761 - Home 模块只安装有既定读取接缝的 Activity 与 Attention
  ---
  duration_ms: 0.141292
  type: 'test'
  ...
# Subtest: Models 模块不复述 composer chip 的事实：它没有自己的读取
ok 762 - Models 模块不复述 composer chip 的事实：它没有自己的读取
  ---
  duration_ms: 0.092875
  type: 'test'
  ...
# Subtest: 页面的十个组是闭集，未知的节名落回 General
ok 763 - 页面的十个组是闭集，未知的节名落回 General
  ---
  duration_ms: 0.052375
  type: 'test'
  ...
# Subtest: CC-I · provenance 的词表今日是闭集的两个词，判定是与 owner 默认值的字面比较
ok 764 - CC-I · provenance 的词表今日是闭集的两个词，判定是与 owner 默认值的字面比较
  ---
  duration_ms: 0.056083
  type: 'test'
  ...
# Subtest: CC-I · 默认态：provenance 是 Default，复位不呈现
ok 765 - CC-I · 默认态：provenance 是 Default，复位不呈现
  ---
  duration_ms: 0.527875
  type: 'test'
  ...
# Subtest: CC-I · 改一项之后翻为 Changed on this device，复位可用且可达名字带属性名
ok 766 - CC-I · 改一项之后翻为 Changed on this device，复位可用且可达名字带属性名
  ---
  duration_ms: 0.17475
  type: 'test'
  ...
# Subtest: CC-I · 复位：值回默认、provenance 回 Default、焦点落在本行控件上、有一条可播报的回执
ok 767 - CC-I · 复位：值回默认、provenance 回 Default、焦点落在本行控件上、有一条可播报的回执
  ---
  duration_ms: 1.425542
  type: 'test'
  ...
# Subtest: CC-I · 复位之后的下一次改值作废那条回执，回执不是一条会留在页面上的旧话
ok 768 - CC-I · 复位之后的下一次改值作废那条回执，回执不是一条会留在页面上的旧话
  ---
  duration_ms: 0.195417
  type: 'test'
  ...
# Subtest: CC-I · 没有 owner 默认值的行一个字都不多：同一个函数，不长出这三样
ok 769 - CC-I · 没有 owner 默认值的行一个字都不多：同一个函数，不长出这三样
  ---
  duration_ms: 0.164916
  type: 'test'
  ...
# Subtest: CC-I · provenance 挂在控件上，读屏听得到它而不是一段孤立的文字
ok 770 - CC-I · provenance 挂在控件上，读屏听得到它而不是一段孤立的文字
  ---
  duration_ms: 0.093125
  type: 'test'
  ...
# Subtest: CC-I · Code font：未提交的编辑不是 modified，提交后才是，校验失败不改 provenance
ok 771 - CC-I · Code font：未提交的编辑不是 modified，提交后才是，校验失败不改 provenance
  ---
  duration_ms: 0.444875
  type: 'test'
  ...
# Subtest: CC-I · Palette 选了 Custom tokens 但没 Apply 不算 changed：provenance 读生效值不读草稿
ok 772 - CC-I · Palette 选了 Custom tokens 但没 Apply 不算 changed：provenance 读生效值不读草稿
  ---
  duration_ms: 0.321625
  type: 'test'
  ...
# Subtest: CC-I · appearance keeps no value controls; only the provider context window is numeric
ok 773 - CC-I · appearance keeps no value controls; only the provider context window is numeric
  ---
  duration_ms: 1.3575
  type: 'test'
  ...
# Subtest: failed browser storage keeps the active projection but exposes session-only persistence
ok 774 - failed browser storage keeps the active projection but exposes session-only persistence
  ---
  duration_ms: 0.1445
  type: 'test'
  ...
# lint-shapes: 1 处违反 WK-128
# lint-shapes: 1 处违反 WK-128
# lint-shapes: 1 处违反 WK-128
# Subtest: 产品样式表通过形状 lint
ok 775 - 产品样式表通过形状 lint
  ---
  duration_ms: 46.418916
  type: 'test'
  ...
# Subtest: 满弧写成 50% 会被拒绝，并指回 --radius-pill
ok 776 - 满弧写成 50% 会被拒绝，并指回 --radius-pill
  ---
  duration_ms: 30.80225
  type: 'test'
  ...
# Subtest: 组件私有的游离圆角会被拒绝
ok 777 - 组件私有的游离圆角会被拒绝
  ---
  duration_ms: 34.091083
  type: 'test'
  ...
# Subtest: 不建立在形状角色上的表达式会被拒绝，派生式与多角声明通过
ok 778 - 不建立在形状角色上的表达式会被拒绝，派生式与多角声明通过
  ---
  duration_ms: 67.026875
  type: 'test'
  ...
# Subtest: 登记表内的形状按登记放行
ok 779 - 登记表内的形状按登记放行
  ---
  duration_ms: 34.609708
  type: 'test'
  ...
# Subtest: native chrome accepts bounded geometry and rejects arbitrary or invalid injection
ok 780 - native chrome accepts bounded geometry and rejects arbitrary or invalid injection
  ---
  duration_ms: 0.726584
  type: 'test'
  ...
# Subtest: host geometry updates and fullscreen/native nonoverlay remove reservations without adding a strip
ok 781 - host geometry updates and fullscreen/native nonoverlay remove reservations without adding a strip
  ---
  duration_ms: 0.215083
  type: 'test'
  ...
# Subtest: legacy values remain readable while projection ignores semantic and material keys
ok 782 - legacy values remain readable while projection ignores semantic and material keys
  ---
  duration_ms: 2.565833
  type: 'test'
  ...
# Subtest: unknown, semantic, and material declarations cannot enter the modern skin
ok 783 - unknown, semantic, and material declarations cannot enter the modern skin
  ---
  duration_ms: 1.374667
  type: 'test'
  ...
# Subtest: first paint retains raw storage but writes only canonical projected CSS
ok 784 - first paint retains raw storage but writes only canonical projected CSS
  ---
  duration_ms: 1.344334
  type: 'test'
  ...
# Subtest: a legal input over 4000 bytes and under 8000 bytes projects identically at first paint
ok 785 - a legal input over 4000 bytes and under 8000 bytes projects identically at first paint
  ---
  duration_ms: 2.655083
  type: 'test'
  ...
# Subtest: the policy is a synchronous classic script before the first-frame bootstrap
ok 786 - the policy is a synchronous classic script before the first-frame bootstrap
  ---
  duration_ms: 0.5165
  type: 'test'
  ...
# Subtest: Dystopia uses one closed preference registry and unknown choices fall back
ok 787 - Dystopia uses one closed preference registry and unknown choices fall back
  ---
  duration_ms: 1.050417
  type: 'test'
  ...
# Subtest: Dystopia is exactly the permitted opaque appearance scale in both modes
ok 788 - Dystopia is exactly the permitted opaque appearance scale in both modes
  ---
  duration_ms: 0.825167
  type: 'test'
  ...
# Subtest: MR-A1a: meta contract — version, units and byte limit are explicit
ok 789 - MR-A1a: meta contract — version, units and byte limit are explicit
  ---
  duration_ms: 0.795334
  type: 'test'
  ...
# Subtest: MR-A1a: plain ASCII — counts, hash and identity conversions
ok 790 - MR-A1a: plain ASCII — counts, hash and identity conversions
  ---
  duration_ms: 0.694833
  type: 'test'
  ...
# Subtest: MR-A1a: empty content is allowed and every offset except 0 is rejected
ok 791 - MR-A1a: empty content is allowed and every offset except 0 is rejected
  ---
  duration_ms: 0.27975
  type: 'test'
  ...
# Subtest: MR-A1a: BOM is preserved, counted as one code point, never stripped
ok 792 - MR-A1a: BOM is preserved, counted as one code point, never stripped
  ---
  duration_ms: 0.203583
  type: 'test'
  ...
# Subtest: MR-A1a: CRLF and trailing newline are literal code points, not normalized
ok 793 - MR-A1a: CRLF and trailing newline are literal code points, not normalized
  ---
  duration_ms: 0.077916
  type: 'test'
  ...
# Subtest: MR-A1a: combining characters are preserved; no Unicode normalization happens
ok 794 - MR-A1a: combining characters are preserved; no Unicode normalization happens
  ---
  duration_ms: 0.279708
  type: 'test'
  ...
# Subtest: MR-A1a: emoji/astral — surrogate-pair interiors are rejected, never snapped
ok 795 - MR-A1a: emoji/astral — surrogate-pair interiors are rejected, never snapped
  ---
  duration_ms: 0.3205
  type: 'test'
  ...
# Subtest: MR-A1a: strict UTF-8 — malformed and truncated input is rejected with invalid_utf8
ok 796 - MR-A1a: strict UTF-8 — malformed and truncated input is rejected with invalid_utf8
  ---
  duration_ms: 0.3205
  type: 'test'
  ...
# Subtest: MR-A1a: size boundaries — 65536 bytes accepted, 65537 rejected as source_too_large
ok 797 - MR-A1a: size boundaries — 65536 bytes accepted, 65537 rejected as source_too_large
  ---
  duration_ms: 6.359791
  type: 'test'
  ...
# Subtest: MR-A1a: offset validation — unsafe integers, wrong ranges and bad units
ok 798 - MR-A1a: offset validation — unsafe integers, wrong ranges and bad units
  ---
  duration_ms: 1.044166
  type: 'test'
  ...
# Subtest: MR-A1a: input is copied — later mutation never reaches the built coordinates
ok 799 - MR-A1a: input is copied — later mutation never reaches the built coordinates
  ---
  duration_ms: 0.381708
  type: 'test'
  ...
# Subtest: MR-A1a: Buffer and offset views are accepted and measured by their own bytes
ok 800 - MR-A1a: Buffer and offset views are accepted and measured by their own bytes
  ---
  duration_ms: 0.212666
  type: 'test'
  ...
# Subtest: MR-A1a: wrong input types are a caller contract violation (TypeError)
ok 801 - MR-A1a: wrong input types are a caller contract violation (TypeError)
  ---
  duration_ms: 0.194417
  type: 'test'
  ...
# Subtest: MR-A1a: returned object is frozen; output metadata edits cannot pollute conversions
ok 802 - MR-A1a: returned object is frozen; output metadata edits cannot pollute conversions
  ---
  duration_ms: 0.151834
  type: 'test'
  ...
# Subtest: MR-A1a: repeated builds are deterministic and independent of each other
ok 803 - MR-A1a: repeated builds are deterministic and independent of each other
  ---
  duration_ms: 0.061417
  type: 'test'
  ...
# Subtest: MR-A1a: fixture corpus parity — module equals the independent oracle and the static expectations
ok 804 - MR-A1a: fixture corpus parity — module equals the independent oracle and the static expectations
  ---
  duration_ms: 7.947625
  type: 'test'
  ...
# Subtest: MR-A1a: NUL and control characters are ordinary code points, never trimmed
ok 805 - MR-A1a: NUL and control characters are ordinary code points, never trimmed
  ---
  duration_ms: 0.08
  type: 'test'
  ...
# Subtest: MR-A1a integration: spoofed non-byte views are rejected by internal type
ok 806 - MR-A1a integration: spoofed non-byte views are rejected by internal type
  ---
  duration_ms: 0.065667
  type: 'test'
  ...
# Subtest: MR-A1a integration: invalid unit errors never coerce caller objects
ok 807 - MR-A1a integration: invalid unit errors never coerce caller objects
  ---
  duration_ms: 0.098208
  type: 'test'
  ...
# Subtest: R2: six inline kinds resolve without changing config, then explicit imports preserve exact bytes
ok 808 - R2: six inline kinds resolve without changing config, then explicit imports preserve exact bytes
  ---
  duration_ms: 14.283208
  type: 'test'
  ...
# Subtest: R2: hashes bind bytes and interpretation; origin is only a caller assertion and outputs own their data
ok 809 - R2: hashes bind bytes and interpretation; origin is only a caller assertion and outputs own their data
  ---
  duration_ms: 0.307958
  type: 'test'
  ...
# Subtest: R2: skill/profile declarations remain unverified requirements without new capabilities
ok 810 - R2: skill/profile declarations remain unverified requirements without new capabilities
  ---
  duration_ms: 0.336709
  type: 'test'
  ...
# Subtest: R2: MCP and locators never fetch, connect or read their declared target
ok 811 - R2: MCP and locators never fetch, connect or read their declared target
  ---
  duration_ms: 0.120708
  type: 'test'
  ...
# Subtest: R2: malformed, executable and ambiguous sources cannot be silently reinterpreted
ok 812 - R2: malformed, executable and ambiguous sources cannot be silently reinterpreted
  ---
  duration_ms: 0.446125
  type: 'test'
  ...
# Subtest: R2: invalid YAML and cyclic projected metadata fail before config persistence
ok 813 - R2: invalid YAML and cyclic projected metadata fail before config persistence
  ---
  duration_ms: 9.106042
  type: 'test'
  ...
# (node:39615) ExperimentalWarning: SQLite is an experimental feature and might change at any time
# (Use `node --trace-warnings ...` to show where the warning was created)
# Subtest: BE41-B accepts source FILE zero and replacement rollback without accepting identical or negative versions
ok 814 - BE41-B accepts source FILE zero and replacement rollback without accepting identical or negative versions
  ---
  duration_ms: 0.962625
  type: 'test'
  ...
# Subtest: BE41-B binds live empty pages to the top token and rejects contradictory or malformed top tokens
ok 815 - BE41-B binds live empty pages to the top token and rejects contradictory or malformed top tokens
  ---
  duration_ms: 0.529083
  type: 'test'
  ...
# Subtest: BE41-B paginator sends exact snapshot; changed snapshot refresh starts at page zero without old token
ok 816 - BE41-B paginator sends exact snapshot; changed snapshot refresh starts at page zero without old token
  ---
  duration_ms: 6.144917
  type: 'test'
  ...
# Subtest: BE41-B late pagination cannot replace a closed and reopened read
ok 817 - BE41-B late pagination cannot replace a closed and reopened read
  ---
  duration_ms: 3.337833
  type: 'test'
  ...
# Subtest: BE41-B actual authenticated empty endpoint projects with its live top token
ok 818 - BE41-B actual authenticated empty endpoint projects with its live top token
  ---
  duration_ms: 188.586083
  type: 'test'
  ...
# Subtest: BE41-B a live snapshot rejection discards explicit sample and exposes Refresh
ok 819 - BE41-B a live snapshot rejection discards explicit sample and exposes Refresh
  ---
  duration_ms: 1.725791
  type: 'test'
  ...
# Subtest: SP1-FE · stale.json validates: one Matter behind, one fully current, sharing a snapshot
ok 820 - SP1-FE · stale.json validates: one Matter behind, one fully current, sharing a snapshot
  ---
  duration_ms: 1.65625
  type: 'test'
  ...
# Subtest: SP1-FE · quiet.json validates: every Matter current, no prompt-worthy bucket
ok 821 - SP1-FE · quiet.json validates: every Matter current, no prompt-worthy bucket
  ---
  duration_ms: 0.267875
  type: 'test'
  ...
# Subtest: SP1-FE · empty.json validates: no Matters, page.total 0
ok 822 - SP1-FE · empty.json validates: no Matters, page.total 0
  ---
  duration_ms: 0.165583
  type: 'test'
  ...
# Subtest: SP1-FE · partial.json validates: unavailable Matter keeps null counts, not zero
ok 823 - SP1-FE · partial.json validates: unavailable Matter keeps null counts, not zero
  ---
  duration_ms: 0.288125
  type: 'test'
  ...
# Subtest: SP1-FE · truncated.json validates: 20 refs loaded, true count stated separately
ok 824 - SP1-FE · truncated.json validates: 20 refs loaded, true count stated separately
  ---
  duration_ms: 0.303125
  type: 'test'
  ...
# Subtest: SP1-FE · a 0 where a non-observed Matter must publish null is rejected, not read as zero
ok 825 - SP1-FE · a 0 where a non-observed Matter must publish null is rejected, not read as zero
  ---
  duration_ms: 0.173959
  type: 'test'
  ...
# Subtest: SP1-FE · an observed Matter reporting stale:null instead of a real zero is rejected
ok 826 - SP1-FE · an observed Matter reporting stale:null instead of a real zero is rejected
  ---
  duration_ms: 0.081416
  type: 'test'
  ...
# Subtest: SP1-FE · a genuine zero-stale Matter is accepted and stays a real, distinct zero
ok 827 - SP1-FE · a genuine zero-stale Matter is accepted and stays a real, distinct zero
  ---
  duration_ms: 0.168667
  type: 'test'
  ...
# Subtest: SP1-FE · staleRefsTruncated true with fewer than 20 loaded refs is rejected
ok 828 - SP1-FE · staleRefsTruncated true with fewer than 20 loaded refs is rejected
  ---
  duration_ms: 0.351458
  type: 'test'
  ...
# Subtest: SP1-FE · staleRefsTruncated false while refs fall short of the stated stale count is rejected
ok 829 - SP1-FE · staleRefsTruncated false while refs fall short of the stated stale count is rejected
  ---
  duration_ms: 0.330375
  type: 'test'
  ...
# Subtest: SP1-FE · more than the 20-ref page ceiling is rejected outright
ok 830 - SP1-FE · more than the 20-ref page ceiling is rejected outright
  ---
  duration_ms: 0.192583
  type: 'test'
  ...
# Subtest: SP1-FE · two Matters in one page reporting different snapshotRefs is rejected
ok 831 - SP1-FE · two Matters in one page reporting different snapshotRefs is rejected
  ---
  duration_ms: 0.093042
  type: 'test'
  ...
# Subtest: SP1-FE · sameSnapshot refuses to confirm consistency across a null snapshot
ok 832 - SP1-FE · sameSnapshot refuses to confirm consistency across a null snapshot
  ---
  duration_ms: 0.05025
  type: 'test'
  ...
# Subtest: SP1-FE · wrong schemaVersion is rejected
ok 833 - SP1-FE · wrong schemaVersion is rejected
  ---
  duration_ms: 0.060375
  type: 'test'
  ...
# Subtest: SP1-FE · a stale ref not actually behind the Matter's source revision is rejected
ok 834 - SP1-FE · a stale ref not actually behind the Matter's source revision is rejected
  ---
  duration_ms: 0.058042
  type: 'test'
  ...
# Subtest: SP1-FE · byStatus counts that don't sum to derivations.current/stale are rejected
ok 835 - SP1-FE · byStatus counts that don't sum to derivations.current/stale are rejected
  ---
  duration_ms: 0.052125
  type: 'test'
  ...
# Subtest: SP1-FE · an observed Matter must not carry a reason
ok 836 - SP1-FE · an observed Matter must not carry a reason
  ---
  duration_ms: 0.050084
  type: 'test'
  ...
# Subtest: SP1-FE · a partial Matter must carry a reason
ok 837 - SP1-FE · a partial Matter must carry a reason
  ---
  duration_ms: 0.046667
  type: 'test'
  ...
# Subtest: SP1-FE · sourceSetChange with a non-increasing revision pair is rejected
ok 838 - SP1-FE · sourceSetChange with a non-increasing revision pair is rejected
  ---
  duration_ms: 0.052834
  type: 'test'
  ...
# Subtest: SP1-FE · a missing sourceSetChange key (vs. an explicit null) is rejected
ok 839 - SP1-FE · a missing sourceSetChange key (vs. an explicit null) is rejected
  ---
  duration_ms: 0.0625
  type: 'test'
  ...
# Subtest: SP1-FE · duplicate matterId within one page is rejected
ok 840 - SP1-FE · duplicate matterId within one page is rejected
  ---
  duration_ms: 0.060333
  type: 'test'
  ...
# Subtest: SP1-FE · page bounds exceeding the reported total are rejected
ok 841 - SP1-FE · page bounds exceeding the reported total are rejected
  ---
  duration_ms: 0.048
  type: 'test'
  ...
# Subtest: SP1-FE · coverage.matters partial without a machine-readable reason is rejected
ok 842 - SP1-FE · coverage.matters partial without a machine-readable reason is rejected
  ---
  duration_ms: 0.044917
  type: 'test'
  ...
# Subtest: SP1-FE · a non-object payload, and a missing top-level field, are both rejected
ok 843 - SP1-FE · a non-object payload, and a missing top-level field, are both rejected
  ---
  duration_ms: 0.052792
  type: 'test'
  ...
# Subtest: SP1-FE · activityRows narrows to one candidate status without reordering
ok 844 - SP1-FE · activityRows narrows to one candidate status without reordering
  ---
  duration_ms: 0.176292
  type: 'test'
  ...
# Subtest: SP1-FE · truncationNote is null once every stale ref for a Matter is loaded
ok 845 - SP1-FE · truncationNote is null once every stale ref for a Matter is loaded
  ---
  duration_ms: 0.066708
  type: 'test'
  ...
# Subtest: Spark route selects a stable bound owner and opens the existing Work preview
ok 846 - Spark route selects a stable bound owner and opens the existing Work preview
  ---
  duration_ms: 9.764208
  type: 'test'
  ...
# Subtest: Spark route cannot manufacture a Work session for an unbound Matter
ok 847 - Spark route cannot manufacture a Work session for an unbound Matter
  ---
  duration_ms: 0.391416
  type: 'test'
  ...
# Subtest: a newer navigation cancels a pending Spark owner lookup
ok 848 - a newer navigation cancels a pending Spark owner lookup
  ---
  duration_ms: 0.362792
  type: 'test'
  ...
# Subtest: a newer navigation cancels Spark Work activation after session selection
ok 849 - a newer navigation cancels Spark Work activation after session selection
  ---
  duration_ms: 0.294875
  type: 'test'
  ...
# Subtest: Spark revalidates the loaded session binding before activating Work
ok 850 - Spark revalidates the loaded session binding before activating Work
  ---
  duration_ms: 0.396542
  type: 'test'
  ...
# Subtest: Spark does not activate Work when the selected session failed to load
ok 851 - Spark does not activate Work when the selected session failed to load
  ---
  duration_ms: 0.279833
  type: 'test'
  ...
# (node:39653) ExperimentalWarning: SQLite is an experimental feature and might change at any time
# (Use `node --trace-warnings ...` to show where the warning was created)
# Subtest: WO-SD-01 · GET /web/samples/spark-derivations/<name>.json 200s for all five scenarios, each a valid, unaltered BE-41 payload
ok 852 - WO-SD-01 · GET /web/samples/spark-derivations/<name>.json 200s for all five scenarios, each a valid, unaltered BE-41 payload
  ---
  duration_ms: 127.465875
  type: 'test'
  ...
# Subtest: WO-SD-01 · the sample route is a literal allowlist: an unregistered scenario name 404s, no directory listing, no traversal
ok 853 - WO-SD-01 · the sample route is a literal allowlist: an unregistered scenario name 404s, no directory listing, no traversal
  ---
  duration_ms: 89.169292
  type: 'test'
  ...
# Subtest: WO-SD-01 · the fixture directory no longer exists under app/tests — SD-18's git mv landed for real, not just in spark-projection.test.mjs's path
ok 854 - WO-SD-01 · the fixture directory no longer exists under app/tests — SD-18's git mv landed for real, not just in spark-projection.test.mjs's path
  ---
  duration_ms: 0.475375
  type: 'test'
  ...
# Subtest: SP1-FE · createSparkView keeps the frozen constructor signature
ok 855 - SP1-FE · createSparkView keeps the frozen constructor signature
  ---
  duration_ms: 0.694208
  type: 'test'
  ...
# Subtest: SP1-FE · a projection module fetches nothing, writes nothing, reads no clock
ok 856 - SP1-FE · a projection module fetches nothing, writes nothing, reads no clock
  ---
  duration_ms: 0.287291
  type: 'test'
  ...
# Subtest: SP1-FE · Spark makes no request path containing 'attention' — it resolves, creates or edits no Attention item
ok 857 - SP1-FE · Spark makes no request path containing 'attention' — it resolves, creates or edits no Attention item
  ---
  duration_ms: 0.125
  type: 'test'
  ...
# Subtest: SP1-FE · Spark writes nothing: no POST/PUT/PATCH/DELETE method anywhere in the view
ok 858 - SP1-FE · Spark writes nothing: no POST/PUT/PATCH/DELETE method anywhere in the view
  ---
  duration_ms: 0.091292
  type: 'test'
  ...
# Subtest: SP1-FE · no Spark-private persistence: no localStorage, sessionStorage or IndexedDB
ok 859 - SP1-FE · no Spark-private persistence: no localStorage, sessionStorage or IndexedDB
  ---
  duration_ms: 0.15175
  type: 'test'
  ...
# Subtest: SP1-FE · Spark introduces no new dependency: only relative app/web imports
ok 860 - SP1-FE · Spark introduces no new dependency: only relative app/web imports
  ---
  duration_ms: 0.142792
  type: 'test'
  ...
# Subtest: SP1-FE · a 404 is read as unimplemented, never rendered as zero maintenance items
ok 861 - SP1-FE · a 404 is read as unimplemented, never rendered as zero maintenance items
  ---
  duration_ms: 0.096166
  type: 'test'
  ...
# Subtest: SP1-FE · Unavailable is stated in words, not shown as a bare number
ok 862 - SP1-FE · Unavailable is stated in words, not shown as a bare number
  ---
  duration_ms: 0.047709
  type: 'test'
  ...
# Subtest: SP1-FE · pagination carries the prior snapshotRef and can be rejected
ok 863 - SP1-FE · pagination carries the prior snapshotRef and can be rejected
  ---
  duration_ms: 0.266584
  type: 'test'
  ...
# Subtest: SP1-FE · row navigation calls the host's onOpenMatter and opens no dialog/session of its own
ok 864 - SP1-FE · row navigation calls the host's onOpenMatter and opens no dialog/session of its own
  ---
  duration_ms: 0.330541
  type: 'test'
  ...
# Subtest: SP1-FE · static allowlist: spark-view.mjs / spark-projection.mjs are registered
ok 865 - SP1-FE · static allowlist: spark-view.mjs / spark-projection.mjs are registered
  ---
  duration_ms: 0.409416
  type: 'test'
  ...
# Subtest: SP1-FE · app.mjs wires the sidebar entry without touching the static allowlist array itself
ok 866 - SP1-FE · app.mjs wires the sidebar entry without touching the static allowlist array itself
  ---
  duration_ms: 0.140583
  type: 'test'
  ...
# Subtest: SD-01 · createSparkView keeps the frozen constructor signature — sample introduces no new dependency, no new parameter
ok 867 - SD-01 · createSparkView keeps the frozen constructor signature — sample introduces no new dependency, no new parameter
  ---
  duration_ms: 0.060333
  type: 'test'
  ...
# Subtest: SD-01 · the sample fetch reads the static sample route, never /work-derivations
ok 868 - SD-01 · the sample fetch reads the static sample route, never /work-derivations
  ---
  duration_ms: 0.031542
  type: 'test'
  ...
# Subtest: SD-01 · 'Show sample data' appears exactly once as code (comments stripped), inside the unimplemented branch, and nowhere else
ok 869 - SD-01 · 'Show sample data' appears exactly once as code (comments stripped), inside the unimplemented branch, and nowhere else
  ---
  duration_ms: 0.10025
  type: 'test'
  ...
# Subtest: SD-01 · the sample header label 'Sample data' appears exactly once in the source (one row, no per-card label, no colour class, no icon() call)
ok 870 - SD-01 · the sample header label 'Sample data' appears exactly once in the source (one row, no per-card label, no colour class, no icon() call)
  ---
  duration_ms: 0.074959
  type: 'test'
  ...
# Subtest: SD-01 · the scenario select is a single control offering exactly the five frozen fixtures, defaulting to stale
ok 871 - SD-01 · the scenario select is a single control offering exactly the five frozen fixtures, defaulting to stale
  ---
  duration_ms: 0.052042
  type: 'test'
  ...
# Subtest: SD-01 · exit and re-probe copy match SD-17 exactly: 'Hide sample data', 'Check for a source again'
ok 872 - SD-01 · exit and re-probe copy match SD-17 exactly: 'Hide sample data', 'Check for a source again'
  ---
  duration_ms: 0.047125
  type: 'test'
  ...
# Subtest: SD-01 · sample rows are read-only: matterRow and the Activity section heading both branch on readOnly before ever calling onOpenMatter
ok 873 - SD-01 · sample rows are read-only: matterRow and the Activity section heading both branch on readOnly before ever calling onOpenMatter
  ---
  duration_ms: 0.120958
  type: 'test'
  ...
# Subtest: SD-01 · sample state is discarded on any valid live payload (including empty) and on any non-404 error, but survives a 404
ok 874 - SD-01 · sample state is discarded on any valid live payload (including empty) and on any non-404 error, but survives a 404
  ---
  duration_ms: 0.04575
  type: 'test'
  ...
# Subtest: SD-01 · sample never issues its own /work-derivations request: only load() (via request()) reaches that endpoint
ok 875 - SD-01 · sample never issues its own /work-derivations request: only load() (via request()) reaches that endpoint
  ---
  duration_ms: 0.043542
  type: 'test'
  ...
# Subtest: SD-01 · switching projects clears sample state before the live probe fires
ok 876 - SD-01 · switching projects clears sample state before the live probe fires
  ---
  duration_ms: 0.041042
  type: 'test'
  ...
# Subtest: SD-01 · sample state is checked before every other render branch and returns before the pager can run
ok 877 - SD-01 · sample state is checked before every other render branch and returns before the pager can run
  ---
  duration_ms: 0.045459
  type: 'test'
  ...
# Subtest: SD-01 · sample rendering reuses renderOverview/renderActivity — no second renderer for sample data
ok 878 - SD-01 · sample rendering reuses renderOverview/renderActivity — no second renderer for sample data
  ---
  duration_ms: 0.042
  type: 'test'
  ...
# Subtest: SD-01 · styles.css gained only additions for the sample row: one new class, --muted-strong, no new colour token
ok 879 - SD-01 · styles.css gained only additions for the sample row: one new class, --muted-strong, no new colour token
  ---
  duration_ms: 0.509833
  type: 'test'
  ...
# Subtest: SD-01 · the static allowlist registers the five sample JSON files as one loop, with the JSON content type
ok 880 - SD-01 · the static allowlist registers the five sample JSON files as one loop, with the JSON content type
  ---
  duration_ms: 0.034167
  type: 'test'
  ...
# (node:39687) ExperimentalWarning: SQLite is an experimental feature and might change at any time
# (Use `node --trace-warnings ...` to show where the warning was created)
# Subtest: SE_TEST_CRASH_POINT alone is inert, and the server says so at startup
ok 881 - SE_TEST_CRASH_POINT alone is inert, and the server says so at startup
  ---
  duration_ms: 1091.114667
  type: 'test'
  ...
# Subtest: T-SELF-2: with no python3 on PATH the server refuses to start and names the reason
ok 882 - T-SELF-2: with no python3 on PATH the server refuses to start and names the reason
  ---
  duration_ms: 662.763708
  type: 'test'
  ...
# (node:39720) ExperimentalWarning: SQLite is an experimental feature and might change at any time
# (Use `node --trace-warnings ...` to show where the warning was created)
# Subtest: 每个 app/web 模块都在静态白名单里，且每条白名单路由都指向磁盘上存在的文件
ok 883 - 每个 app/web 模块都在静态白名单里，且每条白名单路由都指向磁盘上存在的文件
  ---
  duration_ms: 19.302209
  type: 'test'
  ...
# Subtest: ui-controls 白名单、icons.svg 的 symbol id、manifest 的 lucide.files 三者一致
ok 884 - ui-controls 白名单、icons.svg 的 symbol id、manifest 的 lucide.files 三者一致
  ---
  duration_ms: 2.274166
  type: 'test'
  ...
# Subtest: manifest.lucide 与 tools/ui-vendor/lucide/sources.json 逐字相同（生成源=已记录来源）
ok 885 - manifest.lucide 与 tools/ui-vendor/lucide/sources.json 逐字相同（生成源=已记录来源）
  ---
  duration_ms: 0.739291
  type: 'test'
  ...
# Subtest: manifest.outputs 里记的每个文件哈希都等于该文件此刻在磁盘上的真实 sha256
ok 886 - manifest.outputs 里记的每个文件哈希都等于该文件此刻在磁盘上的真实 sha256
  ---
  duration_ms: 1.69625
  type: 'test'
  ...
# Subtest: 白名单决定 /web 的可取性：模块 200，未列入的仓内材料 404
ok 887 - 白名单决定 /web 的可取性：模块 200，未列入的仓内材料 404
  ---
  duration_ms: 172.19125
  type: 'test'
  ...
# Subtest: skin-policy.js is an exact synchronous static route
ok 888 - skin-policy.js is an exact synchronous static route
  ---
  duration_ms: 78.912417
  type: 'test'
  ...
# Subtest: actual schema14 Host backup restores independently and rejects schema15 without writing
ok 889 - actual schema14 Host backup restores independently and rejects schema15 without writing
  ---
  duration_ms: 636.001792
  type: 'test'
  ...
# (node:39857) ExperimentalWarning: SQLite is an experimental feature and might change at any time
# (Use `node --trace-warnings ...` to show where the warning was created)
# Subtest: Spark executes in a fresh restricted Session, keeps stable identity and exact result receipt
ok 890 - Spark executes in a fresh restricted Session, keeps stable identity and exact result receipt
  ---
  duration_ms: 701.524459
  type: 'test'
  ...
# Subtest: Spark refuses forged source, actor and recursive delegation; stale actions do not mutate
ok 891 - Spark refuses forged source, actor and recursive delegation; stale actions do not mutate
  ---
  duration_ms: 480.118791
  type: 'test'
  ...
# Subtest: two exact Intake versions → local note → project mount → main progressive reads and machine consumption
ok 892 - two exact Intake versions → local note → project mount → main progressive reads and machine consumption
  ---
  duration_ms: 1462.727458
  type: 'test'
  ...
# Subtest: omitted source remains explicit partial coverage; forged adoption cannot replace actual source reads
ok 893 - omitted source remains explicit partial coverage; forged adoption cannot replace actual source reads
  ---
  duration_ms: 555.281417
  type: 'test'
  ...
# Subtest: runtime delegation yields the single lane and does not replay or silently resume the parent
ok 894 - runtime delegation yields the single lane and does not replay or silently resume the parent
  ---
  duration_ms: 930.893584
  type: 'test'
  ...
# Subtest: source discovery paginates exact versions, respects source and target policy, and rejects malformed queries
ok 895 - source discovery paginates exact versions, respects source and target policy, and rejects malformed queries
  ---
  duration_ms: 87.721833
  type: 'test'
  ...
# Subtest: cancel before dispatch is idempotent, disabled Agent preserves results and rejects new work
ok 896 - cancel before dispatch is idempotent, disabled Agent preserves results and rejects new work
  ---
  duration_ms: 73.868791
  type: 'test'
  ...
# Subtest: failed publication is blocked, explicit retry keeps fresh context and late settlement cannot overwrite result
ok 897 - failed publication is blocked, explicit retry keeps fresh context and late settlement cannot overwrite result
  ---
  duration_ms: 1490.62075
  type: 'test'
  ...
# Subtest: a changed provider route blocks old queue item without stranding later valid work
ok 898 - a changed provider route blocks old queue item without stranding later valid work
  ---
  duration_ms: 346.567125
  type: 'test'
  ...
# Subtest: schema rejects corrupt derived relationships and forged read receipts
ok 899 - schema rejects corrupt derived relationships and forged read receipts
  ---
  duration_ms: 561.86725
  type: 'test'
  ...
# Subtest: active cancellation closes late source/note admission and never publishes a result
ok 900 - active cancellation closes late source/note admission and never publishes a result
  ---
  duration_ms: 82.692084
  type: 'test'
  ...
# Subtest: SIGKILL during a child Run restarts blocked without replay and requires explicit unknown reconciliation
ok 901 - SIGKILL during a child Run restarts blocked without replay and requires explicit unknown reconciliation
  ---
  duration_ms: 851.891333
  type: 'test'
  ...
# Subtest: revoking source policy after a tool read blocks the next provider request
ok 902 - revoking source policy after a tool read blocks the next provider request
  ---
  duration_ms: 171.367542
  type: 'test'
  ...
# Subtest: Run projection keeps the selected Session/Run identity and recorded file locator
ok 903 - Run projection keeps the selected Session/Run identity and recorded file locator
  ---
  duration_ms: 1.025959
  type: 'test'
  ...
# Subtest: Run projection fails closed for missing or cross-Session identity
ok 904 - Run projection fails closed for missing or cross-Session identity
  ---
  duration_ms: 0.161917
  type: 'test'
  ...
# Subtest: unknown status is distinct from an explicit empty recorded-file set
ok 905 - unknown status is distinct from an explicit empty recorded-file set
  ---
  duration_ms: 0.197708
  type: 'test'
  ...
# Subtest: loading, error, unavailable, and incompatible phases do not expose stale files
ok 906 - loading, error, unavailable, and incompatible phases do not expose stale files
  ---
  duration_ms: 0.307625
  type: 'test'
  ...
# Subtest: invalid artifact entries are filtered without turning unknown data into empty
ok 907 - invalid artifact entries are filtered without turning unknown data into empty
  ---
  duration_ms: 0.17375
  type: 'test'
  ...
# Subtest: readerUnavailable keeps file provenance but revokes every open capability
ok 908 - readerUnavailable keeps file provenance but revokes every open capability
  ---
  duration_ms: 0.05375
  type: 'test'
  ...
# Subtest: Run card starts collapsed with Files and Run information disclosures
ok 909 - Run card starts collapsed with Files and Run information disclosures
  ---
  duration_ms: 2.79825
  type: 'test'
  ...
# Subtest: Run card does not turn unknown or unavailable files into a zero count
ok 910 - Run card does not turn unknown or unavailable files into a zero count
  ---
  duration_ms: 0.329708
  type: 'test'
  ...
# Subtest: Run card rejects stale Open intents after identity or generation changes
ok 911 - Run card rejects stale Open intents after identity or generation changes
  ---
  duration_ms: 1.091541
  type: 'test'
  ...
# Subtest: Run card prevents duplicate async Open actions and preserves both disclosures and focus
ok 912 - Run card prevents duplicate async Open actions and preserves both disclosures and focus
  ---
  duration_ms: 3.952083
  type: 'test'
  ...
# Subtest: a late rejected action cannot block or annotate a replacement identity
ok 913 - a late rejected action cannot block or annotate a replacement identity
  ---
  duration_ms: 1.106875
  type: 'test'
  ...
# Subtest: Run card only offers Retry for an error and exposes callback failures
ok 914 - Run card only offers Retry for an error and exposes callback failures
  ---
  duration_ms: 0.742625
  type: 'test'
  ...
# Subtest: removing a focused Retry action returns focus to Run information and preserves both disclosures
ok 915 - removing a focused Retry action returns focus to Run information and preserves both disclosures
  ---
  duration_ms: 0.556625
  type: 'test'
  ...
# Subtest: Run card hides incompatible projection schemas instead of rendering stale details
ok 916 - Run card hides incompatible projection schemas instead of rendering stale details
  ---
  duration_ms: 0.218584
  type: 'test'
  ...
# Subtest: Summary run preserves the clicked opener when disabling it clears browser focus
ok 917 - Summary run preserves the clicked opener when disabling it clears browser focus
  ---
  duration_ms: 0.99175
  type: 'test'
  ...
# Subtest: Summary file preserves the clicked opener when disabling it clears browser focus
ok 918 - Summary file preserves the clicked opener when disabling it clears browser focus
  ---
  duration_ms: 0.707791
  type: 'test'
  ...
# Subtest: Summary file focus identity follows the recorded version when files reorder
ok 919 - Summary file focus identity follows the recorded version when files reorder
  ---
  duration_ms: 1.553917
  type: 'test'
  ...
# (node:39891) ExperimentalWarning: SQLite is an experimental feature and might change at any time
# (Use `node --trace-warnings ...` to show where the warning was created)
# Subtest: T-SYNC-1: afterSeq past the server's last seq is 400 cursor_ahead and reports nextSeq
ok 920 - T-SYNC-1: afterSeq past the server's last seq is 400 cursor_ahead and reports nextSeq
  ---
  duration_ms: 614.554083
  type: 'test'
  ...
# Subtest: T-SYNC-2: repeating a request for the same seq is idempotent and the sequence has no gaps
ok 921 - T-SYNC-2: repeating a request for the same seq is idempotent and the sequence has no gaps
  ---
  duration_ms: 504.7315
  type: 'test'
  ...
# Subtest: T-SYNC-3: snapshot lastSeq joins the event stream with no gap and no overlap, 50x under concurrent writes
ok 922 - T-SYNC-3: snapshot lastSeq joins the event stream with no gap and no overlap, 50x under concurrent writes
  ---
  duration_ms: 2003.036375
  type: 'test'
  ...
# Subtest: T-SYNC-4: polling and re-cancelling after a terminal state changes nothing
ok 923 - T-SYNC-4: polling and re-cancelling after a terminal state changes nothing
  ---
  duration_ms: 516.416083
  type: 'test'
  ...
# Subtest: host timing has independent request origins and preserves missing versus measured zero
ok 924 - host timing has independent request origins and preserves missing versus measured zero
  ---
  duration_ms: 1.189083
  type: 'test'
  ...
# Subtest: out-of-interval observations stay in detail and do not become clamped chart marks
ok 925 - out-of-interval observations stay in detail and do not become clamped chart marks
  ---
  duration_ms: 0.065833
  type: 'test'
  ...
# Subtest: request view uses one on-demand disclosure, preserves semantic gaps and restores its open state
ok 926 - request view uses one on-demand disclosure, preserves semantic gaps and restores its open state
  ---
  duration_ms: 2.266833
  type: 'test'
  ...
# Subtest: missing usage stays unknown and a reported request estimate keeps its method
ok 927 - missing usage stays unknown and a reported request estimate keeps its method
  ---
  duration_ms: 15.321
  type: 'test'
  ...
# Subtest: all historical requests share the same outer disclosure while compact views select only the latest
ok 928 - all historical requests share the same outer disclosure while compact views select only the latest
  ---
  duration_ms: 1.610209
  type: 'test'
  ...
# Subtest: malformed v1 metadata is rejected while out-of-interval timing remains inspectable
ok 929 - malformed v1 metadata is rejected while out-of-interval timing remains inspectable
  ---
  duration_ms: 0.282875
  type: 'test'
  ...
# Subtest: request detail distinguishes runtime and provider aliases while retaining historical records
ok 930 - request detail distinguishes runtime and provider aliases while retaining historical records
  ---
  duration_ms: 1.211167
  type: 'test'
  ...
# Subtest: effort detail separates requested intent, SDK settings and unobserved provider behavior
ok 931 - effort detail separates requested intent, SDK settings and unobserved provider behavior
  ---
  duration_ms: 0.644167
  type: 'test'
  ...
# Subtest: thread projection scopes runs and resolves exact permission request
ok 932 - thread projection scopes runs and resolves exact permission request
  ---
  duration_ms: 0.919375
  type: 'test'
  ...
# Subtest: tool calls with identical IDs in different runs remain separate and require live admission
ok 933 - tool calls with identical IDs in different runs remain separate and require live admission
  ---
  duration_ms: 0.190458
  type: 'test'
  ...
# Subtest: permission display distinguishes remote actions from writes using only the recorded binding
ok 934 - permission display distinguishes remote actions from writes using only the recorded binding
  ---
  duration_ms: 0.161292
  type: 'test'
  ...
# Subtest: one tool state vocabulary serves both chat presentations
ok 935 - one tool state vocabulary serves both chat presentations
  ---
  duration_ms: 0.075
  type: 'test'
  ...
# Subtest: the long-message preview reads as words and never replaces the original
ok 936 - the long-message preview reads as words and never replaces the original
  ---
  duration_ms: 0.575667
  type: 'test'
  ...
# (node:44073) ExperimentalWarning: SQLite is an experimental feature and might change at any time
# (Use `node --trace-warnings ...` to show where the warning was created)
# Subtest: Usage keeps UTC start-day, route identity, partial/zero/unknown and global scope
ok 937 - Usage keeps UTC start-day, route identity, partial/zero/unknown and global scope
  ---
  duration_ms: 2.925209
  type: 'test'
  ...
# Subtest: model route keys include exact endpoint without leaking endpoint in overview
ok 938 - model route keys include exact endpoint without leaking endpoint in overview
  ---
  duration_ms: 0.261041
  type: 'test'
  ...
# Subtest: chart series and Other membership sum exactly and ties never split heatmap levels
ok 939 - chart series and Other membership sum exactly and ties never split heatmap levels
  ---
  duration_ms: 0.8045
  type: 'test'
  ...
# Subtest: matching runs require same snapshot and preserve model/date filter through pagination
ok 940 - matching runs require same snapshot and preserve model/date filter through pagination
  ---
  duration_ms: 0.190625
  type: 'test'
  ...
# Subtest: combined token overflow fails closed and malformed frontend DTOs are rejected
ok 941 - combined token overflow fails closed and malformed frontend DTOs are rejected
  ---
  duration_ms: 0.27825
  type: 'test'
  ...
# Subtest: HTTP Usage scope, strict input and changed-snapshot rejection use actual retained Runs
ok 942 - HTTP Usage scope, strict input and changed-snapshot rejection use actual retained Runs
  ---
  duration_ms: 479.093541
  type: 'test'
  ...
# Subtest: Usage calendar shares Home Monday-first orientation with bounded keyboard movement
ok 943 - Usage calendar shares Home Monday-first orientation with bounded keyboard movement
  ---
  duration_ms: 0.488458
  type: 'test'
  ...
# Subtest: overview rejects malformed dates, scope, counts and incoherent model totals
ok 944 - overview rejects malformed dates, scope, counts and incoherent model totals
  ---
  duration_ms: 0.72575
  type: 'test'
  ...
# Subtest: drilldown rejects malformed rows, wrong observation echo and unsafe pagination
ok 945 - drilldown rejects malformed rows, wrong observation echo and unsafe pagination
  ---
  duration_ms: 0.729875
  type: 'test'
  ...
# Subtest: drilldown accepts a persisted stopping run without turning it into stopped
ok 946 - drilldown accepts a persisted stopping run without turning it into stopped
  ---
  duration_ms: 0.4755
  type: 'test'
  ...
# Subtest: Usage local return restores its origin and rejects late drill responses
ok 947 - Usage local return restores its origin and rejects late drill responses
  ---
  duration_ms: 76.417416
  type: 'test'
  ...
# (node:44311) ExperimentalWarning: SQLite is an experimental feature and might change at any time
# (Use `node --trace-warnings ...` to show where the warning was created)
# Subtest: versioned revision action executes after acceptance, preserves history, and rejects stale or forged actions
ok 948 - versioned revision action executes after acceptance, preserves history, and rejects stale or forged actions
  ---
  duration_ms: 651.899583
  type: 'test'
  ...
# Subtest: unresolved and source-stale parents can be revised only with currently verified NDA input
ok 949 - unresolved and source-stale parents can be revised only with currently verified NDA input
  ---
  duration_ms: 261.888166
  type: 'test'
  ...
# Subtest: host active Run, producer unload, incompatible packet, and stale generation offer no usable mutation
ok 950 - host active Run, producer unload, incompatible packet, and stale generation offer no usable mutation
  ---
  duration_ms: 757.682042
  type: 'test'
  ...
# Subtest: artifact read is paged by code point and bound to an open trusted Matter/Run
ok 951 - artifact read is paged by code point and bound to an open trusted Matter/Run
  ---
  duration_ms: 91.236291
  type: 'test'
  ...
# (node:45022) ExperimentalWarning: SQLite is an experimental feature and might change at any time
# (Use `node --trace-warnings ...` to show where the warning was created)
# Subtest: model and human projections preserve source/contract/base applicability without granting authority
ok 952 - model and human projections preserve source/contract/base applicability without granting authority
  ---
  duration_ms: 1.254625
  type: 'test'
  ...
# Subtest: HTTP accepted short/25k/100k text resumes in new Session with scoped artifact pages; URLs are content
ok 953 - HTTP accepted short/25k/100k text resumes in new Session with scoped artifact pages; URLs are content
  ---
  duration_ms: 2161.924334
  type: 'test'
  ...
# (node:45024) ExperimentalWarning: SQLite is an experimental feature and might change at any time
# (Use `node --trace-warnings ...` to show where the warning was created)
# Subtest: same Matter in new Session, project isolation, detach to chat, producer absent restart history
ok 954 - same Matter in new Session, project isolation, detach to chat, producer absent restart history
  ---
  duration_ms: 757.832792
  type: 'test'
  ...
# Subtest: provider provenance is host-derived and preserves prior simulation records (real-route protocol uses loopback fixture)
ok 955 - provider provenance is host-derived and preserves prior simulation records (real-route protocol uses loopback fixture)
  ---
  duration_ms: 558.325
  type: 'test'
  ...
# Subtest: concurrent Session admission is serialized before either execution starts
ok 956 - concurrent Session admission is serialized before either execution starts
  ---
  duration_ms: 994.821083
  type: 'test'
  ...
# Subtest: Core independent lifecycle: receipt/CAS/authority, revisions and immutable historical membership
ok 957 - Core independent lifecycle: receipt/CAS/authority, revisions and immutable historical membership
  ---
  duration_ms: 153.723708
  type: 'test'
  ...
# Subtest: Core worker is single writer; terminal and unknown runs cannot admit fresh model proposals
ok 958 - Core worker is single writer; terminal and unknown runs cannot admit fresh model proposals
  ---
  duration_ms: 146.457542
  type: 'test'
  ...
# Subtest: real transaction SIGKILL before commit and after commit before acknowledgement yields unique recoverable effect
ok 959 - real transaction SIGKILL before commit and after commit before acknowledgement yields unique recoverable effect
  ---
  duration_ms: 828.110209
  type: 'test'
  ...
# Subtest: v1 migration backs up original, retains current source membership; failed schema migration rolls back
ok 960 - v1 migration backs up original, retains current source membership; failed schema migration rolls back
  ---
  duration_ms: 484.132042
  type: 'test'
  ...
# Subtest: missing application metadata fails closed; terminal Run cannot change or claim another candidate
ok 961 - missing application metadata fails closed; terminal Run cannot change or claim another candidate
  ---
  duration_ms: 271.035791
  type: 'test'
  ...
# (node:45236) ExperimentalWarning: SQLite is an experimental feature and might change at any time
# (Use `node --trace-warnings ...` to show where the warning was created)
# Subtest: BE41-A HTTP snapshot binds project identity and rejects off-page changes
ok 962 - BE41-A HTTP snapshot binds project identity and rejects off-page changes
  ---
  duration_ms: 189.658667
  type: 'test'
  ...
# Subtest: BE41-A HTTP keeps a top-level snapshot token on an empty beyond-total page
ok 963 - BE41-A HTTP keeps a top-level snapshot token on an empty beyond-total page
  ---
  duration_ms: 150.290917
  type: 'test'
  ...
# Subtest: BE41-A preserves FILE/Matter version zero and reports source revision zero as partial
ok 964 - BE41-A preserves FILE/Matter version zero and reports source revision zero as partial
  ---
  duration_ms: 178.299667
  type: 'test'
  ...
# Subtest: BE41-A staleRefs thresholds 19/20/21 retain exact refs and truncation
ok 965 - BE41-A staleRefs thresholds 19/20/21 retain exact refs and truncation
  ---
  duration_ms: 122.227083
  type: 'test'
  ...
# (node:45714) ExperimentalWarning: SQLite is an experimental feature and might change at any time
# (Use `node --trace-warnings ...` to show where the warning was created)
# Subtest: BE41 empty/zero, project scope, stable pages and stale snapshot rejection without writes
ok 966 - BE41 empty/zero, project scope, stable pages and stale snapshot rejection without writes
  ---
  duration_ms: 175.798125
  type: 'test'
  ...
# Subtest: BE41 exact status counts, immutable lineage, 20-ref truncation and source membership diff
ok 967 - BE41 exact status counts, immutable lineage, 20-ref truncation and source membership diff
  ---
  duration_ms: 99.874625
  type: 'test'
  ...
# Subtest: BE41 migrated missing source history gives null counts and project-wide partial coverage
ok 968 - BE41 migrated missing source history gives null counts and project-wide partial coverage
  ---
  duration_ms: 187.499459
  type: 'test'
  ...
# Subtest: BE41 authenticated HTTP validates queries; no Session or producer required
ok 969 - BE41 authenticated HTTP validates queries; no Session or producer required
  ---
  duration_ms: 198.268667
  type: 'test'
  ...
# Subtest: BE41 source rollback is real, large diffs are partial, and policy/off-page membership invalidates tokens
ok 970 - BE41 source rollback is real, large diffs are partial, and policy/off-page membership invalidates tokens
  ---
  duration_ms: 188.677833
  type: 'test'
  ...
# Subtest: BE41 oversized identity metadata refuses explicitly rather than breaking the worker frame
ok 971 - BE41 oversized identity metadata refuses explicitly rather than breaking the worker frame
  ---
  duration_ms: 97.280875
  type: 'test'
  ...
# (node:45827) ExperimentalWarning: SQLite is an experimental feature and might change at any time
# (Use `node --trace-warnings ...` to show where the warning was created)
# Subtest: Core SIGKILL before commit / after commit before ACK, followed by HTTP receipt reconciliation and continuation
ok 972 - Core SIGKILL before commit / after commit before ACK, followed by HTTP receipt reconciliation and continuation
  ---
  duration_ms: 1857.973416
  type: 'test'
  ...
# {"stage":"before_commit","signal":"SIGKILL","receiptBeforeRetry":null,"artifactBeforeRetry":null,"afterRetry":{"candidate_hash":"61e1a5dec304f4813cfbd18af84ea35e031d2f0d20b28a9c5a063c63c81b4f95","candidate_id":"candidate-2f12c358dd481db2a54adc3ab8de049c93c293cdcb4943bbc760b2dae4f9feb2","content":"Synthetic artifact","content_digest":"39e1e275ef10883426ac72410d1124562e9810a8938310b9db3608b7385515ca","id":"artifact-candidate-2f12c358dd481db2a54adc3ab8de049c93c293cdcb4943bbc760b2dae4f9feb2-1"},"durable":{"work":{"id":"matter-ab26d8ae-5c44-41ea-8613-62df9eb1541b","version":1,"contract_version":"se-contract-v5.0","source_version":1,"active_artifact":"artifact-candidate-2f12c358dd481db2a54adc3ab8de049c93c293cdcb4943bbc760b2dae4f9feb2-1","obligations_json":"[{\\"blocking\\":false,\\"evidence_refs\\":[],\\"id\\":\\"follow-up\\",\\"status\\":\\"open\\",\\"text\\":\\"Confirm the owner\\"}]"},"artifact":{"id":"artifact-candidate-2f12c358dd481db2a54adc3ab8de049c93c293cdcb4943bbc760b2dae4f9feb2-1","candidate_id":"candidate-2f12c358dd481db2a54adc3ab8de049c93c293cdcb4943bbc760b2dae4f9feb2","candidate_hash":"61e1a5dec304f4813cfbd18af84ea35e031d2f0d20b28a9c5a063c63c81b4f95","content":"Synthetic artifact","content_digest":"39e1e275ef10883426ac72410d1124562e9810a8938310b9db3608b7385515ca"},"decisions":[{"request_id":"crash-request","matter_id":"matter-ab26d8ae-5c44-41ea-8613-62df9eb1541b","candidate_id":"candidate-2f12c358dd481db2a54adc3ab8de049c93c293cdcb4943bbc760b2dae4f9feb2","action":"accept","reason":"Synthetic review","actor_json":"{\\"id\\":\\"reviewer-1\\",\\"kind\\":\\"local_reviewer\\"}","scope_json":"{\\"base_version\\":0,\\"candidate_id\\":\\"candidate-2f12c358dd481db2a54adc3ab8de049c93c293cdcb4943bbc760b2dae4f9feb2\\",\\"matter_id\\":\\"matter-ab26d8ae-5c44-41ea-8613-62df9eb1541b\\",\\"run_id\\":\\"c3b39f1b-00ce-44d5-a67f-663bddef23a3\\"}","result_json":"{\\"action\\":\\"accept\\",\\"active_artifact\\":\\"artifact-candidate-2f12c358dd481db2a54adc3ab8de049c93c293cdcb4943bbc760b2dae4f9feb2-1\\",\\"candidate_id\\":\\"candidate-2f12c358dd481db2a54adc3ab8de049c93c293cdcb4943bbc760b2dae4f9feb2\\",\\"matter_id\\":\\"matter-ab26d8ae-5c44-41ea-8613-62df9eb1541b\\",\\"request_id\\":\\"crash-request\\",\\"version\\":1}"}],"audits":[{"id":1,"request_id":"crash-request","matter_id":"matter-ab26d8ae-5c44-41ea-8613-62df9eb1541b","candidate_id":"candidate-2f12c358dd481db2a54adc3ab8de049c93c293cdcb4943bbc760b2dae4f9feb2","action":"accept","actor_json":"{\\"id\\":\\"reviewer-1\\",\\"kind\\":\\"local_reviewer\\"}","scope_json":"{\\"base_version\\":0,\\"candidate_id\\":\\"candidate-2f12c358dd481db2a54adc3ab8de049c93c293cdcb4943bbc760b2dae4f9feb2\\",\\"matter_id\\":\\"matter-ab26d8ae-5c44-41ea-8613-62df9eb1541b\\",\\"run_id\\":\\"c3b39f1b-00ce-44d5-a67f-663bddef23a3\\"}","result_json":"{\\"action\\":\\"accept\\",\\"active_artifact\\":\\"artifact-candidate-2f12c358dd481db2a54adc3ab8de049c93c293cdcb4943bbc760b2dae4f9feb2-1\\",\\"candidate_id\\":\\"candidate-2f12c358dd481db2a54adc3ab8de049c93c293cdcb4943bbc760b2dae4f9feb2\\",\\"matter_id\\":\\"matter-ab26d8ae-5c44-41ea-8613-62df9eb1541b\\",\\"request_id\\":\\"crash-request\\",\\"version\\":1}"}],"receipts":[{"request_id":"crash-request","request_hash":"085d59ec732f469cb08a887db889f4eaa27fee225e5cb35beec047b70b0c2e75","result_json":"{\\"action\\":\\"accept\\",\\"active_artifact\\":\\"artifact-candidate-2f12c358dd481db2a54adc3ab8de049c93c293cdcb4943bbc760b2dae4f9feb2-1\\",\\"candidate_id\\":\\"candidate-2f12c358dd481db2a54adc3ab8de049c93c293cdcb4943bbc760b2dae4f9feb2\\",\\"matter_id\\":\\"matter-ab26d8ae-5c44-41ea-8613-62df9eb1541b\\",\\"request_id\\":\\"crash-request\\",\\"version\\":1}"}]},"obligations":[{"blocking":false,"evidence_refs":[],"id":"follow-up","status":"open","text":"Confirm the owner"}],"continued":{"candidate_hash":"f58bb64572f1d2a98761d0449fb8fcf3896e142752480953d0b44bcc7faa90c2","candidate_id":"continued","content":"Continued after recovery","content_digest":"424b1590fcf0bdf9e2bf2b4b6617e165c9f4e12885c7839198500fefaf5faeae","id":"artifact-continued-2"}}
# {"stage":"after_commit_before_ack","signal":"SIGKILL","receiptBeforeRetry":{"action":"accept","active_artifact":"artifact-candidate-2bec7b48bb15b7d8466c3caa808052498e8c737e3b5455817dec4c36fe59a504-1","candidate_id":"candidate-2bec7b48bb15b7d8466c3caa808052498e8c737e3b5455817dec4c36fe59a504","matter_id":"matter-ea39359a-4402-40a7-b1ee-907bd50b89dc","request_id":"crash-request","version":1},"artifactBeforeRetry":{"candidate_hash":"08170968de418270702b5886c5677ed62a33986a08001a221d65384261fdf8ef","candidate_id":"candidate-2bec7b48bb15b7d8466c3caa808052498e8c737e3b5455817dec4c36fe59a504","content":"Synthetic artifact","content_digest":"39e1e275ef10883426ac72410d1124562e9810a8938310b9db3608b7385515ca","id":"artifact-candidate-2bec7b48bb15b7d8466c3caa808052498e8c737e3b5455817dec4c36fe59a504-1"},"afterRetry":{"candidate_hash":"08170968de418270702b5886c5677ed62a33986a08001a221d65384261fdf8ef","candidate_id":"candidate-2bec7b48bb15b7d8466c3caa808052498e8c737e3b5455817dec4c36fe59a504","content":"Synthetic artifact","content_digest":"39e1e275ef10883426ac72410d1124562e9810a8938310b9db3608b7385515ca","id":"artifact-candidate-2bec7b48bb15b7d8466c3caa808052498e8c737e3b5455817dec4c36fe59a504-1"},"durable":{"work":{"id":"matter-ea39359a-4402-40a7-b1ee-907bd50b89dc","version":1,"contract_version":"se-contract-v5.0","source_version":1,"active_artifact":"artifact-candidate-2bec7b48bb15b7d8466c3caa808052498e8c737e3b5455817dec4c36fe59a504-1","obligations_json":"[{\\"blocking\\":false,\\"evidence_refs\\":[],\\"id\\":\\"follow-up\\",\\"status\\":\\"open\\",\\"text\\":\\"Confirm the owner\\"}]"},"artifact":{"id":"artifact-candidate-2bec7b48bb15b7d8466c3caa808052498e8c737e3b5455817dec4c36fe59a504-1","candidate_id":"candidate-2bec7b48bb15b7d8466c3caa808052498e8c737e3b5455817dec4c36fe59a504","candidate_hash":"08170968de418270702b5886c5677ed62a33986a08001a221d65384261fdf8ef","content":"Synthetic artifact","content_digest":"39e1e275ef10883426ac72410d1124562e9810a8938310b9db3608b7385515ca"},"decisions":[{"request_id":"crash-request","matter_id":"matter-ea39359a-4402-40a7-b1ee-907bd50b89dc","candidate_id":"candidate-2bec7b48bb15b7d8466c3caa808052498e8c737e3b5455817dec4c36fe59a504","action":"accept","reason":"Synthetic review","actor_json":"{\\"id\\":\\"reviewer-1\\",\\"kind\\":\\"local_reviewer\\"}","scope_json":"{\\"base_version\\":0,\\"candidate_id\\":\\"candidate-2bec7b48bb15b7d8466c3caa808052498e8c737e3b5455817dec4c36fe59a504\\",\\"matter_id\\":\\"matter-ea39359a-4402-40a7-b1ee-907bd50b89dc\\",\\"run_id\\":\\"3b1b8228-6205-4a6a-8551-d3c1415ee389\\"}","result_json":"{\\"action\\":\\"accept\\",\\"active_artifact\\":\\"artifact-candidate-2bec7b48bb15b7d8466c3caa808052498e8c737e3b5455817dec4c36fe59a504-1\\",\\"candidate_id\\":\\"candidate-2bec7b48bb15b7d8466c3caa808052498e8c737e3b5455817dec4c36fe59a504\\",\\"matter_id\\":\\"matter-ea39359a-4402-40a7-b1ee-907bd50b89dc\\",\\"request_id\\":\\"crash-request\\",\\"version\\":1}"}],"audits":[{"id":1,"request_id":"crash-request","matter_id":"matter-ea39359a-4402-40a7-b1ee-907bd50b89dc","candidate_id":"candidate-2bec7b48bb15b7d8466c3caa808052498e8c737e3b5455817dec4c36fe59a504","action":"accept","actor_json":"{\\"id\\":\\"reviewer-1\\",\\"kind\\":\\"local_reviewer\\"}","scope_json":"{\\"base_version\\":0,\\"candidate_id\\":\\"candidate-2bec7b48bb15b7d8466c3caa808052498e8c737e3b5455817dec4c36fe59a504\\",\\"matter_id\\":\\"matter-ea39359a-4402-40a7-b1ee-907bd50b89dc\\",\\"run_id\\":\\"3b1b8228-6205-4a6a-8551-d3c1415ee389\\"}","result_json":"{\\"action\\":\\"accept\\",\\"active_artifact\\":\\"artifact-candidate-2bec7b48bb15b7d8466c3caa808052498e8c737e3b5455817dec4c36fe59a504-1\\",\\"candidate_id\\":\\"candidate-2bec7b48bb15b7d8466c3caa808052498e8c737e3b5455817dec4c36fe59a504\\",\\"matter_id\\":\\"matter-ea39359a-4402-40a7-b1ee-907bd50b89dc\\",\\"request_id\\":\\"crash-request\\",\\"version\\":1}"}],"receipts":[{"request_id":"crash-request","request_hash":"e1af55c751ad30b538de7ff7cda61fc35fc6a2adbdedf43093916e1d4015fc28","result_json":"{\\"action\\":\\"accept\\",\\"active_artifact\\":\\"artifact-candidate-2bec7b48bb15b7d8466c3caa808052498e8c737e3b5455817dec4c36fe59a504-1\\",\\"candidate_id\\":\\"candidate-2bec7b48bb15b7d8466c3caa808052498e8c737e3b5455817dec4c36fe59a504\\",\\"matter_id\\":\\"matter-ea39359a-4402-40a7-b1ee-907bd50b89dc\\",\\"request_id\\":\\"crash-request\\",\\"version\\":1}"}]},"obligations":[{"blocking":false,"evidence_refs":[],"id":"follow-up","status":"open","text":"Confirm the owner"}],"continued":{"candidate_hash":"731bea257168675aca50fffc02b09e38de1e2f0035b92360f9833e9dfc5a9aa3","candidate_id":"continued","content":"Continued after recovery","content_digest":"424b1590fcf0bdf9e2bf2b4b6617e165c9f4e12885c7839198500fefaf5faeae","id":"artifact-continued-2"}}
# Subtest: HTTP stale source refusal, producer unload/read-only/reload and legal revised completion
ok 973 - HTTP stale source refusal, producer unload/read-only/reload and legal revised completion
  ---
  duration_ms: 258.288
  type: 'test'
  ...
# (node:46052) ExperimentalWarning: SQLite is an experimental feature and might change at any time
# (Use `node --trace-warnings ...` to show where the warning was created)
# Subtest: UTC bins count unique retained run IDs, every status, and start time rather than end time
ok 974 - UTC bins count unique retained run IDs, every status, and start time rather than end time
  ---
  duration_ms: 1.449417
  type: 'test'
  ...
# Subtest: empty differs from reported zero and aggregate overflow fails instead of rounding
ok 975 - empty differs from reported zero and aggregate overflow fails instead of rounding
  ---
  duration_ms: 0.413792
  type: 'test'
  ...
# Subtest: summary UTC filter uses each collection timestamp before pagination
ok 976 - summary UTC filter uses each collection timestamp before pagination
  ---
  duration_ms: 0.344667
  type: 'test'
  ...
# Subtest: authenticated HTTP metrics are read-only, survive restart, and honestly shrink after deletion
ok 977 - authenticated HTTP metrics are read-only, survive restart, and honestly shrink after deletion
  ---
  duration_ms: 549.552
  type: 'test'
  ...
# Subtest: read during an unpublished mutation sees the whole previous snapshot
ok 978 - read during an unpublished mutation sees the whole previous snapshot
  ---
  duration_ms: 565.680375
  type: 'test'
  ...
# Subtest: available summary stays visible at zero and opens the existing Work review
ok 979 - available summary stays visible at zero and opens the existing Work review
  ---
  duration_ms: 3.571625
  type: 'test'
  ...
# Subtest: candidate, stale and read-only facts remain separate without an impossible ready count
ok 980 - candidate, stale and read-only facts remain separate without an impossible ready count
  ---
  duration_ms: 0.570875
  type: 'test'
  ...
# Subtest: pending count stays a single compact fact when all or only some candidates are reviewable
ok 981 - pending count stays a single compact fact when all or only some candidates are reviewable
  ---
  duration_ms: 0.454041
  type: 'test'
  ...
# Subtest: refresh clears old facts while loading and on failure
ok 982 - refresh clears old facts while loading and on failure
  ---
  duration_ms: 0.843042
  type: 'test'
  ...
# Subtest: late and mismatched responses cannot replace the current scope
ok 983 - late and mismatched responses cannot replace the current scope
  ---
  duration_ms: 0.671083
  type: 'test'
  ...
# Subtest: a view outside the current scope does not start a request
ok 984 - a view outside the current scope does not start a request
  ---
  duration_ms: 0.278833
  type: 'test'
  ...
# Subtest: summary reread returns detached keyboard focus without stealing a later user focus
ok 985 - summary reread returns detached keyboard focus without stealing a later user focus
  ---
  duration_ms: 0.75725
  type: 'test'
  ...
# (node:46297) ExperimentalWarning: SQLite is an experimental feature and might change at any time
# (Use `node --trace-warnings ...` to show where the warning was created)
# Subtest: Core review summary follows pending, decision, new Session and lifecycle without returning bodies
ok 986 - Core review summary follows pending, decision, new Session and lifecycle without returning bodies
  ---
  duration_ms: 656.514042
  type: 'test'
  ...
# Subtest: Core review summary keeps stale pending and domain review separate from authority to accept
ok 987 - Core review summary keeps stale pending and domain review separate from authority to accept
  ---
  duration_ms: 463.061
  type: 'test'
  ...
# Subtest: Core review summary does not turn missing Core projections or failures into zero pending
ok 988 - Core review summary does not turn missing Core projections or failures into zero pending
  ---
  duration_ms: 151.041125
  type: 'test'
  ...
# (node:46298) ExperimentalWarning: SQLite is an experimental feature and might change at any time
# (Use `node --trace-warnings ...` to show where the warning was created)
# Subtest: Pro R-01: before-write never reports completed or discards settlement error
ok 989 - Pro R-01: before-write never reports completed or discards settlement error
  ---
  duration_ms: 732.669791
  type: 'test'
  ...
# Subtest: Pro R-01: after-write-ack-loss never reports completed or discards settlement error
ok 990 - Pro R-01: after-write-ack-loss never reports completed or discards settlement error
  ---
  duration_ms: 862.52525
  type: 'test'
  ...
# Subtest: Pro R-01: cancel-and-finish-failure never reports completed or discards settlement error
ok 991 - Pro R-01: cancel-and-finish-failure never reports completed or discards settlement error
  ---
  duration_ms: 1002.131792
  type: 'test'
  ...
# Subtest: Pro R-02: ordinary first instruction discovers scoped source refs only from host context
ok 992 - Pro R-02: ordinary first instruction discovers scoped source refs only from host context
  ---
  duration_ms: 500.080209
  type: 'test'
  ...
# Subtest: Pro R-04: intermediate tool updates stay nonterminal until end
ok 993 - Pro R-04: intermediate tool updates stay nonterminal until end
  ---
  duration_ms: 2.278166
  type: 'test'
  ...
# Subtest: summary sees one published view across paused resolve persistence
ok 994 - summary sees one published view across paused resolve persistence
  ---
  duration_ms: 52.103583
  type: 'test'
  ...
# Subtest: summary sees one published view across paused cancel persistence
ok 995 - summary sees one published view across paused cancel persistence
  ---
  duration_ms: 47.96475
  type: 'test'
  ...
# (node:46492) ExperimentalWarning: SQLite is an experimental feature and might change at any time
# (Use `node --trace-warnings ...` to show where the warning was created)
# Subtest: work summary distinguishes empty, no-run, completed, failed and unknown
ok 996 - work summary distinguishes empty, no-run, completed, failed and unknown
  ---
  duration_ms: 1097.416416
  type: 'test'
  ...
# Subtest: live ask_user and permission entries disappear after answer or cancel, and stale posts remain 409
ok 997 - live ask_user and permission entries disappear after answer or cancel, and stale posts remain 409
  ---
  duration_ms: 1001.050666
  type: 'test'
  ...
# Subtest: summary excludes stale question states and paginates pending/inspection by project with a union of lastSeq
ok 998 - summary excludes stale question states and paginates pending/inspection by project with a union of lastSeq
  ---
  duration_ms: 101.008375
  type: 'test'
  ...
# Subtest: restart hides the old live question, exposes its unknown Run, and a new Run gets a new ID
ok 999 - restart hides the old live question, exposes its unknown Run, and a new Run gets a new ID
  ---
  duration_ms: 1602.866292
  type: 'test'
  ...
# Subtest: summary keeps project sources separate and has deterministic tie ordering, offsets and bounds
ok 1000 - summary keeps project sources separate and has deterministic tie ordering, offsets and bounds
  ---
  duration_ms: 84.850458
  type: 'test'
  ...
# Subtest: summary is allowlisted and read-only; unauthorized and failed reads are errors rather than empty results
ok 1001 - summary is allowlisted and read-only; unauthorized and failed reads are errors rather than empty results
  ---
  duration_ms: 250.429625
  type: 'test'
  ...
# Subtest: CC-W 第 0 项 · 工作面定性按视口分档，旧的 not-a-third-column 已不在文档里
ok 1002 - CC-W 第 0 项 · 工作面定性按视口分档，旧的 not-a-third-column 已不在文档里
  ---
  duration_ms: 0.561334
  type: 'test'
  ...
# Subtest: CC-W 第 0 项 · 尺寸 token 表登记了 ≥1680 断点、--doc-min 与正文行宽上限
ok 1003 - CC-W 第 0 项 · 尺寸 token 表登记了 ≥1680 断点、--doc-min 与正文行宽上限
  ---
  duration_ms: 0.148583
  type: 'test'
  ...
# Subtest: CC-W 第 0 项 · M-9 在途换词不换宽度，按钮元素本身不被替换
ok 1004 - CC-W 第 0 项 · M-9 在途换词不换宽度，按钮元素本身不被替换
  ---
  duration_ms: 0.198542
  type: 'test'
  ...
# Subtest: CC-W 第 0 项 · M-10 tooltip 共享延迟：首个 400，窗口内相邻即时
ok 1005 - CC-W 第 0 项 · M-10 tooltip 共享延迟：首个 400，窗口内相邻即时
  ---
  duration_ms: 0.12775
  type: 'test'
  ...
# Subtest: CC-W 1 · 文档 tab 只有一个，身份由既有字段拼出，不新增 scope 字段
ok 1006 - CC-W 1 · 文档 tab 只有一个，身份由既有字段拼出，不新增 scope 字段
  ---
  duration_ms: 0.788542
  type: 'test'
  ...
# Subtest: CC-W 1 · 选中区与关闭区分开；类型 tab 没有关闭区；关闭是明确动作
ok 1007 - CC-W 1 · 选中区与关闭区分开；类型 tab 没有关闭区；关闭是明确动作
  ---
  duration_ms: 0.338167
  type: 'test'
  ...
# Subtest: CC-W 2 · B 态是视图切换：聊天列 hidden + inert，没有遮罩，没有浮层材质
ok 1008 - CC-W 2 · B 态是视图切换：聊天列 hidden + inert，没有遮罩，没有浮层材质
  ---
  duration_ms: 0.295583
  type: 'test'
  ...
# Subtest: CC-W 3 · C 态是三条真的列轨，各自滚动，chrome 同一基线
ok 1009 - CC-W 3 · C 态是三条真的列轨，各自滚动，chrome 同一基线
  ---
  duration_ms: 0.324292
  type: 'test'
  ...
# Subtest: CC-W 2 / 3 · 返回控件不在 tablist 里，也不占顶带那个槽位
ok 1010 - CC-W 2 / 3 · 返回控件不在 tablist 里，也不占顶带那个槽位
  ---
  duration_ms: 0.466959
  type: 'test'
  ...
# Subtest: CC-W 4 / 5 · 面板宽 ≠ 正文行宽；滚动位置在没有布局盒时不被抹成 0
ok 1011 - CC-W 4 / 5 · 面板宽 ≠ 正文行宽；滚动位置在没有布局盒时不被抹成 0
  ---
  duration_ms: 0.491417
  type: 'test'
  ...
# Subtest: CC-W 1 · agent activity 是 tab 上的一个记号，不是 banner，不只靠颜色
ok 1012 - CC-W 1 · agent activity 是 tab 上的一个记号，不是 banner，不只靠颜色
  ---
  duration_ms: 0.272708
  type: 'test'
  ...
# (node:46590) ExperimentalWarning: SQLite is an experimental feature and might change at any time
# (Use `node --trace-warnings ...` to show where the warning was created)
# Subtest: T-WS-1: '..' path segments are rejected
ok 1013 - T-WS-1: '..' path segments are rejected
  ---
  duration_ms: 3.261667
  type: 'test'
  ...
# Subtest: T-WS-2: absolute paths are rejected
ok 1014 - T-WS-2: absolute paths are rejected
  ---
  duration_ms: 0.392208
  type: 'test'
  ...
# Subtest: T-WS-3: symlink escape is rejected
ok 1015 - T-WS-3: symlink escape is rejected
  ---
  duration_ms: 0.80825
  type: 'test'
  ...
# Subtest: T-WS-4: an over-limit file is rejected by ws_read (throws; pi-agent-core turns a thrown tool error into isError:true)
ok 1016 - T-WS-4: an over-limit file is rejected by ws_read (throws; pi-agent-core turns a thrown tool error into isError:true)
  ---
  duration_ms: 1.273083
  type: 'test'
  ...
# Subtest: T-WS-5: ws_read then ws_write round-trips through the workspace endpoints
ok 1017 - T-WS-5: ws_read then ws_write round-trips through the workspace endpoints
  ---
  duration_ms: 590.422667
  type: 'test'
  ...
# Subtest: materials endpoint rejects path separators in the name
ok 1018 - materials endpoint rejects path separators in the name
  ---
  duration_ms: 77.688417
  type: 'test'
  ...
# Subtest: addMaterial rejects content over the 1 MiB limit (service-level, below the HTTP body cap)
ok 1019 - addMaterial rejects content over the 1 MiB limit (service-level, below the HTTP body cap)
  ---
  duration_ms: 73.613583
  type: 'test'
  ...
# Subtest: T-WS-6: repeated writes yield two content versions and one current file
ok 1020 - T-WS-6: repeated writes yield two content versions and one current file
  ---
  duration_ms: 848.394709
  type: 'test'
  ...
# Subtest: addMaterial routes through the shared path guard, which rejects a '..' name
ok 1021 - addMaterial routes through the shared path guard, which rejects a '..' name
  ---
  duration_ms: 77.699208
  type: 'test'
  ...
# Subtest: T-ART-1: a completed run with no write has no artifacts and no acceptance field
ok 1022 - T-ART-1: a completed run with no write has no artifacts and no acceptance field
  ---
  duration_ms: 297.623458
  type: 'test'
  ...
# Subtest: T-ART-2: two writes to one path keep both content versions and one current file
ok 1023 - T-ART-2: two writes to one path keep both content versions and one current file
  ---
  duration_ms: 646.874125
  type: 'test'
  ...
# Subtest: ws_grep rejects nested quantifiers and over-long patterns before compiling them
ok 1024 - ws_grep rejects nested quantifiers and over-long patterns before compiling them
  ---
  duration_ms: 56.137666
  type: 'test'
  ...
# Subtest: getWorkspaceFile truncates on a UTF-8 boundary and keeps the whole-file digest
ok 1025 - getWorkspaceFile truncates on a UTF-8 boundary and keeps the whole-file digest
  ---
  duration_ms: 77.854
  type: 'test'
  ...
# Subtest: a second run in a continued session revises the first run's file
ok 1026 - a second run in a continued session revises the first run's file
  ---
  duration_ms: 896.927875
  type: 'test'
  ...
1..1026
# tests 1029
# suites 0
# pass 1029
# fail 0
# cancelled 0
# skipped 0
# todo 0
# duration_ms 221015.609625

==> local deterministic runtime smoke

> se-agent-v5-runtime@0.1.0 smoke
> node scripts/runtime-smoke.mjs

(node:48846) ExperimentalWarning: SQLite is an experimental feature and might change at any time
(Use `node --trace-warnings ...` to show where the warning was created)
{
  "status": "passed",
  "provider": "local-fake",
  "transport": "public runtime service",
  "checks": [
    "material read",
    "tool write",
    "persisted artifact",
    "runtime close/reopen",
    "session continuation",
    "revision",
    "historical bytes"
  ],
  "realProvider": "not_run"
}

==> repository documentation links
{
  "pass": true,
  "documents": 1261,
  "checked": 7120,
  "problems": []
}
