
> se-agent-v5-runtime@0.1.0 check:product
> node scripts/product-check.mjs


==> bounded synthetic test suite

> se-agent-v5-runtime@0.1.0 pretest
> node scripts/check-historical-fixtures.mjs

Historical test inputs verified: 45 commit/path/hash checks.

> se-agent-v5-runtime@0.1.0 test
> node --test --test-concurrency=4 tests/*.test.mjs ../tests/*.test.mjs

✔ 颜色字面量只出现在 tier:S 块内 (82.666167ms)
✔ 两 skin × 两宗的角色对比度不低于门槛 (46.936125ms)
✔ renderer is a neutral projection surface and dispatches typed actions without actor fields (1.295542ms)
✔ catalog exposes development evidence-memo and business-free probe factories (0.930042ms)
✔ manifest is machine-marked development and advertises generic binding fields (0.092958ms)
✔ legacy transport import resolves the single shared Core owner (0.687542ms)
✔ createBinding owns Matter creation and projection exposes source, evidence, candidate, artifact and draft (113.93525ms)
✔ begin exposes only namespaced source/propose tools and Core rejects late candidate calls after close (115.959208ms)
✔ humanAction accepts only host-derived local-user and uses the same Review route for formal Artifact (100.179084ms)
✔ close gates admission before cleanup and finish maps cancellation without acceptance (97.524083ms)
✔ same data directory admits one POSIX flock owner and keeps the inode after release (196.495792ms)
✔ unexpected holder death invokes onLost and the next host can safely reacquire (120.303208ms)
✔ owner SIGKILL closes the parent pipe and does not require deleting the lock file (195.71575ms)
(node:9872) ExperimentalWarning: SQLite is an experimental feature and might change at any time
(Use `node --trace-warnings ...` to show where the warning was created)
✔ answer admission race: ask_user queued behind cancel returns 409 (391.89025ms)
✔ answer admission race: permission queued behind cancel returns 409 (240.874541ms)
✔ normal ask_user answer still resolves and completes the run (748.219583ms)
✔ double permission answer records one decision and rejects the other (738.353292ms)
✔ the limited scanner recognizes imports while ignoring comments and strings (1.128084ms)
✔ legal and forbidden synthetic edges exercise all approved boundaries (1.091792ms)
✔ the current Core, runtime, renderer, and composition-root graph obeys ownership (58.034958ms)
(node:9975) ExperimentalWarning: SQLite is an experimental feature and might change at any time
(Use `node --trace-warnings ...` to show where the warning was created)
✔ AM-C final wire golden and no-op are stable after temporary path canonicalization (614.608959ms)
✔ AM-C separates request shape, old prefix, and semantic tool diffs (769.561042ms)
✔ AM-C records description, schema, and permission changes as expected diffs (1232.61475ms)
✔ history refs keep exact UTF-8 blobs reachable through Git GC; another session cannot read them (685.268833ms)
✔ history cancellation waits for the Git process to exit and the next save repairs interrupted init (3519.781791ms)
✔ existing non-blob history object is an integrity failure (307.269708ms)
(node:10112) ExperimentalWarning: SQLite is an experimental feature and might change at any time
(Use `node --trace-warnings ...` to show where the warning was created)
✔ R1-HIST-1: v1 and v2 remain readable after current-file deletion (757.3025ms)
✔ R1-HIST-2: cross-session, wrong-record, and unrecorded lookups are 404 and reads are pure (497.215083ms)
✔ R1-HIST-3: historical text truncates on a UTF-8 boundary with full bytes/hash (730.994375ms)
✔ R1-HIST-4: a recorded legacy artifact without history returns 410 history_unavailable (313.432625ms)
✔ R1-HIST-5: object/metadata byte mismatch returns 500 artifact_integrity_failed (523.630167ms)
✔ R1-HIST-6: SIGKILL after history and before rename exposes neither file nor artifact (1427.520417ms)
✔ R1-HIST-7: SIGKILL after rename and before record leaves current file unrecorded (1316.105417ms)
✔ R1-HIST-8: SIGKILL after record preserves historical bytes across restart (1398.95475ms)
(node:12105) ExperimentalWarning: SQLite is an experimental feature and might change at any time
(Use `node --trace-warnings ...` to show where the warning was created)
✔ catalog staleness keeps durable result readable and refuses further adapter work (64.99625ms)
✔ policy rejection records dependency before adapter I/O, leaving Run unresolved (54.945666ms)
✔ late query cannot overwrite cancellation and lost cancel ACK remains unresolved (123.6ms)
✔ stopped Run forbids dispatch and wait stays inside local budget (151.081333ms)
✔ host/Pi wrapper denial of an old async_get leaves the new Run unresolved (268.376292ms)
✔ fixture independently releases two documents without timing assertions (90.995ms)
✔ fixture makes delivery identity idempotent and exposes launch/result acknowledgement loss (73.695458ms)
✔ fixture keeps cancel-before-success and cancel-after-success distinct (63.437875ms)
✔ SIGKILLs the state-owning provider and queries persisted synthetic settlement after restart (170.315916ms)
✔ in-flight provider SIGKILL retains the accepted synthetic record without implicit resume or relaunch (125.535458ms)
✔ concurrent launches publish complete synthetic state before their barriers open (161.892416ms)
✔ reused job IDs reject a changed immutable request without incrementing the launch attempt (74.365916ms)
✔ AM-B-T1 captures the final MCP payload and preserves the synchronous loop (68.123208ms)
✔ AM-B-T1 records task-shaped responses as unsupported and shows the current continuation gap (19.452917ms)
✔ AM-B-T1 does not treat partial args as a completed tool result, and exposes current wire gaps (8.702333ms)
✔ AM-B-T1 observes Pi 0.85.1 final HTTP encoding and waits for complete streamed tool arguments (31.626875ms)
(node:12720) ExperimentalWarning: SQLite is an experimental feature and might change at any time
(Use `node --trace-warnings ...` to show where the warning was created)
✔ independent recovery: SIGKILL at async_intent keeps one original task/run and never relaunches (1065.047166ms)
✔ independent recovery: SIGKILL at async_dispatch keeps one original task/run and never relaunches (983.925708ms)
✔ independent recovery: SIGKILL at async_result keeps one original task/run and never relaunches (1277.946125ms)
✔ independent recovery: SIGKILL at async_delivery keeps one original task/run and never relaunches (1436.27325ms)
✔ fixed old main schema4 RuntimeStore rejects a schema13 state without changing bytes (775.075917ms)
✔ schema3 and schema4 migrate with an exact independent backup and reopen (1005.962375ms)
✔ invalid UTF-8 schema4 input is refused before migration and its bytes remain untouched (90.548542ms)
(node:13104) ExperimentalWarning: SQLite is an experimental feature and might change at any time
(Use `node --trace-warnings ...` to show where the warning was created)
✔ current: full schemaVersion:1 view is an independent literal copy with availability last (0.932375ms)
✔ availability classes follow the frozen priority with no inference (1.127166ms)
✔ options omit result and/or deliveries but never rewrite the rest (0.427209ms)
✔ nulls and prepared-but-unrecorded delivery facts are preserved, never filled in (0.1845ms)
✔ succeeded and cancelRequestedAt coexist; terminal evidence is immutable in the view (0.757084ms)
✔ an older delivery snapshot is projected as-is and never repaired into newer facts (0.250542ms)
✔ no invented fields and no auto-recovery in the projection (0.19725ms)
✔ a stale source never projects as current even when a result exists (0.186833ms)
✔ HTTP list/detail packets: real host + synthetic adapter, scoped and paged (723.9195ms)
(node:13278) ExperimentalWarning: SQLite is an experimental feature and might change at any time
(Use `node --trace-warnings ...` to show where the warning was created)
✔ two durable reads use actual host/Pi tools and wait only on the selected source (393.03375ms)
✔ premature final and lost launch ACK preserve query-only recovery, then a later Run consumes the original task (740.723208ms)
✔ source/implementation absence remains readable; corrupt bytes and cross-session consumption are refused (251.316667ms)
✔ schema3/4 migrate through exclusive backup and refuse existing backup paths (459.8775ms)
✔ invalid UTF-8 schema4 is refused before backup or replacement (108.192791ms)
✔ the projection accepts exactly the actions this app was built against (1.448334ms)
✔ a descriptor fails closed on a stale revision, an unknown action or a widened schema (0.375667ms)
✔ the detail offers only advertised, understood actions and never an out-of-scope control (31.335875ms)
✔ an item whose descriptors this app cannot read offers no controls at all (1.465208ms)
✔ acknowledge is the action itself: an empty payload, no dialog, no toggle (3.960083ms)
✔ resolve requires a reason and refuses to send without one (3.042542ms)
✔ snooze records a next action and only sends a due time when the trigger is one (3.148416ms)
✔ a recorded due time is required for the at trigger and is sent with its zone (3.352333ms)
✔ resume and reopen name their target state and offer no third one (2.53425ms)
✔ a resolved item offers reopen and nothing the contract withdrew (1.406166ms)
✔ nothing is optimistic: only the submit control changes while a request is open (2.185125ms)
✔ when the last row of a page leaves, the view backs up to a page that exists (1.922208ms)
(node:13568) ExperimentalWarning: SQLite is an experimental feature and might change at any time
(Use `node --trace-warnings ...` to show where the warning was created)
✔ global Attention has replayable identity, shared configuration and a real governed Run (246.720666ms)
✔ progressive memory lists metadata, excludes drafts/tools and binds exact message text (372.823167ms)
✔ schema5 with retained records migrates exactly and global/project invariants reject corruption (176.339167ms)
✔ conversation retry preserves creation identity and exact Run command after a lost receipt (0.902209ms)
✔ closing during send keeps its receipt and restores the finished conversation on reopen (0.18025ms)
✔ a delayed history choice cannot replace the newer conversation or draft (0.131625ms)
✔ conversation rename persists metadata without changing history, scope or draft (93.300416ms)
✔ Attention CAS, full request identity, typed transitions and immutable receipt (125.45875ms)
✔ scope applies before IDs, descriptors, counts, lookups, receipts and source queries (109.474166ms)
✔ runtime registry-only grant hides detail, search predicates, event/receipt/source and signals (101.897583ms)
✔ explicit signal policy records observations without status, seen or authorization changes (95.386375ms)
✔ schema-aware exact/literal grep/relation filters are bounded and no regex executes (98.664458ms)
✔ source references bind exact retained Core bytes and scope; external locators stay unknown (104.429375ms)
✔ unknown schema/action, stale mutation, corrupt state and hidden unknown schema fail closed (327.667542ms)
✔ simultaneous actions serialize CAS, and needs_you is an explicit typed transition (109.603042ms)
✔ missing audit/receipt or rewritten receipt is refused before a new state change (384.269292ms)
✔ GitHub fixture preserves raw conditional values, pagination, snapshots on 304, and changing poll cadence (1.06675ms)
✔ GitHub fixture retains notification semantics that are unsafe to collapse (0.197167ms)
✔ GitHub fixture surfaces unsupported credentials, revoked authorization and rate limits (0.390791ms)
✔ GitHub fixture rejects contradictory scripts (0.559167ms)
✔ Gmail fixture supplies duplicate and out-of-order push/history pages without advancing a caller cursor (0.835958ms)
✔ Gmail fixture presents interruption, gap, expired watch, mismatch, and revoked authorization as explicit provider outcomes (0.440291ms)
✔ Gmail fixture rejects malformed and contradictory scripted responses (0.740459ms)
(node:14240) ExperimentalWarning: SQLite is an experimental feature and might change at any time
(Use `node --trace-warnings ...` to show where the warning was created)
✔ ATT-BE-01 HTTP round trip keeps multi-Matter/source/execution refs through typed CAS and producer loss (774.769167ms)
✔ Attention scope, actor ownership, unknown fields and schema versions fail closed over every query kind (154.829667ms)
✔ Runtime Attention adapter captures host execution context, records signals only, and closes with the Run (544.264125ms)
✔ generated Attention consumer packet records the HTTP/Pi/Core invariants (0.919125ms)
✔ Attention SIGKILL at before_commit leaves zero or one complete request effect (205.105959ms)
✔ Attention SIGKILL at after_commit_before_ack leaves zero or one complete request effect (183.973875ms)
✔ synthetic trace vectors preserve edits, stale approval, unknown effect, duplicate surfacing and non-score samples (1.366542ms)
✔ trace fixture validator rejects contradictions rather than turning missing evidence into a score (0.189334ms)
✔ trace fixture validation runner is executable within the fixture directory (35.182958ms)
(node:14831) ExperimentalWarning: SQLite is an experimental feature and might change at any time
(Use `node --trace-warnings ...` to show where the warning was created)
✔ ATT-ACT-1 · a submitted action carries the inspected revision and is read back canonically (595.176459ms)
✔ ATT-ACT-2 · a stale revision is refused, announced and never silently replayed (1162.329041ms)
✔ ATT-ACT-3 · a lost response is recovered from the receipt, not guessed (335.094583ms)
✔ ATT-ACT-4 · a request that never left is retried under its own identity, once (666.025542ms)
✔ ATT-ACT-5 · a reused identity with different content is refused and surfaced (332.868333ms)
✔ Snooze records Later, which stays a visible view and starts no timer (665.843291ms)
✔ the workspace holds no timer of its own (0.302833ms)
✔ relative time reads the recorded instant without rewriting it (12.509458ms)
✔ the state strip is six explicit views and each one is its own exact query (4.801875ms)
✔ All renders the order the server returned and adds no client sort (0.546291ms)
✔ a row states its status and when the record was updated, and nothing else (0.4395ms)
✔ J K and the arrows walk the list, clamp at both ends and stay out of text controls (1.094ms)
✔ Enter opens the focused row and Escape returns focus to it (1.897917ms)
✔ Back to items returns to the row, never to the project selector (0.892042ms)
✔ pagination is explicit and a view change starts again at the first page (0.705709ms)
✔ a pending query keeps the workspace readable and never sorts a half page (0.430417ms)
✔ a refused read speaks the adjudicated sentence, never the wire code (0.761958ms)
(node:14864) ExperimentalWarning: SQLite is an experimental feature and might change at any time
(Use `node --trace-warnings ...` to show where the warning was created)
✔ T-CANCEL-2: cancelling while waiting for the first token yields stopping then cancelled (593.032083ms)
✔ T-CANCEL-3: cancelling during ask_user closes the question and refuses a late answer (151.184792ms)
✔ T-CANCEL-4: a late allow after cancelling a permission is refused and writes nothing (489.615542ms)
✔ T-CANCEL-5: cancelling a run that is not in this process reports unknown, not cancelled (501.784541ms)
✔ T-PERM-6: concurrent allow and deny on one permission — first wins, second is 409 (996.808625ms)
✔ T-PERM-7: read_only makes ws_write absent, not present-and-refused (374.076208ms)
✔ card middle layer retains same-target disclosure, resets target and scope, keeps warnings outside (1.081125ms)
✔ Runtime summary rejects previous-session counts and preserves unknown rather than zero (0.37125ms)
✔ presentation entry directory retains honest fallback rows without synthetic actions (0.595542ms)
✔ injected reader checks live scope identity revision and resets disclosure after scope change (0.420917ms)
✔ entry reader receives the exact opener and scope changes do not transfer focus (1.342917ms)
✔ production only admits explicit handlers and preserves exact captured bytes (0.711875ms)
✔ synthetic feedback is mutually exclusive and reversible; failure preserves selection (23.980667ms)
✔ feedback lock suppresses duplicate/inverse requests and detached results cannot update a new target (1.479708ms)
✔ streaming allows only exact current-text copy, while unavailable actions report reasons (1.312ms)
✔ regeneration requires explicit confirmation and retains original scope (1.395083ms)
✔ synthetic playback can be paused, resumed and stopped without a speech service (4.931666ms)
✔ production rejects undeclared lifecycle handlers even when supplied (0.1925ms)
✔ same bytes and key from a replacement record cannot accept an async result (2.399834ms)
✔ unavailable and native channels preserve draft and do not acquire a Run (1.106084ms)
✔ draft and reading recovery are isolated by account, session and channel (0.496708ms)
✔ closing a detail cannot stop a run or change a work/permission fact (0.399625ms)
✔ revocation after search rejects exact read and drops cached contents (0.477792ms)
✔ late account, session and source reads cannot overwrite the current detail (0.339417ms)
✔ old references remain exact; stale judgment refresh cannot accept or resolve (0.843917ms)
✔ cancel and session changes cannot apply an old response to the current conversation (0.184459ms)
✔ model picker mock rejects unknown operations and stale picker scope (0.470083ms)
✔ preview server has no API or mutation route and cannot traverse mounts (21.834667ms)
✔ Chat sits in the Home / Attention / Spark group as a plain button (1.36975ms)
✔ openChatPage opens the page over the existing session and creates nothing (0.36025ms)
✔ recent chats across open projects, newest first, marking Work and the current one (9.260625ms)
✔ empty state and New chat stay primary while explanation and sibling entries are disclosed (1.504583ms)
✔ app wiring: the Chat seat opens the page, the page closes like Attention, and it is served (0.919792ms)
✔ stream append restores selection onto replacement nodes and preserves viewport anchor (0.635333ms)
✔ a different session or missing immutable row cannot inherit selection or anchor (0.3495ms)
✔ changed selected source bytes are not silently selected as if unchanged (0.093042ms)
✔ following latest does not restore an older viewport anchor (0.07875ms)
✔ band · 48 on the web, a native host only raises it (0.629209ms)
✔ band · one title line; Chat is the default mode and is not restated (0.149041ms)
✔ sidebar · 16 glyph on a 32 row, 2 between nav rows, 16 between groups, 44 on touch (0.293709ms)
✔ content column · prose and composer share one inset resolved against one width (0.616959ms)
✔ summary · cards fold to the strip before the reading column drops under 640 + two tight insets (0.104125ms)
✔ composer · content-driven and bounded; growth never writes value (0.280792ms)
✔ Home keeps its own 820 column and composer sizes (0.123208ms)
✔ recorded references deduplicate exact identity but retain different Run versions (0.4865ms)
✔ unbound discussion reads no made-up source endpoint; file opens exact captured version (3.227709ms)
✔ scope change rejects late work projection, with no source bytes in the replacement view (0.600542ms)
✔ read failure remains explicit and refresh is available (0.442917ms)
✔ fixed candidate evidence never substitutes the current source revision (0.163834ms)
✔ quoting a full recorded file keeps exact text lines and provenance; current files are rejected (0.21775ms)
✔ missing or mismatched historical bytes stay explicit rather than falling back to latest (1.167708ms)
✔ WK-92 · Chat 与 Work 由既有的 extensionBinding 分开，不由新状态分开 (0.6965ms)
✔ WK-92 · Continue in Matter 只走既有的 extension 路由；不新增端点、不复制、不迁移 (0.945208ms)
✔ WK-92 / M-2 · scope 位在工作面标题带上，仍是陈述而不是控件 (0.476667ms)
✔ WK-92 / §4 · Memory 组：不用 Session Memory，Sources ≠ Memory，Temporary chat 零控件 (0.236333ms)
✔ WK-92 · 导航只对 Work 加一个标记，Chat 是默认的那一种 (0.166125ms)
(node:15575) ExperimentalWarning: SQLite is an experimental feature and might change at any time
(Use `node --trace-warnings ...` to show where the warning was created)
✔ native compaction cancel settles with no persisted partial summary (622.251583ms)
✔ native compaction deadline settles with no persisted partial summary (482.269333ms)
✔ native overflow recovery persists a summary and a restarted host uses it (214.389791ms)
(node:15576) ExperimentalWarning: SQLite is an experimental feature and might change at any time
(Use `node --trace-warnings ...` to show where the warning was created)
✔ automatic threshold persists a summary and sends it in the next request (597.303334ms)
✔ provider-default omits SDK-generated reasoning controls on ordinary and compaction requests (496.691625ms)
✔ failed summary leaves the journal unchanged and marks run usage missing (500.109792ms)
✔ native summary retry succeeds but usage stays missing and counts only reported values (2502.079125ms)
✔ maxCompactions disables later automatic summaries while the ordinary turn completes (195.501166ms)
✔ CI-B · support is read from CSS.supports, never assumed (0.38975ms)
✔ CI-B · fit follows scrollHeight and respects the box model (0.134333ms)
✔ CI-B · with native support nothing is installed; without it, input refits and value is never written (0.117625ms)
✔ CI-F · only an image-only paste gets a sentence; text is never swallowed (0.141334ms)
✔ CI-B / CI-F · wiring: no paste is prevented, growth is @supports-gated, the module is served (0.39325ms)
✔ CI-B · each variant keeps a plain ceiling, dvh hosts get the 28dvh override, Home anchors the resting box (0.209334ms)
✔ roles exist in both schemes and stay separate from review / danger / diff (0.835291ms)
✔ the switch is the specimen: on = accent, disabled = unavailable pair, off = neutral (0.353584ms)
✔ the Pages paper link is an action, not the Review marker (0.189584ms)
(node:15695) ExperimentalWarning: SQLite is an experimental feature and might change at any time
(Use `node --trace-warnings ...` to show where the warning was created)
✔ control: scope provenance, reset, CAS, and cross-session isolation survive restart (196.965458ms)
✔ control: active Run freezes config; retry preserves its original runtime binding (408.307833ms)
✔ policy: last match within scope, outer ceilings and literal regex characters (0.361875ms)
✔ control APIs: source content remains pinned after replacement; templates are human-invoked drafts (315.167917ms)
✔ policy: path denial reaches the executor; exposed write does not imply allowed write (673.535875ms)
✔ policy: domain tools use the same execution gate, including exact arguments across approval (0.283542ms)
✔ context: skill metadata is progressive, installed content grants no plugin/tool authority (323.768166ms)
✔ composition: versioned profile restricts resources, never raises host permission, and missing requirements block admission (238.882541ms)
✔ control config: corrupt or future version fails closed without overwriting the file (117.983125ms)
✔ compatibility: valid schema 3 upgrades with exact backup and schema 6 fence (124.491167ms)
✔ MCP modern: discovery is separate from exposure and execution consent (511.439042ms)
✔ MCP legacy: discovery is separate from exposure and execution consent (766.452959ms)
✔ MCP: first unknown outcome closes subsequent tool admission in the same Run (498.082584ms)
✔ MCP: a lost remote call result becomes an unknown Run, never an automatic replay (498.722208ms)
✔ admission serializes permission changes and extension binding before runtime snapshots can diverge (454.42125ms)
✔ context: additive compiled counts separate catalog text, deferred bodies and draft-only templates (76.551167ms)
✔ MA2-02 · the Thread directory projects only the published contract (1.217125ms)
✔ MA2-02 · a mailbox page must stay inside the bounds the server reported (0.454ms)
✔ MA2-02 · an undelivered message keeps an explicit null, not an empty time (0.072292ms)
✔ MA2-02 · receipts are validated with the same gate as the directory rows (0.116125ms)
✔ MA2-02 · Session options carry the scope the server itself derives (0.143292ms)
✔ MA2-02 · option lists offer only bindings the server would accept (0.145208ms)
✔ MA2-02 · both new modules are admitted by the static allowlist (0.15025ms)
✔ MA2-02 · the consumer surface adds no second run-start path (0.639459ms)
(node:16035) ExperimentalWarning: SQLite is an experimental feature and might change at any time
(Use `node --trace-warnings ...` to show where the warning was created)
✔ Thread identity and membership are durable, explicit and not Session identity (103.640416ms)
✔ outbox replay is idempotent; conflicting payload and invented source are refused (49.947416ms)
✔ late delivery retains origin and distinguishes stale target from missing target (50.046042ms)
✔ reply lineage requires a delivered reverse envelope, not an unrelated latest message (50.456666ms)
✔ global Attention directory spans scopes; it never yields another mailbox body or membership (47.921625ms)
✔ runtime cross-scope sending is Attention-only; a project Run is refused at that guard alone (51.605167ms)
✔ a domain-bound Session cannot message from a Run even with a host-shaped origin (49.244167ms)
✔ delete and scope change do not recreate a recipient or reroute queued messages (49.421917ms)
✔ RuntimeStore6 migration preserves global scope and exact backup; corrupt ledger fails closed (137.185875ms)
✔ child grant monotonically narrows; the reducer passes caller-supplied conflict strings through and refuses contradictory results for one execution ID (1.181916ms)
✔ child tool boundary denies widening and completion remains undelivered/unaccepted (0.497042ms)
✔ cancel, timeout, late completion and mutated caller input cannot change child settlement or origin (6.124166ms)
✔ authenticated HTTP Thread/message entry reaches a real inbox without starting a model (99.493583ms)
✔ a crash inside the enqueue write leaves no half message; the same key then sends exactly once (224.383209ms)
✔ a crash inside the delivery write keeps the message queued; recovery then delivers it exactly once (172.096667ms)
✔ clean restart after the outbox write completed recovers exactly one local delivery without a Run (791.383667ms)
✔ model messages require a real permission decision and cannot auto-run the recipient (448.156625ms)
✔ global Attention crosses scope through the model tool, still spending exactly one exact-argument decision (801.104167ms)
✔ domain-bound Sessions receive no coordination tool at either composition site (552.294541ms)
✔ read-only tool metadata agrees with dispatch denial; project model directory excludes other scopes (145.653625ms)
✔ schema7 effort survives upgrade; fixed old host refuses schema9 and restores only the separate original backup (276.043041ms)
✔ mailbox pagination preserves ordered identities and refuses duplicate or oversized queries (65.569083ms)
(node:16965) ExperimentalWarning: SQLite is an experimental feature and might change at any time
(Use `node --trace-warnings ...` to show where the warning was created)
✔ T-CRED-1: missing credential fails the run without touching HOME/.pi (589.758583ms)
✔ T-CRED-2: a credential written via the API flows through and never leaks (475.609667ms)
✔ T-CRED-3: inherited DEEPSEEK_API_KEY is stripped at startup and logged (67.868542ms)
✔ T-CRED-4: PUT/DELETE credential during an active run is 409 and the run finishes on its own key (933.9125ms)
✔ T-CRED-5: a sentinel HOME auth.json and env var are never used as credentials (630.834875ms)
✔ diffWords marks only the changed tokens and never leading indentation (0.673416ms)
✔ diffModel: word segments only for exactly one removed + one added line (0.951958ms)
✔ renderDiff keeps ± and line numbers as text and puts blocks only on new words (1.174875ms)
✔ renderDiff treats markup as text, renders the no-newline marker, and handles empty input (0.346167ms)
✔ Settings preview and the static allowlist use the shared renderer and fixture (1.524625ms)
(node:17332) ExperimentalWarning: SQLite is an experimental feature and might change at any time
(Use `node --trace-warnings ...` to show where the warning was created)
✔ DRT02 DeepSeek: actual SDK stream, Deny/Approve, reasoning replay and reopened history (1708.870958ms)
✔ DRT02 DeepSeek error: explicit terminal state and no fallback (379.827666ms)
✔ DRT02 DeepSeek cancel: explicit terminal state and no fallback (122.211416ms)
✔ DRT02 DeepSeek missing-metadata: explicit terminal state and no fallback (377.683458ms)
✔ DRT02 DeepSeek: provider alias reaches public request telemetry through the actual SDK (500.553875ms)
(node:17349) ExperimentalWarning: SQLite is an experimental feature and might change at any time
(Use `node --trace-warnings ...` to show where the warning was created)
✔ T-DUR-1: a crash before the tool runs leaves no file, no artifact and no replay (1013.789167ms)
✔ T-DUR-2: a crash between the write and the record surfaces the file as unrecorded (1184.505708ms)
✔ T-DUR-3: a crash after the record is persisted keeps artifact and file in agreement (1250.072542ms)
✔ T-DUR-4: a crash during a store write keeps the last complete state and discards the tmp (1045.410083ms)
✔ a corrupt leftover tmp never affects the state that is loaded (86.518708ms)
✔ T-IDEM-5: replaying a commandId after a restart returns the original unknown run (1611.717125ms)
✔ completed Run disclosure groups successful tools and exact allowed history in timeline order (0.832458ms)
✔ incomplete, failed, pending, denied, malformed, and cross-call rows stay outside the summary (0.179792ms)
✔ a completed Run with only errors or unfinished calls gets no empty summary (0.06525ms)
✔ member IDs and disclosure state keys remain stable and surface-scoped (0.44675ms)
✔ file candidate identity, exact replay, immutable pages, closed admission and atomic acceptance (96.026834ms)
✔ coverage is monotone; frozen candidate precedes later unknown input; semantic failures stay diagnostic (84.753292ms)
✔ failed deterministic checks cannot accept, and source membership changes invalidate file basis (85.841834ms)
✔ illegal provenance, encoding, count, path and byte limits reject without candidate side effects (103.669709ms)
✔ SIGKILL file save and accept commit boundaries leave zero or one complete durable effect (1215.371667ms)
✔ metadata byte boundary, escaped wire envelope, file/path/count boundaries and empty files are exact (146.907875ms)
✔ file diff binds only frozen base, uses linear replacement, preserves newlines and refuses oversized output (109.529125ms)
✔ corrupt bytes, manifest, column bindings and a verification record copied from another identity refuse reads and acceptance (1042.874458ms)
✔ a changed trusted policy cannot accept an old PASS; empty evidence is diagnostic failed (216.027958ms)
✔ unknown file schema exposes scoped bounded metadata but cannot decode or accept (202.39425ms)
✔ verification outcome corruption is refused and acceptance rechecks required evidence (176.750708ms)
✔ file runs require a concrete Session identity at the private bridge boundary (80.403208ms)
(node:18249) ExperimentalWarning: SQLite is an experimental feature and might change at any time
(Use `node --trace-warnings ...` to show where the warning was created)
✔ real service/Pi recorded write, permission CAS, save, human accept, deletion and producer-absent exact reads (1598.03725ms)
✔ extra workspace reads and continued history yield unknown; an unrecorded selector never imports (1491.347083ms)
✔ actual list/grep/ask/load inputs, continued history and compaction-enabled admission remain unknown (3998.8505ms)
✔ steering, failed coverage persistence, and Stop racing immutable capture cannot publish a complete candidate (1527.979583ms)
✔ missing or corrupt history rejects recorded import even though current workspace bytes still exist (1003.954ms)
✔ a real loopback MCP tool executes only after its extra-input marker is durable (977.33225ms)
✔ SIGKILL after history or rename leaves an orphan version that no later Run may import (3493.679834ms)
(node:18573) ExperimentalWarning: SQLite is an experimental feature and might change at any time
(Use `node --trace-warnings ...` to show where the warning was created)
✔ extension restart: loaded binding continues; invalidation and unload keep their generations (1425.52125ms)
✔ extension restart: changed version requires reload; empty composition preserves dormant records (256.835042ms)
(node:19479) ExperimentalWarning: SQLite is an experimental feature and might change at any time
(Use `node --trace-warnings ...` to show where the warning was created)
✔ T-EXT-1: se_read_source succeeds through service.createRun on AgentSession (601.870833ms)
✔ T-EXT-2: se_submit_candidate goes through once and Core rejects the late call (436.878917ms)
✔ governance: policy is separate from Matter, exact replay cannot resurrect revoked disclosure (83.743875ms)
✔ governance: scope and registry-only grant hide bodies, hashes, counts and unknown schemas (172.545542ms)
✔ governance: pagination binds visible collection; source updates require rediscovery while policy remains valid (83.846625ms)
✔ governance: registry and Attention source links do not grant target Matter access (84.308084ms)
✔ governance: accepted Artifact is exact, bounded and distinct from pending candidates (82.525541ms)
✔ governance: unsupported schema, malformed envelopes and hidden queries fail closed (77.649917ms)
✔ governance: corrupt bytes and missing policy provenance are refused without repair (348.773208ms)
✔ governance: file Artifact delegates to exact immutable manifest/content reader (97.021458ms)
✔ governance: unknown Matter contract is discoverable metadata but cannot be decoded (85.052792ms)
✔ governance: non-object or corrupted policy provenance has uniform runtime absence and structured human refusal (368.177833ms)
✔ governance: oversized content cannot prevent human policy-only revocation (90.384833ms)
(node:20198) ExperimentalWarning: SQLite is an experimental feature and might change at any time
(Use `node --trace-warnings ...` to show where the warning was created)
✔ governance authenticated HTTP rejects identity injection and cross-project refs, grants are human-only (206.244709ms)
✔ global Pi tools discover, inspect and read exact governed evidence; project catalogs cannot install them (1385.225542ms)
✔ runtime adapter rejects mismatched/closed host Runs and a change while Core read is pending (578.45225ms)
✔ governance policy SIGKILL before_commit preserves zero/one complete effect (292.499708ms)
✔ governance policy SIGKILL after_commit_before_ack preserves zero/one complete effect (266.358ms)
✔ Core3/app4 migrates atomically with an exclusive original backup; fixed old host refuses new DB and reads separate backup (510.028625ms)
✔ migration refuses existing or symlink backup, malformed owned schema, and partial new tables without modifying old bytes (745.2135ms)
✔ governance migration SIGKILL governance_migration_before_commit keeps schema markers and tables together (332.149333ms)
✔ governance migration SIGKILL governance_migration_after_commit keeps schema markers and tables together (339.029459ms)
✔ disclosure expiry is checked at query time with a deterministic future clock (186.892917ms)
✔ worker preserves regex matches, line numbers and Unicode (26.152584ms)
✔ pathological regex times out while the service event loop stays responsive (2003.496083ms)
✔ abort terminates pathological matching before its worker timeout (153.446ms)
✔ already aborted search cannot start matching (1.519416ms)
✔ Home Activity rejects malformed dates, totals, and requested periods (1.658542ms)
✔ Home Attention rejects invalid identity, revision, and pagination packets (0.432459ms)
✔ Home Attention detail accepts only the display contract (0.242625ms)
✔ standalone Attention ignores an older project query after a newer open (14.557833ms)
✔ standalone Attention ignores a stale detail after project selection changes (2.180833ms)
✔ Attention registry opens the global agent explicitly without a model request (0.261375ms)
✔ Back to items clears a pending detail and rejects its late response (1.200958ms)
✔ Review belongs only to needs_you across Home and Attention states (1.389333ms)
✔ text-only pending and failed Home rows render and retain their exact navigation scope (0.846125ms)
✔ Home retains native targets for unchanged projections and uses current callbacks (0.827833ms)
✔ Home immediately renders changed facts, removed targets, filters, and errors (0.716917ms)
✔ Home remounts after the shared stream was used by a chat (0.256334ms)
✔ P01 installed SDK modern aggregates pages (50.35175ms)
✔ P01 installed SDK modern aggregates empty (11.557334ms)
✔ P01 modern rejects incomplete failure atomically (4.820208ms)
✔ P01 modern rejects incomplete cycle atomically (6.486ms)
✔ P01 modern rejects incomplete empty-cycle atomically (3.470166ms)
✔ P01 modern rejects incomplete duplicate atomically (4.245833ms)
✔ P01 modern rejects incomplete cross-page-duplicate atomically (4.231292ms)
✔ P01 modern rejects incomplete count atomically (3.190375ms)
✔ P01 modern rejects incomplete bytes atomically (3.41725ms)
✔ P01 modern rejects incomplete page-limit atomically (75.854666ms)
✔ P01 installed SDK legacy aggregates pages (14.592042ms)
✔ P01 installed SDK legacy aggregates empty (5.890042ms)
✔ P01 legacy rejects incomplete failure atomically (3.641209ms)
✔ P01 legacy rejects incomplete cycle atomically (4.090334ms)
✔ P01 legacy rejects incomplete empty-cycle atomically (3.159042ms)
✔ P01 legacy rejects incomplete duplicate atomically (3.393792ms)
✔ P01 legacy rejects incomplete cross-page-duplicate atomically (3.796ms)
✔ P01 legacy rejects incomplete count atomically (2.903875ms)
✔ P01 legacy rejects incomplete bytes atomically (6.022667ms)
✔ P01 legacy rejects incomplete page-limit atomically (56.298625ms)
✔ P01 concurrent connects expose only the latest requested connection (4.436417ms)
✔ P01 disconnect while discovery waits cannot publish a late catalog (2.826958ms)
✔ P01 transport error invalidates callability until explicit reconnect (7.32875ms)
(node:23128) ExperimentalWarning: SQLite is an experimental feature and might change at any time
(Use `node --trace-warnings ...` to show where the warning was created)
✔ P02 reported: effect is unknown, fenced and preserved across restart (657.033875ms)
✔ P02 drop: effect is unknown, fenced and preserved across restart (800.966041ms)
✔ P02 receipt-failure: effect is unknown, fenced and preserved across restart (681.801375ms)
✔ P02 cancel: effect is unknown, fenced and preserved across restart (337.917833ms)
✔ P02 restart-inflight: effect is unknown, fenced and preserved across restart (667.465083ms)
✔ P02 orphan-cancel: effect is unknown, fenced and preserved across restart (1078.493292ms)
✔ P02 pre-dispatch refusal has no effect and no unknown receipt (2.780791ms)
✔ P02 SIGKILL after remote effect before result leaves a durable unreconciled dispatch (1233.874583ms)
✔ P02 failed durable dispatch intent prevents the remote call (2.832833ms)
(node:23925) ExperimentalWarning: SQLite is an experimental feature and might change at any time
(Use `node --trace-warnings ...` to show where the warning was created)
✔ P02b actual modern SDK preserves structured {"answer":42} (40.234292ms)
✔ P02b actual modern SDK preserves structured [1,"two"] (7.913542ms)
✔ P02b actual modern SDK preserves structured null (3.748459ms)
✔ P02b actual modern SDK preserves structured false (3.343625ms)
✔ P02b actual modern SDK preserves structured 0 (3.656417ms)
✔ P02b actual modern SDK preserves structured "scalar" (3.048084ms)
✔ P02b actual legacy SDK preserves body plus supported structure (8.696875ms)
✔ P02b structured-only and non-rendered resource blocks stay explicit (6.145167ms)
✔ P02b invalid/oversized result fences uncertainty without raw dumping (9.978834ms)
✔ P02b success: native projection and scoped full result survive restart (1102.67725ms)
✔ P02b error: native projection and scoped full result survive restart (1014.663291ms)
✔ P02b installed SDK output schema rejection is effect-unknown (9.931542ms)
✔ P02b failed result retention cannot become a successful empty result (3.059ms)
✔ P02b repeated native call IDs receive distinct Host dispatch identities (2.797125ms)
(node:26129) ExperimentalWarning: SQLite is an experimental feature and might change at any time
(Use `node --trace-warnings ...` to show where the warning was created)
✔ T-IDEM-1: replaying the same commandId with the same input returns the same run (335.970875ms)
✔ T-IDEM-2: replaying the same commandId with a different input is 409 command_conflict (76.202167ms)
✔ T-IDEM-3: two concurrent creates with the same commandId produce exactly one run (84.02875ms)
✔ T-IDEM-4: a lost response then a resend returns the same run and executes once (582.448375ms)
✔ T-IDEM-6: the same commandId in another session is a different command (499.021ms)
✔ C4: unloaded extension preserves old receipts but still blocks new work (506.9075ms)
✔ Inspector separates recorded/current targets and folds version/cache details without losing unknown accounting (17.331625ms)
✔ Inspector tool activity reuses thread projection and never turns an unfinished tool into success (0.575541ms)
✔ file quotes work on initial and cached views, while replaced targets invalidate old buttons (1.821292ms)
(node:26906) ExperimentalWarning: SQLite is an experimental feature and might change at any time
(Use `node --trace-warnings ...` to show where the warning was created)
✔ Pinned jsdiff adapter preserves original lines, whitespace, Unicode and missing final newline (1.019875ms)
✔ Comparison returns explicit limited state instead of partial diff or expensive word allocation (1.00725ms)
✔ HTTP comparison requires two exact versions in one session and makes no adoption or revision change (104.153417ms)
(node:27048) ExperimentalWarning: SQLite is an experimental feature and might change at any time
(Use `node --trace-warnings ...` to show where the warning was created)
✔ Session deletion serializes after a queued upload; delete-first rejects upload (109.419917ms)
✔ shutdown waits for accepted intake writes and rejects new material uploads (72.52275ms)
✔ retained uploads stay separate, fetch versions on disclosure, and return focus to the exact row (22.942833ms)
✔ comparison requires two explicit retained revisions and renders the exact server diff (18.304083ms)
✔ limited source comparisons show the reason without partial diff, and failed comparisons can retry (24.798292ms)
✔ file upload preserves BOM and CRLF bytes through a same-command retry (24.393417ms)
✔ a rejected file read from an old session cannot write an error into the new session (5.250125ms)
✔ explicit retained refresh restores only its own focused button (6.783083ms)
✔ 503 preserves the exact draft and command for retry; editing the draft gets a new command (23.512875ms)
✔ 409 refresh requires opening the changed version before a new replacement is submitted (17.663209ms)
✔ Inspector opens retained UTF-8 at an exact revision and validates full text identity (10.221208ms)
(node:27066) ExperimentalWarning: SQLite is an experimental feature and might change at any time
(Use `node --trace-warnings ...` to show where the warning was created)
✔ Intake retains UTF-8 r1/r2 and independent session identity; same bytes do not merge scopes (9.435292ms)
✔ Intake command payload conflicts, CAS and delayed pending delivery cannot rewrite later revisions (3.901791ms)
✔ Intake exact reads reject mismatched hashes and corrupt bytes, including duplicate upload reuse (14.211375ms)
✔ Intake restarts with pending receipt and rejects unknown schema without rewriting it (4.257791ms)
✔ Intake will not follow a sidecar database symlink (1.141042ms)
✔ HTTP uploads retain exact versions across workspace edits and restart; deleted session cannot disclose (165.411375ms)
✔ HTTP simultaneous CAS uploads admit one source revision and leave the losing text out of workspace (75.690458ms)
✔ Upload delivery failure leaves readable bytes; same command recovers and superseded pending never overwrites (67.312541ms)
(node:27101) ExperimentalWarning: SQLite is an experimental feature and might change at any time
(Use `node --trace-warnings ...` to show where the warning was created)
✔ T-CANCEL-1: cancel during tool execution leaves no partial file (108.952583ms)
✔ cancelling a run with no pending question also ends cancelled (478.109958ms)
startup: reconciled workspace of session 533611ef-b6d9-4aa0-9d7b-099bb8fadf4d after an interrupted run; 0 file(s) are not covered by a recorded content version
✔ T-RESTART-1: restart during waiting_user yields unknown/expired_restart and the host session continues (1948.10775ms)
✔ T-USAGE-1: a completed run records non-zero usage with missing:false (276.420459ms)
✔ T-USAGE-2: cancelling in the second turn keeps the first turn's usage and marks missing (738.272416ms)
✔ T-USAGE-3: a provider error after a good turn fails the run without erasing usage (14263.55725ms)
✔ T-BUDGET-1: waiting_user time is excluded from the execution deadline (3247.472417ms)
✔ T-USAGE-4: a retried provider call is surfaced as a notice and counted once (2248.839583ms)
✔ T-USAGE-5: a long waiting_user then an answer completes with whole usage and no budget trip (3069.829416ms)
(node:27169) ExperimentalWarning: SQLite is an experimental feature and might change at any time
(Use `node --trace-warnings ...` to show where the warning was created)
✔ real HTTP candidate pages preserve Markdown bytes, and wrong Matter scope is refused (614.604834ms)
✔ accepted Artifact pages remain exact after producer deletion and extension unload (495.213083ms)
✔ independent SHA-256 and code-point helpers agree with the browser source contract (3.117125ms)
✔ readCoreManifest returns verified file refs and sends a bounded candidate query (0.58075ms)
✔ readCoreManifest uses the explicit Artifact selector and preserves its identity (0.125166ms)
✔ readCoreManifest rejects wrong identities, holes, duplicate paths and unsupported pages (0.439542ms)
✔ readCoreFile assembles pages using server code-point cursors and an independent final hash (1.1395ms)
✔ readCoreFile accepts an exact empty terminal page (0.257084ms)
✔ readCoreFile rejects wrong IDs, hash swaps, path swaps and pagination holes (0.553625ms)
✔ readCoreFile rejects a continuation replay or changed duplicate page (0.186292ms)
✔ readCoreFile rejects a changed identity on any page and a wrong final digest (1.027125ms)
✔ readCoreFile aborts before and after a delayed page, without returning partial source (0.218709ms)
✔ coreFileSubjects exposes only supported, scoped Core file refs (0.141958ms)
✔ projectMarkdown preserves BOM, CRLF, combining marks, duplicate block ranges and safe semantic nodes (8.08525ms)
✔ projectMarkdown parses complete definitions, keeps unsafe links inert, and emits bounded warnings (2.497625ms)
✔ projectMarkdown refuses malformed identity, source text, and size (0.352292ms)
✔ projectMarkdown creates a revision-local key and never claims writable review state (1.434792ms)
✔ sha256Text does not silently normalize source (0.730417ms)
✔ readCoreFile propagates producer absence as an exact read, not a fallback (0.28125ms)
lint-materials: 2 处违反 WK-101 / WK-102
lint-materials: 1 处违反 WK-101 / WK-102
lint-materials: 1 处违反 WK-101 / WK-102
✔ 产品样式表通过材质 lint 两项 (40.139459ms)
✔ 未登记的类名上出现 backdrop-filter 会被拒绝 (31.490292ms)
✔ 半透明表面缺少 reduced-transparency 回退会被拒绝 (28.234875ms)
✔ 私有 blur 取值会被拒绝 (28.315958ms)
(node:27844) ExperimentalWarning: SQLite is an experimental feature and might change at any time
(Use `node --trace-warnings ...` to show where the warning was created)
✔ model capability contract: legacy boolean is not promoted into invented effort tiers; explicit per-model lists stay isolated (127.891625ms)
✔ model capability contract: effort lists reject invalid values; config CAS detects missing and stale writers (67.15ms)
✔ installed model descriptors are API-specific and preserve exact concrete effort ladders (66.794084ms)
✔ editing a connection invalidates selected effort, and each Run freezes a capability binding across reopen (389.97ms)
✔ schema12→13 migration preserves config and active Run, adds unknown capability, bumps CAS epoch, and invalidates old receipt (537.353375ms)
✔ search rerender and direct click cannot re-enable/save a stale unsupported effort (15.970625ms)
✔ 三条 happy path 是闭集，且每条只用后端目录里真有的 provider 身份 (0.829417ms)
✔ 路径由连接记录自己说，不由一份全局配置反推 (0.163208ms)
✔ Connections 列后端注册表报的每一条，结构不假设单数 (0.180125ms)
✔ PV-27 / PV-30 · 窗口读数如实：unknown、目录值、用户填的值各说各的 (10.513792ms)
✔ PV-34 / PV-46 · 保存失败的三类直接消费后端错误码与枚举，前端不重新归类 (0.280416ms)
✔ WK-108/PV-62 · 冒烟不再留位：BE-39 落地后六步全部可用，各自说清楚做什么 (0.293209ms)
✔ PV-73 · smoke 步的 “· Answered” 状态词只在成功后出现，字承担完成态 (0.241125ms)
✔ WK-108 · 探测控件只出现在表单里写得出 Base URL 的那条路径上 (0.080292ms)
✔ WK-108 · 请求体逐字按文档：三个字段，无 key 省略字段，不加 header (0.184291ms)
✔ WK-108 · 结果原样呈现后端 status 与 message；ok 不被改写成一句更强的话 (0.3125ms)
✔ PV-24 · 目录报来的模型 ID 进入这条连接的 Model 列表，并随连接保存 (0.3165ms)
✔ BE02 契约 · 凭据请求体的键是连接 id，不是 provider 身份 (0.209958ms)
✔ PV-M-1 · 两处写入合一：任一处保存都不清掉另一处的字段 (0.214958ms)
✔ PV-53 · 模型选择器的用户连接分组标签是它的端点主机名，取不到注册表时退回 id (0.092583ms)
✔ PV-27 · 未知与 unsupported 都用 provider default；enum 按 API 精确列值 (0.291667ms)
✔ PV-61 · reasoningSource:"unknown" 换成真话，不再替目录说它没说过的话 (0.039375ms)
✔ 项 7 · origin:"connection" 的模型在选择器路由行追加一句，目录原生行不追加 (0.039791ms)
✔ MCP 走同一形态：六步，未交付的三步同样只留位 (0.05925ms)
✔ WK-105 ⑤ · 侧栏宽落进 256–280 的下沿 (0.082375ms)
✔ PV-64 · 六态回执的文案映射：五类登记文案，unknown 只写原话 (2.930916ms)
✔ PV-42 · 连接行的最近回执：成功/失败/null 三态 (0.158584ms)
✔ 连接行 lastVerification 有值 / null 两态；configurationStatus 非 ready 时降级 (0.185292ms)
✔ PV-63 · 自动发现的触发条件与去抖：baseUrl/key 的 input 去抖 600ms，blur 立即跑 (0.180542ms)
✔ PV-63/38 · “Save and ask once” 与 “Save only” 的请求序：event.submitter 分流，冒烟不自动触发 (0.213833ms)
✔ PV-64 · is-arrived 一帧后移除：同一帧加、下一帧 rAF 移除，交给既有过渡播放 (0.116125ms)
✔ PV-64 · “Ask again” 显式重放同一个 {connectionId, model} (0.068166ms)
✔ PV-59/63 · 键入一个模型 ID 的三步序：PUT connection → PUT config →（主动作）POST verify，中途失败停步不回滚 (0.110708ms)
✔ PV-61 · custom model reasoning declaration records exact optional effort values (0.09175ms)
✔ 回执块六态的文案落点：成功两行不着色，失败一行借 --danger，`is-asking`/`is-failed` 互斥 (0.206375ms)
✔ bounded NDA playbook and fixture manifest are versioned and serializable (0.800375ms)
✔ buildReview produces the four frozen gold outcomes with source-aware anchors (2.191375ms)
✔ verifyReview rejects self-reported conclusions, missing coverage and duplicate rules (1.156792ms)
✔ verifyReview rejects bad source anchors and reconciliation tampering (0.805875ms)
✔ candidate adapters are serializable and preserve proposal-only obligations (0.457583ms)
✔ a missing source clause remains unresolved and a forged pass is rejected (0.265958ms)
✔ source conflict and unsupported clause stay visible with bounded evidence (0.509208ms)
✔ development and holdout fixtures are distinct but obey the same deterministic contract (0.447208ms)
(node:28213) ExperimentalWarning: SQLite is an experimental feature and might change at any time
(Use `node --trace-warnings ...` to show where the warning was created)
✔ NDA producer receives the full submission schema and static reason contract on actual Pi wire (372.353458ms)
✔ a reference producer can submit from advertised vocabulary and approved sources without buildReview (1002.594458ms)
(node:28280) ExperimentalWarning: SQLite is an experimental feature and might change at any time
(Use `node --trace-warnings ...` to show where the warning was created)
✔ the delivered NDA renderer is served at its declared path and carries no data channel of its own (177.133292ms)
✔ the packet reading takes the rules, the status words and the lineage the packet actually carries (0.375417ms)
✔ only the advertised decisions are readable as controls, and none in read-only history (0.404709ms)
✔ a domain payload this build cannot decode is not read as findings (0.133959ms)
(node:28322) ExperimentalWarning: SQLite is an experimental feature and might change at any time
(Use `node --trace-warnings ...` to show where the warning was created)
✔ NDA through Pi: verified proposal, trusted decision, revised candidate, source history and new Session context (1767.370958ms)
✔ NDA unresolved facts remain reviewable; forged pass and attempted acceptance fail (744.693458ms)
✔ cumulative assistant deltas and their final stay one non-pending row (0.71975ms)
✔ subsequent complete assistant messages get separate rows even with identical text (0.530041ms)
✔ a later assistant message's deltas do not overwrite the first message (0.919ms)
✔ tool boundaries preserve assistant/tool/assistant order and tool result identity (0.174125ms)
✔ assistant and tool rows stay scoped when runs reuse segment and call identities (0.1535ms)
✔ terminal run keeps an incomplete delta pending but a terminal final is settled (0.079125ms)
✔ assistant time uses only its matching recorded Run start, never a redraw clock (0.124917ms)
✔ message time has readable provenance content without naming the native time role (24.753542ms)
(node:28324) ExperimentalWarning: SQLite is an experimental feature and might change at any time
(Use `node --trace-warnings ...` to show where the warning was created)
✔ permission CAS mismatches leave pending question, waiter, events and persisted bytes untouched (899.15725ms)
✔ each expectation is independently optional and malformed expectations are 400 (1193.759958ms)
✔ CAS comparison happens inside the mutation queue after a stale service read (506.582292ms)
✔ two matching concurrent answers still resolve at most once (507.251583ms)
✔ ask_user does not accept permission expectations (785.681417ms)
(node:28630) ExperimentalWarning: SQLite is an experimental feature and might change at any time
(Use `node --trace-warnings ...` to show where the warning was created)
✔ T-PERM-1: ask mode + allow lets ws_write succeed (581.498291ms)
✔ T-PERM-2: ask mode + deny returns isError and writes nothing (756.261083ms)
✔ T-PERM-3: cancel while waiting on a permission leaves no file and Run cancelled (248.835417ms)
✔ read_only permission mode never injects ws_write (494.812334ms)
✔ T-PERM-4: the allowed write matches the approved contentSha256 (501.587542ms)
✔ T-PERM-5: changed parameters open a new permission and the old questionId is dead (998.318083ms)
✔ toStatTiles reads the three sets' totals in the window the backend can express (0.90575ms)
✔ a set the answer did not carry reads as words, never as a zero (0.09725ms)
✔ the caption states the scope it was actually given (0.453958ms)
✔ toWorkCards passes recorded fields through and names the missing ones (0.143792ms)
✔ pending rows keep the server's own request word and invent no run state (0.109417ms)
✔ inspection rows keep unknown apart from failed and report a missing code as null (0.088791ms)
✔ adapters do not read the clock (0.083ms)
✔ the recorded story is a work-only sample: no host facts, every entry a 2xx work read (0.561708ms)
✔ entry: only a workspace with no projects and nothing remembered enters on its own (0.324666ms)
✔ inactive, the layer answers nothing; active, it answers work reads from the story and leaves host reads alone (1.034958ms)
✔ reads of an example object that were not recorded fail as not found; reads of real objects pass through (0.199084ms)
✔ writes: drafts on example chats are a no-op, every other write against an example object is refused with a sentence, real writes pass (0.524125ms)
✔ mutation bodies cannot target an example object through an ID-free route (0.153917ms)
✔ aggregate preview reads are bypassed only after real project context exists (0.065875ms)
✔ exit: an admitted real run establishes the workspace for good; leaving by hand only remembers 'off' and can be reopened (0.174667ms)
✔ a broken storage is survivable: memory reads null, writes are dropped (0.143292ms)
✔ FE-04 · 在途词只有一个，且只在在途时出现 (0.432625ms)
✔ FE-04 / M-9 · 五个送出一次决定的控件都经过同一个在途词，且保持静止态宽度 (0.402833ms)
✔ FE-04 · cancel requested 不把 Run 说成 stopped (0.548291ms)
✔ FE-04 · 在途的是哪一个决定也是事实，回执到达时一并撤掉 (0.099333ms)
✔ FE-04 · 重试之前撤掉上一次的失败，两卡一致 (0.118958ms)
✔ FE-04 · 问题卡的提交失败会被读出来 (0.125375ms)
✔ FE-04 · Failed 与 Interrupted 由两个不同的事实给出 (0.2885ms)
✔ FE-04 · 授权卡上不存在 always-allow 这一档 (0.246417ms)
✔ FE-04 · inbox 键盘没有批量键与数字键 (0.698ms)
✔ every registry glyph is in the sprite and in the ui-controls allowlist (0.43375ms)
✔ offline icon geometry reproduces every pinned sprite shape without changes (1.220083ms)
✔ recreated controls contain local shapes and retain their action after disconnection (2.148375ms)
✔ disclosure rows use a native SVG chevron without changing the summary or its name (0.228125ms)
✔ sprite symbols are exactly the pinned Lucide files plus the CourtWork domain files, with recorded hashes (3.864667ms)
✔ domain glyphs follow the admitted geometry contract (0.383041ms)
✔ Spark, Attention and Chat seats and the Settings groups carry their registered glyphs (0.991333ms)
✔ registry owners and generated browser projection agree (11.357208ms)
✔ single-purpose collisions fail while contextual shared geometry is admitted (0.9075ms)
✔ unknown geometry and unapproved identity state variants fail (0.445375ms)
✔ contextual names are complete, no-icon and Pages representations are legal (0.291792ms)
✔ semantic action preserves existing control anatomy and handler (0.779084ms)
✔ migrated workspace close/add controls cannot return to raw glyph calls (0.926667ms)
✔ Pages text projection cannot leak its App glyph, malformed owner and representations fail (0.383291ms)
✔ actual workspace consumers preserve callbacks and contextual names (3.124167ms)
✔ domain navigation preserves its handler with a visible label and glyph (0.240625ms)
(node:29100) ExperimentalWarning: SQLite is an experimental feature and might change at any time
(Use `node --trace-warnings ...` to show where the warning was created)
✔ PV-54: both consumers use one pure provider projection, preserving existing exports (7.168959ms)
✔ PV-54: the real host serves exactly the shared projection module (91.352208ms)
(node:29152) ExperimentalWarning: SQLite is an experimental feature and might change at any time
(Use `node --trace-warnings ...` to show where the warning was created)
✔ PV-32 · 旧 credentials.json 的 provider 键一次性迁到连接 id (149.410291ms)
✔ PV-25 · 兼容连接：发现 → 保存 → 选中 → 真跑一次 run，run 记录读得出连接与凭据来源 (235.450333ms)
✔ PV-26 · 两条连接各持自己的 key，互不覆盖 (697.643208ms)
✔ PV-31 · 用户连接注册在独立 provider id 上，删除即注销 (75.6395ms)
✔ PV-30 · 未知 contextWindow 不猜值：关压缩并显式记录，用户填值后来源标为 user (423.675708ms)
✔ PV-24 · 零成本的 Model 记录不会在 usage 面变成事实上的 $0 (508.168834ms)
✔ 重启后连接与凭据仍可用；列表落空的连接不阻止启动 (192.635958ms)
✔ PV-34 · 保存失败区分认证失败 / 目录不可达 / 模型不在该目录 (64.28875ms)
✔ 连接的增删改查受同一条配置队列与 active_run 冻结约束 (746.843209ms)
✔ T-CRED · 用户连接路径同样不读 HOME/.pi 与环境变量 (294.849ms)
(node:29560) ExperimentalWarning: SQLite is an experimental feature and might change at any time
(Use `node --trace-warnings ...` to show where the warning was created)
✔ PV-59 · 目录连接 PUT 只接受 models；api/baseUrl/apiKey 出现即 400 (102.653625ms)
✔ PV-59 · 追加的模型 id 不得与已装目录冲突 (62.204583ms)
✔ PV-59 · 目录连接加一个不在已装目录的模型：可保存、可选为生效、run 发起门放行；删掉后 run 发起门 503；原生模型仍可解析 (927.922792ms)
✔ reasoning capability · legacy 三态保留但不生成伪档位，显式 effort list 才提供具体档位 (89.742208ms)
✔ PV-62/PV-84 · verify 四类 fixture 结果：成功 ok、401→authentication_failed、未知模型→http_error、不可达→unreachable，且不冒充精度 (122.175417ms)
✔ PV-62 · verify 的三道门：模型不可准入 400、连接无凭据 400、活动 run 期间 409 (1276.997209ms)
✔ PV-42 · 回执绑定失配返回 null；重启后额外模型与回执可用 (203.693125ms)
✔ T-CRED-VERIFY · fixture 除外：fake 连接的 verify 不要求预先配置凭据；兼容连接仍要求，且不读 HOME/.pi 与环境变量 (69.6765ms)
(node:29976) ExperimentalWarning: SQLite is an experimental feature and might change at any time
(Use `node --trace-warnings ...` to show where the warning was created)
✔ provider preview HTTP contract, bounds, authentication and unchanged runtime (10466.967917ms)
(node:30063) ExperimentalWarning: SQLite is an experimental feature and might change at any time
(Use `node --trace-warnings ...` to show where the warning was created)
✔ openai-completions: real SDK tool loop, stable consecutive prefix, cache usage and restart (1147.915458ms)
✔ openai-responses: real SDK tool loop, stable consecutive prefix, cache usage and restart (1002.894125ms)
✔ schema13 upgrade preserves every schema11 pending operation, including missing-record recovery (162.176542ms)
(node:30129) ExperimentalWarning: SQLite is an experimental feature and might change at any time
(Use `node --trace-warnings ...` to show where the warning was created)
✔ verify resolves active identity API/endpoint overrides without leaking them to another connection (105.959291ms)
(node:30333) ExperimentalWarning: SQLite is an experimental feature and might change at any time
(Use `node --trace-warnings ...` to show where the warning was created)
✔ HYP-01: abort before openQuestion waiter is installed does not hang (138.718875ms)
(node:30478) ExperimentalWarning: SQLite is an experimental feature and might change at any time
(Use `node --trace-warnings ...` to show where the warning was created)
✔ release capability lifecycle: advertise, effect, suspend, restore, and restart stay bound (2081.620291ms)
(node:30739) ExperimentalWarning: SQLite is an experimental feature and might change at any time
(Use `node --trace-warnings ...` to show where the warning was created)
✔ release input binding: initial context and runtime_load keep source identity without granting tools (598.977041ms)
✔ release input binding: compaction cannot expand a replacement binding or rewrite an old one (393.448959ms)
✔ release input binding: aggregate compiled context is rejected before Run identity exists (75.796625ms)
(node:31168) ExperimentalWarning: SQLite is an experimental feature and might change at any time
(Use `node --trace-warnings ...` to show where the warning was created)
✔ DF06 MCP permission denial records no dispatch intent and reaches no remote effect (588.838791ms)
✔ DF06 cancelling a pending MCP approval ends cancelled without dispatch or effect (507.496208ms)
✔ DF06 failed MCP result-receipt persistence fences one remote effect and never replays after reopen (1056.964ms)
(node:31169) ExperimentalWarning: SQLite is an experimental feature and might change at any time
(Use `node --trace-warnings ...` to show where the warning was created)
✔ NDA renderer is an exact declared path: missing is 404, present bytes are served, siblings stay private (707.974458ms)
(node:31202) ExperimentalWarning: SQLite is an experimental feature and might change at any time
(Use `node --trace-warnings ...` to show where the warning was created)
✔ host stream observation separates first output/text and preserves terminal identity without claiming TPS (2.372209ms)
✔ provider-default payload omits generated reasoning controls after the existing callback (0.330666ms)
✔ explicit effort uses the declared adapter mapping and provider identity, not endpoint hostname (0.13125ms)
✔ production compatible registration pins generic reasoning on heuristic-looking loopback paths (75.065083ms)
✔ capability projection admits only values the selected adapter can encode (0.268459ms)
✔ request telemetry keeps SDK setting provenance and a safe capability snapshot (0.259ms)
✔ interrupted stream and dispatch error do not report successful usage (0.240833ms)
✔ result-only SDK calls still emit a terminal request measurement exactly once (0.111959ms)
✔ provider response identifiers stay separate from runtime identity without forwarding extra metadata (0.317791ms)
✔ effort is capability checked and recorded by real local SDK requests (285.339709ms)
✔ malformed measurement records are omitted before rendering (0.12275ms)
✔ schema6 migration preserves both global and project sessions (88.408667ms)
✔ no ready frame rejects within readyTimeoutMs and reaps the failed worker (87.492625ms)
✔ a request with no response times out, clears pending, and reaps the transport (136.279208ms)
✔ close ignores a missing close acknowledgement, is bounded, and reaps the worker (36.028584ms)
✔ a partial response frame is bounded by the request deadline and the transport is reaped (133.086417ms)
✔ invalid JSON invalidates and reaps the transport (29.480708ms)
✔ an oversized unterminated frame is rejected before unbounded buffering (38.546458ms)
✔ stderr is capped while a failed request is cleaned up (131.840292ms)
✔ concurrent starts share one worker and one readiness result (38.475792ms)
✔ close during startup rejects start and reaps the child (3.467792ms)
✔ maxPending rejects excess calls and failed transport cleanup leaves no pending entries (137.818417ms)
✔ a failed transport can restart after its child has been reaped (70.049583ms)
✔ late events from an old generation cannot satisfy or damage the replacement (191.265958ms)
✔ close rejects in-flight admissions, then permits a reaped replacement generation (126.231042ms)
✔ Runtime11 migrates a real schema10 byte sequence, preserves provider fields, and fences the old host (510.37225ms)
✔ a fixed schema10 host can read an exact schema10 backup in an independent directory (314.823042ms)
✔ Runtime11 pending configuration markers survive reopen and finish durably (141.612875ms)
✔ Runtime11 refuses a malformed pending marker without changing the original bytes (95.002042ms)
(node:31591) ExperimentalWarning: SQLite is an experimental feature and might change at any time
(Use `node --trace-warnings ...` to show where the warning was created)
✔ Q02 · HTTP/store field boundaries preserve valid Unicode and reject controls without changing files (230.481042ms)
✔ Q02 · a 240-character model and 2048-character endpoint survive reopen and keep the execution descriptor (734.557834ms)
✔ Q02 · registration failure leaves a recoverable record without a ghost provider (81.621334ms)
✔ Q02 · a provider store failure can be retried with PUT and does not publish a ghost registration (77.324875ms)
✔ Q02 · replacing a connection fences the route when the new store write fails, then recovers after restart (180.351792ms)
▶ Q02 · credential file, runtime key, and generation failures remain inspectable and retryable
  ✔ runtime-key (83.9325ms)
  ✔ credential-path (76.4155ms)
  ✔ generation (91.15325ms)
✔ Q02 · credential file, runtime key, and generation failures remain inspectable and retryable (251.910792ms)
✔ Q02 · credential_delete explicitly abandons a pending credential_set and clears its key (70.671917ms)
✔ Q02 · a final pending-marker persist failure fences an already-applied credential until the same retry (74.276375ms)
✔ Q02 · startup skips pending registration/key load, preserves receipt replay, and only same-operation retry clears it (342.10175ms)
✔ Q02 · a pending delete with a missing record can be retried to clean credentials (132.113084ms)
✔ activity stops on wait, disconnect and terminal state without inventing cancellation acceptance (1.105458ms)
✔ word clock survives polling, announces facts once, and stale callbacks cannot revive old work (1.048292ms)
✔ Attention can subtract measurement actions without removing the status fact (0.509209ms)
✔ process phrases follow exact tool/notice lifecycles and never turn prose into a progress claim (0.161292ms)
✔ Context reads the selected Run only, preserves missing and zero, and never computes capacity usage (12.991708ms)
(node:32057) ExperimentalWarning: SQLite is an experimental feature and might change at any time
(Use `node --trace-warnings ...` to show where the warning was created)
✔ BG02-T1: a cancelled, a failed and a restart-unknown Run can each be continued, and the continued Run is unchanged (15188.613375ms)
✔ BG02-T1/T7: a Run left in flight by SIGKILL becomes unknown, keeps its lineage and can itself be continued (15554.000125ms)
✔ BG02-T2: lineage is a chain — a Run that already has a continuation refuses a second one (43457.69ms)
✔ BG02-T3: completed, still-running, foreign/absent and effect-unreconciled targets are each refused (28985.999959ms)
✔ BG02-T4: command identity includes the lineage claim (29004.257917ms)
✔ BG02-T5: a continuation carries its own input; the earlier prompt is not copied or replayed (15005.686666ms)
✔ BG02-T6: schema 8 upgrades once with an exact backup, and an occupied backup path stops the upgrade (206.2155ms)
✔ BG02-T6: a schema 11 state with an impossible lineage fails closed, and the schema10 host refuses schema 11 entirely (414.483667ms)
✔ integration: main schema 9 lineage survives schema 11 provider-connection migration (132.906375ms)
(node:32074) ExperimentalWarning: SQLite is an experimental feature and might change at any time
(Use `node --trace-warnings ...` to show where the warning was created)
✔ current host context reaches the model without changing user input; capabilities use the installed catalog (748.952708ms)
✔ a Run waits for its final event to persist before publishing completion (341.881583ms)
✔ event persistence failure is reported as runtime failure instead of completion (498.664041ms)
✔ CLI SIGTERM settles a waiting Run and the same data directory reopens (1407.9345ms)
✔ runtime projection: parent/profile gates are explanations, not removable overrides (0.465334ms)
✔ runtime projection: historical counts stay partial; new catalogs count admitted text only (0.080625ms)
(node:32353) ExperimentalWarning: SQLite is an experimental feature and might change at any time
(Use `node --trace-warnings ...` to show where the warning was created)
✔ BE-5: POST /runtime-sources/resolve returns exact UTF-8 identity for all six inline kinds; provenance stays unverified and nothing is imported (114.295291ms)
✔ BE-5: token, origin, content-type and body-size guards plus malformed/extra-field input follow the existing host boundaries (93.778667ms)
✔ BE-5: every locator kind stays explicitly unsupported over real HTTP with an exact echo, and no content identity is invented (75.959417ms)
✔ BE-5: an isolated child probe proves locator and inline MCP resolution performs no file read, socket connect, HTTP request, fetch or child process (815.161292ms)
✔ BE-5: pure resolution stays available during an active Run while config, disk, revision and the Run binding remain unchanged and nothing imports (582.002291ms)
✔ BE-5: the service seam mirrors the pure resolver and adapts its 400s to the host error shape (121.607417ms)
✔ attention: a healthy snapshot produces an empty list, not a hidden one (0.713291ms)
✔ attention: health, diagnostics, ask permissions, trust and missing ids each raise one entry (0.307834ms)
✔ contrast: the ratio is WCAG 2.x and the extremes are exact (0.133333ms)
✔ contrast: the browser warning checks exactly the build report pairs (0.432875ms)
✔ RuntimeStore persists schemaVersion 13 session/run fields and the canonical user event (104.307167ms)
✔ RuntimeStore createRun is idempotent by commandId and rejects a conflicting replay (49.062959ms)
✔ RuntimeStore rejects an older schemaVersion file with no migration and does not rewrite it (96.868917ms)
✔ T-CRED-6: credentialGeneration is persisted and keeps increasing across a reopen (90.719541ms)
✔ copy guard rejects default record nouns and allows verbs, user values and disclosed diagnostics (14.965125ms)
✔ raw consumer guard rejects new, duplicated and stale literal consumers (0.579958ms)
✔ actual raw consumers and Pages cross-map remain registered (19.458166ms)
✔ CC-S · settings-active 时侧栏不渲染，而不是只被藏起来 (0.654291ms)
✔ CC-S · Back to app 是唯一的离开动作，落在页标题行左端 (0.205416ms)
✔ CC-S · 设置的两列有自己的几何 token，不借 --nav 的列轨 (0.383583ms)
✔ WK-115 ① · 第六个状态词是 Unknown，Interrupted 只在明确的终态上出现 (0.366042ms)
✔ WK-115 ② · Home / End 是纯导航键，且只在焦点已在列表里时接管 (0.324083ms)
✔ WK-115 ② · 两条列表各自 role=list，不合并 (0.227416ms)
✔ WK-116 · 改约已落在文档里，不是一次 CSS 修复 (0.071375ms)
✔ 一组完整的 Tier S token 通过，并被规范成可以直接落进样式表的声明 (1.128333ms)
✔ 旧 gray-steel 全量块仍可读取，但新外观格式不接受其固定语义键 (1.329167ms)
✔ 产品内的 gray-steel 与 skins/gray-steel.css 逐字相同：两处不许漂移 (0.771375ms)
✔ 不是既有 token 名的声明被逐行拒绝，整组不落地 (0.13125ms)
✔ 颜色 token 只接受 hex：命名色、函数与变量都不行 (0.24775ms)
✔ url( · expression · @import · 转义 · 标记这些形状先于逐行解析被拒绝 (0.087583ms)
✔ 半套色阶被拒绝，并把缺的名字说出来 (0.079833ms)
✔ 行号指回原文，一次报完所有问题 (0.073125ms)
✔ legacy 数值可读，但新外观许可域拒绝材质参数 (0.248458ms)
✔ 一次只收一个块：粘贴整份 skin 文件被拒绝而不是只应用第一段 (0.226292ms)
✔ 空输入与超长输入各有自己的话，不是同一句错误 (0.292708ms)
✔ 代码字体只收字体族名，收不下分号与括号 (0.099167ms)
✔ 读偏好只认闭集里的值：坏掉的存储读成默认，不是读成垃圾 (0.110167ms)
✔ Home 版面偏好是闭集：默认 Modules，坏值读回 Modules 而不是读成第三种版面 (0.159417ms)
✔ Home 模块只安装有既定读取接缝的 Activity 与 Attention (0.406708ms)
✔ Models 模块不复述 composer chip 的事实：它没有自己的读取 (0.0665ms)
✔ 页面的九个组是闭集，未知的节名落回 General (0.311417ms)
✔ CC-I · provenance 的词表今日是闭集的两个词，判定是与 owner 默认值的字面比较 (0.109125ms)
✔ CC-I · 默认态：provenance 是 Default，复位不呈现 (0.602917ms)
✔ CC-I · 改一项之后翻为 Changed on this device，复位可用且可达名字带属性名 (0.203916ms)
✔ CC-I · 复位：值回默认、provenance 回 Default、焦点落在本行控件上、有一条可播报的回执 (0.403166ms)
✔ CC-I · 复位之后的下一次改值作废那条回执，回执不是一条会留在页面上的旧话 (0.1145ms)
✔ CC-I · 没有 owner 默认值的行一个字都不多：同一个函数，不长出这三样 (0.0955ms)
✔ CC-I · provenance 挂在控件上，读屏听得到它而不是一段孤立的文字 (0.079333ms)
✔ CC-I · Code font：未提交的编辑不是 modified，提交后才是，校验失败不改 provenance (0.453334ms)
✔ CC-I · Palette 选了 Custom tokens 但没 Apply 不算 changed：provenance 读生效值不读草稿 (0.320125ms)
✔ CC-I · appearance keeps no value controls; only the provider context window is numeric (1.316584ms)
✔ failed browser storage keeps the active projection but exposes session-only persistence (0.70225ms)
lint-shapes: 1 处违反 WK-128
lint-shapes: 1 处违反 WK-128
lint-shapes: 1 处违反 WK-128
✔ 产品样式表通过形状 lint (47.655209ms)
✔ 满弧写成 50% 会被拒绝，并指回 --radius-pill (31.570292ms)
✔ 组件私有的游离圆角会被拒绝 (31.72375ms)
✔ 不建立在形状角色上的表达式会被拒绝，派生式与多角声明通过 (65.623166ms)
✔ 登记表内的形状按登记放行 (32.316416ms)
✔ native chrome accepts bounded geometry and rejects arbitrary or invalid injection (0.689167ms)
✔ host geometry updates and fullscreen/native nonoverlay remove reservations without adding a strip (0.198292ms)
✔ legacy values remain readable while projection ignores semantic and material keys (3.830625ms)
✔ unknown, semantic, and material declarations cannot enter the modern skin (1.50325ms)
✔ first paint retains raw storage but writes only canonical projected CSS (1.518375ms)
✔ a legal input over 4000 bytes and under 8000 bytes projects identically at first paint (1.1225ms)
✔ the policy is a synchronous classic script before the first-frame bootstrap (0.174917ms)
✔ Dystopia uses one closed preference registry and unknown choices fall back (0.926542ms)
✔ Dystopia is exactly the permitted opaque appearance scale in both modes (0.786208ms)
✔ MR-A1a: meta contract — version, units and byte limit are explicit (1.43325ms)
✔ MR-A1a: plain ASCII — counts, hash and identity conversions (0.840334ms)
✔ MR-A1a: empty content is allowed and every offset except 0 is rejected (0.275625ms)
✔ MR-A1a: BOM is preserved, counted as one code point, never stripped (0.876708ms)
✔ MR-A1a: CRLF and trailing newline are literal code points, not normalized (0.109042ms)
✔ MR-A1a: combining characters are preserved; no Unicode normalization happens (0.138375ms)
✔ MR-A1a: emoji/astral — surrogate-pair interiors are rejected, never snapped (0.183125ms)
✔ MR-A1a: strict UTF-8 — malformed and truncated input is rejected with invalid_utf8 (0.336375ms)
✔ MR-A1a: size boundaries — 65536 bytes accepted, 65537 rejected as source_too_large (5.009833ms)
✔ MR-A1a: offset validation — unsafe integers, wrong ranges and bad units (0.386291ms)
✔ MR-A1a: input is copied — later mutation never reaches the built coordinates (0.139083ms)
✔ MR-A1a: Buffer and offset views are accepted and measured by their own bytes (0.348458ms)
✔ MR-A1a: wrong input types are a caller contract violation (TypeError) (0.157667ms)
✔ MR-A1a: returned object is frozen; output metadata edits cannot pollute conversions (0.184375ms)
✔ MR-A1a: repeated builds are deterministic and independent of each other (0.318083ms)
✔ MR-A1a: fixture corpus parity — module equals the independent oracle and the static expectations (6.207833ms)
✔ MR-A1a: NUL and control characters are ordinary code points, never trimmed (0.07825ms)
✔ MR-A1a integration: spoofed non-byte views are rejected by internal type (0.046583ms)
✔ MR-A1a integration: invalid unit errors never coerce caller objects (0.093584ms)
✔ R2: six inline kinds resolve without changing config, then explicit imports preserve exact bytes (13.018667ms)
✔ R2: hashes bind bytes and interpretation; origin is only a caller assertion and outputs own their data (0.248583ms)
✔ R2: skill/profile declarations remain unverified requirements without new capabilities (0.329584ms)
✔ R2: MCP and locators never fetch, connect or read their declared target (0.123416ms)
✔ R2: malformed, executable and ambiguous sources cannot be silently reinterpreted (0.338708ms)
✔ R2: invalid YAML and cyclic projected metadata fail before config persistence (3.255416ms)
(node:32678) ExperimentalWarning: SQLite is an experimental feature and might change at any time
(Use `node --trace-warnings ...` to show where the warning was created)
✔ BE41-B accepts source FILE zero and replacement rollback without accepting identical or negative versions (3.72475ms)
✔ BE41-B binds live empty pages to the top token and rejects contradictory or malformed top tokens (1.006458ms)
✔ BE41-B paginator sends exact snapshot; changed snapshot refresh starts at page zero without old token (21.923125ms)
✔ BE41-B late pagination cannot replace a closed and reopened read (4.509708ms)
✔ BE41-B actual authenticated empty endpoint projects with its live top token (214.822208ms)
✔ BE41-B a live snapshot rejection discards explicit sample and exposes Refresh (1.680375ms)
✔ SP1-FE · stale.json validates: one Matter behind, one fully current, sharing a snapshot (1.634ms)
✔ SP1-FE · quiet.json validates: every Matter current, no prompt-worthy bucket (0.387125ms)
✔ SP1-FE · empty.json validates: no Matters, page.total 0 (0.345708ms)
✔ SP1-FE · partial.json validates: unavailable Matter keeps null counts, not zero (0.173958ms)
✔ SP1-FE · truncated.json validates: 20 refs loaded, true count stated separately (0.311083ms)
✔ SP1-FE · a 0 where a non-observed Matter must publish null is rejected, not read as zero (0.091042ms)
✔ SP1-FE · an observed Matter reporting stale:null instead of a real zero is rejected (0.081625ms)
✔ SP1-FE · a genuine zero-stale Matter is accepted and stays a real, distinct zero (0.114958ms)
✔ SP1-FE · staleRefsTruncated true with fewer than 20 loaded refs is rejected (0.105833ms)
✔ SP1-FE · staleRefsTruncated false while refs fall short of the stated stale count is rejected (0.138791ms)
✔ SP1-FE · more than the 20-ref page ceiling is rejected outright (0.550875ms)
✔ SP1-FE · two Matters in one page reporting different snapshotRefs is rejected (0.0945ms)
✔ SP1-FE · sameSnapshot refuses to confirm consistency across a null snapshot (0.066416ms)
✔ SP1-FE · wrong schemaVersion is rejected (0.083166ms)
✔ SP1-FE · a stale ref not actually behind the Matter's source revision is rejected (0.062625ms)
✔ SP1-FE · byStatus counts that don't sum to derivations.current/stale are rejected (0.056042ms)
✔ SP1-FE · an observed Matter must not carry a reason (0.057583ms)
✔ SP1-FE · a partial Matter must carry a reason (0.052542ms)
✔ SP1-FE · sourceSetChange with a non-increasing revision pair is rejected (0.055625ms)
✔ SP1-FE · a missing sourceSetChange key (vs. an explicit null) is rejected (0.060708ms)
✔ SP1-FE · duplicate matterId within one page is rejected (0.05625ms)
✔ SP1-FE · page bounds exceeding the reported total are rejected (0.0485ms)
✔ SP1-FE · coverage.matters partial without a machine-readable reason is rejected (0.044791ms)
✔ SP1-FE · a non-object payload, and a missing top-level field, are both rejected (0.055792ms)
✔ SP1-FE · activityRows narrows to one candidate status without reordering (0.103042ms)
✔ SP1-FE · truncationNote is null once every stale ref for a Matter is loaded (0.061416ms)
✔ Spark route selects a stable bound owner and opens the existing Work preview (8.144708ms)
✔ Spark route cannot manufacture a Work session for an unbound Matter (0.841167ms)
✔ a newer navigation cancels a pending Spark owner lookup (0.398667ms)
✔ a newer navigation cancels Spark Work activation after session selection (0.331959ms)
✔ Spark revalidates the loaded session binding before activating Work (0.422709ms)
✔ Spark does not activate Work when the selected session failed to load (0.604709ms)
(node:32697) ExperimentalWarning: SQLite is an experimental feature and might change at any time
(Use `node --trace-warnings ...` to show where the warning was created)
✔ WO-SD-01 · GET /web/samples/spark-derivations/<name>.json 200s for all five scenarios, each a valid, unaltered BE-41 payload (135.229042ms)
✔ WO-SD-01 · the sample route is a literal allowlist: an unregistered scenario name 404s, no directory listing, no traversal (91.914708ms)
✔ WO-SD-01 · the fixture directory no longer exists under app/tests — SD-18's git mv landed for real, not just in spark-projection.test.mjs's path (0.486375ms)
✔ SP1-FE · createSparkView keeps the frozen constructor signature (0.662084ms)
✔ SP1-FE · a projection module fetches nothing, writes nothing, reads no clock (0.194959ms)
✔ SP1-FE · Spark makes no request path containing 'attention' — it resolves, creates or edits no Attention item (0.123959ms)
✔ SP1-FE · Spark writes nothing: no POST/PUT/PATCH/DELETE method anywhere in the view (0.100167ms)
✔ SP1-FE · no Spark-private persistence: no localStorage, sessionStorage or IndexedDB (0.090667ms)
✔ SP1-FE · Spark introduces no new dependency: only relative app/web imports (0.147ms)
✔ SP1-FE · a 404 is read as unimplemented, never rendered as zero maintenance items (0.052542ms)
✔ SP1-FE · Unavailable is stated in words, not shown as a bare number (0.045791ms)
✔ SP1-FE · pagination carries the prior snapshotRef and can be rejected (0.068041ms)
✔ SP1-FE · row navigation calls the host's onOpenMatter and opens no dialog/session of its own (0.131417ms)
✔ SP1-FE · static allowlist: spark-view.mjs / spark-projection.mjs are registered (0.633917ms)
✔ SP1-FE · app.mjs wires the sidebar entry without touching the static allowlist array itself (0.157667ms)
✔ SD-01 · createSparkView keeps the frozen constructor signature — sample introduces no new dependency, no new parameter (0.077791ms)
✔ SD-01 · the sample fetch reads the static sample route, never /work-derivations (0.039ms)
✔ SD-01 · 'Show sample data' appears exactly once as code (comments stripped), inside the unimplemented branch, and nowhere else (0.109333ms)
✔ SD-01 · the sample header label 'Sample data' appears exactly once in the source (one row, no per-card label, no colour class, no icon() call) (0.085458ms)
✔ SD-01 · the scenario select is a single control offering exactly the five frozen fixtures, defaulting to stale (0.054334ms)
✔ SD-01 · exit and re-probe copy match SD-17 exactly: 'Hide sample data', 'Check for a source again' (0.054792ms)
✔ SD-01 · sample rows are read-only: matterRow and the Activity section heading both branch on readOnly before ever calling onOpenMatter (0.127125ms)
✔ SD-01 · sample state is discarded on any valid live payload (including empty) and on any non-404 error, but survives a 404 (0.047417ms)
✔ SD-01 · sample never issues its own /work-derivations request: only load() (via request()) reaches that endpoint (0.043541ms)
✔ SD-01 · switching projects clears sample state before the live probe fires (0.042583ms)
✔ SD-01 · sample state is checked before every other render branch and returns before the pager can run (0.046ms)
✔ SD-01 · sample rendering reuses renderOverview/renderActivity — no second renderer for sample data (0.043917ms)
✔ SD-01 · styles.css gained only additions for the sample row: one new class, --muted-strong, no new colour token (0.486166ms)
✔ SD-01 · the static allowlist registers the five sample JSON files as one loop, with the JSON content type (0.035958ms)
(node:32731) ExperimentalWarning: SQLite is an experimental feature and might change at any time
(Use `node --trace-warnings ...` to show where the warning was created)
✔ SE_TEST_CRASH_POINT alone is inert, and the server says so at startup (1967.3185ms)
✔ T-SELF-2: with no python3 on PATH the server refuses to start and names the reason (602.3545ms)
(node:32748) ExperimentalWarning: SQLite is an experimental feature and might change at any time
(Use `node --trace-warnings ...` to show where the warning was created)
✔ 每个 app/web 模块都在静态白名单里，且每条白名单路由都指向磁盘上存在的文件 (46.166667ms)
✔ ui-controls 白名单、icons.svg 的 symbol id、manifest 的 lucide.files 三者一致 (2.467375ms)
✔ manifest.lucide 与 tools/ui-vendor/lucide/sources.json 逐字相同（生成源=已记录来源） (2.748917ms)
✔ manifest.outputs 里记的每个文件哈希都等于该文件此刻在磁盘上的真实 sha256 (7.817708ms)
✔ 白名单决定 /web 的可取性：模块 200，未列入的仓内材料 404 (481.898625ms)
✔ skin-policy.js is an exact synchronous static route (108.678917ms)
✔ Run projection keeps the selected Session/Run identity and recorded file locator (1.192959ms)
✔ Run projection fails closed for missing or cross-Session identity (0.375584ms)
✔ unknown status is distinct from an explicit empty recorded-file set (0.495709ms)
✔ loading, error, unavailable, and incompatible phases do not expose stale files (0.326583ms)
✔ invalid artifact entries are filtered without turning unknown data into empty (0.193375ms)
✔ readerUnavailable keeps file provenance but revokes every open capability (0.309916ms)
✔ Run card starts collapsed with Files and Run information disclosures (8.749542ms)
✔ Run card does not turn unknown or unavailable files into a zero count (1.17025ms)
✔ Run card rejects stale Open intents after identity or generation changes (3.125584ms)
✔ Run card prevents duplicate async Open actions and preserves both disclosures and focus (11.462166ms)
✔ a late rejected action cannot block or annotate a replacement identity (3.267ms)
✔ Run card only offers Retry for an error and exposes callback failures (2.306875ms)
✔ removing a focused Retry action returns focus to Run information and preserves both disclosures (2.942833ms)
✔ Run card hides incompatible projection schemas instead of rendering stale details (0.292208ms)
✔ Summary run preserves the clicked opener when disabling it clears browser focus (26.373209ms)
✔ Summary file preserves the clicked opener when disabling it clears browser focus (3.083417ms)
✔ Summary file focus identity follows the recorded version when files reorder (2.945625ms)
(node:32786) ExperimentalWarning: SQLite is an experimental feature and might change at any time
(Use `node --trace-warnings ...` to show where the warning was created)
✔ T-SYNC-1: afterSeq past the server's last seq is 400 cursor_ahead and reports nextSeq (219.827458ms)
✔ T-SYNC-2: repeating a request for the same seq is idempotent and the sequence has no gaps (908.832875ms)
✔ T-SYNC-3: snapshot lastSeq joins the event stream with no gap and no overlap, 50x under concurrent writes (1985.418625ms)
✔ T-SYNC-4: polling and re-cancelling after a terminal state changes nothing (102.075583ms)
✔ host timing has independent request origins and preserves missing versus measured zero (0.83475ms)
✔ out-of-interval observations stay in detail and do not become clamped chart marks (0.084875ms)
✔ request view uses one on-demand disclosure, preserves semantic gaps and restores its open state (2.445334ms)
✔ missing usage stays unknown and a reported request estimate keeps its method (15.142834ms)
✔ all historical requests share the same outer disclosure while compact views select only the latest (0.716833ms)
✔ malformed v1 metadata is rejected while out-of-interval timing remains inspectable (0.16975ms)
✔ request detail distinguishes runtime and provider aliases while retaining historical records (0.787625ms)
✔ effort detail separates requested intent, SDK settings and unobserved provider behavior (0.673041ms)
✔ thread projection scopes runs and resolves exact permission request (1.4275ms)
✔ tool calls with identical IDs in different runs remain separate and require live admission (0.175625ms)
✔ permission display distinguishes remote actions from writes using only the recorded binding (0.262125ms)
✔ one tool state vocabulary serves both chat presentations (0.567875ms)
✔ the long-message preview reads as words and never replaces the original (0.689083ms)
(node:32827) ExperimentalWarning: SQLite is an experimental feature and might change at any time
(Use `node --trace-warnings ...` to show where the warning was created)
✔ Usage keeps UTC start-day, route identity, partial/zero/unknown and global scope (2.599334ms)
✔ model route keys include exact endpoint without leaking endpoint in overview (0.201334ms)
✔ chart series and Other membership sum exactly and ties never split heatmap levels (0.865542ms)
✔ matching runs require same snapshot and preserve model/date filter through pagination (0.227625ms)
✔ combined token overflow fails closed and malformed frontend DTOs are rejected (0.252291ms)
✔ HTTP Usage scope, strict input and changed-snapshot rejection use actual retained Runs (592.008708ms)
✔ Usage calendar shares Home Monday-first orientation with bounded keyboard movement (0.476041ms)
✔ overview rejects malformed dates, scope, counts and incoherent model totals (0.549916ms)
✔ drilldown rejects malformed rows, wrong observation echo and unsafe pagination (0.518708ms)
✔ drilldown accepts a persisted stopping run without turning it into stopped (0.195917ms)
✔ Usage local return restores its origin and rejects late drill responses (38.2215ms)
(node:33388) ExperimentalWarning: SQLite is an experimental feature and might change at any time
(Use `node --trace-warnings ...` to show where the warning was created)
✔ versioned revision action executes after acceptance, preserves history, and rejects stale or forged actions (401.147833ms)
✔ unresolved and source-stale parents can be revised only with currently verified NDA input (976.138792ms)
✔ host active Run, producer unload, incompatible packet, and stale generation offer no usable mutation (997.540375ms)
✔ artifact read is paged by code point and bound to an open trusted Matter/Run (90.954834ms)
(node:35460) ExperimentalWarning: SQLite is an experimental feature and might change at any time
(Use `node --trace-warnings ...` to show where the warning was created)
✔ model and human projections preserve source/contract/base applicability without granting authority (1.182459ms)
✔ HTTP accepted short/25k/100k text resumes in new Session with scoped artifact pages; URLs are content (2275.277625ms)
(node:35493) ExperimentalWarning: SQLite is an experimental feature and might change at any time
(Use `node --trace-warnings ...` to show where the warning was created)
✔ same Matter in new Session, project isolation, detach to chat, producer absent restart history (704.044167ms)
✔ provider provenance is host-derived and preserves prior simulation records (real-route protocol uses loopback fixture) (421.281958ms)
✔ concurrent Session admission is serialized before either execution starts (955.133709ms)
✔ Core independent lifecycle: receipt/CAS/authority, revisions and immutable historical membership (151.17975ms)
✔ Core worker is single writer; terminal and unknown runs cannot admit fresh model proposals (136.703334ms)
✔ real transaction SIGKILL before commit and after commit before acknowledgement yields unique recoverable effect (762.057625ms)
✔ v1 migration backs up original, retains current source membership; failed schema migration rolls back (478.308834ms)
✔ missing application metadata fails closed; terminal Run cannot change or claim another candidate (250.325625ms)
(node:35767) ExperimentalWarning: SQLite is an experimental feature and might change at any time
(Use `node --trace-warnings ...` to show where the warning was created)
✔ BE41-A HTTP snapshot binds project identity and rejects off-page changes (185.163708ms)
✔ BE41-A HTTP keeps a top-level snapshot token on an empty beyond-total page (139.574375ms)
✔ BE41-A preserves FILE/Matter version zero and reports source revision zero as partial (173.126542ms)
✔ BE41-A staleRefs thresholds 19/20/21 retain exact refs and truncation (119.410084ms)
(node:36221) ExperimentalWarning: SQLite is an experimental feature and might change at any time
(Use `node --trace-warnings ...` to show where the warning was created)
✔ BE41 empty/zero, project scope, stable pages and stale snapshot rejection without writes (169.560458ms)
✔ BE41 exact status counts, immutable lineage, 20-ref truncation and source membership diff (100.282209ms)
✔ BE41 migrated missing source history gives null counts and project-wide partial coverage (169.39725ms)
✔ BE41 authenticated HTTP validates queries; no Session or producer required (188.463708ms)
✔ BE41 source rollback is real, large diffs are partial, and policy/off-page membership invalidates tokens (212.601292ms)
✔ BE41 oversized identity metadata refuses explicitly rather than breaking the worker frame (129.072125ms)
(node:36222) ExperimentalWarning: SQLite is an experimental feature and might change at any time
(Use `node --trace-warnings ...` to show where the warning was created)
✔ Core SIGKILL before commit / after commit before ACK, followed by HTTP receipt reconciliation and continuation (1436.192125ms)
ℹ {"stage":"before_commit","signal":"SIGKILL","receiptBeforeRetry":null,"artifactBeforeRetry":null,"afterRetry":{"candidate_hash":"acd3063b8d9a46fe682e3286d2c3f47c360067880fd0a82cdba8ef17bb0c0bb7","candidate_id":"candidate-ea712df5ed1cba35f063a91d05b3c700f6b86fb2d09d177f932adb7a6dbe52b8","content":"Synthetic artifact","content_digest":"39e1e275ef10883426ac72410d1124562e9810a8938310b9db3608b7385515ca","id":"artifact-candidate-ea712df5ed1cba35f063a91d05b3c700f6b86fb2d09d177f932adb7a6dbe52b8-1"},"durable":{"work":{"id":"matter-126d07f4-4d90-415f-88cc-b99ded81f834","version":1,"contract_version":"se-contract-v5.0","source_version":1,"active_artifact":"artifact-candidate-ea712df5ed1cba35f063a91d05b3c700f6b86fb2d09d177f932adb7a6dbe52b8-1","obligations_json":"[{\"blocking\":false,\"evidence_refs\":[],\"id\":\"follow-up\",\"status\":\"open\",\"text\":\"Confirm the owner\"}]"},"artifact":{"id":"artifact-candidate-ea712df5ed1cba35f063a91d05b3c700f6b86fb2d09d177f932adb7a6dbe52b8-1","candidate_id":"candidate-ea712df5ed1cba35f063a91d05b3c700f6b86fb2d09d177f932adb7a6dbe52b8","candidate_hash":"acd3063b8d9a46fe682e3286d2c3f47c360067880fd0a82cdba8ef17bb0c0bb7","content":"Synthetic artifact","content_digest":"39e1e275ef10883426ac72410d1124562e9810a8938310b9db3608b7385515ca"},"decisions":[{"request_id":"crash-request","matter_id":"matter-126d07f4-4d90-415f-88cc-b99ded81f834","candidate_id":"candidate-ea712df5ed1cba35f063a91d05b3c700f6b86fb2d09d177f932adb7a6dbe52b8","action":"accept","reason":"Synthetic review","actor_json":"{\"id\":\"reviewer-1\",\"kind\":\"local_reviewer\"}","scope_json":"{\"base_version\":0,\"candidate_id\":\"candidate-ea712df5ed1cba35f063a91d05b3c700f6b86fb2d09d177f932adb7a6dbe52b8\",\"matter_id\":\"matter-126d07f4-4d90-415f-88cc-b99ded81f834\",\"run_id\":\"dd272016-ef9f-4279-89e1-5859b7cfd374\"}","result_json":"{\"action\":\"accept\",\"active_artifact\":\"artifact-candidate-ea712df5ed1cba35f063a91d05b3c700f6b86fb2d09d177f932adb7a6dbe52b8-1\",\"candidate_id\":\"candidate-ea712df5ed1cba35f063a91d05b3c700f6b86fb2d09d177f932adb7a6dbe52b8\",\"matter_id\":\"matter-126d07f4-4d90-415f-88cc-b99ded81f834\",\"request_id\":\"crash-request\",\"version\":1}"}],"audits":[{"id":1,"request_id":"crash-request","matter_id":"matter-126d07f4-4d90-415f-88cc-b99ded81f834","candidate_id":"candidate-ea712df5ed1cba35f063a91d05b3c700f6b86fb2d09d177f932adb7a6dbe52b8","action":"accept","actor_json":"{\"id\":\"reviewer-1\",\"kind\":\"local_reviewer\"}","scope_json":"{\"base_version\":0,\"candidate_id\":\"candidate-ea712df5ed1cba35f063a91d05b3c700f6b86fb2d09d177f932adb7a6dbe52b8\",\"matter_id\":\"matter-126d07f4-4d90-415f-88cc-b99ded81f834\",\"run_id\":\"dd272016-ef9f-4279-89e1-5859b7cfd374\"}","result_json":"{\"action\":\"accept\",\"active_artifact\":\"artifact-candidate-ea712df5ed1cba35f063a91d05b3c700f6b86fb2d09d177f932adb7a6dbe52b8-1\",\"candidate_id\":\"candidate-ea712df5ed1cba35f063a91d05b3c700f6b86fb2d09d177f932adb7a6dbe52b8\",\"matter_id\":\"matter-126d07f4-4d90-415f-88cc-b99ded81f834\",\"request_id\":\"crash-request\",\"version\":1}"}],"receipts":[{"request_id":"crash-request","request_hash":"ccd27d4f0a4da44ff30f3069b16b9d4ad58159fcd2c38ae4fe1fe63222ce015b","result_json":"{\"action\":\"accept\",\"active_artifact\":\"artifact-candidate-ea712df5ed1cba35f063a91d05b3c700f6b86fb2d09d177f932adb7a6dbe52b8-1\",\"candidate_id\":\"candidate-ea712df5ed1cba35f063a91d05b3c700f6b86fb2d09d177f932adb7a6dbe52b8\",\"matter_id\":\"matter-126d07f4-4d90-415f-88cc-b99ded81f834\",\"request_id\":\"crash-request\",\"version\":1}"}]},"obligations":[{"blocking":false,"evidence_refs":[],"id":"follow-up","status":"open","text":"Confirm the owner"}],"continued":{"candidate_hash":"0d26e7b3de1d5b1c4d5a0157c8dc4c5bf39db45513afaf6cfa10b7993151385a","candidate_id":"continued","content":"Continued after recovery","content_digest":"424b1590fcf0bdf9e2bf2b4b6617e165c9f4e12885c7839198500fefaf5faeae","id":"artifact-continued-2"}}
ℹ {"stage":"after_commit_before_ack","signal":"SIGKILL","receiptBeforeRetry":{"action":"accept","active_artifact":"artifact-candidate-771e57f9fc89ac724cdfb9404b42b6ab0514dcc111cec9a0eeeb53a59c00801b-1","candidate_id":"candidate-771e57f9fc89ac724cdfb9404b42b6ab0514dcc111cec9a0eeeb53a59c00801b","matter_id":"matter-fda9bede-f9d4-46bd-8bbb-2dd93f0b6226","request_id":"crash-request","version":1},"artifactBeforeRetry":{"candidate_hash":"f64d15533ac2307847bf89226a4594e084930280f7999661b5191aafe42500ce","candidate_id":"candidate-771e57f9fc89ac724cdfb9404b42b6ab0514dcc111cec9a0eeeb53a59c00801b","content":"Synthetic artifact","content_digest":"39e1e275ef10883426ac72410d1124562e9810a8938310b9db3608b7385515ca","id":"artifact-candidate-771e57f9fc89ac724cdfb9404b42b6ab0514dcc111cec9a0eeeb53a59c00801b-1"},"afterRetry":{"candidate_hash":"f64d15533ac2307847bf89226a4594e084930280f7999661b5191aafe42500ce","candidate_id":"candidate-771e57f9fc89ac724cdfb9404b42b6ab0514dcc111cec9a0eeeb53a59c00801b","content":"Synthetic artifact","content_digest":"39e1e275ef10883426ac72410d1124562e9810a8938310b9db3608b7385515ca","id":"artifact-candidate-771e57f9fc89ac724cdfb9404b42b6ab0514dcc111cec9a0eeeb53a59c00801b-1"},"durable":{"work":{"id":"matter-fda9bede-f9d4-46bd-8bbb-2dd93f0b6226","version":1,"contract_version":"se-contract-v5.0","source_version":1,"active_artifact":"artifact-candidate-771e57f9fc89ac724cdfb9404b42b6ab0514dcc111cec9a0eeeb53a59c00801b-1","obligations_json":"[{\"blocking\":false,\"evidence_refs\":[],\"id\":\"follow-up\",\"status\":\"open\",\"text\":\"Confirm the owner\"}]"},"artifact":{"id":"artifact-candidate-771e57f9fc89ac724cdfb9404b42b6ab0514dcc111cec9a0eeeb53a59c00801b-1","candidate_id":"candidate-771e57f9fc89ac724cdfb9404b42b6ab0514dcc111cec9a0eeeb53a59c00801b","candidate_hash":"f64d15533ac2307847bf89226a4594e084930280f7999661b5191aafe42500ce","content":"Synthetic artifact","content_digest":"39e1e275ef10883426ac72410d1124562e9810a8938310b9db3608b7385515ca"},"decisions":[{"request_id":"crash-request","matter_id":"matter-fda9bede-f9d4-46bd-8bbb-2dd93f0b6226","candidate_id":"candidate-771e57f9fc89ac724cdfb9404b42b6ab0514dcc111cec9a0eeeb53a59c00801b","action":"accept","reason":"Synthetic review","actor_json":"{\"id\":\"reviewer-1\",\"kind\":\"local_reviewer\"}","scope_json":"{\"base_version\":0,\"candidate_id\":\"candidate-771e57f9fc89ac724cdfb9404b42b6ab0514dcc111cec9a0eeeb53a59c00801b\",\"matter_id\":\"matter-fda9bede-f9d4-46bd-8bbb-2dd93f0b6226\",\"run_id\":\"7408099e-a5f1-4e81-b5d8-83a420829d79\"}","result_json":"{\"action\":\"accept\",\"active_artifact\":\"artifact-candidate-771e57f9fc89ac724cdfb9404b42b6ab0514dcc111cec9a0eeeb53a59c00801b-1\",\"candidate_id\":\"candidate-771e57f9fc89ac724cdfb9404b42b6ab0514dcc111cec9a0eeeb53a59c00801b\",\"matter_id\":\"matter-fda9bede-f9d4-46bd-8bbb-2dd93f0b6226\",\"request_id\":\"crash-request\",\"version\":1}"}],"audits":[{"id":1,"request_id":"crash-request","matter_id":"matter-fda9bede-f9d4-46bd-8bbb-2dd93f0b6226","candidate_id":"candidate-771e57f9fc89ac724cdfb9404b42b6ab0514dcc111cec9a0eeeb53a59c00801b","action":"accept","actor_json":"{\"id\":\"reviewer-1\",\"kind\":\"local_reviewer\"}","scope_json":"{\"base_version\":0,\"candidate_id\":\"candidate-771e57f9fc89ac724cdfb9404b42b6ab0514dcc111cec9a0eeeb53a59c00801b\",\"matter_id\":\"matter-fda9bede-f9d4-46bd-8bbb-2dd93f0b6226\",\"run_id\":\"7408099e-a5f1-4e81-b5d8-83a420829d79\"}","result_json":"{\"action\":\"accept\",\"active_artifact\":\"artifact-candidate-771e57f9fc89ac724cdfb9404b42b6ab0514dcc111cec9a0eeeb53a59c00801b-1\",\"candidate_id\":\"candidate-771e57f9fc89ac724cdfb9404b42b6ab0514dcc111cec9a0eeeb53a59c00801b\",\"matter_id\":\"matter-fda9bede-f9d4-46bd-8bbb-2dd93f0b6226\",\"request_id\":\"crash-request\",\"version\":1}"}],"receipts":[{"request_id":"crash-request","request_hash":"08ac2cfd998d57c6af5bc1de644280894cc2c747c1ee744b580ca857f52127a4","result_json":"{\"action\":\"accept\",\"active_artifact\":\"artifact-candidate-771e57f9fc89ac724cdfb9404b42b6ab0514dcc111cec9a0eeeb53a59c00801b-1\",\"candidate_id\":\"candidate-771e57f9fc89ac724cdfb9404b42b6ab0514dcc111cec9a0eeeb53a59c00801b\",\"matter_id\":\"matter-fda9bede-f9d4-46bd-8bbb-2dd93f0b6226\",\"request_id\":\"crash-request\",\"version\":1}"}]},"obligations":[{"blocking":false,"evidence_refs":[],"id":"follow-up","status":"open","text":"Confirm the owner"}],"continued":{"candidate_hash":"e6e2ab4a6ec94555dd1137f223bafab9e548f215d5d3e9f68406d438c3477d84","candidate_id":"continued","content":"Continued after recovery","content_digest":"424b1590fcf0bdf9e2bf2b4b6617e165c9f4e12885c7839198500fefaf5faeae","id":"artifact-continued-2"}}
✔ HTTP stale source refusal, producer unload/read-only/reload and legal revised completion (663.101958ms)
(node:36545) ExperimentalWarning: SQLite is an experimental feature and might change at any time
(Use `node --trace-warnings ...` to show where the warning was created)
✔ UTC bins count unique retained run IDs, every status, and start time rather than end time (1.629209ms)
✔ empty differs from reported zero and aggregate overflow fails instead of rounding (0.38925ms)
✔ summary UTC filter uses each collection timestamp before pagination (0.352458ms)
✔ authenticated HTTP metrics are read-only, survive restart, and honestly shrink after deletion (664.471833ms)
✔ read during an unpublished mutation sees the whole previous snapshot (420.121292ms)
✔ available summary stays visible at zero and opens the existing Work review (3.398417ms)
✔ candidate, stale and read-only facts remain separate without an impossible ready count (0.541334ms)
✔ pending count stays a single compact fact when all or only some candidates are reviewable (0.588125ms)
✔ refresh clears old facts while loading and on failure (1.029875ms)
✔ late and mismatched responses cannot replace the current scope (0.721625ms)
✔ a view outside the current scope does not start a request (0.289458ms)
✔ summary reread returns detached keyboard focus without stealing a later user focus (0.470084ms)
(node:36675) ExperimentalWarning: SQLite is an experimental feature and might change at any time
(Use `node --trace-warnings ...` to show where the warning was created)
✔ Core review summary follows pending, decision, new Session and lifecycle without returning bodies (614.412709ms)
✔ Core review summary keeps stale pending and domain review separate from authority to accept (200.713458ms)
✔ Core review summary does not turn missing Core projections or failures into zero pending (135.681875ms)
(node:36708) ExperimentalWarning: SQLite is an experimental feature and might change at any time
(Use `node --trace-warnings ...` to show where the warning was created)
✔ Pro R-01: before-write never reports completed or discards settlement error (994.706958ms)
✔ Pro R-01: after-write-ack-loss never reports completed or discards settlement error (653.89725ms)
✔ Pro R-01: cancel-and-finish-failure never reports completed or discards settlement error (504.530416ms)
✔ Pro R-02: ordinary first instruction discovers scoped source refs only from host context (499.892666ms)
✔ Pro R-04: intermediate tool updates stay nonterminal until end (2.4015ms)
✔ summary sees one published view across paused resolve persistence (51.866375ms)
✔ summary sees one published view across paused cancel persistence (48.486417ms)
(node:36870) ExperimentalWarning: SQLite is an experimental feature and might change at any time
(Use `node --trace-warnings ...` to show where the warning was created)
✔ work summary distinguishes empty, no-run, completed, failed and unknown (1083.41875ms)
✔ live ask_user and permission entries disappear after answer or cancel, and stale posts remain 409 (1003.881458ms)
✔ summary excludes stale question states and paginates pending/inspection by project with a union of lastSeq (108.802ms)
✔ restart hides the old live question, exposes its unknown Run, and a new Run gets a new ID (1669.879667ms)
✔ summary keeps project sources separate and has deterministic tie ordering, offsets and bounds (89.99475ms)
✔ summary is allowlisted and read-only; unauthorized and failed reads are errors rather than empty results (90.111708ms)
✔ CC-W 第 0 项 · 工作面定性按视口分档，旧的 not-a-third-column 已不在文档里 (0.500167ms)
✔ CC-W 第 0 项 · 尺寸 token 表登记了 ≥1680 断点、--doc-min 与正文行宽上限 (0.102708ms)
✔ CC-W 第 0 项 · M-9 在途换词不换宽度，按钮元素本身不被替换 (0.232792ms)
✔ CC-W 第 0 项 · M-10 tooltip 共享延迟：首个 400，窗口内相邻即时 (0.135667ms)
✔ CC-W 1 · 文档 tab 只有一个，身份由既有字段拼出，不新增 scope 字段 (0.752667ms)
✔ CC-W 1 · 选中区与关闭区分开；类型 tab 没有关闭区；关闭是明确动作 (0.356042ms)
✔ CC-W 2 · B 态是视图切换：聊天列 hidden + inert，没有遮罩，没有浮层材质 (0.276542ms)
✔ CC-W 3 · C 态是三条真的列轨，各自滚动，chrome 同一基线 (0.347166ms)
✔ CC-W 2 / 3 · 返回控件不在 tablist 里，也不占顶带那个槽位 (0.2725ms)
✔ CC-W 4 / 5 · 面板宽 ≠ 正文行宽；滚动位置在没有布局盒时不被抹成 0 (0.288917ms)
✔ CC-W 1 · agent activity 是 tab 上的一个记号，不是 banner，不只靠颜色 (0.25875ms)
(node:37047) ExperimentalWarning: SQLite is an experimental feature and might change at any time
(Use `node --trace-warnings ...` to show where the warning was created)
✔ T-WS-1: '..' path segments are rejected (2.196875ms)
✔ T-WS-2: absolute paths are rejected (0.794875ms)
✔ T-WS-3: symlink escape is rejected (3.577667ms)
✔ T-WS-4: an over-limit file is rejected by ws_read (throws; pi-agent-core turns a thrown tool error into isError:true) (5.769417ms)
✔ T-WS-5: ws_read then ws_write round-trips through the workspace endpoints (588.928416ms)
✔ materials endpoint rejects path separators in the name (71.236125ms)
✔ addMaterial rejects content over the 1 MiB limit (service-level, below the HTTP body cap) (61.461333ms)
✔ T-WS-6: repeated writes yield two content versions and one current file (362.743584ms)
✔ addMaterial routes through the shared path guard, which rejects a '..' name (59.997ms)
✔ T-ART-1: a completed run with no write has no artifacts and no acceptance field (444.390042ms)
✔ T-ART-2: two writes to one path keep both content versions and one current file (497.284667ms)
✔ ws_grep rejects nested quantifiers and over-long patterns before compiling them (37.882083ms)
✔ getWorkspaceFile truncates on a UTF-8 boundary and keeps the whole-file digest (75.616333ms)
✔ a second run in a continued session revises the first run's file (885.841667ms)
ℹ tests 942
ℹ suites 0
ℹ pass 942
ℹ fail 0
ℹ cancelled 0
ℹ skipped 0
ℹ todo 0
ℹ duration_ms 218330.788041

==> local deterministic runtime smoke

> se-agent-v5-runtime@0.1.0 smoke
> node scripts/runtime-smoke.mjs

(node:39338) ExperimentalWarning: SQLite is an experimental feature and might change at any time
(Use `node --trace-warnings ...` to show where the warning was created)
{
  "status": "passed",
  "provider": "local-fake",
  "transport": "public runtime service",
  "checks": [
    "material read",
    "tool write",
    "persisted artifact",
    "runtime close/reopen",
    "session continuation",
    "revision",
    "historical bytes"
  ],
  "realProvider": "not_run"
}

==> repository documentation links
{
  "pass": true,
  "documents": 1188,
  "checked": 6471,
  "problems": []
}
