
> se-agent-v5-runtime@0.1.0 check:product
> node scripts/product-check.mjs


==> bounded synthetic test suite

> se-agent-v5-runtime@0.1.0 pretest
> node scripts/check-historical-fixtures.mjs

Historical test inputs verified: 45 commit/path/hash checks.

> se-agent-v5-runtime@0.1.0 test
> node --test --test-concurrency=4 tests/*.test.mjs ../tests/*.test.mjs

TAP version 13
# Subtest: 颜色字面量只出现在 tier:S 块内
ok 1 - 颜色字面量只出现在 tier:S 块内
  ---
  duration_ms: 72.6755
  type: 'test'
  ...
# Subtest: 两 skin × 两宗的角色对比度不低于门槛
ok 2 - 两 skin × 两宗的角色对比度不低于门槛
  ---
  duration_ms: 36.723667
  type: 'test'
  ...
# Subtest: renderer is a neutral projection surface and dispatches typed actions without actor fields
ok 3 - renderer is a neutral projection surface and dispatches typed actions without actor fields
  ---
  duration_ms: 1.542875
  type: 'test'
  ...
# Subtest: catalog exposes development evidence-memo and business-free probe factories
ok 4 - catalog exposes development evidence-memo and business-free probe factories
  ---
  duration_ms: 1.527125
  type: 'test'
  ...
# Subtest: manifest is machine-marked development and advertises generic binding fields
ok 5 - manifest is machine-marked development and advertises generic binding fields
  ---
  duration_ms: 0.185541
  type: 'test'
  ...
# Subtest: legacy transport import resolves the single shared Core owner
ok 6 - legacy transport import resolves the single shared Core owner
  ---
  duration_ms: 0.573375
  type: 'test'
  ...
# Subtest: createBinding owns Matter creation and projection exposes source, evidence, candidate, artifact and draft
ok 7 - createBinding owns Matter creation and projection exposes source, evidence, candidate, artifact and draft
  ---
  duration_ms: 121.897
  type: 'test'
  ...
# Subtest: begin exposes only namespaced source/propose tools and Core rejects late candidate calls after close
ok 8 - begin exposes only namespaced source/propose tools and Core rejects late candidate calls after close
  ---
  duration_ms: 113.828292
  type: 'test'
  ...
# Subtest: humanAction accepts only host-derived local-user and uses the same Review route for formal Artifact
ok 9 - humanAction accepts only host-derived local-user and uses the same Review route for formal Artifact
  ---
  duration_ms: 126.367542
  type: 'test'
  ...
# Subtest: close gates admission before cleanup and finish maps cancellation without acceptance
ok 10 - close gates admission before cleanup and finish maps cancellation without acceptance
  ---
  duration_ms: 123.053584
  type: 'test'
  ...
# Subtest: same data directory admits one POSIX flock owner and keeps the inode after release
ok 11 - same data directory admits one POSIX flock owner and keeps the inode after release
  ---
  duration_ms: 168.952208
  type: 'test'
  ...
# Subtest: unexpected holder death invokes onLost and the next host can safely reacquire
ok 12 - unexpected holder death invokes onLost and the next host can safely reacquire
  ---
  duration_ms: 120.206208
  type: 'test'
  ...
# Subtest: owner SIGKILL closes the parent pipe and does not require deleting the lock file
ok 13 - owner SIGKILL closes the parent pipe and does not require deleting the lock file
  ---
  duration_ms: 275.85025
  type: 'test'
  ...
# (node:78893) ExperimentalWarning: SQLite is an experimental feature and might change at any time
# (Use `node --trace-warnings ...` to show where the warning was created)
# Subtest: answer admission race: ask_user queued behind cancel returns 409
ok 14 - answer admission race: ask_user queued behind cancel returns 409
  ---
  duration_ms: 380.263708
  type: 'test'
  ...
# Subtest: answer admission race: permission queued behind cancel returns 409
ok 15 - answer admission race: permission queued behind cancel returns 409
  ---
  duration_ms: 245.487084
  type: 'test'
  ...
# Subtest: normal ask_user answer still resolves and completes the run
ok 16 - normal ask_user answer still resolves and completes the run
  ---
  duration_ms: 741.768417
  type: 'test'
  ...
# Subtest: double permission answer records one decision and rejects the other
ok 17 - double permission answer records one decision and rejects the other
  ---
  duration_ms: 749.209
  type: 'test'
  ...
# Subtest: the limited scanner recognizes imports while ignoring comments and strings
ok 18 - the limited scanner recognizes imports while ignoring comments and strings
  ---
  duration_ms: 1.09225
  type: 'test'
  ...
# Subtest: legal and forbidden synthetic edges exercise all approved boundaries
ok 19 - legal and forbidden synthetic edges exercise all approved boundaries
  ---
  duration_ms: 3.73875
  type: 'test'
  ...
# Subtest: the current Core, runtime, renderer, and composition-root graph obeys ownership
ok 20 - the current Core, runtime, renderer, and composition-root graph obeys ownership
  ---
  duration_ms: 59.297666
  type: 'test'
  ...
# (node:78988) ExperimentalWarning: SQLite is an experimental feature and might change at any time
# (Use `node --trace-warnings ...` to show where the warning was created)
# Subtest: AM-C final wire golden and no-op are stable after temporary path canonicalization
ok 21 - AM-C final wire golden and no-op are stable after temporary path canonicalization
  ---
  duration_ms: 371.207125
  type: 'test'
  ...
# Subtest: AM-C separates request shape, old prefix, and semantic tool diffs
ok 22 - AM-C separates request shape, old prefix, and semantic tool diffs
  ---
  duration_ms: 749.326042
  type: 'test'
  ...
# Subtest: AM-C records description, schema, and permission changes as expected diffs
ok 23 - AM-C records description, schema, and permission changes as expected diffs
  ---
  duration_ms: 1249.626291
  type: 'test'
  ...
# Subtest: history refs keep exact UTF-8 blobs reachable through Git GC; another session cannot read them
ok 24 - history refs keep exact UTF-8 blobs reachable through Git GC; another session cannot read them
  ---
  duration_ms: 714.674916
  type: 'test'
  ...
# Subtest: history cancellation waits for the Git process to exit and the next save repairs interrupted init
ok 25 - history cancellation waits for the Git process to exit and the next save repairs interrupted init
  ---
  duration_ms: 1599.493458
  type: 'test'
  ...
# Subtest: existing non-blob history object is an integrity failure
ok 26 - existing non-blob history object is an integrity failure
  ---
  duration_ms: 223.803083
  type: 'test'
  ...
# (node:79129) ExperimentalWarning: SQLite is an experimental feature and might change at any time
# (Use `node --trace-warnings ...` to show where the warning was created)
# Subtest: R1-HIST-1: v1 and v2 remain readable after current-file deletion
ok 27 - R1-HIST-1: v1 and v2 remain readable after current-file deletion
  ---
  duration_ms: 803.828917
  type: 'test'
  ...
# Subtest: R1-HIST-2: cross-session, wrong-record, and unrecorded lookups are 404 and reads are pure
ok 28 - R1-HIST-2: cross-session, wrong-record, and unrecorded lookups are 404 and reads are pure
  ---
  duration_ms: 638.550084
  type: 'test'
  ...
# Subtest: R1-HIST-3: historical text truncates on a UTF-8 boundary with full bytes/hash
ok 29 - R1-HIST-3: historical text truncates on a UTF-8 boundary with full bytes/hash
  ---
  duration_ms: 522.935584
  type: 'test'
  ...
# Subtest: R1-HIST-4: a recorded legacy artifact without history returns 410 history_unavailable
ok 30 - R1-HIST-4: a recorded legacy artifact without history returns 410 history_unavailable
  ---
  duration_ms: 532.675417
  type: 'test'
  ...
# Subtest: R1-HIST-5: object/metadata byte mismatch returns 500 artifact_integrity_failed
ok 31 - R1-HIST-5: object/metadata byte mismatch returns 500 artifact_integrity_failed
  ---
  duration_ms: 699.714542
  type: 'test'
  ...
# Subtest: R1-HIST-6: SIGKILL after history and before rename exposes neither file nor artifact
ok 32 - R1-HIST-6: SIGKILL after history and before rename exposes neither file nor artifact
  ---
  duration_ms: 1408.453958
  type: 'test'
  ...
# Subtest: R1-HIST-7: SIGKILL after rename and before record leaves current file unrecorded
ok 33 - R1-HIST-7: SIGKILL after rename and before record leaves current file unrecorded
  ---
  duration_ms: 1528.474833
  type: 'test'
  ...
# Subtest: R1-HIST-8: SIGKILL after record preserves historical bytes across restart
ok 34 - R1-HIST-8: SIGKILL after record preserves historical bytes across restart
  ---
  duration_ms: 1423.670417
  type: 'test'
  ...
# (node:80966) ExperimentalWarning: SQLite is an experimental feature and might change at any time
# (Use `node --trace-warnings ...` to show where the warning was created)
# Subtest: catalog staleness keeps durable result readable and refuses further adapter work
ok 35 - catalog staleness keeps durable result readable and refuses further adapter work
  ---
  duration_ms: 59.755834
  type: 'test'
  ...
# Subtest: policy rejection records dependency before adapter I/O, leaving Run unresolved
ok 36 - policy rejection records dependency before adapter I/O, leaving Run unresolved
  ---
  duration_ms: 55.216375
  type: 'test'
  ...
# Subtest: late query cannot overwrite cancellation and lost cancel ACK remains unresolved
ok 37 - late query cannot overwrite cancellation and lost cancel ACK remains unresolved
  ---
  duration_ms: 100.763708
  type: 'test'
  ...
# Subtest: stopped Run forbids dispatch and wait stays inside local budget
ok 38 - stopped Run forbids dispatch and wait stays inside local budget
  ---
  duration_ms: 125.514459
  type: 'test'
  ...
# Subtest: host/Pi wrapper denial of an old async_get leaves the new Run unresolved
ok 39 - host/Pi wrapper denial of an old async_get leaves the new Run unresolved
  ---
  duration_ms: 177.983791
  type: 'test'
  ...
# Subtest: fixture independently releases two documents without timing assertions
ok 40 - fixture independently releases two documents without timing assertions
  ---
  duration_ms: 85.136875
  type: 'test'
  ...
# Subtest: fixture makes delivery identity idempotent and exposes launch/result acknowledgement loss
ok 41 - fixture makes delivery identity idempotent and exposes launch/result acknowledgement loss
  ---
  duration_ms: 76.266125
  type: 'test'
  ...
# Subtest: fixture keeps cancel-before-success and cancel-after-success distinct
ok 42 - fixture keeps cancel-before-success and cancel-after-success distinct
  ---
  duration_ms: 71.842625
  type: 'test'
  ...
# Subtest: SIGKILLs the state-owning provider and queries persisted synthetic settlement after restart
ok 43 - SIGKILLs the state-owning provider and queries persisted synthetic settlement after restart
  ---
  duration_ms: 180.147542
  type: 'test'
  ...
# Subtest: in-flight provider SIGKILL retains the accepted synthetic record without implicit resume or relaunch
ok 44 - in-flight provider SIGKILL retains the accepted synthetic record without implicit resume or relaunch
  ---
  duration_ms: 112.939042
  type: 'test'
  ...
# Subtest: concurrent launches publish complete synthetic state before their barriers open
ok 45 - concurrent launches publish complete synthetic state before their barriers open
  ---
  duration_ms: 114.812208
  type: 'test'
  ...
# Subtest: reused job IDs reject a changed immutable request without incrementing the launch attempt
ok 46 - reused job IDs reject a changed immutable request without incrementing the launch attempt
  ---
  duration_ms: 59.85125
  type: 'test'
  ...
# Subtest: AM-B-T1 captures the final MCP payload and preserves the synchronous loop
ok 47 - AM-B-T1 captures the final MCP payload and preserves the synchronous loop
  ---
  duration_ms: 44.93975
  type: 'test'
  ...
# Subtest: AM-B-T1 records task-shaped responses as unsupported and shows the current continuation gap
ok 48 - AM-B-T1 records task-shaped responses as unsupported and shows the current continuation gap
  ---
  duration_ms: 11.516708
  type: 'test'
  ...
# Subtest: AM-B-T1 does not treat partial args as a completed tool result, and exposes current wire gaps
ok 49 - AM-B-T1 does not treat partial args as a completed tool result, and exposes current wire gaps
  ---
  duration_ms: 11.251
  type: 'test'
  ...
# Subtest: AM-B-T1 observes Pi 0.85.1 final HTTP encoding and waits for complete streamed tool arguments
ok 50 - AM-B-T1 observes Pi 0.85.1 final HTTP encoding and waits for complete streamed tool arguments
  ---
  duration_ms: 36.667834
  type: 'test'
  ...
# (node:81824) ExperimentalWarning: SQLite is an experimental feature and might change at any time
# (Use `node --trace-warnings ...` to show where the warning was created)
# Subtest: independent recovery: SIGKILL at async_intent keeps one original task/run and never relaunches
ok 51 - independent recovery: SIGKILL at async_intent keeps one original task/run and never relaunches
  ---
  duration_ms: 1127.369583
  type: 'test'
  ...
# Subtest: independent recovery: SIGKILL at async_dispatch keeps one original task/run and never relaunches
ok 52 - independent recovery: SIGKILL at async_dispatch keeps one original task/run and never relaunches
  ---
  duration_ms: 1068.018875
  type: 'test'
  ...
# Subtest: independent recovery: SIGKILL at async_result keeps one original task/run and never relaunches
ok 53 - independent recovery: SIGKILL at async_result keeps one original task/run and never relaunches
  ---
  duration_ms: 1610.310709
  type: 'test'
  ...
# Subtest: independent recovery: SIGKILL at async_delivery keeps one original task/run and never relaunches
ok 54 - independent recovery: SIGKILL at async_delivery keeps one original task/run and never relaunches
  ---
  duration_ms: 1435.673375
  type: 'test'
  ...
# Subtest: fixed old main schema4 RuntimeStore rejects a schema13 state without changing bytes
ok 55 - fixed old main schema4 RuntimeStore rejects a schema13 state without changing bytes
  ---
  duration_ms: 781.376709
  type: 'test'
  ...
# Subtest: schema3 and schema4 migrate with an exact independent backup and reopen
ok 56 - schema3 and schema4 migrate with an exact independent backup and reopen
  ---
  duration_ms: 1075.977959
  type: 'test'
  ...
# Subtest: invalid UTF-8 schema4 input is refused before migration and its bytes remain untouched
ok 57 - invalid UTF-8 schema4 input is refused before migration and its bytes remain untouched
  ---
  duration_ms: 99.367958
  type: 'test'
  ...
# (node:82036) ExperimentalWarning: SQLite is an experimental feature and might change at any time
# (Use `node --trace-warnings ...` to show where the warning was created)
# Subtest: current: full schemaVersion:1 view is an independent literal copy with availability last
ok 58 - current: full schemaVersion:1 view is an independent literal copy with availability last
  ---
  duration_ms: 0.936334
  type: 'test'
  ...
# Subtest: availability classes follow the frozen priority with no inference
ok 59 - availability classes follow the frozen priority with no inference
  ---
  duration_ms: 0.554791
  type: 'test'
  ...
# Subtest: options omit result and/or deliveries but never rewrite the rest
ok 60 - options omit result and/or deliveries but never rewrite the rest
  ---
  duration_ms: 0.1795
  type: 'test'
  ...
# Subtest: nulls and prepared-but-unrecorded delivery facts are preserved, never filled in
ok 61 - nulls and prepared-but-unrecorded delivery facts are preserved, never filled in
  ---
  duration_ms: 0.071583
  type: 'test'
  ...
# Subtest: succeeded and cancelRequestedAt coexist; terminal evidence is immutable in the view
ok 62 - succeeded and cancelRequestedAt coexist; terminal evidence is immutable in the view
  ---
  duration_ms: 0.343334
  type: 'test'
  ...
# Subtest: an older delivery snapshot is projected as-is and never repaired into newer facts
ok 63 - an older delivery snapshot is projected as-is and never repaired into newer facts
  ---
  duration_ms: 0.092459
  type: 'test'
  ...
# Subtest: no invented fields and no auto-recovery in the projection
ok 64 - no invented fields and no auto-recovery in the projection
  ---
  duration_ms: 0.073958
  type: 'test'
  ...
# Subtest: a stale source never projects as current even when a result exists
ok 65 - a stale source never projects as current even when a result exists
  ---
  duration_ms: 0.068041
  type: 'test'
  ...
# Subtest: HTTP list/detail packets: real host + synthetic adapter, scoped and paged
ok 66 - HTTP list/detail packets: real host + synthetic adapter, scoped and paged
  ---
  duration_ms: 772.672
  type: 'test'
  ...
# (node:82037) ExperimentalWarning: SQLite is an experimental feature and might change at any time
# (Use `node --trace-warnings ...` to show where the warning was created)
# Subtest: two durable reads use actual host/Pi tools and wait only on the selected source
ok 67 - two durable reads use actual host/Pi tools and wait only on the selected source
  ---
  duration_ms: 637.988042
  type: 'test'
  ...
# Subtest: premature final and lost launch ACK preserve query-only recovery, then a later Run consumes the original task
ok 68 - premature final and lost launch ACK preserve query-only recovery, then a later Run consumes the original task
  ---
  duration_ms: 254.80975
  type: 'test'
  ...
# Subtest: source/implementation absence remains readable; corrupt bytes and cross-session consumption are refused
ok 69 - source/implementation absence remains readable; corrupt bytes and cross-session consumption are refused
  ---
  duration_ms: 244.557125
  type: 'test'
  ...
# Subtest: schema3/4 migrate through exclusive backup and refuse existing backup paths
ok 70 - schema3/4 migrate through exclusive backup and refuse existing backup paths
  ---
  duration_ms: 505.512209
  type: 'test'
  ...
# Subtest: invalid UTF-8 schema4 is refused before backup or replacement
ok 71 - invalid UTF-8 schema4 is refused before backup or replacement
  ---
  duration_ms: 147.172916
  type: 'test'
  ...
# Subtest: the projection accepts exactly the actions this app was built against
ok 72 - the projection accepts exactly the actions this app was built against
  ---
  duration_ms: 1.221458
  type: 'test'
  ...
# Subtest: a descriptor fails closed on a stale revision, an unknown action or a widened schema
ok 73 - a descriptor fails closed on a stale revision, an unknown action or a widened schema
  ---
  duration_ms: 0.536125
  type: 'test'
  ...
# Subtest: the detail offers only advertised, understood actions and never an out-of-scope control
ok 74 - the detail offers only advertised, understood actions and never an out-of-scope control
  ---
  duration_ms: 30.220167
  type: 'test'
  ...
# Subtest: an item whose descriptors this app cannot read offers no controls at all
ok 75 - an item whose descriptors this app cannot read offers no controls at all
  ---
  duration_ms: 1.252959
  type: 'test'
  ...
# Subtest: acknowledge is the action itself: an empty payload, no dialog, no toggle
ok 76 - acknowledge is the action itself: an empty payload, no dialog, no toggle
  ---
  duration_ms: 3.704833
  type: 'test'
  ...
# Subtest: resolve requires a reason and refuses to send without one
ok 77 - resolve requires a reason and refuses to send without one
  ---
  duration_ms: 4.432125
  type: 'test'
  ...
# Subtest: snooze records a next action and only sends a due time when the trigger is one
ok 78 - snooze records a next action and only sends a due time when the trigger is one
  ---
  duration_ms: 5.305875
  type: 'test'
  ...
# Subtest: a recorded due time is required for the at trigger and is sent with its zone
ok 79 - a recorded due time is required for the at trigger and is sent with its zone
  ---
  duration_ms: 7.656791
  type: 'test'
  ...
# Subtest: resume and reopen name their target state and offer no third one
ok 80 - resume and reopen name their target state and offer no third one
  ---
  duration_ms: 2.209667
  type: 'test'
  ...
# Subtest: a resolved item offers reopen and nothing the contract withdrew
ok 81 - a resolved item offers reopen and nothing the contract withdrew
  ---
  duration_ms: 1.783666
  type: 'test'
  ...
# Subtest: nothing is optimistic: only the submit control changes while a request is open
ok 82 - nothing is optimistic: only the submit control changes while a request is open
  ---
  duration_ms: 2.089541
  type: 'test'
  ...
# Subtest: when the last row of a page leaves, the view backs up to a page that exists
ok 83 - when the last row of a page leaves, the view backs up to a page that exists
  ---
  duration_ms: 2.545417
  type: 'test'
  ...
# (node:82423) ExperimentalWarning: SQLite is an experimental feature and might change at any time
# (Use `node --trace-warnings ...` to show where the warning was created)
# Subtest: global Attention has replayable identity, shared configuration and a real governed Run
ok 84 - global Attention has replayable identity, shared configuration and a real governed Run
  ---
  duration_ms: 653.560542
  type: 'test'
  ...
# Subtest: progressive memory lists metadata, excludes drafts/tools and binds exact message text
ok 85 - progressive memory lists metadata, excludes drafts/tools and binds exact message text
  ---
  duration_ms: 470.794166
  type: 'test'
  ...
# Subtest: schema5 with retained records migrates exactly and global/project invariants reject corruption
ok 86 - schema5 with retained records migrates exactly and global/project invariants reject corruption
  ---
  duration_ms: 165.806875
  type: 'test'
  ...
# Subtest: conversation retry preserves creation identity and exact Run command after a lost receipt
ok 87 - conversation retry preserves creation identity and exact Run command after a lost receipt
  ---
  duration_ms: 0.64125
  type: 'test'
  ...
# Subtest: closing during send keeps its receipt and restores the finished conversation on reopen
ok 88 - closing during send keeps its receipt and restores the finished conversation on reopen
  ---
  duration_ms: 0.170375
  type: 'test'
  ...
# Subtest: a delayed history choice cannot replace the newer conversation or draft
ok 89 - a delayed history choice cannot replace the newer conversation or draft
  ---
  duration_ms: 0.147833
  type: 'test'
  ...
# Subtest: conversation rename persists metadata without changing history, scope or draft
ok 90 - conversation rename persists metadata without changing history, scope or draft
  ---
  duration_ms: 88.57975
  type: 'test'
  ...
# Subtest: Attention CAS, full request identity, typed transitions and immutable receipt
ok 91 - Attention CAS, full request identity, typed transitions and immutable receipt
  ---
  duration_ms: 206.831208
  type: 'test'
  ...
# Subtest: scope applies before IDs, descriptors, counts, lookups, receipts and source queries
ok 92 - scope applies before IDs, descriptors, counts, lookups, receipts and source queries
  ---
  duration_ms: 167.918917
  type: 'test'
  ...
# Subtest: runtime registry-only grant hides detail, search predicates, event/receipt/source and signals
ok 93 - runtime registry-only grant hides detail, search predicates, event/receipt/source and signals
  ---
  duration_ms: 88.033125
  type: 'test'
  ...
# Subtest: explicit signal policy records observations without status, seen or authorization changes
ok 94 - explicit signal policy records observations without status, seen or authorization changes
  ---
  duration_ms: 85.435292
  type: 'test'
  ...
# Subtest: schema-aware exact/literal grep/relation filters are bounded and no regex executes
ok 95 - schema-aware exact/literal grep/relation filters are bounded and no regex executes
  ---
  duration_ms: 88.416708
  type: 'test'
  ...
# Subtest: source references bind exact retained Core bytes and scope; external locators stay unknown
ok 96 - source references bind exact retained Core bytes and scope; external locators stay unknown
  ---
  duration_ms: 94.8125
  type: 'test'
  ...
# Subtest: unknown schema/action, stale mutation, corrupt state and hidden unknown schema fail closed
ok 97 - unknown schema/action, stale mutation, corrupt state and hidden unknown schema fail closed
  ---
  duration_ms: 295.022125
  type: 'test'
  ...
# Subtest: simultaneous actions serialize CAS, and needs_you is an explicit typed transition
ok 98 - simultaneous actions serialize CAS, and needs_you is an explicit typed transition
  ---
  duration_ms: 88.763
  type: 'test'
  ...
# Subtest: missing audit/receipt or rewritten receipt is refused before a new state change
ok 99 - missing audit/receipt or rewritten receipt is refused before a new state change
  ---
  duration_ms: 430.059834
  type: 'test'
  ...
# Subtest: GitHub fixture preserves raw conditional values, pagination, snapshots on 304, and changing poll cadence
ok 100 - GitHub fixture preserves raw conditional values, pagination, snapshots on 304, and changing poll cadence
  ---
  duration_ms: 1.001167
  type: 'test'
  ...
# Subtest: GitHub fixture retains notification semantics that are unsafe to collapse
ok 101 - GitHub fixture retains notification semantics that are unsafe to collapse
  ---
  duration_ms: 0.175
  type: 'test'
  ...
# Subtest: GitHub fixture surfaces unsupported credentials, revoked authorization and rate limits
ok 102 - GitHub fixture surfaces unsupported credentials, revoked authorization and rate limits
  ---
  duration_ms: 0.375334
  type: 'test'
  ...
# Subtest: GitHub fixture rejects contradictory scripts
ok 103 - GitHub fixture rejects contradictory scripts
  ---
  duration_ms: 0.083084
  type: 'test'
  ...
# Subtest: Gmail fixture supplies duplicate and out-of-order push/history pages without advancing a caller cursor
ok 104 - Gmail fixture supplies duplicate and out-of-order push/history pages without advancing a caller cursor
  ---
  duration_ms: 0.822083
  type: 'test'
  ...
# Subtest: Gmail fixture presents interruption, gap, expired watch, mismatch, and revoked authorization as explicit provider outcomes
ok 105 - Gmail fixture presents interruption, gap, expired watch, mismatch, and revoked authorization as explicit provider outcomes
  ---
  duration_ms: 0.85625
  type: 'test'
  ...
# Subtest: Gmail fixture rejects malformed and contradictory scripted responses
ok 106 - Gmail fixture rejects malformed and contradictory scripted responses
  ---
  duration_ms: 0.148333
  type: 'test'
  ...
# (node:83294) ExperimentalWarning: SQLite is an experimental feature and might change at any time
# (Use `node --trace-warnings ...` to show where the warning was created)
# Subtest: ATT-BE-01 HTTP round trip keeps multi-Matter/source/execution refs through typed CAS and producer loss
ok 107 - ATT-BE-01 HTTP round trip keeps multi-Matter/source/execution refs through typed CAS and producer loss
  ---
  duration_ms: 1118.4585
  type: 'test'
  ...
# Subtest: Attention scope, actor ownership, unknown fields and schema versions fail closed over every query kind
ok 108 - Attention scope, actor ownership, unknown fields and schema versions fail closed over every query kind
  ---
  duration_ms: 165.855833
  type: 'test'
  ...
# Subtest: Runtime Attention adapter captures host execution context, records signals only, and closes with the Run
ok 109 - Runtime Attention adapter captures host execution context, records signals only, and closes with the Run
  ---
  duration_ms: 669.339583
  type: 'test'
  ...
# Subtest: generated Attention consumer packet records the HTTP/Pi/Core invariants
ok 110 - generated Attention consumer packet records the HTTP/Pi/Core invariants
  ---
  duration_ms: 1.335833
  type: 'test'
  ...
# Subtest: Attention SIGKILL at before_commit leaves zero or one complete request effect
ok 111 - Attention SIGKILL at before_commit leaves zero or one complete request effect
  ---
  duration_ms: 224.095833
  type: 'test'
  ...
# Subtest: Attention SIGKILL at after_commit_before_ack leaves zero or one complete request effect
ok 112 - Attention SIGKILL at after_commit_before_ack leaves zero or one complete request effect
  ---
  duration_ms: 253.248125
  type: 'test'
  ...
# Subtest: synthetic trace vectors preserve edits, stale approval, unknown effect, duplicate surfacing and non-score samples
ok 113 - synthetic trace vectors preserve edits, stale approval, unknown effect, duplicate surfacing and non-score samples
  ---
  duration_ms: 1.325833
  type: 'test'
  ...
# Subtest: trace fixture validator rejects contradictions rather than turning missing evidence into a score
ok 114 - trace fixture validator rejects contradictions rather than turning missing evidence into a score
  ---
  duration_ms: 0.22475
  type: 'test'
  ...
# Subtest: trace fixture validation runner is executable within the fixture directory
ok 115 - trace fixture validation runner is executable within the fixture directory
  ---
  duration_ms: 36.053708
  type: 'test'
  ...
# (node:83852) ExperimentalWarning: SQLite is an experimental feature and might change at any time
# (Use `node --trace-warnings ...` to show where the warning was created)
# Subtest: ATT-ACT-1 · a submitted action carries the inspected revision and is read back canonically
ok 116 - ATT-ACT-1 · a submitted action carries the inspected revision and is read back canonically
  ---
  duration_ms: 591.627959
  type: 'test'
  ...
# Subtest: ATT-ACT-2 · a stale revision is refused, announced and never silently replayed
ok 117 - ATT-ACT-2 · a stale revision is refused, announced and never silently replayed
  ---
  duration_ms: 1492.211125
  type: 'test'
  ...
# Subtest: ATT-ACT-3 · a lost response is recovered from the receipt, not guessed
ok 118 - ATT-ACT-3 · a lost response is recovered from the receipt, not guessed
  ---
  duration_ms: 568.808667
  type: 'test'
  ...
# Subtest: ATT-ACT-4 · a request that never left is retried under its own identity, once
ok 119 - ATT-ACT-4 · a request that never left is retried under its own identity, once
  ---
  duration_ms: 460.541084
  type: 'test'
  ...
# Subtest: ATT-ACT-5 · a reused identity with different content is refused and surfaced
ok 120 - ATT-ACT-5 · a reused identity with different content is refused and surfaced
  ---
  duration_ms: 175.304041
  type: 'test'
  ...
# Subtest: Snooze records Later, which stays a visible view and starts no timer
ok 121 - Snooze records Later, which stays a visible view and starts no timer
  ---
  duration_ms: 794.313208
  type: 'test'
  ...
# Subtest: the workspace holds no timer of its own
ok 122 - the workspace holds no timer of its own
  ---
  duration_ms: 0.303042
  type: 'test'
  ...
# Subtest: relative time reads the recorded instant without rewriting it
ok 123 - relative time reads the recorded instant without rewriting it
  ---
  duration_ms: 12.907708
  type: 'test'
  ...
# Subtest: the state strip is six explicit views and each one is its own exact query
ok 124 - the state strip is six explicit views and each one is its own exact query
  ---
  duration_ms: 4.875584
  type: 'test'
  ...
# Subtest: All renders the order the server returned and adds no client sort
ok 125 - All renders the order the server returned and adds no client sort
  ---
  duration_ms: 0.718333
  type: 'test'
  ...
# Subtest: a row states its status and when the record was updated, and nothing else
ok 126 - a row states its status and when the record was updated, and nothing else
  ---
  duration_ms: 0.529375
  type: 'test'
  ...
# Subtest: J K and the arrows walk the list, clamp at both ends and stay out of text controls
ok 127 - J K and the arrows walk the list, clamp at both ends and stay out of text controls
  ---
  duration_ms: 1.375458
  type: 'test'
  ...
# Subtest: Enter opens the focused row and Escape returns focus to it
ok 128 - Enter opens the focused row and Escape returns focus to it
  ---
  duration_ms: 3.22175
  type: 'test'
  ...
# Subtest: Back to items returns to the row, never to the project selector
ok 129 - Back to items returns to the row, never to the project selector
  ---
  duration_ms: 2.501667
  type: 'test'
  ...
# Subtest: pagination is explicit and a view change starts again at the first page
ok 130 - pagination is explicit and a view change starts again at the first page
  ---
  duration_ms: 1.351209
  type: 'test'
  ...
# Subtest: a pending query keeps the workspace readable and never sorts a half page
ok 131 - a pending query keeps the workspace readable and never sorts a half page
  ---
  duration_ms: 0.963916
  type: 'test'
  ...
# Subtest: a refused read speaks the adjudicated sentence, never the wire code
ok 132 - a refused read speaks the adjudicated sentence, never the wire code
  ---
  duration_ms: 1.258
  type: 'test'
  ...
# (node:84253) ExperimentalWarning: SQLite is an experimental feature and might change at any time
# (Use `node --trace-warnings ...` to show where the warning was created)
# Subtest: T-CANCEL-2: cancelling while waiting for the first token yields stopping then cancelled
ok 133 - T-CANCEL-2: cancelling while waiting for the first token yields stopping then cancelled
  ---
  duration_ms: 739.849458
  type: 'test'
  ...
# Subtest: T-CANCEL-3: cancelling during ask_user closes the question and refuses a late answer
ok 134 - T-CANCEL-3: cancelling during ask_user closes the question and refuses a late answer
  ---
  duration_ms: 192.33825
  type: 'test'
  ...
# Subtest: T-CANCEL-4: a late allow after cancelling a permission is refused and writes nothing
ok 135 - T-CANCEL-4: a late allow after cancelling a permission is refused and writes nothing
  ---
  duration_ms: 660.305375
  type: 'test'
  ...
# Subtest: T-CANCEL-5: cancelling a run that is not in this process reports unknown, not cancelled
ok 136 - T-CANCEL-5: cancelling a run that is not in this process reports unknown, not cancelled
  ---
  duration_ms: 516.804208
  type: 'test'
  ...
# Subtest: T-PERM-6: concurrent allow and deny on one permission — first wins, second is 409
ok 137 - T-PERM-6: concurrent allow and deny on one permission — first wins, second is 409
  ---
  duration_ms: 983.233791
  type: 'test'
  ...
# Subtest: T-PERM-7: read_only makes ws_write absent, not present-and-refused
ok 138 - T-PERM-7: read_only makes ws_write absent, not present-and-refused
  ---
  duration_ms: 501.977208
  type: 'test'
  ...
# Subtest: card middle layer retains same-target disclosure, resets target and scope, keeps warnings outside
ok 139 - card middle layer retains same-target disclosure, resets target and scope, keeps warnings outside
  ---
  duration_ms: 1.364958
  type: 'test'
  ...
# Subtest: Runtime summary rejects previous-session counts and preserves unknown rather than zero
ok 140 - Runtime summary rejects previous-session counts and preserves unknown rather than zero
  ---
  duration_ms: 0.369834
  type: 'test'
  ...
# Subtest: presentation entry directory retains honest fallback rows without synthetic actions
ok 141 - presentation entry directory retains honest fallback rows without synthetic actions
  ---
  duration_ms: 0.592
  type: 'test'
  ...
# Subtest: injected reader checks live scope identity revision and resets disclosure after scope change
ok 142 - injected reader checks live scope identity revision and resets disclosure after scope change
  ---
  duration_ms: 0.403292
  type: 'test'
  ...
# Subtest: entry reader receives the exact opener and scope changes do not transfer focus
ok 143 - entry reader receives the exact opener and scope changes do not transfer focus
  ---
  duration_ms: 0.555542
  type: 'test'
  ...
# Subtest: production only admits explicit handlers and preserves exact captured bytes
ok 144 - production only admits explicit handlers and preserves exact captured bytes
  ---
  duration_ms: 0.641125
  type: 'test'
  ...
# Subtest: synthetic feedback is mutually exclusive and reversible; failure preserves selection
ok 145 - synthetic feedback is mutually exclusive and reversible; failure preserves selection
  ---
  duration_ms: 24.61575
  type: 'test'
  ...
# Subtest: feedback lock suppresses duplicate/inverse requests and detached results cannot update a new target
ok 146 - feedback lock suppresses duplicate/inverse requests and detached results cannot update a new target
  ---
  duration_ms: 1.303125
  type: 'test'
  ...
# Subtest: streaming allows only exact current-text copy, while unavailable actions report reasons
ok 147 - streaming allows only exact current-text copy, while unavailable actions report reasons
  ---
  duration_ms: 1.208958
  type: 'test'
  ...
# Subtest: regeneration requires explicit confirmation and retains original scope
ok 148 - regeneration requires explicit confirmation and retains original scope
  ---
  duration_ms: 1.531458
  type: 'test'
  ...
# Subtest: synthetic playback can be paused, resumed and stopped without a speech service
ok 149 - synthetic playback can be paused, resumed and stopped without a speech service
  ---
  duration_ms: 3.920458
  type: 'test'
  ...
# Subtest: production rejects undeclared lifecycle handlers even when supplied
ok 150 - production rejects undeclared lifecycle handlers even when supplied
  ---
  duration_ms: 0.234125
  type: 'test'
  ...
# Subtest: same bytes and key from a replacement record cannot accept an async result
ok 151 - same bytes and key from a replacement record cannot accept an async result
  ---
  duration_ms: 1.855458
  type: 'test'
  ...
# Subtest: unavailable and native channels preserve draft and do not acquire a Run
ok 152 - unavailable and native channels preserve draft and do not acquire a Run
  ---
  duration_ms: 1.138625
  type: 'test'
  ...
# Subtest: draft and reading recovery are isolated by account, session and channel
ok 153 - draft and reading recovery are isolated by account, session and channel
  ---
  duration_ms: 0.489042
  type: 'test'
  ...
# Subtest: closing a detail cannot stop a run or change a work/permission fact
ok 154 - closing a detail cannot stop a run or change a work/permission fact
  ---
  duration_ms: 0.409833
  type: 'test'
  ...
# Subtest: revocation after search rejects exact read and drops cached contents
ok 155 - revocation after search rejects exact read and drops cached contents
  ---
  duration_ms: 0.45375
  type: 'test'
  ...
# Subtest: late account, session and source reads cannot overwrite the current detail
ok 156 - late account, session and source reads cannot overwrite the current detail
  ---
  duration_ms: 0.316709
  type: 'test'
  ...
# Subtest: old references remain exact; stale judgment refresh cannot accept or resolve
ok 157 - old references remain exact; stale judgment refresh cannot accept or resolve
  ---
  duration_ms: 0.512833
  type: 'test'
  ...
# Subtest: cancel and session changes cannot apply an old response to the current conversation
ok 158 - cancel and session changes cannot apply an old response to the current conversation
  ---
  duration_ms: 0.172834
  type: 'test'
  ...
# Subtest: model picker mock rejects unknown operations and stale picker scope
ok 159 - model picker mock rejects unknown operations and stale picker scope
  ---
  duration_ms: 0.350958
  type: 'test'
  ...
# Subtest: preview server has no API or mutation route and cannot traverse mounts
ok 160 - preview server has no API or mutation route and cannot traverse mounts
  ---
  duration_ms: 20.362291
  type: 'test'
  ...
# Subtest: Chat sits in the Home / Attention / Spark group as a plain button
ok 161 - Chat sits in the Home / Attention / Spark group as a plain button
  ---
  duration_ms: 1.159375
  type: 'test'
  ...
# Subtest: openChatPage opens the page over the existing session and creates nothing
ok 162 - openChatPage opens the page over the existing session and creates nothing
  ---
  duration_ms: 0.571584
  type: 'test'
  ...
# Subtest: recent chats across open projects, newest first, marking Work and the current one
ok 163 - recent chats across open projects, newest first, marking Work and the current one
  ---
  duration_ms: 9.248791
  type: 'test'
  ...
# Subtest: empty state and New chat stay primary while explanation and sibling entries are disclosed
ok 164 - empty state and New chat stay primary while explanation and sibling entries are disclosed
  ---
  duration_ms: 0.920125
  type: 'test'
  ...
# Subtest: app wiring: the Chat seat opens the page, the page closes like Attention, and it is served
ok 165 - app wiring: the Chat seat opens the page, the page closes like Attention, and it is served
  ---
  duration_ms: 0.828375
  type: 'test'
  ...
# Subtest: stream append restores selection onto replacement nodes and preserves viewport anchor
ok 166 - stream append restores selection onto replacement nodes and preserves viewport anchor
  ---
  duration_ms: 0.561417
  type: 'test'
  ...
# Subtest: a different session or missing immutable row cannot inherit selection or anchor
ok 167 - a different session or missing immutable row cannot inherit selection or anchor
  ---
  duration_ms: 0.289834
  type: 'test'
  ...
# Subtest: changed selected source bytes are not silently selected as if unchanged
ok 168 - changed selected source bytes are not silently selected as if unchanged
  ---
  duration_ms: 0.086083
  type: 'test'
  ...
# Subtest: following latest does not restore an older viewport anchor
ok 169 - following latest does not restore an older viewport anchor
  ---
  duration_ms: 0.082667
  type: 'test'
  ...
# Subtest: band · 48 on the web, a native host only raises it
ok 170 - band · 48 on the web, a native host only raises it
  ---
  duration_ms: 0.61525
  type: 'test'
  ...
# Subtest: band · one title line; Chat is the default mode and is not restated
ok 171 - band · one title line; Chat is the default mode and is not restated
  ---
  duration_ms: 0.561333
  type: 'test'
  ...
# Subtest: sidebar · 16 glyph on a 32 row, 2 between nav rows, 16 between groups, 44 on touch
ok 172 - sidebar · 16 glyph on a 32 row, 2 between nav rows, 16 between groups, 44 on touch
  ---
  duration_ms: 0.319833
  type: 'test'
  ...
# Subtest: content column · prose and composer share one inset resolved against one width
ok 173 - content column · prose and composer share one inset resolved against one width
  ---
  duration_ms: 0.194334
  type: 'test'
  ...
# Subtest: summary · cards fold to the strip before the reading column drops under 640 + two tight insets
ok 174 - summary · cards fold to the strip before the reading column drops under 640 + two tight insets
  ---
  duration_ms: 0.104125
  type: 'test'
  ...
# Subtest: composer · content-driven and bounded; growth never writes value
ok 175 - composer · content-driven and bounded; growth never writes value
  ---
  duration_ms: 0.27075
  type: 'test'
  ...
# Subtest: Home keeps its own 820 column and composer sizes
ok 176 - Home keeps its own 820 column and composer sizes
  ---
  duration_ms: 0.086833
  type: 'test'
  ...
# Subtest: recorded references deduplicate exact identity but retain different Run versions
ok 177 - recorded references deduplicate exact identity but retain different Run versions
  ---
  duration_ms: 0.4775
  type: 'test'
  ...
# Subtest: unbound discussion reads no made-up source endpoint; file opens exact captured version
ok 178 - unbound discussion reads no made-up source endpoint; file opens exact captured version
  ---
  duration_ms: 3.067458
  type: 'test'
  ...
# Subtest: scope change rejects late work projection, with no source bytes in the replacement view
ok 179 - scope change rejects late work projection, with no source bytes in the replacement view
  ---
  duration_ms: 0.480375
  type: 'test'
  ...
# Subtest: read failure remains explicit and refresh is available
ok 180 - read failure remains explicit and refresh is available
  ---
  duration_ms: 0.395333
  type: 'test'
  ...
# Subtest: fixed candidate evidence never substitutes the current source revision
ok 181 - fixed candidate evidence never substitutes the current source revision
  ---
  duration_ms: 0.130208
  type: 'test'
  ...
# Subtest: quoting a full recorded file keeps exact text lines and provenance; current files are rejected
ok 182 - quoting a full recorded file keeps exact text lines and provenance; current files are rejected
  ---
  duration_ms: 0.177875
  type: 'test'
  ...
# Subtest: missing or mismatched historical bytes stay explicit rather than falling back to latest
ok 183 - missing or mismatched historical bytes stay explicit rather than falling back to latest
  ---
  duration_ms: 1.082333
  type: 'test'
  ...
# Subtest: WK-92 · Chat 与 Work 由既有的 extensionBinding 分开，不由新状态分开
ok 184 - WK-92 · Chat 与 Work 由既有的 extensionBinding 分开，不由新状态分开
  ---
  duration_ms: 0.700209
  type: 'test'
  ...
# Subtest: WK-92 · Continue in Matter 只走既有的 extension 路由；不新增端点、不复制、不迁移
ok 185 - WK-92 · Continue in Matter 只走既有的 extension 路由；不新增端点、不复制、不迁移
  ---
  duration_ms: 0.86025
  type: 'test'
  ...
# Subtest: WK-92 / M-2 · scope 位在工作面标题带上，仍是陈述而不是控件
ok 186 - WK-92 / M-2 · scope 位在工作面标题带上，仍是陈述而不是控件
  ---
  duration_ms: 0.477167
  type: 'test'
  ...
# Subtest: WK-92 / §4 · Memory 组：不用 Session Memory，Sources ≠ Memory，Temporary chat 零控件
ok 187 - WK-92 / §4 · Memory 组：不用 Session Memory，Sources ≠ Memory，Temporary chat 零控件
  ---
  duration_ms: 0.227084
  type: 'test'
  ...
# Subtest: WK-92 · 导航只对 Work 加一个标记，Chat 是默认的那一种
ok 188 - WK-92 · 导航只对 Work 加一个标记，Chat 是默认的那一种
  ---
  duration_ms: 0.148209
  type: 'test'
  ...
# (node:84669) ExperimentalWarning: SQLite is an experimental feature and might change at any time
# (Use `node --trace-warnings ...` to show where the warning was created)
# Subtest: native compaction cancel settles with no persisted partial summary
ok 189 - native compaction cancel settles with no persisted partial summary
  ---
  duration_ms: 149.382333
  type: 'test'
  ...
# Subtest: native compaction deadline settles with no persisted partial summary
ok 190 - native compaction deadline settles with no persisted partial summary
  ---
  duration_ms: 429.411083
  type: 'test'
  ...
# Subtest: native overflow recovery persists a summary and a restarted host uses it
ok 191 - native overflow recovery persists a summary and a restarted host uses it
  ---
  duration_ms: 237.627125
  type: 'test'
  ...
# (node:84762) ExperimentalWarning: SQLite is an experimental feature and might change at any time
# (Use `node --trace-warnings ...` to show where the warning was created)
# Subtest: automatic threshold persists a summary and sends it in the next request
ok 192 - automatic threshold persists a summary and sends it in the next request
  ---
  duration_ms: 589.491875
  type: 'test'
  ...
# Subtest: provider-default omits SDK-generated reasoning controls on ordinary and compaction requests
ok 193 - provider-default omits SDK-generated reasoning controls on ordinary and compaction requests
  ---
  duration_ms: 375.871458
  type: 'test'
  ...
# Subtest: failed summary leaves the journal unchanged and marks run usage missing
ok 194 - failed summary leaves the journal unchanged and marks run usage missing
  ---
  duration_ms: 120.817708
  type: 'test'
  ...
# Subtest: native summary retry succeeds but usage stays missing and counts only reported values
ok 195 - native summary retry succeeds but usage stays missing and counts only reported values
  ---
  duration_ms: 2501.948209
  type: 'test'
  ...
# Subtest: maxCompactions disables later automatic summaries while the ordinary turn completes
ok 196 - maxCompactions disables later automatic summaries while the ordinary turn completes
  ---
  duration_ms: 377.293417
  type: 'test'
  ...
# Subtest: CI-B · support is read from CSS.supports, never assumed
ok 197 - CI-B · support is read from CSS.supports, never assumed
  ---
  duration_ms: 0.441958
  type: 'test'
  ...
# Subtest: CI-B · fit follows scrollHeight and respects the box model
ok 198 - CI-B · fit follows scrollHeight and respects the box model
  ---
  duration_ms: 0.131084
  type: 'test'
  ...
# Subtest: CI-B · with native support nothing is installed; without it, input refits and value is never written
ok 199 - CI-B · with native support nothing is installed; without it, input refits and value is never written
  ---
  duration_ms: 0.155834
  type: 'test'
  ...
# Subtest: CI-F · only an image-only paste gets a sentence; text is never swallowed
ok 200 - CI-F · only an image-only paste gets a sentence; text is never swallowed
  ---
  duration_ms: 0.131917
  type: 'test'
  ...
# Subtest: CI-B / CI-F · wiring: no paste is prevented, growth is @supports-gated, the module is served
ok 201 - CI-B / CI-F · wiring: no paste is prevented, growth is @supports-gated, the module is served
  ---
  duration_ms: 0.38725
  type: 'test'
  ...
# Subtest: CI-B · each variant keeps a plain ceiling, dvh hosts get the 28dvh override, Home anchors the resting box
ok 202 - CI-B · each variant keeps a plain ceiling, dvh hosts get the 28dvh override, Home anchors the resting box
  ---
  duration_ms: 0.198833
  type: 'test'
  ...
# Subtest: roles exist in both schemes and stay separate from review / danger / diff
ok 203 - roles exist in both schemes and stay separate from review / danger / diff
  ---
  duration_ms: 0.911208
  type: 'test'
  ...
# Subtest: the switch is the specimen: on = accent, disabled = unavailable pair, off = neutral
ok 204 - the switch is the specimen: on = accent, disabled = unavailable pair, off = neutral
  ---
  duration_ms: 0.363375
  type: 'test'
  ...
# Subtest: the Pages paper link is an action, not the Review marker
ok 205 - the Pages paper link is an action, not the Review marker
  ---
  duration_ms: 0.166875
  type: 'test'
  ...
# (node:84814) ExperimentalWarning: SQLite is an experimental feature and might change at any time
# (Use `node --trace-warnings ...` to show where the warning was created)
# Subtest: control: scope provenance, reset, CAS, and cross-session isolation survive restart
ok 206 - control: scope provenance, reset, CAS, and cross-session isolation survive restart
  ---
  duration_ms: 181.985417
  type: 'test'
  ...
# Subtest: control: active Run freezes config; retry preserves its original runtime binding
ok 207 - control: active Run freezes config; retry preserves its original runtime binding
  ---
  duration_ms: 420.172667
  type: 'test'
  ...
# Subtest: policy: last match within scope, outer ceilings and literal regex characters
ok 208 - policy: last match within scope, outer ceilings and literal regex characters
  ---
  duration_ms: 0.47975
  type: 'test'
  ...
# Subtest: control APIs: source content remains pinned after replacement; templates are human-invoked drafts
ok 209 - control APIs: source content remains pinned after replacement; templates are human-invoked drafts
  ---
  duration_ms: 502.588917
  type: 'test'
  ...
# Subtest: policy: path denial reaches the executor; exposed write does not imply allowed write
ok 210 - policy: path denial reaches the executor; exposed write does not imply allowed write
  ---
  duration_ms: 481.146958
  type: 'test'
  ...
# Subtest: policy: domain tools use the same execution gate, including exact arguments across approval
ok 211 - policy: domain tools use the same execution gate, including exact arguments across approval
  ---
  duration_ms: 0.525292
  type: 'test'
  ...
# Subtest: context: skill metadata is progressive, installed content grants no plugin/tool authority
ok 212 - context: skill metadata is progressive, installed content grants no plugin/tool authority
  ---
  duration_ms: 524.876125
  type: 'test'
  ...
# Subtest: composition: versioned profile restricts resources, never raises host permission, and missing requirements block admission
ok 213 - composition: versioned profile restricts resources, never raises host permission, and missing requirements block admission
  ---
  duration_ms: 144.285167
  type: 'test'
  ...
# Subtest: control config: corrupt or future version fails closed without overwriting the file
ok 214 - control config: corrupt or future version fails closed without overwriting the file
  ---
  duration_ms: 111.38
  type: 'test'
  ...
# Subtest: compatibility: valid schema 3 upgrades with exact backup and schema 6 fence
ok 215 - compatibility: valid schema 3 upgrades with exact backup and schema 6 fence
  ---
  duration_ms: 116.241042
  type: 'test'
  ...
# Subtest: MCP modern: discovery is separate from exposure and execution consent
ok 216 - MCP modern: discovery is separate from exposure and execution consent
  ---
  duration_ms: 1112.607
  type: 'test'
  ...
# Subtest: MCP legacy: discovery is separate from exposure and execution consent
ok 217 - MCP legacy: discovery is separate from exposure and execution consent
  ---
  duration_ms: 1000.81825
  type: 'test'
  ...
# Subtest: MCP: first unknown outcome closes subsequent tool admission in the same Run
ok 218 - MCP: first unknown outcome closes subsequent tool admission in the same Run
  ---
  duration_ms: 498.774542
  type: 'test'
  ...
# Subtest: MCP: a lost remote call result becomes an unknown Run, never an automatic replay
ok 219 - MCP: a lost remote call result becomes an unknown Run, never an automatic replay
  ---
  duration_ms: 468.9575
  type: 'test'
  ...
# Subtest: admission serializes permission changes and extension binding before runtime snapshots can diverge
ok 220 - admission serializes permission changes and extension binding before runtime snapshots can diverge
  ---
  duration_ms: 688.043167
  type: 'test'
  ...
# Subtest: context: additive compiled counts separate catalog text, deferred bodies and draft-only templates
ok 221 - context: additive compiled counts separate catalog text, deferred bodies and draft-only templates
  ---
  duration_ms: 76.669542
  type: 'test'
  ...
# Subtest: MA2-02 · the Thread directory projects only the published contract
ok 222 - MA2-02 · the Thread directory projects only the published contract
  ---
  duration_ms: 1.200625
  type: 'test'
  ...
# Subtest: MA2-02 · a mailbox page must stay inside the bounds the server reported
ok 223 - MA2-02 · a mailbox page must stay inside the bounds the server reported
  ---
  duration_ms: 0.463791
  type: 'test'
  ...
# Subtest: MA2-02 · an undelivered message keeps an explicit null, not an empty time
ok 224 - MA2-02 · an undelivered message keeps an explicit null, not an empty time
  ---
  duration_ms: 0.061583
  type: 'test'
  ...
# Subtest: MA2-02 · receipts are validated with the same gate as the directory rows
ok 225 - MA2-02 · receipts are validated with the same gate as the directory rows
  ---
  duration_ms: 0.162041
  type: 'test'
  ...
# Subtest: MA2-02 · Session options carry the scope the server itself derives
ok 226 - MA2-02 · Session options carry the scope the server itself derives
  ---
  duration_ms: 0.163333
  type: 'test'
  ...
# Subtest: MA2-02 · option lists offer only bindings the server would accept
ok 227 - MA2-02 · option lists offer only bindings the server would accept
  ---
  duration_ms: 0.174791
  type: 'test'
  ...
# Subtest: MA2-02 · both new modules are admitted by the static allowlist
ok 228 - MA2-02 · both new modules are admitted by the static allowlist
  ---
  duration_ms: 0.457375
  type: 'test'
  ...
# Subtest: MA2-02 · the consumer surface adds no second run-start path
ok 229 - MA2-02 · the consumer surface adds no second run-start path
  ---
  duration_ms: 0.211792
  type: 'test'
  ...
# (node:85433) ExperimentalWarning: SQLite is an experimental feature and might change at any time
# (Use `node --trace-warnings ...` to show where the warning was created)
# Subtest: Thread identity and membership are durable, explicit and not Session identity
ok 230 - Thread identity and membership are durable, explicit and not Session identity
  ---
  duration_ms: 97.703917
  type: 'test'
  ...
# Subtest: outbox replay is idempotent; conflicting payload and invented source are refused
ok 231 - outbox replay is idempotent; conflicting payload and invented source are refused
  ---
  duration_ms: 48.414333
  type: 'test'
  ...
# Subtest: late delivery retains origin and distinguishes stale target from missing target
ok 232 - late delivery retains origin and distinguishes stale target from missing target
  ---
  duration_ms: 49.309833
  type: 'test'
  ...
# Subtest: reply lineage requires a delivered reverse envelope, not an unrelated latest message
ok 233 - reply lineage requires a delivered reverse envelope, not an unrelated latest message
  ---
  duration_ms: 54.484209
  type: 'test'
  ...
# Subtest: global Attention directory spans scopes; it never yields another mailbox body or membership
ok 234 - global Attention directory spans scopes; it never yields another mailbox body or membership
  ---
  duration_ms: 55.591125
  type: 'test'
  ...
# Subtest: runtime cross-scope sending is Attention-only; a project Run is refused at that guard alone
ok 235 - runtime cross-scope sending is Attention-only; a project Run is refused at that guard alone
  ---
  duration_ms: 61.329292
  type: 'test'
  ...
# Subtest: a domain-bound Session cannot message from a Run even with a host-shaped origin
ok 236 - a domain-bound Session cannot message from a Run even with a host-shaped origin
  ---
  duration_ms: 52.478625
  type: 'test'
  ...
# Subtest: delete and scope change do not recreate a recipient or reroute queued messages
ok 237 - delete and scope change do not recreate a recipient or reroute queued messages
  ---
  duration_ms: 48.351708
  type: 'test'
  ...
# Subtest: RuntimeStore6 migration preserves global scope and exact backup; corrupt ledger fails closed
ok 238 - RuntimeStore6 migration preserves global scope and exact backup; corrupt ledger fails closed
  ---
  duration_ms: 130.777917
  type: 'test'
  ...
# Subtest: child grant monotonically narrows; the reducer passes caller-supplied conflict strings through and refuses contradictory results for one execution ID
ok 239 - child grant monotonically narrows; the reducer passes caller-supplied conflict strings through and refuses contradictory results for one execution ID
  ---
  duration_ms: 1.431291
  type: 'test'
  ...
# Subtest: child tool boundary denies widening and completion remains undelivered/unaccepted
ok 240 - child tool boundary denies widening and completion remains undelivered/unaccepted
  ---
  duration_ms: 0.566292
  type: 'test'
  ...
# Subtest: cancel, timeout, late completion and mutated caller input cannot change child settlement or origin
ok 241 - cancel, timeout, late completion and mutated caller input cannot change child settlement or origin
  ---
  duration_ms: 5.995666
  type: 'test'
  ...
# Subtest: authenticated HTTP Thread/message entry reaches a real inbox without starting a model
ok 242 - authenticated HTTP Thread/message entry reaches a real inbox without starting a model
  ---
  duration_ms: 99.505208
  type: 'test'
  ...
# Subtest: a crash inside the enqueue write leaves no half message; the same key then sends exactly once
ok 243 - a crash inside the enqueue write leaves no half message; the same key then sends exactly once
  ---
  duration_ms: 219.080791
  type: 'test'
  ...
# Subtest: a crash inside the delivery write keeps the message queued; recovery then delivers it exactly once
ok 244 - a crash inside the delivery write keeps the message queued; recovery then delivers it exactly once
  ---
  duration_ms: 164.853292
  type: 'test'
  ...
# Subtest: clean restart after the outbox write completed recovers exactly one local delivery without a Run
ok 245 - clean restart after the outbox write completed recovers exactly one local delivery without a Run
  ---
  duration_ms: 795.86925
  type: 'test'
  ...
# Subtest: model messages require a real permission decision and cannot auto-run the recipient
ok 246 - model messages require a real permission decision and cannot auto-run the recipient
  ---
  duration_ms: 949.725917
  type: 'test'
  ...
# Subtest: global Attention crosses scope through the model tool, still spending exactly one exact-argument decision
ok 247 - global Attention crosses scope through the model tool, still spending exactly one exact-argument decision
  ---
  duration_ms: 853.587084
  type: 'test'
  ...
# Subtest: domain-bound Sessions receive no coordination tool at either composition site
ok 248 - domain-bound Sessions receive no coordination tool at either composition site
  ---
  duration_ms: 1147.024417
  type: 'test'
  ...
# Subtest: read-only tool metadata agrees with dispatch denial; project model directory excludes other scopes
ok 249 - read-only tool metadata agrees with dispatch denial; project model directory excludes other scopes
  ---
  duration_ms: 174.124
  type: 'test'
  ...
# Subtest: schema7 effort survives upgrade; fixed old host refuses schema9 and restores only the separate original backup
ok 250 - schema7 effort survives upgrade; fixed old host refuses schema9 and restores only the separate original backup
  ---
  duration_ms: 372.093167
  type: 'test'
  ...
# Subtest: mailbox pagination preserves ordered identities and refuses duplicate or oversized queries
ok 251 - mailbox pagination preserves ordered identities and refuses duplicate or oversized queries
  ---
  duration_ms: 76.642333
  type: 'test'
  ...
# (node:86089) ExperimentalWarning: SQLite is an experimental feature and might change at any time
# (Use `node --trace-warnings ...` to show where the warning was created)
# Subtest: T-CRED-1: missing credential fails the run without touching HOME/.pi
ok 252 - T-CRED-1: missing credential fails the run without touching HOME/.pi
  ---
  duration_ms: 135.84375
  type: 'test'
  ...
# Subtest: T-CRED-2: a credential written via the API flows through and never leaks
ok 253 - T-CRED-2: a credential written via the API flows through and never leaks
  ---
  duration_ms: 183.180834
  type: 'test'
  ...
# Subtest: T-CRED-3: inherited DEEPSEEK_API_KEY is stripped at startup and logged
ok 254 - T-CRED-3: inherited DEEPSEEK_API_KEY is stripped at startup and logged
  ---
  duration_ms: 59.309333
  type: 'test'
  ...
# Subtest: T-CRED-4: PUT/DELETE credential during an active run is 409 and the run finishes on its own key
ok 255 - T-CRED-4: PUT/DELETE credential during an active run is 409 and the run finishes on its own key
  ---
  duration_ms: 705.015125
  type: 'test'
  ...
# Subtest: T-CRED-5: a sentinel HOME auth.json and env var are never used as credentials
ok 256 - T-CRED-5: a sentinel HOME auth.json and env var are never used as credentials
  ---
  duration_ms: 495.545667
  type: 'test'
  ...
# Subtest: diffWords marks only the changed tokens and never leading indentation
ok 257 - diffWords marks only the changed tokens and never leading indentation
  ---
  duration_ms: 1.110417
  type: 'test'
  ...
# Subtest: diffModel: word segments only for exactly one removed + one added line
ok 258 - diffModel: word segments only for exactly one removed + one added line
  ---
  duration_ms: 0.501709
  type: 'test'
  ...
# Subtest: renderDiff keeps ± and line numbers as text and puts blocks only on new words
ok 259 - renderDiff keeps ± and line numbers as text and puts blocks only on new words
  ---
  duration_ms: 1.425833
  type: 'test'
  ...
# Subtest: renderDiff treats markup as text, renders the no-newline marker, and handles empty input
ok 260 - renderDiff treats markup as text, renders the no-newline marker, and handles empty input
  ---
  duration_ms: 0.433959
  type: 'test'
  ...
# Subtest: Settings preview and the static allowlist use the shared renderer and fixture
ok 261 - Settings preview and the static allowlist use the shared renderer and fixture
  ---
  duration_ms: 1.391625
  type: 'test'
  ...
# (node:86204) ExperimentalWarning: SQLite is an experimental feature and might change at any time
# (Use `node --trace-warnings ...` to show where the warning was created)
# Subtest: DRT02 DeepSeek: actual SDK stream, Deny/Approve, reasoning replay and reopened history
ok 262 - DRT02 DeepSeek: actual SDK stream, Deny/Approve, reasoning replay and reopened history
  ---
  duration_ms: 1707.792334
  type: 'test'
  ...
# Subtest: DRT02 DeepSeek error: explicit terminal state and no fallback
ok 263 - DRT02 DeepSeek error: explicit terminal state and no fallback
  ---
  duration_ms: 242.846375
  type: 'test'
  ...
# Subtest: DRT02 DeepSeek cancel: explicit terminal state and no fallback
ok 264 - DRT02 DeepSeek cancel: explicit terminal state and no fallback
  ---
  duration_ms: 99.234291
  type: 'test'
  ...
# Subtest: DRT02 DeepSeek missing-metadata: explicit terminal state and no fallback
ok 265 - DRT02 DeepSeek missing-metadata: explicit terminal state and no fallback
  ---
  duration_ms: 561.702958
  type: 'test'
  ...
# Subtest: DRT02 DeepSeek: provider alias reaches public request telemetry through the actual SDK
ok 266 - DRT02 DeepSeek: provider alias reaches public request telemetry through the actual SDK
  ---
  duration_ms: 340.141792
  type: 'test'
  ...
# (node:86237) ExperimentalWarning: SQLite is an experimental feature and might change at any time
# (Use `node --trace-warnings ...` to show where the warning was created)
# Subtest: T-DUR-1: a crash before the tool runs leaves no file, no artifact and no replay
ok 267 - T-DUR-1: a crash before the tool runs leaves no file, no artifact and no replay
  ---
  duration_ms: 1088.340541
  type: 'test'
  ...
# Subtest: T-DUR-2: a crash between the write and the record surfaces the file as unrecorded
ok 268 - T-DUR-2: a crash between the write and the record surfaces the file as unrecorded
  ---
  duration_ms: 1283.037166
  type: 'test'
  ...
# Subtest: T-DUR-3: a crash after the record is persisted keeps artifact and file in agreement
ok 269 - T-DUR-3: a crash after the record is persisted keeps artifact and file in agreement
  ---
  duration_ms: 1290.984417
  type: 'test'
  ...
# Subtest: T-DUR-4: a crash during a store write keeps the last complete state and discards the tmp
ok 270 - T-DUR-4: a crash during a store write keeps the last complete state and discards the tmp
  ---
  duration_ms: 1015.67975
  type: 'test'
  ...
# Subtest: a corrupt leftover tmp never affects the state that is loaded
ok 271 - a corrupt leftover tmp never affects the state that is loaded
  ---
  duration_ms: 98.677708
  type: 'test'
  ...
# Subtest: T-IDEM-5: replaying a commandId after a restart returns the original unknown run
ok 272 - T-IDEM-5: replaying a commandId after a restart returns the original unknown run
  ---
  duration_ms: 1534.532792
  type: 'test'
  ...
# Subtest: completed Run disclosure groups successful tools and exact allowed history in timeline order
ok 273 - completed Run disclosure groups successful tools and exact allowed history in timeline order
  ---
  duration_ms: 0.838333
  type: 'test'
  ...
# Subtest: incomplete, failed, pending, denied, malformed, and cross-call rows stay outside the summary
ok 274 - incomplete, failed, pending, denied, malformed, and cross-call rows stay outside the summary
  ---
  duration_ms: 0.758083
  type: 'test'
  ...
# Subtest: a completed Run with only errors or unfinished calls gets no empty summary
ok 275 - a completed Run with only errors or unfinished calls gets no empty summary
  ---
  duration_ms: 0.062792
  type: 'test'
  ...
# Subtest: member IDs and disclosure state keys remain stable and surface-scoped
ok 276 - member IDs and disclosure state keys remain stable and surface-scoped
  ---
  duration_ms: 0.1005
  type: 'test'
  ...
# Subtest: file candidate identity, exact replay, immutable pages, closed admission and atomic acceptance
ok 277 - file candidate identity, exact replay, immutable pages, closed admission and atomic acceptance
  ---
  duration_ms: 107.378417
  type: 'test'
  ...
# Subtest: coverage is monotone; frozen candidate precedes later unknown input; semantic failures stay diagnostic
ok 278 - coverage is monotone; frozen candidate precedes later unknown input; semantic failures stay diagnostic
  ---
  duration_ms: 86.447583
  type: 'test'
  ...
# Subtest: failed deterministic checks cannot accept, and source membership changes invalidate file basis
ok 279 - failed deterministic checks cannot accept, and source membership changes invalidate file basis
  ---
  duration_ms: 85.097166
  type: 'test'
  ...
# Subtest: illegal provenance, encoding, count, path and byte limits reject without candidate side effects
ok 280 - illegal provenance, encoding, count, path and byte limits reject without candidate side effects
  ---
  duration_ms: 88.934125
  type: 'test'
  ...
# Subtest: SIGKILL file save and accept commit boundaries leave zero or one complete durable effect
ok 281 - SIGKILL file save and accept commit boundaries leave zero or one complete durable effect
  ---
  duration_ms: 1338.278166
  type: 'test'
  ...
# Subtest: metadata byte boundary, escaped wire envelope, file/path/count boundaries and empty files are exact
ok 282 - metadata byte boundary, escaped wire envelope, file/path/count boundaries and empty files are exact
  ---
  duration_ms: 130.024584
  type: 'test'
  ...
# Subtest: file diff binds only frozen base, uses linear replacement, preserves newlines and refuses oversized output
ok 283 - file diff binds only frozen base, uses linear replacement, preserves newlines and refuses oversized output
  ---
  duration_ms: 93.005584
  type: 'test'
  ...
# Subtest: corrupt bytes, manifest, column bindings and a verification record copied from another identity refuse reads and acceptance
ok 284 - corrupt bytes, manifest, column bindings and a verification record copied from another identity refuse reads and acceptance
  ---
  duration_ms: 1068.757833
  type: 'test'
  ...
# Subtest: a changed trusted policy cannot accept an old PASS; empty evidence is diagnostic failed
ok 285 - a changed trusted policy cannot accept an old PASS; empty evidence is diagnostic failed
  ---
  duration_ms: 210.20725
  type: 'test'
  ...
# Subtest: unknown file schema exposes scoped bounded metadata but cannot decode or accept
ok 286 - unknown file schema exposes scoped bounded metadata but cannot decode or accept
  ---
  duration_ms: 210.459875
  type: 'test'
  ...
# Subtest: verification outcome corruption is refused and acceptance rechecks required evidence
ok 287 - verification outcome corruption is refused and acceptance rechecks required evidence
  ---
  duration_ms: 185.872583
  type: 'test'
  ...
# Subtest: file runs require a concrete Session identity at the private bridge boundary
ok 288 - file runs require a concrete Session identity at the private bridge boundary
  ---
  duration_ms: 87.96525
  type: 'test'
  ...
# (node:87413) ExperimentalWarning: SQLite is an experimental feature and might change at any time
# (Use `node --trace-warnings ...` to show where the warning was created)
# Subtest: real service/Pi recorded write, permission CAS, save, human accept, deletion and producer-absent exact reads
ok 289 - real service/Pi recorded write, permission CAS, save, human accept, deletion and producer-absent exact reads
  ---
  duration_ms: 1325.624458
  type: 'test'
  ...
# Subtest: extra workspace reads and continued history yield unknown; an unrecorded selector never imports
ok 290 - extra workspace reads and continued history yield unknown; an unrecorded selector never imports
  ---
  duration_ms: 993.024166
  type: 'test'
  ...
# Subtest: actual list/grep/ask/load inputs, continued history and compaction-enabled admission remain unknown
ok 291 - actual list/grep/ask/load inputs, continued history and compaction-enabled admission remain unknown
  ---
  duration_ms: 3796.1715
  type: 'test'
  ...
# Subtest: steering, failed coverage persistence, and Stop racing immutable capture cannot publish a complete candidate
ok 292 - steering, failed coverage persistence, and Stop racing immutable capture cannot publish a complete candidate
  ---
  duration_ms: 1652.424875
  type: 'test'
  ...
# Subtest: missing or corrupt history rejects recorded import even though current workspace bytes still exist
ok 293 - missing or corrupt history rejects recorded import even though current workspace bytes still exist
  ---
  duration_ms: 926.657
  type: 'test'
  ...
# Subtest: a real loopback MCP tool executes only after its extra-input marker is durable
ok 294 - a real loopback MCP tool executes only after its extra-input marker is durable
  ---
  duration_ms: 1157.128416
  type: 'test'
  ...
# Subtest: SIGKILL after history or rename leaves an orphan version that no later Run may import
ok 295 - SIGKILL after history or rename leaves an orphan version that no later Run may import
  ---
  duration_ms: 3287.090375
  type: 'test'
  ...
# (node:87607) ExperimentalWarning: SQLite is an experimental feature and might change at any time
# (Use `node --trace-warnings ...` to show where the warning was created)
# Subtest: extension restart: loaded binding continues; invalidation and unload keep their generations
ok 296 - extension restart: loaded binding continues; invalidation and unload keep their generations
  ---
  duration_ms: 1291.693583
  type: 'test'
  ...
# Subtest: extension restart: changed version requires reload; empty composition preserves dormant records
ok 297 - extension restart: changed version requires reload; empty composition preserves dormant records
  ---
  duration_ms: 234.508917
  type: 'test'
  ...
# (node:88479) ExperimentalWarning: SQLite is an experimental feature and might change at any time
# (Use `node --trace-warnings ...` to show where the warning was created)
# Subtest: T-EXT-1: se_read_source succeeds through service.createRun on AgentSession
ok 298 - T-EXT-1: se_read_source succeeds through service.createRun on AgentSession
  ---
  duration_ms: 491.009792
  type: 'test'
  ...
# Subtest: T-EXT-2: se_submit_candidate goes through once and Core rejects the late call
ok 299 - T-EXT-2: se_submit_candidate goes through once and Core rejects the late call
  ---
  duration_ms: 599.696792
  type: 'test'
  ...
# Subtest: governance: policy is separate from Matter, exact replay cannot resurrect revoked disclosure
ok 300 - governance: policy is separate from Matter, exact replay cannot resurrect revoked disclosure
  ---
  duration_ms: 91.448667
  type: 'test'
  ...
# Subtest: governance: scope and registry-only grant hide bodies, hashes, counts and unknown schemas
ok 301 - governance: scope and registry-only grant hide bodies, hashes, counts and unknown schemas
  ---
  duration_ms: 201.263375
  type: 'test'
  ...
# Subtest: governance: pagination binds visible collection; source updates require rediscovery while policy remains valid
ok 302 - governance: pagination binds visible collection; source updates require rediscovery while policy remains valid
  ---
  duration_ms: 98.491583
  type: 'test'
  ...
# Subtest: governance: registry and Attention source links do not grant target Matter access
ok 303 - governance: registry and Attention source links do not grant target Matter access
  ---
  duration_ms: 91.975959
  type: 'test'
  ...
# Subtest: governance: accepted Artifact is exact, bounded and distinct from pending candidates
ok 304 - governance: accepted Artifact is exact, bounded and distinct from pending candidates
  ---
  duration_ms: 86.303667
  type: 'test'
  ...
# Subtest: governance: unsupported schema, malformed envelopes and hidden queries fail closed
ok 305 - governance: unsupported schema, malformed envelopes and hidden queries fail closed
  ---
  duration_ms: 79.59125
  type: 'test'
  ...
# Subtest: governance: corrupt bytes and missing policy provenance are refused without repair
ok 306 - governance: corrupt bytes and missing policy provenance are refused without repair
  ---
  duration_ms: 358.38575
  type: 'test'
  ...
# Subtest: governance: file Artifact delegates to exact immutable manifest/content reader
ok 307 - governance: file Artifact delegates to exact immutable manifest/content reader
  ---
  duration_ms: 87.200208
  type: 'test'
  ...
# Subtest: governance: unknown Matter contract is discoverable metadata but cannot be decoded
ok 308 - governance: unknown Matter contract is discoverable metadata but cannot be decoded
  ---
  duration_ms: 85.654916
  type: 'test'
  ...
# Subtest: governance: non-object or corrupted policy provenance has uniform runtime absence and structured human refusal
ok 309 - governance: non-object or corrupted policy provenance has uniform runtime absence and structured human refusal
  ---
  duration_ms: 403.056166
  type: 'test'
  ...
# Subtest: governance: oversized content cannot prevent human policy-only revocation
ok 310 - governance: oversized content cannot prevent human policy-only revocation
  ---
  duration_ms: 86.493792
  type: 'test'
  ...
# (node:89488) ExperimentalWarning: SQLite is an experimental feature and might change at any time
# (Use `node --trace-warnings ...` to show where the warning was created)
# Subtest: governance authenticated HTTP rejects identity injection and cross-project refs, grants are human-only
ok 311 - governance authenticated HTTP rejects identity injection and cross-project refs, grants are human-only
  ---
  duration_ms: 208.168375
  type: 'test'
  ...
# Subtest: global Pi tools discover, inspect and read exact governed evidence; project catalogs cannot install them
ok 312 - global Pi tools discover, inspect and read exact governed evidence; project catalogs cannot install them
  ---
  duration_ms: 1500.921125
  type: 'test'
  ...
# Subtest: runtime adapter rejects mismatched/closed host Runs and a change while Core read is pending
ok 313 - runtime adapter rejects mismatched/closed host Runs and a change while Core read is pending
  ---
  duration_ms: 464.252459
  type: 'test'
  ...
# Subtest: governance policy SIGKILL before_commit preserves zero/one complete effect
ok 314 - governance policy SIGKILL before_commit preserves zero/one complete effect
  ---
  duration_ms: 273.721125
  type: 'test'
  ...
# Subtest: governance policy SIGKILL after_commit_before_ack preserves zero/one complete effect
ok 315 - governance policy SIGKILL after_commit_before_ack preserves zero/one complete effect
  ---
  duration_ms: 269.136625
  type: 'test'
  ...
# Subtest: Core3/app4 migrates atomically with an exclusive original backup; fixed old host refuses new DB and reads separate backup
ok 316 - Core3/app4 migrates atomically with an exclusive original backup; fixed old host refuses new DB and reads separate backup
  ---
  duration_ms: 507.169041
  type: 'test'
  ...
# Subtest: migration refuses existing or symlink backup, malformed owned schema, and partial new tables without modifying old bytes
ok 317 - migration refuses existing or symlink backup, malformed owned schema, and partial new tables without modifying old bytes
  ---
  duration_ms: 729.16275
  type: 'test'
  ...
# Subtest: governance migration SIGKILL governance_migration_before_commit keeps schema markers and tables together
ok 318 - governance migration SIGKILL governance_migration_before_commit keeps schema markers and tables together
  ---
  duration_ms: 342.243667
  type: 'test'
  ...
# Subtest: governance migration SIGKILL governance_migration_after_commit keeps schema markers and tables together
ok 319 - governance migration SIGKILL governance_migration_after_commit keeps schema markers and tables together
  ---
  duration_ms: 332.967833
  type: 'test'
  ...
# Subtest: disclosure expiry is checked at query time with a deterministic future clock
ok 320 - disclosure expiry is checked at query time with a deterministic future clock
  ---
  duration_ms: 188.09575
  type: 'test'
  ...
# Subtest: worker preserves regex matches, line numbers and Unicode
ok 321 - worker preserves regex matches, line numbers and Unicode
  ---
  duration_ms: 23.564
  type: 'test'
  ...
# Subtest: pathological regex times out while the service event loop stays responsive
ok 322 - pathological regex times out while the service event loop stays responsive
  ---
  duration_ms: 2004.728375
  type: 'test'
  ...
# Subtest: abort terminates pathological matching before its worker timeout
ok 323 - abort terminates pathological matching before its worker timeout
  ---
  duration_ms: 153.598084
  type: 'test'
  ...
# Subtest: already aborted search cannot start matching
ok 324 - already aborted search cannot start matching
  ---
  duration_ms: 1.104833
  type: 'test'
  ...
# Subtest: Home Activity rejects malformed dates, totals, and requested periods
ok 325 - Home Activity rejects malformed dates, totals, and requested periods
  ---
  duration_ms: 1.741917
  type: 'test'
  ...
# Subtest: Home Attention rejects invalid identity, revision, and pagination packets
ok 326 - Home Attention rejects invalid identity, revision, and pagination packets
  ---
  duration_ms: 0.459333
  type: 'test'
  ...
# Subtest: Home Attention detail accepts only the display contract
ok 327 - Home Attention detail accepts only the display contract
  ---
  duration_ms: 0.182834
  type: 'test'
  ...
# Subtest: standalone Attention ignores an older project query after a newer open
ok 328 - standalone Attention ignores an older project query after a newer open
  ---
  duration_ms: 14.375917
  type: 'test'
  ...
# Subtest: standalone Attention ignores a stale detail after project selection changes
ok 329 - standalone Attention ignores a stale detail after project selection changes
  ---
  duration_ms: 1.684666
  type: 'test'
  ...
# Subtest: Attention registry opens the global agent explicitly without a model request
ok 330 - Attention registry opens the global agent explicitly without a model request
  ---
  duration_ms: 0.238667
  type: 'test'
  ...
# Subtest: Back to items clears a pending detail and rejects its late response
ok 331 - Back to items clears a pending detail and rejects its late response
  ---
  duration_ms: 1.213958
  type: 'test'
  ...
# Subtest: Review belongs only to needs_you across Home and Attention states
ok 332 - Review belongs only to needs_you across Home and Attention states
  ---
  duration_ms: 1.148792
  type: 'test'
  ...
# Subtest: text-only pending and failed Home rows render and retain their exact navigation scope
ok 333 - text-only pending and failed Home rows render and retain their exact navigation scope
  ---
  duration_ms: 0.77125
  type: 'test'
  ...
# Subtest: Home retains native targets for unchanged projections and uses current callbacks
ok 334 - Home retains native targets for unchanged projections and uses current callbacks
  ---
  duration_ms: 0.576541
  type: 'test'
  ...
# Subtest: Home immediately renders changed facts, removed targets, filters, and errors
ok 335 - Home immediately renders changed facts, removed targets, filters, and errors
  ---
  duration_ms: 0.766625
  type: 'test'
  ...
# Subtest: Home remounts after the shared stream was used by a chat
ok 336 - Home remounts after the shared stream was used by a chat
  ---
  duration_ms: 0.284458
  type: 'test'
  ...
# Subtest: P01 installed SDK modern aggregates pages
ok 337 - P01 installed SDK modern aggregates pages
  ---
  duration_ms: 52.571875
  type: 'test'
  ...
# Subtest: P01 installed SDK modern aggregates empty
ok 338 - P01 installed SDK modern aggregates empty
  ---
  duration_ms: 11.763625
  type: 'test'
  ...
# Subtest: P01 modern rejects incomplete failure atomically
ok 339 - P01 modern rejects incomplete failure atomically
  ---
  duration_ms: 8.626833
  type: 'test'
  ...
# Subtest: P01 modern rejects incomplete cycle atomically
ok 340 - P01 modern rejects incomplete cycle atomically
  ---
  duration_ms: 8.38675
  type: 'test'
  ...
# Subtest: P01 modern rejects incomplete empty-cycle atomically
ok 341 - P01 modern rejects incomplete empty-cycle atomically
  ---
  duration_ms: 6.106083
  type: 'test'
  ...
# Subtest: P01 modern rejects incomplete duplicate atomically
ok 342 - P01 modern rejects incomplete duplicate atomically
  ---
  duration_ms: 2.936041
  type: 'test'
  ...
# Subtest: P01 modern rejects incomplete cross-page-duplicate atomically
ok 343 - P01 modern rejects incomplete cross-page-duplicate atomically
  ---
  duration_ms: 3.702916
  type: 'test'
  ...
# Subtest: P01 modern rejects incomplete count atomically
ok 344 - P01 modern rejects incomplete count atomically
  ---
  duration_ms: 3.239916
  type: 'test'
  ...
# Subtest: P01 modern rejects incomplete bytes atomically
ok 345 - P01 modern rejects incomplete bytes atomically
  ---
  duration_ms: 7.4625
  type: 'test'
  ...
# Subtest: P01 modern rejects incomplete page-limit atomically
ok 346 - P01 modern rejects incomplete page-limit atomically
  ---
  duration_ms: 87.466208
  type: 'test'
  ...
# Subtest: P01 installed SDK legacy aggregates pages
ok 347 - P01 installed SDK legacy aggregates pages
  ---
  duration_ms: 16.106333
  type: 'test'
  ...
# Subtest: P01 installed SDK legacy aggregates empty
ok 348 - P01 installed SDK legacy aggregates empty
  ---
  duration_ms: 5.377959
  type: 'test'
  ...
# Subtest: P01 legacy rejects incomplete failure atomically
ok 349 - P01 legacy rejects incomplete failure atomically
  ---
  duration_ms: 3.92175
  type: 'test'
  ...
# Subtest: P01 legacy rejects incomplete cycle atomically
ok 350 - P01 legacy rejects incomplete cycle atomically
  ---
  duration_ms: 5.625167
  type: 'test'
  ...
# Subtest: P01 legacy rejects incomplete empty-cycle atomically
ok 351 - P01 legacy rejects incomplete empty-cycle atomically
  ---
  duration_ms: 3.99
  type: 'test'
  ...
# Subtest: P01 legacy rejects incomplete duplicate atomically
ok 352 - P01 legacy rejects incomplete duplicate atomically
  ---
  duration_ms: 3.033084
  type: 'test'
  ...
# Subtest: P01 legacy rejects incomplete cross-page-duplicate atomically
ok 353 - P01 legacy rejects incomplete cross-page-duplicate atomically
  ---
  duration_ms: 5.010834
  type: 'test'
  ...
# Subtest: P01 legacy rejects incomplete count atomically
ok 354 - P01 legacy rejects incomplete count atomically
  ---
  duration_ms: 3.421917
  type: 'test'
  ...
# Subtest: P01 legacy rejects incomplete bytes atomically
ok 355 - P01 legacy rejects incomplete bytes atomically
  ---
  duration_ms: 8.630791
  type: 'test'
  ...
# Subtest: P01 legacy rejects incomplete page-limit atomically
ok 356 - P01 legacy rejects incomplete page-limit atomically
  ---
  duration_ms: 76.616291
  type: 'test'
  ...
# Subtest: P01 concurrent connects expose only the latest requested connection
ok 357 - P01 concurrent connects expose only the latest requested connection
  ---
  duration_ms: 7.865541
  type: 'test'
  ...
# Subtest: P01 disconnect while discovery waits cannot publish a late catalog
ok 358 - P01 disconnect while discovery waits cannot publish a late catalog
  ---
  duration_ms: 2.729875
  type: 'test'
  ...
# Subtest: P01 transport error invalidates callability until explicit reconnect
ok 359 - P01 transport error invalidates callability until explicit reconnect
  ---
  duration_ms: 8.530834
  type: 'test'
  ...
# (node:92757) ExperimentalWarning: SQLite is an experimental feature and might change at any time
# (Use `node --trace-warnings ...` to show where the warning was created)
# Subtest: P02 reported: effect is unknown, fenced and preserved across restart
ok 360 - P02 reported: effect is unknown, fenced and preserved across restart
  ---
  duration_ms: 1165.08625
  type: 'test'
  ...
# Subtest: P02 drop: effect is unknown, fenced and preserved across restart
ok 361 - P02 drop: effect is unknown, fenced and preserved across restart
  ---
  duration_ms: 543.13275
  type: 'test'
  ...
# Subtest: P02 receipt-failure: effect is unknown, fenced and preserved across restart
ok 362 - P02 receipt-failure: effect is unknown, fenced and preserved across restart
  ---
  duration_ms: 935.73875
  type: 'test'
  ...
# Subtest: P02 cancel: effect is unknown, fenced and preserved across restart
ok 363 - P02 cancel: effect is unknown, fenced and preserved across restart
  ---
  duration_ms: 506.334792
  type: 'test'
  ...
# Subtest: P02 restart-inflight: effect is unknown, fenced and preserved across restart
ok 364 - P02 restart-inflight: effect is unknown, fenced and preserved across restart
  ---
  duration_ms: 998.920791
  type: 'test'
  ...
# Subtest: P02 orphan-cancel: effect is unknown, fenced and preserved across restart
ok 365 - P02 orphan-cancel: effect is unknown, fenced and preserved across restart
  ---
  duration_ms: 930.326667
  type: 'test'
  ...
# Subtest: P02 pre-dispatch refusal has no effect and no unknown receipt
ok 366 - P02 pre-dispatch refusal has no effect and no unknown receipt
  ---
  duration_ms: 3.0655
  type: 'test'
  ...
# Subtest: P02 SIGKILL after remote effect before result leaves a durable unreconciled dispatch
ok 367 - P02 SIGKILL after remote effect before result leaves a durable unreconciled dispatch
  ---
  duration_ms: 1295.967583
  type: 'test'
  ...
# Subtest: P02 failed durable dispatch intent prevents the remote call
ok 368 - P02 failed durable dispatch intent prevents the remote call
  ---
  duration_ms: 3.984417
  type: 'test'
  ...
# (node:93294) ExperimentalWarning: SQLite is an experimental feature and might change at any time
# (Use `node --trace-warnings ...` to show where the warning was created)
# Subtest: P02b actual modern SDK preserves structured {"answer":42}
ok 369 - P02b actual modern SDK preserves structured {"answer":42}
  ---
  duration_ms: 43.977042
  type: 'test'
  ...
# Subtest: P02b actual modern SDK preserves structured [1,"two"]
ok 370 - P02b actual modern SDK preserves structured [1,"two"]
  ---
  duration_ms: 9.611
  type: 'test'
  ...
# Subtest: P02b actual modern SDK preserves structured null
ok 371 - P02b actual modern SDK preserves structured null
  ---
  duration_ms: 8.385792
  type: 'test'
  ...
# Subtest: P02b actual modern SDK preserves structured false
ok 372 - P02b actual modern SDK preserves structured false
  ---
  duration_ms: 4.616208
  type: 'test'
  ...
# Subtest: P02b actual modern SDK preserves structured 0
ok 373 - P02b actual modern SDK preserves structured 0
  ---
  duration_ms: 4.824792
  type: 'test'
  ...
# Subtest: P02b actual modern SDK preserves structured "scalar"
ok 374 - P02b actual modern SDK preserves structured "scalar"
  ---
  duration_ms: 6.440167
  type: 'test'
  ...
# Subtest: P02b actual legacy SDK preserves body plus supported structure
ok 375 - P02b actual legacy SDK preserves body plus supported structure
  ---
  duration_ms: 10.286625
  type: 'test'
  ...
# Subtest: P02b structured-only and non-rendered resource blocks stay explicit
ok 376 - P02b structured-only and non-rendered resource blocks stay explicit
  ---
  duration_ms: 12.510083
  type: 'test'
  ...
# Subtest: P02b invalid/oversized result fences uncertainty without raw dumping
ok 377 - P02b invalid/oversized result fences uncertainty without raw dumping
  ---
  duration_ms: 15.738708
  type: 'test'
  ...
# Subtest: P02b success: native projection and scoped full result survive restart
ok 378 - P02b success: native projection and scoped full result survive restart
  ---
  duration_ms: 1091.797417
  type: 'test'
  ...
# Subtest: P02b error: native projection and scoped full result survive restart
ok 379 - P02b error: native projection and scoped full result survive restart
  ---
  duration_ms: 1073.213083
  type: 'test'
  ...
# Subtest: P02b installed SDK output schema rejection is effect-unknown
ok 380 - P02b installed SDK output schema rejection is effect-unknown
  ---
  duration_ms: 12.260167
  type: 'test'
  ...
# Subtest: P02b failed result retention cannot become a successful empty result
ok 381 - P02b failed result retention cannot become a successful empty result
  ---
  duration_ms: 2.77125
  type: 'test'
  ...
# Subtest: P02b repeated native call IDs receive distinct Host dispatch identities
ok 382 - P02b repeated native call IDs receive distinct Host dispatch identities
  ---
  duration_ms: 2.877625
  type: 'test'
  ...
# (node:95167) ExperimentalWarning: SQLite is an experimental feature and might change at any time
# (Use `node --trace-warnings ...` to show where the warning was created)
# Subtest: T-IDEM-1: replaying the same commandId with the same input returns the same run
ok 383 - T-IDEM-1: replaying the same commandId with the same input returns the same run
  ---
  duration_ms: 584.958542
  type: 'test'
  ...
# Subtest: T-IDEM-2: replaying the same commandId with a different input is 409 command_conflict
ok 384 - T-IDEM-2: replaying the same commandId with a different input is 409 command_conflict
  ---
  duration_ms: 73.302666
  type: 'test'
  ...
# Subtest: T-IDEM-3: two concurrent creates with the same commandId produce exactly one run
ok 385 - T-IDEM-3: two concurrent creates with the same commandId produce exactly one run
  ---
  duration_ms: 75.559208
  type: 'test'
  ...
# Subtest: T-IDEM-4: a lost response then a resend returns the same run and executes once
ok 386 - T-IDEM-4: a lost response then a resend returns the same run and executes once
  ---
  duration_ms: 349.888667
  type: 'test'
  ...
# Subtest: T-IDEM-6: the same commandId in another session is a different command
ok 387 - T-IDEM-6: the same commandId in another session is a different command
  ---
  duration_ms: 615.792792
  type: 'test'
  ...
# Subtest: C4: unloaded extension preserves old receipts but still blocks new work
ok 388 - C4: unloaded extension preserves old receipts but still blocks new work
  ---
  duration_ms: 395.748917
  type: 'test'
  ...
# Subtest: Inspector separates recorded/current targets and folds version/cache details without losing unknown accounting
ok 389 - Inspector separates recorded/current targets and folds version/cache details without losing unknown accounting
  ---
  duration_ms: 17.41925
  type: 'test'
  ...
# Subtest: Inspector tool activity reuses thread projection and never turns an unfinished tool into success
ok 390 - Inspector tool activity reuses thread projection and never turns an unfinished tool into success
  ---
  duration_ms: 0.608916
  type: 'test'
  ...
# Subtest: file quotes work on initial and cached views, while replaced targets invalidate old buttons
ok 391 - file quotes work on initial and cached views, while replaced targets invalidate old buttons
  ---
  duration_ms: 2.112458
  type: 'test'
  ...
# (node:96126) ExperimentalWarning: SQLite is an experimental feature and might change at any time
# (Use `node --trace-warnings ...` to show where the warning was created)
# Subtest: Pinned jsdiff adapter preserves original lines, whitespace, Unicode and missing final newline
ok 392 - Pinned jsdiff adapter preserves original lines, whitespace, Unicode and missing final newline
  ---
  duration_ms: 1.114834
  type: 'test'
  ...
# Subtest: Comparison returns explicit limited state instead of partial diff or expensive word allocation
ok 393 - Comparison returns explicit limited state instead of partial diff or expensive word allocation
  ---
  duration_ms: 1.572375
  type: 'test'
  ...
# Subtest: HTTP comparison requires two exact versions in one session and makes no adoption or revision change
ok 394 - HTTP comparison requires two exact versions in one session and makes no adoption or revision change
  ---
  duration_ms: 111.62025
  type: 'test'
  ...
# (node:96143) ExperimentalWarning: SQLite is an experimental feature and might change at any time
# (Use `node --trace-warnings ...` to show where the warning was created)
# Subtest: Session deletion serializes after a queued upload; delete-first rejects upload
ok 395 - Session deletion serializes after a queued upload; delete-first rejects upload
  ---
  duration_ms: 103.110458
  type: 'test'
  ...
# Subtest: shutdown waits for accepted intake writes and rejects new material uploads
ok 396 - shutdown waits for accepted intake writes and rejects new material uploads
  ---
  duration_ms: 68.855958
  type: 'test'
  ...
# Subtest: retained uploads stay separate, fetch versions on disclosure, and return focus to the exact row
ok 397 - retained uploads stay separate, fetch versions on disclosure, and return focus to the exact row
  ---
  duration_ms: 26.909
  type: 'test'
  ...
# Subtest: comparison requires two explicit retained revisions and renders the exact server diff
ok 398 - comparison requires two explicit retained revisions and renders the exact server diff
  ---
  duration_ms: 21.002625
  type: 'test'
  ...
# Subtest: limited source comparisons show the reason without partial diff, and failed comparisons can retry
ok 399 - limited source comparisons show the reason without partial diff, and failed comparisons can retry
  ---
  duration_ms: 23.20475
  type: 'test'
  ...
# Subtest: file upload preserves BOM and CRLF bytes through a same-command retry
ok 400 - file upload preserves BOM and CRLF bytes through a same-command retry
  ---
  duration_ms: 24.158
  type: 'test'
  ...
# Subtest: a rejected file read from an old session cannot write an error into the new session
ok 401 - a rejected file read from an old session cannot write an error into the new session
  ---
  duration_ms: 6.522542
  type: 'test'
  ...
# Subtest: explicit retained refresh restores only its own focused button
ok 402 - explicit retained refresh restores only its own focused button
  ---
  duration_ms: 5.400125
  type: 'test'
  ...
# Subtest: 503 preserves the exact draft and command for retry; editing the draft gets a new command
ok 403 - 503 preserves the exact draft and command for retry; editing the draft gets a new command
  ---
  duration_ms: 24.37
  type: 'test'
  ...
# Subtest: 409 refresh requires opening the changed version before a new replacement is submitted
ok 404 - 409 refresh requires opening the changed version before a new replacement is submitted
  ---
  duration_ms: 17.65525
  type: 'test'
  ...
# Subtest: Inspector opens retained UTF-8 at an exact revision and validates full text identity
ok 405 - Inspector opens retained UTF-8 at an exact revision and validates full text identity
  ---
  duration_ms: 10.326166
  type: 'test'
  ...
# (node:96193) ExperimentalWarning: SQLite is an experimental feature and might change at any time
# (Use `node --trace-warnings ...` to show where the warning was created)
# Subtest: Intake retains UTF-8 r1/r2 and independent session identity; same bytes do not merge scopes
ok 406 - Intake retains UTF-8 r1/r2 and independent session identity; same bytes do not merge scopes
  ---
  duration_ms: 7.378459
  type: 'test'
  ...
# Subtest: Intake command payload conflicts, CAS and delayed pending delivery cannot rewrite later revisions
ok 407 - Intake command payload conflicts, CAS and delayed pending delivery cannot rewrite later revisions
  ---
  duration_ms: 3.506292
  type: 'test'
  ...
# Subtest: Intake exact reads reject mismatched hashes and corrupt bytes, including duplicate upload reuse
ok 408 - Intake exact reads reject mismatched hashes and corrupt bytes, including duplicate upload reuse
  ---
  duration_ms: 2.403958
  type: 'test'
  ...
# Subtest: Intake restarts with pending receipt and rejects unknown schema without rewriting it
ok 409 - Intake restarts with pending receipt and rejects unknown schema without rewriting it
  ---
  duration_ms: 5.153917
  type: 'test'
  ...
# Subtest: Intake will not follow a sidecar database symlink
ok 410 - Intake will not follow a sidecar database symlink
  ---
  duration_ms: 2.144125
  type: 'test'
  ...
# Subtest: HTTP uploads retain exact versions across workspace edits and restart; deleted session cannot disclose
ok 411 - HTTP uploads retain exact versions across workspace edits and restart; deleted session cannot disclose
  ---
  duration_ms: 180.268333
  type: 'test'
  ...
# Subtest: HTTP simultaneous CAS uploads admit one source revision and leave the losing text out of workspace
ok 412 - HTTP simultaneous CAS uploads admit one source revision and leave the losing text out of workspace
  ---
  duration_ms: 62.873083
  type: 'test'
  ...
# Subtest: Upload delivery failure leaves readable bytes; same command recovers and superseded pending never overwrites
ok 413 - Upload delivery failure leaves readable bytes; same command recovers and superseded pending never overwrites
  ---
  duration_ms: 68.720292
  type: 'test'
  ...
# (node:96194) ExperimentalWarning: SQLite is an experimental feature and might change at any time
# (Use `node --trace-warnings ...` to show where the warning was created)
# Subtest: T-CANCEL-1: cancel during tool execution leaves no partial file
ok 414 - T-CANCEL-1: cancel during tool execution leaves no partial file
  ---
  duration_ms: 121.169125
  type: 'test'
  ...
# Subtest: cancelling a run with no pending question also ends cancelled
ok 415 - cancelling a run with no pending question also ends cancelled
  ---
  duration_ms: 469.49275
  type: 'test'
  ...
# startup: reconciled workspace of session 49145bde-9b2b-4480-a78d-0cd089941b4d after an interrupted run; 0 file(s) are not covered by a recorded content version
# Subtest: T-RESTART-1: restart during waiting_user yields unknown/expired_restart and the host session continues
ok 416 - T-RESTART-1: restart during waiting_user yields unknown/expired_restart and the host session continues
  ---
  duration_ms: 1310.910167
  type: 'test'
  ...
# Subtest: T-USAGE-1: a completed run records non-zero usage with missing:false
ok 417 - T-USAGE-1: a completed run records non-zero usage with missing:false
  ---
  duration_ms: 189.8595
  type: 'test'
  ...
# Subtest: T-USAGE-2: cancelling in the second turn keeps the first turn's usage and marks missing
ok 418 - T-USAGE-2: cancelling in the second turn keeps the first turn's usage and marks missing
  ---
  duration_ms: 815.660667
  type: 'test'
  ...
# Subtest: T-USAGE-3: a provider error after a good turn fails the run without erasing usage
ok 419 - T-USAGE-3: a provider error after a good turn fails the run without erasing usage
  ---
  duration_ms: 14191.203917
  type: 'test'
  ...
# Subtest: T-BUDGET-1: waiting_user time is excluded from the execution deadline
ok 420 - T-BUDGET-1: waiting_user time is excluded from the execution deadline
  ---
  duration_ms: 3585.358375
  type: 'test'
  ...
# Subtest: T-USAGE-4: a retried provider call is surfaced as a notice and counted once
ok 421 - T-USAGE-4: a retried provider call is surfaced as a notice and counted once
  ---
  duration_ms: 2501.848042
  type: 'test'
  ...
# Subtest: T-USAGE-5: a long waiting_user then an answer completes with whole usage and no budget trip
ok 422 - T-USAGE-5: a long waiting_user then an answer completes with whole usage and no budget trip
  ---
  duration_ms: 2717.523916
  type: 'test'
  ...
# (node:96291) ExperimentalWarning: SQLite is an experimental feature and might change at any time
# (Use `node --trace-warnings ...` to show where the warning was created)
# Subtest: real HTTP candidate pages preserve Markdown bytes, and wrong Matter scope is refused
ok 423 - real HTTP candidate pages preserve Markdown bytes, and wrong Matter scope is refused
  ---
  duration_ms: 629.272375
  type: 'test'
  ...
# Subtest: accepted Artifact pages remain exact after producer deletion and extension unload
ok 424 - accepted Artifact pages remain exact after producer deletion and extension unload
  ---
  duration_ms: 482.782042
  type: 'test'
  ...
# Subtest: independent SHA-256 and code-point helpers agree with the browser source contract
ok 425 - independent SHA-256 and code-point helpers agree with the browser source contract
  ---
  duration_ms: 4.143417
  type: 'test'
  ...
# Subtest: readCoreManifest returns verified file refs and sends a bounded candidate query
ok 426 - readCoreManifest returns verified file refs and sends a bounded candidate query
  ---
  duration_ms: 0.634375
  type: 'test'
  ...
# Subtest: readCoreManifest uses the explicit Artifact selector and preserves its identity
ok 427 - readCoreManifest uses the explicit Artifact selector and preserves its identity
  ---
  duration_ms: 0.178584
  type: 'test'
  ...
# Subtest: readCoreManifest rejects wrong identities, holes, duplicate paths and unsupported pages
ok 428 - readCoreManifest rejects wrong identities, holes, duplicate paths and unsupported pages
  ---
  duration_ms: 0.502667
  type: 'test'
  ...
# Subtest: readCoreFile assembles pages using server code-point cursors and an independent final hash
ok 429 - readCoreFile assembles pages using server code-point cursors and an independent final hash
  ---
  duration_ms: 1.373083
  type: 'test'
  ...
# Subtest: readCoreFile accepts an exact empty terminal page
ok 430 - readCoreFile accepts an exact empty terminal page
  ---
  duration_ms: 0.371166
  type: 'test'
  ...
# Subtest: readCoreFile rejects wrong IDs, hash swaps, path swaps and pagination holes
ok 431 - readCoreFile rejects wrong IDs, hash swaps, path swaps and pagination holes
  ---
  duration_ms: 0.711209
  type: 'test'
  ...
# Subtest: readCoreFile rejects a continuation replay or changed duplicate page
ok 432 - readCoreFile rejects a continuation replay or changed duplicate page
  ---
  duration_ms: 0.138417
  type: 'test'
  ...
# Subtest: readCoreFile rejects a changed identity on any page and a wrong final digest
ok 433 - readCoreFile rejects a changed identity on any page and a wrong final digest
  ---
  duration_ms: 0.726708
  type: 'test'
  ...
# Subtest: readCoreFile aborts before and after a delayed page, without returning partial source
ok 434 - readCoreFile aborts before and after a delayed page, without returning partial source
  ---
  duration_ms: 0.401667
  type: 'test'
  ...
# Subtest: coreFileSubjects exposes only supported, scoped Core file refs
ok 435 - coreFileSubjects exposes only supported, scoped Core file refs
  ---
  duration_ms: 0.1725
  type: 'test'
  ...
# Subtest: projectMarkdown preserves BOM, CRLF, combining marks, duplicate block ranges and safe semantic nodes
ok 436 - projectMarkdown preserves BOM, CRLF, combining marks, duplicate block ranges and safe semantic nodes
  ---
  duration_ms: 10.044416
  type: 'test'
  ...
# Subtest: projectMarkdown parses complete definitions, keeps unsafe links inert, and emits bounded warnings
ok 437 - projectMarkdown parses complete definitions, keeps unsafe links inert, and emits bounded warnings
  ---
  duration_ms: 2.495417
  type: 'test'
  ...
# Subtest: projectMarkdown refuses malformed identity, source text, and size
ok 438 - projectMarkdown refuses malformed identity, source text, and size
  ---
  duration_ms: 0.547
  type: 'test'
  ...
# Subtest: projectMarkdown creates a revision-local key and never claims writable review state
ok 439 - projectMarkdown creates a revision-local key and never claims writable review state
  ---
  duration_ms: 1.939416
  type: 'test'
  ...
# Subtest: sha256Text does not silently normalize source
ok 440 - sha256Text does not silently normalize source
  ---
  duration_ms: 0.76275
  type: 'test'
  ...
# Subtest: readCoreFile propagates producer absence as an exact read, not a fallback
ok 441 - readCoreFile propagates producer absence as an exact read, not a fallback
  ---
  duration_ms: 0.248417
  type: 'test'
  ...
# lint-materials: 2 处违反 WK-101 / WK-102
# lint-materials: 1 处违反 WK-101 / WK-102
# lint-materials: 1 处违反 WK-101 / WK-102
# Subtest: 产品样式表通过材质 lint 两项
ok 442 - 产品样式表通过材质 lint 两项
  ---
  duration_ms: 40.914917
  type: 'test'
  ...
# Subtest: 未登记的类名上出现 backdrop-filter 会被拒绝
ok 443 - 未登记的类名上出现 backdrop-filter 会被拒绝
  ---
  duration_ms: 26.676
  type: 'test'
  ...
# Subtest: 半透明表面缺少 reduced-transparency 回退会被拒绝
ok 444 - 半透明表面缺少 reduced-transparency 回退会被拒绝
  ---
  duration_ms: 27.318916
  type: 'test'
  ...
# Subtest: 私有 blur 取值会被拒绝
ok 445 - 私有 blur 取值会被拒绝
  ---
  duration_ms: 26.801125
  type: 'test'
  ...
# (node:96971) ExperimentalWarning: SQLite is an experimental feature and might change at any time
# (Use `node --trace-warnings ...` to show where the warning was created)
# Subtest: model capability contract: legacy boolean is not promoted into invented effort tiers; explicit per-model lists stay isolated
ok 446 - model capability contract: legacy boolean is not promoted into invented effort tiers; explicit per-model lists stay isolated
  ---
  duration_ms: 137.066875
  type: 'test'
  ...
# Subtest: model capability contract: effort lists reject invalid values; config CAS detects missing and stale writers
ok 447 - model capability contract: effort lists reject invalid values; config CAS detects missing and stale writers
  ---
  duration_ms: 67.77675
  type: 'test'
  ...
# Subtest: installed model descriptors are API-specific and preserve exact concrete effort ladders
ok 448 - installed model descriptors are API-specific and preserve exact concrete effort ladders
  ---
  duration_ms: 64.344
  type: 'test'
  ...
# Subtest: editing a connection invalidates selected effort, and each Run freezes a capability binding across reopen
ok 449 - editing a connection invalidates selected effort, and each Run freezes a capability binding across reopen
  ---
  duration_ms: 400.596083
  type: 'test'
  ...
# Subtest: schema12→13 migration preserves config and active Run, adds unknown capability, bumps CAS epoch, and invalidates old receipt
ok 450 - schema12→13 migration preserves config and active Run, adds unknown capability, bumps CAS epoch, and invalidates old receipt
  ---
  duration_ms: 478.036041
  type: 'test'
  ...
# Subtest: search rerender and direct click cannot re-enable/save a stale unsupported effort
ok 451 - search rerender and direct click cannot re-enable/save a stale unsupported effort
  ---
  duration_ms: 16.668084
  type: 'test'
  ...
# Subtest: 三条 happy path 是闭集，且每条只用后端目录里真有的 provider 身份
ok 452 - 三条 happy path 是闭集，且每条只用后端目录里真有的 provider 身份
  ---
  duration_ms: 0.806042
  type: 'test'
  ...
# Subtest: 路径由连接记录自己说，不由一份全局配置反推
ok 453 - 路径由连接记录自己说，不由一份全局配置反推
  ---
  duration_ms: 0.201708
  type: 'test'
  ...
# Subtest: Connections 列后端注册表报的每一条，结构不假设单数
ok 454 - Connections 列后端注册表报的每一条，结构不假设单数
  ---
  duration_ms: 0.160083
  type: 'test'
  ...
# Subtest: PV-27 / PV-30 · 窗口读数如实：unknown、目录值、用户填的值各说各的
ok 455 - PV-27 / PV-30 · 窗口读数如实：unknown、目录值、用户填的值各说各的
  ---
  duration_ms: 10.714916
  type: 'test'
  ...
# Subtest: PV-34 / PV-46 · 保存失败的三类直接消费后端错误码与枚举，前端不重新归类
ok 456 - PV-34 / PV-46 · 保存失败的三类直接消费后端错误码与枚举，前端不重新归类
  ---
  duration_ms: 0.319917
  type: 'test'
  ...
# Subtest: WK-108/PV-62 · 冒烟不再留位：BE-39 落地后六步全部可用，各自说清楚做什么
ok 457 - WK-108/PV-62 · 冒烟不再留位：BE-39 落地后六步全部可用，各自说清楚做什么
  ---
  duration_ms: 0.346
  type: 'test'
  ...
# Subtest: PV-73 · smoke 步的 “· Answered” 状态词只在成功后出现，字承担完成态
ok 458 - PV-73 · smoke 步的 “· Answered” 状态词只在成功后出现，字承担完成态
  ---
  duration_ms: 0.260708
  type: 'test'
  ...
# Subtest: WK-108 · 探测控件只出现在表单里写得出 Base URL 的那条路径上
ok 459 - WK-108 · 探测控件只出现在表单里写得出 Base URL 的那条路径上
  ---
  duration_ms: 0.059292
  type: 'test'
  ...
# Subtest: WK-108 · 请求体逐字按文档：三个字段，无 key 省略字段，不加 header
ok 460 - WK-108 · 请求体逐字按文档：三个字段，无 key 省略字段，不加 header
  ---
  duration_ms: 0.270166
  type: 'test'
  ...
# Subtest: WK-108 · 结果原样呈现后端 status 与 message；ok 不被改写成一句更强的话
ok 461 - WK-108 · 结果原样呈现后端 status 与 message；ok 不被改写成一句更强的话
  ---
  duration_ms: 0.419292
  type: 'test'
  ...
# Subtest: PV-24 · 目录报来的模型 ID 进入这条连接的 Model 列表，并随连接保存
ok 462 - PV-24 · 目录报来的模型 ID 进入这条连接的 Model 列表，并随连接保存
  ---
  duration_ms: 0.322625
  type: 'test'
  ...
# Subtest: BE02 契约 · 凭据请求体的键是连接 id，不是 provider 身份
ok 463 - BE02 契约 · 凭据请求体的键是连接 id，不是 provider 身份
  ---
  duration_ms: 0.187084
  type: 'test'
  ...
# Subtest: PV-M-1 · 两处写入合一：任一处保存都不清掉另一处的字段
ok 464 - PV-M-1 · 两处写入合一：任一处保存都不清掉另一处的字段
  ---
  duration_ms: 0.19575
  type: 'test'
  ...
# Subtest: PV-53 · 模型选择器的用户连接分组标签是它的端点主机名，取不到注册表时退回 id
ok 465 - PV-53 · 模型选择器的用户连接分组标签是它的端点主机名，取不到注册表时退回 id
  ---
  duration_ms: 0.079167
  type: 'test'
  ...
# Subtest: PV-27 · 未知与 unsupported 都用 provider default；enum 按 API 精确列值
ok 466 - PV-27 · 未知与 unsupported 都用 provider default；enum 按 API 精确列值
  ---
  duration_ms: 0.296166
  type: 'test'
  ...
# Subtest: PV-61 · reasoningSource:"unknown" 换成真话，不再替目录说它没说过的话
ok 467 - PV-61 · reasoningSource:"unknown" 换成真话，不再替目录说它没说过的话
  ---
  duration_ms: 0.04925
  type: 'test'
  ...
# Subtest: 项 7 · origin:"connection" 的模型在选择器路由行追加一句，目录原生行不追加
ok 468 - 项 7 · origin:"connection" 的模型在选择器路由行追加一句，目录原生行不追加
  ---
  duration_ms: 0.028708
  type: 'test'
  ...
# Subtest: MCP 走同一形态：六步，未交付的三步同样只留位
ok 469 - MCP 走同一形态：六步，未交付的三步同样只留位
  ---
  duration_ms: 0.04775
  type: 'test'
  ...
# Subtest: WK-105 ⑤ · 侧栏宽落进 256–280 的下沿
ok 470 - WK-105 ⑤ · 侧栏宽落进 256–280 的下沿
  ---
  duration_ms: 0.041583
  type: 'test'
  ...
# Subtest: PV-64 · 六态回执的文案映射：五类登记文案，unknown 只写原话
ok 471 - PV-64 · 六态回执的文案映射：五类登记文案，unknown 只写原话
  ---
  duration_ms: 2.871541
  type: 'test'
  ...
# Subtest: PV-42 · 连接行的最近回执：成功/失败/null 三态
ok 472 - PV-42 · 连接行的最近回执：成功/失败/null 三态
  ---
  duration_ms: 0.147833
  type: 'test'
  ...
# Subtest: 连接行 lastVerification 有值 / null 两态；configurationStatus 非 ready 时降级
ok 473 - 连接行 lastVerification 有值 / null 两态；configurationStatus 非 ready 时降级
  ---
  duration_ms: 0.171458
  type: 'test'
  ...
# Subtest: PV-63 · 自动发现的触发条件与去抖：baseUrl/key 的 input 去抖 600ms，blur 立即跑
ok 474 - PV-63 · 自动发现的触发条件与去抖：baseUrl/key 的 input 去抖 600ms，blur 立即跑
  ---
  duration_ms: 0.176666
  type: 'test'
  ...
# Subtest: PV-63/38 · “Save and ask once” 与 “Save only” 的请求序：event.submitter 分流，冒烟不自动触发
ok 475 - PV-63/38 · “Save and ask once” 与 “Save only” 的请求序：event.submitter 分流，冒烟不自动触发
  ---
  duration_ms: 0.224
  type: 'test'
  ...
# Subtest: PV-64 · is-arrived 一帧后移除：同一帧加、下一帧 rAF 移除，交给既有过渡播放
ok 476 - PV-64 · is-arrived 一帧后移除：同一帧加、下一帧 rAF 移除，交给既有过渡播放
  ---
  duration_ms: 0.143666
  type: 'test'
  ...
# Subtest: PV-64 · “Ask again” 显式重放同一个 {connectionId, model}
ok 477 - PV-64 · “Ask again” 显式重放同一个 {connectionId, model}
  ---
  duration_ms: 0.147
  type: 'test'
  ...
# Subtest: PV-59/63 · 键入一个模型 ID 的三步序：PUT connection → PUT config →（主动作）POST verify，中途失败停步不回滚
ok 478 - PV-59/63 · 键入一个模型 ID 的三步序：PUT connection → PUT config →（主动作）POST verify，中途失败停步不回滚
  ---
  duration_ms: 0.134542
  type: 'test'
  ...
# Subtest: PV-61 · custom model reasoning declaration records exact optional effort values
ok 479 - PV-61 · custom model reasoning declaration records exact optional effort values
  ---
  duration_ms: 0.085542
  type: 'test'
  ...
# Subtest: 回执块六态的文案落点：成功两行不着色，失败一行借 --danger，`is-asking`/`is-failed` 互斥
ok 480 - 回执块六态的文案落点：成功两行不着色，失败一行借 --danger，`is-asking`/`is-failed` 互斥
  ---
  duration_ms: 0.188875
  type: 'test'
  ...
# Subtest: bounded NDA playbook and fixture manifest are versioned and serializable
ok 481 - bounded NDA playbook and fixture manifest are versioned and serializable
  ---
  duration_ms: 0.862333
  type: 'test'
  ...
# Subtest: buildReview produces the four frozen gold outcomes with source-aware anchors
ok 482 - buildReview produces the four frozen gold outcomes with source-aware anchors
  ---
  duration_ms: 2.78825
  type: 'test'
  ...
# Subtest: verifyReview rejects self-reported conclusions, missing coverage and duplicate rules
ok 483 - verifyReview rejects self-reported conclusions, missing coverage and duplicate rules
  ---
  duration_ms: 1.3705
  type: 'test'
  ...
# Subtest: verifyReview rejects bad source anchors and reconciliation tampering
ok 484 - verifyReview rejects bad source anchors and reconciliation tampering
  ---
  duration_ms: 0.822584
  type: 'test'
  ...
# Subtest: candidate adapters are serializable and preserve proposal-only obligations
ok 485 - candidate adapters are serializable and preserve proposal-only obligations
  ---
  duration_ms: 0.490583
  type: 'test'
  ...
# Subtest: a missing source clause remains unresolved and a forged pass is rejected
ok 486 - a missing source clause remains unresolved and a forged pass is rejected
  ---
  duration_ms: 0.26
  type: 'test'
  ...
# Subtest: source conflict and unsupported clause stay visible with bounded evidence
ok 487 - source conflict and unsupported clause stay visible with bounded evidence
  ---
  duration_ms: 0.77075
  type: 'test'
  ...
# Subtest: development and holdout fixtures are distinct but obey the same deterministic contract
ok 488 - development and holdout fixtures are distinct but obey the same deterministic contract
  ---
  duration_ms: 0.484208
  type: 'test'
  ...
# (node:97295) ExperimentalWarning: SQLite is an experimental feature and might change at any time
# (Use `node --trace-warnings ...` to show where the warning was created)
# Subtest: NDA producer receives the full submission schema and static reason contract on actual Pi wire
ok 489 - NDA producer receives the full submission schema and static reason contract on actual Pi wire
  ---
  duration_ms: 599.6045
  type: 'test'
  ...
# Subtest: a reference producer can submit from advertised vocabulary and approved sources without buildReview
ok 490 - a reference producer can submit from advertised vocabulary and approved sources without buildReview
  ---
  duration_ms: 497.48375
  type: 'test'
  ...
# (node:97362) ExperimentalWarning: SQLite is an experimental feature and might change at any time
# (Use `node --trace-warnings ...` to show where the warning was created)
# Subtest: the delivered NDA renderer is served at its declared path and carries no data channel of its own
ok 491 - the delivered NDA renderer is served at its declared path and carries no data channel of its own
  ---
  duration_ms: 170.261958
  type: 'test'
  ...
# Subtest: the packet reading takes the rules, the status words and the lineage the packet actually carries
ok 492 - the packet reading takes the rules, the status words and the lineage the packet actually carries
  ---
  duration_ms: 0.475708
  type: 'test'
  ...
# Subtest: only the advertised decisions are readable as controls, and none in read-only history
ok 493 - only the advertised decisions are readable as controls, and none in read-only history
  ---
  duration_ms: 0.391334
  type: 'test'
  ...
# Subtest: a domain payload this build cannot decode is not read as findings
ok 494 - a domain payload this build cannot decode is not read as findings
  ---
  duration_ms: 0.175708
  type: 'test'
  ...
# (node:97395) ExperimentalWarning: SQLite is an experimental feature and might change at any time
# (Use `node --trace-warnings ...` to show where the warning was created)
# Subtest: NDA through Pi: verified proposal, trusted decision, revised candidate, source history and new Session context
ok 495 - NDA through Pi: verified proposal, trusted decision, revised candidate, source history and new Session context
  ---
  duration_ms: 1718.364209
  type: 'test'
  ...
# Subtest: NDA unresolved facts remain reviewable; forged pass and attempted acceptance fail
ok 496 - NDA unresolved facts remain reviewable; forged pass and attempted acceptance fail
  ---
  duration_ms: 887.963708
  type: 'test'
  ...
# Subtest: cumulative assistant deltas and their final stay one non-pending row
ok 497 - cumulative assistant deltas and their final stay one non-pending row
  ---
  duration_ms: 0.643958
  type: 'test'
  ...
# Subtest: subsequent complete assistant messages get separate rows even with identical text
ok 498 - subsequent complete assistant messages get separate rows even with identical text
  ---
  duration_ms: 0.380083
  type: 'test'
  ...
# Subtest: a later assistant message's deltas do not overwrite the first message
ok 499 - a later assistant message's deltas do not overwrite the first message
  ---
  duration_ms: 0.311917
  type: 'test'
  ...
# Subtest: tool boundaries preserve assistant/tool/assistant order and tool result identity
ok 500 - tool boundaries preserve assistant/tool/assistant order and tool result identity
  ---
  duration_ms: 0.123708
  type: 'test'
  ...
# Subtest: assistant and tool rows stay scoped when runs reuse segment and call identities
ok 501 - assistant and tool rows stay scoped when runs reuse segment and call identities
  ---
  duration_ms: 0.194209
  type: 'test'
  ...
# Subtest: terminal run keeps an incomplete delta pending but a terminal final is settled
ok 502 - terminal run keeps an incomplete delta pending but a terminal final is settled
  ---
  duration_ms: 0.063667
  type: 'test'
  ...
# Subtest: assistant time uses only its matching recorded Run start, never a redraw clock
ok 503 - assistant time uses only its matching recorded Run start, never a redraw clock
  ---
  duration_ms: 0.125417
  type: 'test'
  ...
# Subtest: message time has readable provenance content without naming the native time role
ok 504 - message time has readable provenance content without naming the native time role
  ---
  duration_ms: 23.182458
  type: 'test'
  ...
# (node:97429) ExperimentalWarning: SQLite is an experimental feature and might change at any time
# (Use `node --trace-warnings ...` to show where the warning was created)
# Subtest: permission CAS mismatches leave pending question, waiter, events and persisted bytes untouched
ok 505 - permission CAS mismatches leave pending question, waiter, events and persisted bytes untouched
  ---
  duration_ms: 906.162292
  type: 'test'
  ...
# Subtest: each expectation is independently optional and malformed expectations are 400
ok 506 - each expectation is independently optional and malformed expectations are 400
  ---
  duration_ms: 1173.166375
  type: 'test'
  ...
# Subtest: CAS comparison happens inside the mutation queue after a stale service read
ok 507 - CAS comparison happens inside the mutation queue after a stale service read
  ---
  duration_ms: 506.127
  type: 'test'
  ...
# Subtest: two matching concurrent answers still resolve at most once
ok 508 - two matching concurrent answers still resolve at most once
  ---
  duration_ms: 1326.766
  type: 'test'
  ...
# Subtest: ask_user does not accept permission expectations
ok 509 - ask_user does not accept permission expectations
  ---
  duration_ms: 495.450667
  type: 'test'
  ...
# (node:97697) ExperimentalWarning: SQLite is an experimental feature and might change at any time
# (Use `node --trace-warnings ...` to show where the warning was created)
# Subtest: T-PERM-1: ask mode + allow lets ws_write succeed
ok 510 - T-PERM-1: ask mode + allow lets ws_write succeed
  ---
  duration_ms: 308.792959
  type: 'test'
  ...
# Subtest: T-PERM-2: ask mode + deny returns isError and writes nothing
ok 511 - T-PERM-2: ask mode + deny returns isError and writes nothing
  ---
  duration_ms: 269.464709
  type: 'test'
  ...
# Subtest: T-PERM-3: cancel while waiting on a permission leaves no file and Run cancelled
ok 512 - T-PERM-3: cancel while waiting on a permission leaves no file and Run cancelled
  ---
  duration_ms: 505.790333
  type: 'test'
  ...
# Subtest: read_only permission mode never injects ws_write
ok 513 - read_only permission mode never injects ws_write
  ---
  duration_ms: 408.97475
  type: 'test'
  ...
# Subtest: T-PERM-4: the allowed write matches the approved contentSha256
ok 514 - T-PERM-4: the allowed write matches the approved contentSha256
  ---
  duration_ms: 991.409333
  type: 'test'
  ...
# Subtest: T-PERM-5: changed parameters open a new permission and the old questionId is dead
ok 515 - T-PERM-5: changed parameters open a new permission and the old questionId is dead
  ---
  duration_ms: 1106.246291
  type: 'test'
  ...
# Subtest: toStatTiles reads the three sets' totals in the window the backend can express
ok 516 - toStatTiles reads the three sets' totals in the window the backend can express
  ---
  duration_ms: 1.295416
  type: 'test'
  ...
# Subtest: a set the answer did not carry reads as words, never as a zero
ok 517 - a set the answer did not carry reads as words, never as a zero
  ---
  duration_ms: 0.073792
  type: 'test'
  ...
# Subtest: the caption states the scope it was actually given
ok 518 - the caption states the scope it was actually given
  ---
  duration_ms: 0.136125
  type: 'test'
  ...
# Subtest: toWorkCards passes recorded fields through and names the missing ones
ok 519 - toWorkCards passes recorded fields through and names the missing ones
  ---
  duration_ms: 0.127917
  type: 'test'
  ...
# Subtest: pending rows keep the server's own request word and invent no run state
ok 520 - pending rows keep the server's own request word and invent no run state
  ---
  duration_ms: 0.09475
  type: 'test'
  ...
# Subtest: inspection rows keep unknown apart from failed and report a missing code as null
ok 521 - inspection rows keep unknown apart from failed and report a missing code as null
  ---
  duration_ms: 0.079417
  type: 'test'
  ...
# Subtest: adapters do not read the clock
ok 522 - adapters do not read the clock
  ---
  duration_ms: 0.07175
  type: 'test'
  ...
# Subtest: the recorded story is a work-only sample: no host facts, every entry a 2xx work read
ok 523 - the recorded story is a work-only sample: no host facts, every entry a 2xx work read
  ---
  duration_ms: 0.703333
  type: 'test'
  ...
# Subtest: entry: only a workspace with no projects and nothing remembered enters on its own
ok 524 - entry: only a workspace with no projects and nothing remembered enters on its own
  ---
  duration_ms: 0.353791
  type: 'test'
  ...
# Subtest: inactive, the layer answers nothing; active, it answers work reads from the story and leaves host reads alone
ok 525 - inactive, the layer answers nothing; active, it answers work reads from the story and leaves host reads alone
  ---
  duration_ms: 1.067041
  type: 'test'
  ...
# Subtest: reads of an example object that were not recorded fail as not found; reads of real objects pass through
ok 526 - reads of an example object that were not recorded fail as not found; reads of real objects pass through
  ---
  duration_ms: 0.186625
  type: 'test'
  ...
# Subtest: writes: drafts on example chats are a no-op, every other write against an example object is refused with a sentence, real writes pass
ok 527 - writes: drafts on example chats are a no-op, every other write against an example object is refused with a sentence, real writes pass
  ---
  duration_ms: 0.558125
  type: 'test'
  ...
# Subtest: mutation bodies cannot target an example object through an ID-free route
ok 528 - mutation bodies cannot target an example object through an ID-free route
  ---
  duration_ms: 0.153584
  type: 'test'
  ...
# Subtest: aggregate preview reads are bypassed only after real project context exists
ok 529 - aggregate preview reads are bypassed only after real project context exists
  ---
  duration_ms: 0.057625
  type: 'test'
  ...
# Subtest: exit: an admitted real run establishes the workspace for good; leaving by hand only remembers 'off' and can be reopened
ok 530 - exit: an admitted real run establishes the workspace for good; leaving by hand only remembers 'off' and can be reopened
  ---
  duration_ms: 0.214
  type: 'test'
  ...
# Subtest: a broken storage is survivable: memory reads null, writes are dropped
ok 531 - a broken storage is survivable: memory reads null, writes are dropped
  ---
  duration_ms: 0.343125
  type: 'test'
  ...
# Subtest: FE-04 · 在途词只有一个，且只在在途时出现
ok 532 - FE-04 · 在途词只有一个，且只在在途时出现
  ---
  duration_ms: 0.838
  type: 'test'
  ...
# Subtest: FE-04 / M-9 · 五个送出一次决定的控件都经过同一个在途词，且保持静止态宽度
ok 533 - FE-04 / M-9 · 五个送出一次决定的控件都经过同一个在途词，且保持静止态宽度
  ---
  duration_ms: 0.402084
  type: 'test'
  ...
# Subtest: FE-04 · cancel requested 不把 Run 说成 stopped
ok 534 - FE-04 · cancel requested 不把 Run 说成 stopped
  ---
  duration_ms: 0.104083
  type: 'test'
  ...
# Subtest: FE-04 · 在途的是哪一个决定也是事实，回执到达时一并撤掉
ok 535 - FE-04 · 在途的是哪一个决定也是事实，回执到达时一并撤掉
  ---
  duration_ms: 0.08675
  type: 'test'
  ...
# Subtest: FE-04 · 重试之前撤掉上一次的失败，两卡一致
ok 536 - FE-04 · 重试之前撤掉上一次的失败，两卡一致
  ---
  duration_ms: 0.163542
  type: 'test'
  ...
# Subtest: FE-04 · 问题卡的提交失败会被读出来
ok 537 - FE-04 · 问题卡的提交失败会被读出来
  ---
  duration_ms: 0.102375
  type: 'test'
  ...
# Subtest: FE-04 · Failed 与 Interrupted 由两个不同的事实给出
ok 538 - FE-04 · Failed 与 Interrupted 由两个不同的事实给出
  ---
  duration_ms: 0.316584
  type: 'test'
  ...
# Subtest: FE-04 · 授权卡上不存在 always-allow 这一档
ok 539 - FE-04 · 授权卡上不存在 always-allow 这一档
  ---
  duration_ms: 0.224333
  type: 'test'
  ...
# Subtest: FE-04 · inbox 键盘没有批量键与数字键
ok 540 - FE-04 · inbox 键盘没有批量键与数字键
  ---
  duration_ms: 0.83225
  type: 'test'
  ...
# Subtest: every registry glyph is in the sprite and in the ui-controls allowlist
ok 541 - every registry glyph is in the sprite and in the ui-controls allowlist
  ---
  duration_ms: 0.470792
  type: 'test'
  ...
# Subtest: offline icon geometry reproduces every pinned sprite shape without changes
ok 542 - offline icon geometry reproduces every pinned sprite shape without changes
  ---
  duration_ms: 1.295042
  type: 'test'
  ...
# Subtest: recreated controls contain local shapes and retain their action after disconnection
ok 543 - recreated controls contain local shapes and retain their action after disconnection
  ---
  duration_ms: 1.55575
  type: 'test'
  ...
# Subtest: disclosure rows use a native SVG chevron without changing the summary or its name
ok 544 - disclosure rows use a native SVG chevron without changing the summary or its name
  ---
  duration_ms: 0.303458
  type: 'test'
  ...
# Subtest: sprite symbols are exactly the pinned Lucide files plus the CourtWork domain files, with recorded hashes
ok 545 - sprite symbols are exactly the pinned Lucide files plus the CourtWork domain files, with recorded hashes
  ---
  duration_ms: 4.3735
  type: 'test'
  ...
# Subtest: domain glyphs follow the admitted geometry contract
ok 546 - domain glyphs follow the admitted geometry contract
  ---
  duration_ms: 0.411125
  type: 'test'
  ...
# Subtest: Spark, Attention and Chat seats and the Settings groups carry their registered glyphs
ok 547 - Spark, Attention and Chat seats and the Settings groups carry their registered glyphs
  ---
  duration_ms: 0.975166
  type: 'test'
  ...
# Subtest: registry owners and generated browser projection agree
ok 548 - registry owners and generated browser projection agree
  ---
  duration_ms: 11.372167
  type: 'test'
  ...
# Subtest: single-purpose collisions fail while contextual shared geometry is admitted
ok 549 - single-purpose collisions fail while contextual shared geometry is admitted
  ---
  duration_ms: 0.8345
  type: 'test'
  ...
# Subtest: unknown geometry and unapproved identity state variants fail
ok 550 - unknown geometry and unapproved identity state variants fail
  ---
  duration_ms: 0.400667
  type: 'test'
  ...
# Subtest: contextual names are complete, no-icon and Pages representations are legal
ok 551 - contextual names are complete, no-icon and Pages representations are legal
  ---
  duration_ms: 0.268958
  type: 'test'
  ...
# Subtest: semantic action preserves existing control anatomy and handler
ok 552 - semantic action preserves existing control anatomy and handler
  ---
  duration_ms: 0.828125
  type: 'test'
  ...
# Subtest: migrated workspace close/add controls cannot return to raw glyph calls
ok 553 - migrated workspace close/add controls cannot return to raw glyph calls
  ---
  duration_ms: 1.331667
  type: 'test'
  ...
# Subtest: Pages text projection cannot leak its App glyph, malformed owner and representations fail
ok 554 - Pages text projection cannot leak its App glyph, malformed owner and representations fail
  ---
  duration_ms: 0.432292
  type: 'test'
  ...
# Subtest: actual workspace consumers preserve callbacks and contextual names
ok 555 - actual workspace consumers preserve callbacks and contextual names
  ---
  duration_ms: 3.081917
  type: 'test'
  ...
# Subtest: domain navigation preserves its handler with a visible label and glyph
ok 556 - domain navigation preserves its handler with a visible label and glyph
  ---
  duration_ms: 0.512209
  type: 'test'
  ...
# (node:98344) ExperimentalWarning: SQLite is an experimental feature and might change at any time
# (Use `node --trace-warnings ...` to show where the warning was created)
# Subtest: PV-54: both consumers use one pure provider projection, preserving existing exports
ok 557 - PV-54: both consumers use one pure provider projection, preserving existing exports
  ---
  duration_ms: 2.631333
  type: 'test'
  ...
# Subtest: PV-54: the real host serves exactly the shared projection module
ok 558 - PV-54: the real host serves exactly the shared projection module
  ---
  duration_ms: 103.563959
  type: 'test'
  ...
# (node:98377) ExperimentalWarning: SQLite is an experimental feature and might change at any time
# (Use `node --trace-warnings ...` to show where the warning was created)
# Subtest: PV-32 · 旧 credentials.json 的 provider 键一次性迁到连接 id
ok 559 - PV-32 · 旧 credentials.json 的 provider 键一次性迁到连接 id
  ---
  duration_ms: 162.805958
  type: 'test'
  ...
# Subtest: PV-25 · 兼容连接：发现 → 保存 → 选中 → 真跑一次 run，run 记录读得出连接与凭据来源
ok 560 - PV-25 · 兼容连接：发现 → 保存 → 选中 → 真跑一次 run，run 记录读得出连接与凭据来源
  ---
  duration_ms: 421.945458
  type: 'test'
  ...
# Subtest: PV-26 · 两条连接各持自己的 key，互不覆盖
ok 561 - PV-26 · 两条连接各持自己的 key，互不覆盖
  ---
  duration_ms: 502.651709
  type: 'test'
  ...
# Subtest: PV-31 · 用户连接注册在独立 provider id 上，删除即注销
ok 562 - PV-31 · 用户连接注册在独立 provider id 上，删除即注销
  ---
  duration_ms: 84.499542
  type: 'test'
  ...
# Subtest: PV-30 · 未知 contextWindow 不猜值：关压缩并显式记录，用户填值后来源标为 user
ok 563 - PV-30 · 未知 contextWindow 不猜值：关压缩并显式记录，用户填值后来源标为 user
  ---
  duration_ms: 744.313791
  type: 'test'
  ...
# Subtest: PV-24 · 零成本的 Model 记录不会在 usage 面变成事实上的 $0
ok 564 - PV-24 · 零成本的 Model 记录不会在 usage 面变成事实上的 $0
  ---
  duration_ms: 169.124959
  type: 'test'
  ...
# Subtest: 重启后连接与凭据仍可用；列表落空的连接不阻止启动
ok 565 - 重启后连接与凭据仍可用；列表落空的连接不阻止启动
  ---
  duration_ms: 185.41625
  type: 'test'
  ...
# Subtest: PV-34 · 保存失败区分认证失败 / 目录不可达 / 模型不在该目录
ok 566 - PV-34 · 保存失败区分认证失败 / 目录不可达 / 模型不在该目录
  ---
  duration_ms: 63.437959
  type: 'test'
  ...
# Subtest: 连接的增删改查受同一条配置队列与 active_run 冻结约束
ok 567 - 连接的增删改查受同一条配置队列与 active_run 冻结约束
  ---
  duration_ms: 575.585291
  type: 'test'
  ...
# Subtest: T-CRED · 用户连接路径同样不读 HOME/.pi 与环境变量
ok 568 - T-CRED · 用户连接路径同样不读 HOME/.pi 与环境变量
  ---
  duration_ms: 185.529292
  type: 'test'
  ...
# (node:98565) ExperimentalWarning: SQLite is an experimental feature and might change at any time
# (Use `node --trace-warnings ...` to show where the warning was created)
# Subtest: PV-59 · 目录连接 PUT 只接受 models；api/baseUrl/apiKey 出现即 400
ok 569 - PV-59 · 目录连接 PUT 只接受 models；api/baseUrl/apiKey 出现即 400
  ---
  duration_ms: 105.511292
  type: 'test'
  ...
# Subtest: PV-59 · 追加的模型 id 不得与已装目录冲突
ok 570 - PV-59 · 追加的模型 id 不得与已装目录冲突
  ---
  duration_ms: 68.2025
  type: 'test'
  ...
# Subtest: PV-59 · 目录连接加一个不在已装目录的模型：可保存、可选为生效、run 发起门放行；删掉后 run 发起门 503；原生模型仍可解析
ok 571 - PV-59 · 目录连接加一个不在已装目录的模型：可保存、可选为生效、run 发起门放行；删掉后 run 发起门 503；原生模型仍可解析
  ---
  duration_ms: 419.612708
  type: 'test'
  ...
# Subtest: reasoning capability · legacy 三态保留但不生成伪档位，显式 effort list 才提供具体档位
ok 572 - reasoning capability · legacy 三态保留但不生成伪档位，显式 effort list 才提供具体档位
  ---
  duration_ms: 62.009416
  type: 'test'
  ...
# Subtest: PV-62/PV-84 · verify 四类 fixture 结果：成功 ok、401→authentication_failed、未知模型→http_error、不可达→unreachable，且不冒充精度
ok 573 - PV-62/PV-84 · verify 四类 fixture 结果：成功 ok、401→authentication_failed、未知模型→http_error、不可达→unreachable，且不冒充精度
  ---
  duration_ms: 116.458666
  type: 'test'
  ...
# Subtest: PV-62 · verify 的三道门：模型不可准入 400、连接无凭据 400、活动 run 期间 409
ok 574 - PV-62 · verify 的三道门：模型不可准入 400、连接无凭据 400、活动 run 期间 409
  ---
  duration_ms: 1309.627292
  type: 'test'
  ...
# Subtest: PV-42 · 回执绑定失配返回 null；重启后额外模型与回执可用
ok 575 - PV-42 · 回执绑定失配返回 null；重启后额外模型与回执可用
  ---
  duration_ms: 192.669292
  type: 'test'
  ...
# Subtest: T-CRED-VERIFY · fixture 除外：fake 连接的 verify 不要求预先配置凭据；兼容连接仍要求，且不读 HOME/.pi 与环境变量
ok 576 - T-CRED-VERIFY · fixture 除外：fake 连接的 verify 不要求预先配置凭据；兼容连接仍要求，且不读 HOME/.pi 与环境变量
  ---
  duration_ms: 69.115292
  type: 'test'
  ...
# (node:99091) ExperimentalWarning: SQLite is an experimental feature and might change at any time
# (Use `node --trace-warnings ...` to show where the warning was created)
# Subtest: provider preview HTTP contract, bounds, authentication and unchanged runtime
ok 577 - provider preview HTTP contract, bounds, authentication and unchanged runtime
  ---
  duration_ms: 10416.004375
  type: 'test'
  ...
# (node:99092) ExperimentalWarning: SQLite is an experimental feature and might change at any time
# (Use `node --trace-warnings ...` to show where the warning was created)
# Subtest: openai-completions: real SDK tool loop, stable consecutive prefix, cache usage and restart
ok 578 - openai-completions: real SDK tool loop, stable consecutive prefix, cache usage and restart
  ---
  duration_ms: 1309.246709
  type: 'test'
  ...
# Subtest: openai-responses: real SDK tool loop, stable consecutive prefix, cache usage and restart
ok 579 - openai-responses: real SDK tool loop, stable consecutive prefix, cache usage and restart
  ---
  duration_ms: 998.593875
  type: 'test'
  ...
# Subtest: schema13 upgrade preserves every schema11 pending operation, including missing-record recovery
ok 580 - schema13 upgrade preserves every schema11 pending operation, including missing-record recovery
  ---
  duration_ms: 168.600667
  type: 'test'
  ...
# (node:99158) ExperimentalWarning: SQLite is an experimental feature and might change at any time
# (Use `node --trace-warnings ...` to show where the warning was created)
# Subtest: verify resolves active identity API/endpoint overrides without leaking them to another connection
ok 581 - verify resolves active identity API/endpoint overrides without leaking them to another connection
  ---
  duration_ms: 114.621667
  type: 'test'
  ...
# (node:99378) ExperimentalWarning: SQLite is an experimental feature and might change at any time
# (Use `node --trace-warnings ...` to show where the warning was created)
# Subtest: HYP-01: abort before openQuestion waiter is installed does not hang
ok 582 - HYP-01: abort before openQuestion waiter is installed does not hang
  ---
  duration_ms: 138.822708
  type: 'test'
  ...
# (node:99411) ExperimentalWarning: SQLite is an experimental feature and might change at any time
# (Use `node --trace-warnings ...` to show where the warning was created)
# Subtest: release capability lifecycle: advertise, effect, suspend, restore, and restart stay bound
ok 583 - release capability lifecycle: advertise, effect, suspend, restore, and restart stay bound
  ---
  duration_ms: 2535.713
  type: 'test'
  ...
# (node:99869) ExperimentalWarning: SQLite is an experimental feature and might change at any time
# (Use `node --trace-warnings ...` to show where the warning was created)
# Subtest: release input binding: initial context and runtime_load keep source identity without granting tools
ok 584 - release input binding: initial context and runtime_load keep source identity without granting tools
  ---
  duration_ms: 370.546167
  type: 'test'
  ...
# Subtest: release input binding: compaction cannot expand a replacement binding or rewrite an old one
ok 585 - release input binding: compaction cannot expand a replacement binding or rewrite an old one
  ---
  duration_ms: 307.682084
  type: 'test'
  ...
# Subtest: release input binding: aggregate compiled context is rejected before Run identity exists
ok 586 - release input binding: aggregate compiled context is rejected before Run identity exists
  ---
  duration_ms: 63.771791
  type: 'test'
  ...
# (node:277) ExperimentalWarning: SQLite is an experimental feature and might change at any time
# (Use `node --trace-warnings ...` to show where the warning was created)
# Subtest: DF06 MCP permission denial records no dispatch intent and reaches no remote effect
ok 587 - DF06 MCP permission denial records no dispatch intent and reaches no remote effect
  ---
  duration_ms: 1035.93925
  type: 'test'
  ...
# Subtest: DF06 cancelling a pending MCP approval ends cancelled without dispatch or effect
ok 588 - DF06 cancelling a pending MCP approval ends cancelled without dispatch or effect
  ---
  duration_ms: 572.792708
  type: 'test'
  ...
# Subtest: DF06 failed MCP result-receipt persistence fences one remote effect and never replays after reopen
ok 589 - DF06 failed MCP result-receipt persistence fences one remote effect and never replays after reopen
  ---
  duration_ms: 1082.251709
  type: 'test'
  ...
# (node:310) ExperimentalWarning: SQLite is an experimental feature and might change at any time
# (Use `node --trace-warnings ...` to show where the warning was created)
# Subtest: NDA renderer is an exact declared path: missing is 404, present bytes are served, siblings stay private
ok 590 - NDA renderer is an exact declared path: missing is 404, present bytes are served, siblings stay private
  ---
  duration_ms: 721.210208
  type: 'test'
  ...
# (node:327) ExperimentalWarning: SQLite is an experimental feature and might change at any time
# (Use `node --trace-warnings ...` to show where the warning was created)
# Subtest: host stream observation separates first output/text and preserves terminal identity without claiming TPS
ok 591 - host stream observation separates first output/text and preserves terminal identity without claiming TPS
  ---
  duration_ms: 2.2615
  type: 'test'
  ...
# Subtest: provider-default payload omits generated reasoning controls after the existing callback
ok 592 - provider-default payload omits generated reasoning controls after the existing callback
  ---
  duration_ms: 0.354125
  type: 'test'
  ...
# Subtest: explicit effort uses the declared adapter mapping and provider identity, not endpoint hostname
ok 593 - explicit effort uses the declared adapter mapping and provider identity, not endpoint hostname
  ---
  duration_ms: 0.098666
  type: 'test'
  ...
# Subtest: production compatible registration pins generic reasoning on heuristic-looking loopback paths
ok 594 - production compatible registration pins generic reasoning on heuristic-looking loopback paths
  ---
  duration_ms: 79.870375
  type: 'test'
  ...
# Subtest: capability projection admits only values the selected adapter can encode
ok 595 - capability projection admits only values the selected adapter can encode
  ---
  duration_ms: 0.132166
  type: 'test'
  ...
# Subtest: request telemetry keeps SDK setting provenance and a safe capability snapshot
ok 596 - request telemetry keeps SDK setting provenance and a safe capability snapshot
  ---
  duration_ms: 0.352958
  type: 'test'
  ...
# Subtest: interrupted stream and dispatch error do not report successful usage
ok 597 - interrupted stream and dispatch error do not report successful usage
  ---
  duration_ms: 0.225584
  type: 'test'
  ...
# Subtest: result-only SDK calls still emit a terminal request measurement exactly once
ok 598 - result-only SDK calls still emit a terminal request measurement exactly once
  ---
  duration_ms: 0.11
  type: 'test'
  ...
# Subtest: provider response identifiers stay separate from runtime identity without forwarding extra metadata
ok 599 - provider response identifiers stay separate from runtime identity without forwarding extra metadata
  ---
  duration_ms: 0.378125
  type: 'test'
  ...
# Subtest: effort is capability checked and recorded by real local SDK requests
ok 600 - effort is capability checked and recorded by real local SDK requests
  ---
  duration_ms: 473.562666
  type: 'test'
  ...
# Subtest: malformed measurement records are omitted before rendering
ok 601 - malformed measurement records are omitted before rendering
  ---
  duration_ms: 0.154917
  type: 'test'
  ...
# Subtest: schema6 migration preserves both global and project sessions
ok 602 - schema6 migration preserves both global and project sessions
  ---
  duration_ms: 91.978958
  type: 'test'
  ...
# Subtest: no ready frame rejects within readyTimeoutMs and reaps the failed worker
ok 603 - no ready frame rejects within readyTimeoutMs and reaps the failed worker
  ---
  duration_ms: 86.184709
  type: 'test'
  ...
# Subtest: a request with no response times out, clears pending, and reaps the transport
ok 604 - a request with no response times out, clears pending, and reaps the transport
  ---
  duration_ms: 1578.586292
  type: 'test'
  ...
# Subtest: close ignores a missing close acknowledgement, is bounded, and reaps the worker
ok 605 - close ignores a missing close acknowledgement, is bounded, and reaps the worker
  ---
  duration_ms: 32.2175
  type: 'test'
  ...
# Subtest: a partial response frame is bounded by the request deadline and the transport is reaped
ok 606 - a partial response frame is bounded by the request deadline and the transport is reaped
  ---
  duration_ms: 149.026584
  type: 'test'
  ...
# Subtest: invalid JSON invalidates and reaps the transport
ok 607 - invalid JSON invalidates and reaps the transport
  ---
  duration_ms: 32.064333
  type: 'test'
  ...
# Subtest: an oversized unterminated frame is rejected before unbounded buffering
ok 608 - an oversized unterminated frame is rejected before unbounded buffering
  ---
  duration_ms: 39.511709
  type: 'test'
  ...
# Subtest: stderr is capped while a failed request is cleaned up
ok 609 - stderr is capped while a failed request is cleaned up
  ---
  duration_ms: 137.474708
  type: 'test'
  ...
# Subtest: concurrent starts share one worker and one readiness result
ok 610 - concurrent starts share one worker and one readiness result
  ---
  duration_ms: 34.527083
  type: 'test'
  ...
# Subtest: close during startup rejects start and reaps the child
ok 611 - close during startup rejects start and reaps the child
  ---
  duration_ms: 5.33175
  type: 'test'
  ...
# Subtest: maxPending rejects excess calls and failed transport cleanup leaves no pending entries
ok 612 - maxPending rejects excess calls and failed transport cleanup leaves no pending entries
  ---
  duration_ms: 136.481583
  type: 'test'
  ...
# Subtest: a failed transport can restart after its child has been reaped
ok 613 - a failed transport can restart after its child has been reaped
  ---
  duration_ms: 66.671666
  type: 'test'
  ...
# Subtest: late events from an old generation cannot satisfy or damage the replacement
ok 614 - late events from an old generation cannot satisfy or damage the replacement
  ---
  duration_ms: 187.062667
  type: 'test'
  ...
# Subtest: close rejects in-flight admissions, then permits a reaped replacement generation
ok 615 - close rejects in-flight admissions, then permits a reaped replacement generation
  ---
  duration_ms: 62.016083
  type: 'test'
  ...
# Subtest: Runtime11 migrates a real schema10 byte sequence, preserves provider fields, and fences the old host
ok 616 - Runtime11 migrates a real schema10 byte sequence, preserves provider fields, and fences the old host
  ---
  duration_ms: 317.322167
  type: 'test'
  ...
# Subtest: a fixed schema10 host can read an exact schema10 backup in an independent directory
ok 617 - a fixed schema10 host can read an exact schema10 backup in an independent directory
  ---
  duration_ms: 260.963042
  type: 'test'
  ...
# Subtest: Runtime11 pending configuration markers survive reopen and finish durably
ok 618 - Runtime11 pending configuration markers survive reopen and finish durably
  ---
  duration_ms: 126.203958
  type: 'test'
  ...
# Subtest: Runtime11 refuses a malformed pending marker without changing the original bytes
ok 619 - Runtime11 refuses a malformed pending marker without changing the original bytes
  ---
  duration_ms: 84.738667
  type: 'test'
  ...
# (node:1355) ExperimentalWarning: SQLite is an experimental feature and might change at any time
# (Use `node --trace-warnings ...` to show where the warning was created)
# Subtest: Q02 · HTTP/store field boundaries preserve valid Unicode and reject controls without changing files
ok 620 - Q02 · HTTP/store field boundaries preserve valid Unicode and reject controls without changing files
  ---
  duration_ms: 245.966959
  type: 'test'
  ...
# Subtest: Q02 · a 240-character model and 2048-character endpoint survive reopen and keep the execution descriptor
ok 621 - Q02 · a 240-character model and 2048-character endpoint survive reopen and keep the execution descriptor
  ---
  duration_ms: 647.395584
  type: 'test'
  ...
# Subtest: Q02 · registration failure leaves a recoverable record without a ghost provider
ok 622 - Q02 · registration failure leaves a recoverable record without a ghost provider
  ---
  duration_ms: 77.738417
  type: 'test'
  ...
# Subtest: Q02 · a provider store failure can be retried with PUT and does not publish a ghost registration
ok 623 - Q02 · a provider store failure can be retried with PUT and does not publish a ghost registration
  ---
  duration_ms: 74.25975
  type: 'test'
  ...
# Subtest: Q02 · replacing a connection fences the route when the new store write fails, then recovers after restart
ok 624 - Q02 · replacing a connection fences the route when the new store write fails, then recovers after restart
  ---
  duration_ms: 146.405
  type: 'test'
  ...
# Subtest: Q02 · credential file, runtime key, and generation failures remain inspectable and retryable
    # Subtest: runtime-key
    ok 1 - runtime-key
      ---
      duration_ms: 84.220584
      type: 'test'
      ...
    # Subtest: credential-path
    ok 2 - credential-path
      ---
      duration_ms: 75.31425
      type: 'test'
      ...
    # Subtest: generation
    ok 3 - generation
      ---
      duration_ms: 74.089833
      type: 'test'
      ...
    1..3
ok 625 - Q02 · credential file, runtime key, and generation failures remain inspectable and retryable
  ---
  duration_ms: 234.072875
  type: 'test'
  ...
# Subtest: Q02 · credential_delete explicitly abandons a pending credential_set and clears its key
ok 626 - Q02 · credential_delete explicitly abandons a pending credential_set and clears its key
  ---
  duration_ms: 72.888792
  type: 'test'
  ...
# Subtest: Q02 · a final pending-marker persist failure fences an already-applied credential until the same retry
ok 627 - Q02 · a final pending-marker persist failure fences an already-applied credential until the same retry
  ---
  duration_ms: 79.419291
  type: 'test'
  ...
# Subtest: Q02 · startup skips pending registration/key load, preserves receipt replay, and only same-operation retry clears it
ok 628 - Q02 · startup skips pending registration/key load, preserves receipt replay, and only same-operation retry clears it
  ---
  duration_ms: 412.037084
  type: 'test'
  ...
# Subtest: Q02 · a pending delete with a missing record can be retried to clean credentials
ok 629 - Q02 · a pending delete with a missing record can be retried to clean credentials
  ---
  duration_ms: 127.920334
  type: 'test'
  ...
# Subtest: activity stops on wait, disconnect and terminal state without inventing cancellation acceptance
ok 630 - activity stops on wait, disconnect and terminal state without inventing cancellation acceptance
  ---
  duration_ms: 0.529041
  type: 'test'
  ...
# Subtest: word clock survives polling, announces facts once, and stale callbacks cannot revive old work
ok 631 - word clock survives polling, announces facts once, and stale callbacks cannot revive old work
  ---
  duration_ms: 1.137042
  type: 'test'
  ...
# Subtest: Attention can subtract measurement actions without removing the status fact
ok 632 - Attention can subtract measurement actions without removing the status fact
  ---
  duration_ms: 0.423208
  type: 'test'
  ...
# Subtest: process phrases follow exact tool/notice lifecycles and never turn prose into a progress claim
ok 633 - process phrases follow exact tool/notice lifecycles and never turn prose into a progress claim
  ---
  duration_ms: 0.138291
  type: 'test'
  ...
# Subtest: Context reads the selected Run only, preserves missing and zero, and never computes capacity usage
ok 634 - Context reads the selected Run only, preserves missing and zero, and never computes capacity usage
  ---
  duration_ms: 11.439375
  type: 'test'
  ...
# (node:1362) ExperimentalWarning: SQLite is an experimental feature and might change at any time
# (Use `node --trace-warnings ...` to show where the warning was created)
# Subtest: BG02-T1: a cancelled, a failed and a restart-unknown Run can each be continued, and the continued Run is unchanged
ok 635 - BG02-T1: a cancelled, a failed and a restart-unknown Run can each be continued, and the continued Run is unchanged
  ---
  duration_ms: 15311.367583
  type: 'test'
  ...
# Subtest: BG02-T1/T7: a Run left in flight by SIGKILL becomes unknown, keeps its lineage and can itself be continued
ok 636 - BG02-T1/T7: a Run left in flight by SIGKILL becomes unknown, keeps its lineage and can itself be continued
  ---
  duration_ms: 15131.223167
  type: 'test'
  ...
# Subtest: BG02-T2: lineage is a chain — a Run that already has a continuation refuses a second one
ok 637 - BG02-T2: lineage is a chain — a Run that already has a continuation refuses a second one
  ---
  duration_ms: 43458.666125
  type: 'test'
  ...
# Subtest: BG02-T3: completed, still-running, foreign/absent and effect-unreconciled targets are each refused
ok 638 - BG02-T3: completed, still-running, foreign/absent and effect-unreconciled targets are each refused
  ---
  duration_ms: 29257.205041
  type: 'test'
  ...
# Subtest: BG02-T4: command identity includes the lineage claim
ok 639 - BG02-T4: command identity includes the lineage claim
  ---
  duration_ms: 29155.51725
  type: 'test'
  ...
# Subtest: BG02-T5: a continuation carries its own input; the earlier prompt is not copied or replayed
ok 640 - BG02-T5: a continuation carries its own input; the earlier prompt is not copied or replayed
  ---
  duration_ms: 14999.350875
  type: 'test'
  ...
# Subtest: BG02-T6: schema 8 upgrades once with an exact backup, and an occupied backup path stops the upgrade
ok 641 - BG02-T6: schema 8 upgrades once with an exact backup, and an occupied backup path stops the upgrade
  ---
  duration_ms: 193.577792
  type: 'test'
  ...
# Subtest: BG02-T6: a schema 11 state with an impossible lineage fails closed, and the schema10 host refuses schema 11 entirely
ok 642 - BG02-T6: a schema 11 state with an impossible lineage fails closed, and the schema10 host refuses schema 11 entirely
  ---
  duration_ms: 395.369833
  type: 'test'
  ...
# Subtest: integration: main schema 9 lineage survives schema 11 provider-connection migration
ok 643 - integration: main schema 9 lineage survives schema 11 provider-connection migration
  ---
  duration_ms: 130.458125
  type: 'test'
  ...
# (node:1404) ExperimentalWarning: SQLite is an experimental feature and might change at any time
# (Use `node --trace-warnings ...` to show where the warning was created)
# Subtest: current host context reaches the model without changing user input; capabilities use the installed catalog
ok 644 - current host context reaches the model without changing user input; capabilities use the installed catalog
  ---
  duration_ms: 775.118541
  type: 'test'
  ...
# Subtest: a Run waits for its final event to persist before publishing completion
ok 645 - a Run waits for its final event to persist before publishing completion
  ---
  duration_ms: 306.224458
  type: 'test'
  ...
# Subtest: event persistence failure is reported as runtime failure instead of completion
ok 646 - event persistence failure is reported as runtime failure instead of completion
  ---
  duration_ms: 499.100208
  type: 'test'
  ...
# Subtest: CLI SIGTERM settles a waiting Run and the same data directory reopens
ok 647 - CLI SIGTERM settles a waiting Run and the same data directory reopens
  ---
  duration_ms: 1356.107541
  type: 'test'
  ...
# Subtest: runtime projection: parent/profile gates are explanations, not removable overrides
ok 648 - runtime projection: parent/profile gates are explanations, not removable overrides
  ---
  duration_ms: 0.503208
  type: 'test'
  ...
# Subtest: runtime projection: historical counts stay partial; new catalogs count admitted text only
ok 649 - runtime projection: historical counts stay partial; new catalogs count admitted text only
  ---
  duration_ms: 0.079459
  type: 'test'
  ...
# (node:1681) ExperimentalWarning: SQLite is an experimental feature and might change at any time
# (Use `node --trace-warnings ...` to show where the warning was created)
# Subtest: BE-5: POST /runtime-sources/resolve returns exact UTF-8 identity for all six inline kinds; provenance stays unverified and nothing is imported
ok 650 - BE-5: POST /runtime-sources/resolve returns exact UTF-8 identity for all six inline kinds; provenance stays unverified and nothing is imported
  ---
  duration_ms: 130.410208
  type: 'test'
  ...
# Subtest: BE-5: token, origin, content-type and body-size guards plus malformed/extra-field input follow the existing host boundaries
ok 651 - BE-5: token, origin, content-type and body-size guards plus malformed/extra-field input follow the existing host boundaries
  ---
  duration_ms: 110.580209
  type: 'test'
  ...
# Subtest: BE-5: every locator kind stays explicitly unsupported over real HTTP with an exact echo, and no content identity is invented
ok 652 - BE-5: every locator kind stays explicitly unsupported over real HTTP with an exact echo, and no content identity is invented
  ---
  duration_ms: 69.882542
  type: 'test'
  ...
# Subtest: BE-5: an isolated child probe proves locator and inline MCP resolution performs no file read, socket connect, HTTP request, fetch or child process
ok 653 - BE-5: an isolated child probe proves locator and inline MCP resolution performs no file read, socket connect, HTTP request, fetch or child process
  ---
  duration_ms: 785.798833
  type: 'test'
  ...
# Subtest: BE-5: pure resolution stays available during an active Run while config, disk, revision and the Run binding remain unchanged and nothing imports
ok 654 - BE-5: pure resolution stays available during an active Run while config, disk, revision and the Run binding remain unchanged and nothing imports
  ---
  duration_ms: 149.697834
  type: 'test'
  ...
# Subtest: BE-5: the service seam mirrors the pure resolver and adapts its 400s to the host error shape
ok 655 - BE-5: the service seam mirrors the pure resolver and adapts its 400s to the host error shape
  ---
  duration_ms: 67.283125
  type: 'test'
  ...
# Subtest: attention: a healthy snapshot produces an empty list, not a hidden one
ok 656 - attention: a healthy snapshot produces an empty list, not a hidden one
  ---
  duration_ms: 0.690667
  type: 'test'
  ...
# Subtest: attention: health, diagnostics, ask permissions, trust and missing ids each raise one entry
ok 657 - attention: health, diagnostics, ask permissions, trust and missing ids each raise one entry
  ---
  duration_ms: 0.284708
  type: 'test'
  ...
# Subtest: contrast: the ratio is WCAG 2.x and the extremes are exact
ok 658 - contrast: the ratio is WCAG 2.x and the extremes are exact
  ---
  duration_ms: 0.122125
  type: 'test'
  ...
# Subtest: contrast: the browser warning checks exactly the build report pairs
ok 659 - contrast: the browser warning checks exactly the build report pairs
  ---
  duration_ms: 0.503542
  type: 'test'
  ...
# Subtest: RuntimeStore persists schemaVersion 13 session/run fields and the canonical user event
ok 660 - RuntimeStore persists schemaVersion 13 session/run fields and the canonical user event
  ---
  duration_ms: 110.192667
  type: 'test'
  ...
# Subtest: RuntimeStore createRun is idempotent by commandId and rejects a conflicting replay
ok 661 - RuntimeStore createRun is idempotent by commandId and rejects a conflicting replay
  ---
  duration_ms: 49.233708
  type: 'test'
  ...
# Subtest: RuntimeStore rejects an older schemaVersion file with no migration and does not rewrite it
ok 662 - RuntimeStore rejects an older schemaVersion file with no migration and does not rewrite it
  ---
  duration_ms: 91.76775
  type: 'test'
  ...
# Subtest: T-CRED-6: credentialGeneration is persisted and keeps increasing across a reopen
ok 663 - T-CRED-6: credentialGeneration is persisted and keeps increasing across a reopen
  ---
  duration_ms: 88.978
  type: 'test'
  ...
# Subtest: copy guard rejects default record nouns and allows verbs, user values and disclosed diagnostics
ok 664 - copy guard rejects default record nouns and allows verbs, user values and disclosed diagnostics
  ---
  duration_ms: 14.632083
  type: 'test'
  ...
# Subtest: raw consumer guard rejects new, duplicated and stale literal consumers
ok 665 - raw consumer guard rejects new, duplicated and stale literal consumers
  ---
  duration_ms: 0.561167
  type: 'test'
  ...
# Subtest: actual raw consumers and Pages cross-map remain registered
ok 666 - actual raw consumers and Pages cross-map remain registered
  ---
  duration_ms: 20.582584
  type: 'test'
  ...
# Subtest: CC-S · settings-active 时侧栏不渲染，而不是只被藏起来
ok 667 - CC-S · settings-active 时侧栏不渲染，而不是只被藏起来
  ---
  duration_ms: 0.589875
  type: 'test'
  ...
# Subtest: CC-S · Back to app 是唯一的离开动作，落在页标题行左端
ok 668 - CC-S · Back to app 是唯一的离开动作，落在页标题行左端
  ---
  duration_ms: 0.226084
  type: 'test'
  ...
# Subtest: CC-S · 设置的两列有自己的几何 token，不借 --nav 的列轨
ok 669 - CC-S · 设置的两列有自己的几何 token，不借 --nav 的列轨
  ---
  duration_ms: 0.368209
  type: 'test'
  ...
# Subtest: WK-115 ① · 第六个状态词是 Unknown，Interrupted 只在明确的终态上出现
ok 670 - WK-115 ① · 第六个状态词是 Unknown，Interrupted 只在明确的终态上出现
  ---
  duration_ms: 0.375875
  type: 'test'
  ...
# Subtest: WK-115 ② · Home / End 是纯导航键，且只在焦点已在列表里时接管
ok 671 - WK-115 ② · Home / End 是纯导航键，且只在焦点已在列表里时接管
  ---
  duration_ms: 0.3125
  type: 'test'
  ...
# Subtest: WK-115 ② · 两条列表各自 role=list，不合并
ok 672 - WK-115 ② · 两条列表各自 role=list，不合并
  ---
  duration_ms: 0.20375
  type: 'test'
  ...
# Subtest: WK-116 · 改约已落在文档里，不是一次 CSS 修复
ok 673 - WK-116 · 改约已落在文档里，不是一次 CSS 修复
  ---
  duration_ms: 0.106375
  type: 'test'
  ...
# Subtest: 一组完整的 Tier S token 通过，并被规范成可以直接落进样式表的声明
ok 674 - 一组完整的 Tier S token 通过，并被规范成可以直接落进样式表的声明
  ---
  duration_ms: 2.724208
  type: 'test'
  ...
# Subtest: 旧 gray-steel 全量块仍可读取，但新外观格式不接受其固定语义键
ok 675 - 旧 gray-steel 全量块仍可读取，但新外观格式不接受其固定语义键
  ---
  duration_ms: 0.991917
  type: 'test'
  ...
# Subtest: 产品内的 gray-steel 与 skins/gray-steel.css 逐字相同：两处不许漂移
ok 676 - 产品内的 gray-steel 与 skins/gray-steel.css 逐字相同：两处不许漂移
  ---
  duration_ms: 0.762625
  type: 'test'
  ...
# Subtest: 不是既有 token 名的声明被逐行拒绝，整组不落地
ok 677 - 不是既有 token 名的声明被逐行拒绝，整组不落地
  ---
  duration_ms: 0.117167
  type: 'test'
  ...
# Subtest: 颜色 token 只接受 hex：命名色、函数与变量都不行
ok 678 - 颜色 token 只接受 hex：命名色、函数与变量都不行
  ---
  duration_ms: 0.231542
  type: 'test'
  ...
# Subtest: url( · expression · @import · 转义 · 标记这些形状先于逐行解析被拒绝
ok 679 - url( · expression · @import · 转义 · 标记这些形状先于逐行解析被拒绝
  ---
  duration_ms: 0.079166
  type: 'test'
  ...
# Subtest: 半套色阶被拒绝，并把缺的名字说出来
ok 680 - 半套色阶被拒绝，并把缺的名字说出来
  ---
  duration_ms: 0.070209
  type: 'test'
  ...
# Subtest: 行号指回原文，一次报完所有问题
ok 681 - 行号指回原文，一次报完所有问题
  ---
  duration_ms: 0.069625
  type: 'test'
  ...
# Subtest: legacy 数值可读，但新外观许可域拒绝材质参数
ok 682 - legacy 数值可读，但新外观许可域拒绝材质参数
  ---
  duration_ms: 0.684084
  type: 'test'
  ...
# Subtest: 一次只收一个块：粘贴整份 skin 文件被拒绝而不是只应用第一段
ok 683 - 一次只收一个块：粘贴整份 skin 文件被拒绝而不是只应用第一段
  ---
  duration_ms: 0.826042
  type: 'test'
  ...
# Subtest: 空输入与超长输入各有自己的话，不是同一句错误
ok 684 - 空输入与超长输入各有自己的话，不是同一句错误
  ---
  duration_ms: 0.305792
  type: 'test'
  ...
# Subtest: 代码字体只收字体族名，收不下分号与括号
ok 685 - 代码字体只收字体族名，收不下分号与括号
  ---
  duration_ms: 0.298333
  type: 'test'
  ...
# Subtest: 读偏好只认闭集里的值：坏掉的存储读成默认，不是读成垃圾
ok 686 - 读偏好只认闭集里的值：坏掉的存储读成默认，不是读成垃圾
  ---
  duration_ms: 0.181792
  type: 'test'
  ...
# Subtest: Home 版面偏好是闭集：默认 Modules，坏值读回 Modules 而不是读成第三种版面
ok 687 - Home 版面偏好是闭集：默认 Modules，坏值读回 Modules 而不是读成第三种版面
  ---
  duration_ms: 0.133792
  type: 'test'
  ...
# Subtest: Home 模块只安装有既定读取接缝的 Activity 与 Attention
ok 688 - Home 模块只安装有既定读取接缝的 Activity 与 Attention
  ---
  duration_ms: 0.164542
  type: 'test'
  ...
# Subtest: Models 模块不复述 composer chip 的事实：它没有自己的读取
ok 689 - Models 模块不复述 composer chip 的事实：它没有自己的读取
  ---
  duration_ms: 0.046333
  type: 'test'
  ...
# Subtest: 页面的九个组是闭集，未知的节名落回 General
ok 690 - 页面的九个组是闭集，未知的节名落回 General
  ---
  duration_ms: 0.051167
  type: 'test'
  ...
# Subtest: CC-I · provenance 的词表今日是闭集的两个词，判定是与 owner 默认值的字面比较
ok 691 - CC-I · provenance 的词表今日是闭集的两个词，判定是与 owner 默认值的字面比较
  ---
  duration_ms: 0.059083
  type: 'test'
  ...
# Subtest: CC-I · 默认态：provenance 是 Default，复位不呈现
ok 692 - CC-I · 默认态：provenance 是 Default，复位不呈现
  ---
  duration_ms: 0.660333
  type: 'test'
  ...
# Subtest: CC-I · 改一项之后翻为 Changed on this device，复位可用且可达名字带属性名
ok 693 - CC-I · 改一项之后翻为 Changed on this device，复位可用且可达名字带属性名
  ---
  duration_ms: 0.194542
  type: 'test'
  ...
# Subtest: CC-I · 复位：值回默认、provenance 回 Default、焦点落在本行控件上、有一条可播报的回执
ok 694 - CC-I · 复位：值回默认、provenance 回 Default、焦点落在本行控件上、有一条可播报的回执
  ---
  duration_ms: 0.271125
  type: 'test'
  ...
# Subtest: CC-I · 复位之后的下一次改值作废那条回执，回执不是一条会留在页面上的旧话
ok 695 - CC-I · 复位之后的下一次改值作废那条回执，回执不是一条会留在页面上的旧话
  ---
  duration_ms: 1.168083
  type: 'test'
  ...
# Subtest: CC-I · 没有 owner 默认值的行一个字都不多：同一个函数，不长出这三样
ok 696 - CC-I · 没有 owner 默认值的行一个字都不多：同一个函数，不长出这三样
  ---
  duration_ms: 0.142833
  type: 'test'
  ...
# Subtest: CC-I · provenance 挂在控件上，读屏听得到它而不是一段孤立的文字
ok 697 - CC-I · provenance 挂在控件上，读屏听得到它而不是一段孤立的文字
  ---
  duration_ms: 0.082416
  type: 'test'
  ...
# Subtest: CC-I · Code font：未提交的编辑不是 modified，提交后才是，校验失败不改 provenance
ok 698 - CC-I · Code font：未提交的编辑不是 modified，提交后才是，校验失败不改 provenance
  ---
  duration_ms: 0.415
  type: 'test'
  ...
# Subtest: CC-I · Palette 选了 Custom tokens 但没 Apply 不算 changed：provenance 读生效值不读草稿
ok 699 - CC-I · Palette 选了 Custom tokens 但没 Apply 不算 changed：provenance 读生效值不读草稿
  ---
  duration_ms: 0.313959
  type: 'test'
  ...
# Subtest: CC-I · appearance keeps no value controls; only the provider context window is numeric
ok 700 - CC-I · appearance keeps no value controls; only the provider context window is numeric
  ---
  duration_ms: 1.239916
  type: 'test'
  ...
# Subtest: failed browser storage keeps the active projection but exposes session-only persistence
ok 701 - failed browser storage keeps the active projection but exposes session-only persistence
  ---
  duration_ms: 0.103959
  type: 'test'
  ...
# lint-shapes: 1 处违反 WK-128
# lint-shapes: 1 处违反 WK-128
# lint-shapes: 1 处违反 WK-128
# Subtest: 产品样式表通过形状 lint
ok 702 - 产品样式表通过形状 lint
  ---
  duration_ms: 48.502666
  type: 'test'
  ...
# Subtest: 满弧写成 50% 会被拒绝，并指回 --radius-pill
ok 703 - 满弧写成 50% 会被拒绝，并指回 --radius-pill
  ---
  duration_ms: 32.930209
  type: 'test'
  ...
# Subtest: 组件私有的游离圆角会被拒绝
ok 704 - 组件私有的游离圆角会被拒绝
  ---
  duration_ms: 33.0665
  type: 'test'
  ...
# Subtest: 不建立在形状角色上的表达式会被拒绝，派生式与多角声明通过
ok 705 - 不建立在形状角色上的表达式会被拒绝，派生式与多角声明通过
  ---
  duration_ms: 63.739625
  type: 'test'
  ...
# Subtest: 登记表内的形状按登记放行
ok 706 - 登记表内的形状按登记放行
  ---
  duration_ms: 30.404
  type: 'test'
  ...
# Subtest: native chrome accepts bounded geometry and rejects arbitrary or invalid injection
ok 707 - native chrome accepts bounded geometry and rejects arbitrary or invalid injection
  ---
  duration_ms: 0.718375
  type: 'test'
  ...
# Subtest: host geometry updates and fullscreen/native nonoverlay remove reservations without adding a strip
ok 708 - host geometry updates and fullscreen/native nonoverlay remove reservations without adding a strip
  ---
  duration_ms: 0.217292
  type: 'test'
  ...
# Subtest: legacy values remain readable while projection ignores semantic and material keys
ok 709 - legacy values remain readable while projection ignores semantic and material keys
  ---
  duration_ms: 2.787167
  type: 'test'
  ...
# Subtest: unknown, semantic, and material declarations cannot enter the modern skin
ok 710 - unknown, semantic, and material declarations cannot enter the modern skin
  ---
  duration_ms: 1.548666
  type: 'test'
  ...
# Subtest: first paint retains raw storage but writes only canonical projected CSS
ok 711 - first paint retains raw storage but writes only canonical projected CSS
  ---
  duration_ms: 1.348917
  type: 'test'
  ...
# Subtest: a legal input over 4000 bytes and under 8000 bytes projects identically at first paint
ok 712 - a legal input over 4000 bytes and under 8000 bytes projects identically at first paint
  ---
  duration_ms: 1.314792
  type: 'test'
  ...
# Subtest: the policy is a synchronous classic script before the first-frame bootstrap
ok 713 - the policy is a synchronous classic script before the first-frame bootstrap
  ---
  duration_ms: 0.213584
  type: 'test'
  ...
# Subtest: Dystopia uses one closed preference registry and unknown choices fall back
ok 714 - Dystopia uses one closed preference registry and unknown choices fall back
  ---
  duration_ms: 0.90325
  type: 'test'
  ...
# Subtest: Dystopia is exactly the permitted opaque appearance scale in both modes
ok 715 - Dystopia is exactly the permitted opaque appearance scale in both modes
  ---
  duration_ms: 0.822459
  type: 'test'
  ...
# Subtest: MR-A1a: meta contract — version, units and byte limit are explicit
ok 716 - MR-A1a: meta contract — version, units and byte limit are explicit
  ---
  duration_ms: 0.783708
  type: 'test'
  ...
# Subtest: MR-A1a: plain ASCII — counts, hash and identity conversions
ok 717 - MR-A1a: plain ASCII — counts, hash and identity conversions
  ---
  duration_ms: 0.841458
  type: 'test'
  ...
# Subtest: MR-A1a: empty content is allowed and every offset except 0 is rejected
ok 718 - MR-A1a: empty content is allowed and every offset except 0 is rejected
  ---
  duration_ms: 0.308208
  type: 'test'
  ...
# Subtest: MR-A1a: BOM is preserved, counted as one code point, never stripped
ok 719 - MR-A1a: BOM is preserved, counted as one code point, never stripped
  ---
  duration_ms: 0.215959
  type: 'test'
  ...
# Subtest: MR-A1a: CRLF and trailing newline are literal code points, not normalized
ok 720 - MR-A1a: CRLF and trailing newline are literal code points, not normalized
  ---
  duration_ms: 0.081791
  type: 'test'
  ...
# Subtest: MR-A1a: combining characters are preserved; no Unicode normalization happens
ok 721 - MR-A1a: combining characters are preserved; no Unicode normalization happens
  ---
  duration_ms: 0.59925
  type: 'test'
  ...
# Subtest: MR-A1a: emoji/astral — surrogate-pair interiors are rejected, never snapped
ok 722 - MR-A1a: emoji/astral — surrogate-pair interiors are rejected, never snapped
  ---
  duration_ms: 0.3255
  type: 'test'
  ...
# Subtest: MR-A1a: strict UTF-8 — malformed and truncated input is rejected with invalid_utf8
ok 723 - MR-A1a: strict UTF-8 — malformed and truncated input is rejected with invalid_utf8
  ---
  duration_ms: 0.302125
  type: 'test'
  ...
# Subtest: MR-A1a: size boundaries — 65536 bytes accepted, 65537 rejected as source_too_large
ok 724 - MR-A1a: size boundaries — 65536 bytes accepted, 65537 rejected as source_too_large
  ---
  duration_ms: 10.90175
  type: 'test'
  ...
# Subtest: MR-A1a: offset validation — unsafe integers, wrong ranges and bad units
ok 725 - MR-A1a: offset validation — unsafe integers, wrong ranges and bad units
  ---
  duration_ms: 0.547417
  type: 'test'
  ...
# Subtest: MR-A1a: input is copied — later mutation never reaches the built coordinates
ok 726 - MR-A1a: input is copied — later mutation never reaches the built coordinates
  ---
  duration_ms: 0.158542
  type: 'test'
  ...
# Subtest: MR-A1a: Buffer and offset views are accepted and measured by their own bytes
ok 727 - MR-A1a: Buffer and offset views are accepted and measured by their own bytes
  ---
  duration_ms: 0.117041
  type: 'test'
  ...
# Subtest: MR-A1a: wrong input types are a caller contract violation (TypeError)
ok 728 - MR-A1a: wrong input types are a caller contract violation (TypeError)
  ---
  duration_ms: 0.154666
  type: 'test'
  ...
# Subtest: MR-A1a: returned object is frozen; output metadata edits cannot pollute conversions
ok 729 - MR-A1a: returned object is frozen; output metadata edits cannot pollute conversions
  ---
  duration_ms: 0.14
  type: 'test'
  ...
# Subtest: MR-A1a: repeated builds are deterministic and independent of each other
ok 730 - MR-A1a: repeated builds are deterministic and independent of each other
  ---
  duration_ms: 0.062792
  type: 'test'
  ...
# Subtest: MR-A1a: fixture corpus parity — module equals the independent oracle and the static expectations
ok 731 - MR-A1a: fixture corpus parity — module equals the independent oracle and the static expectations
  ---
  duration_ms: 10.089709
  type: 'test'
  ...
# Subtest: MR-A1a: NUL and control characters are ordinary code points, never trimmed
ok 732 - MR-A1a: NUL and control characters are ordinary code points, never trimmed
  ---
  duration_ms: 0.101167
  type: 'test'
  ...
# Subtest: MR-A1a integration: spoofed non-byte views are rejected by internal type
ok 733 - MR-A1a integration: spoofed non-byte views are rejected by internal type
  ---
  duration_ms: 0.0705
  type: 'test'
  ...
# Subtest: MR-A1a integration: invalid unit errors never coerce caller objects
ok 734 - MR-A1a integration: invalid unit errors never coerce caller objects
  ---
  duration_ms: 0.110417
  type: 'test'
  ...
# Subtest: R2: six inline kinds resolve without changing config, then explicit imports preserve exact bytes
ok 735 - R2: six inline kinds resolve without changing config, then explicit imports preserve exact bytes
  ---
  duration_ms: 13.42025
  type: 'test'
  ...
# Subtest: R2: hashes bind bytes and interpretation; origin is only a caller assertion and outputs own their data
ok 736 - R2: hashes bind bytes and interpretation; origin is only a caller assertion and outputs own their data
  ---
  duration_ms: 0.322667
  type: 'test'
  ...
# Subtest: R2: skill/profile declarations remain unverified requirements without new capabilities
ok 737 - R2: skill/profile declarations remain unverified requirements without new capabilities
  ---
  duration_ms: 0.344041
  type: 'test'
  ...
# Subtest: R2: MCP and locators never fetch, connect or read their declared target
ok 738 - R2: MCP and locators never fetch, connect or read their declared target
  ---
  duration_ms: 0.121167
  type: 'test'
  ...
# Subtest: R2: malformed, executable and ambiguous sources cannot be silently reinterpreted
ok 739 - R2: malformed, executable and ambiguous sources cannot be silently reinterpreted
  ---
  duration_ms: 0.466459
  type: 'test'
  ...
# Subtest: R2: invalid YAML and cyclic projected metadata fail before config persistence
ok 740 - R2: invalid YAML and cyclic projected metadata fail before config persistence
  ---
  duration_ms: 4.259667
  type: 'test'
  ...
# (node:2000) ExperimentalWarning: SQLite is an experimental feature and might change at any time
# (Use `node --trace-warnings ...` to show where the warning was created)
# Subtest: BE41-B accepts source FILE zero and replacement rollback without accepting identical or negative versions
ok 741 - BE41-B accepts source FILE zero and replacement rollback without accepting identical or negative versions
  ---
  duration_ms: 1.0515
  type: 'test'
  ...
# Subtest: BE41-B binds live empty pages to the top token and rejects contradictory or malformed top tokens
ok 742 - BE41-B binds live empty pages to the top token and rejects contradictory or malformed top tokens
  ---
  duration_ms: 0.51975
  type: 'test'
  ...
# Subtest: BE41-B paginator sends exact snapshot; changed snapshot refresh starts at page zero without old token
ok 743 - BE41-B paginator sends exact snapshot; changed snapshot refresh starts at page zero without old token
  ---
  duration_ms: 7.167209
  type: 'test'
  ...
# Subtest: BE41-B late pagination cannot replace a closed and reopened read
ok 744 - BE41-B late pagination cannot replace a closed and reopened read
  ---
  duration_ms: 1.772958
  type: 'test'
  ...
# Subtest: BE41-B actual authenticated empty endpoint projects with its live top token
ok 745 - BE41-B actual authenticated empty endpoint projects with its live top token
  ---
  duration_ms: 196.812416
  type: 'test'
  ...
# Subtest: BE41-B a live snapshot rejection discards explicit sample and exposes Refresh
ok 746 - BE41-B a live snapshot rejection discards explicit sample and exposes Refresh
  ---
  duration_ms: 1.975
  type: 'test'
  ...
# Subtest: SP1-FE · stale.json validates: one Matter behind, one fully current, sharing a snapshot
ok 747 - SP1-FE · stale.json validates: one Matter behind, one fully current, sharing a snapshot
  ---
  duration_ms: 1.490042
  type: 'test'
  ...
# Subtest: SP1-FE · quiet.json validates: every Matter current, no prompt-worthy bucket
ok 748 - SP1-FE · quiet.json validates: every Matter current, no prompt-worthy bucket
  ---
  duration_ms: 0.448042
  type: 'test'
  ...
# Subtest: SP1-FE · empty.json validates: no Matters, page.total 0
ok 749 - SP1-FE · empty.json validates: no Matters, page.total 0
  ---
  duration_ms: 0.331875
  type: 'test'
  ...
# Subtest: SP1-FE · partial.json validates: unavailable Matter keeps null counts, not zero
ok 750 - SP1-FE · partial.json validates: unavailable Matter keeps null counts, not zero
  ---
  duration_ms: 0.221167
  type: 'test'
  ...
# Subtest: SP1-FE · truncated.json validates: 20 refs loaded, true count stated separately
ok 751 - SP1-FE · truncated.json validates: 20 refs loaded, true count stated separately
  ---
  duration_ms: 0.36825
  type: 'test'
  ...
# Subtest: SP1-FE · a 0 where a non-observed Matter must publish null is rejected, not read as zero
ok 752 - SP1-FE · a 0 where a non-observed Matter must publish null is rejected, not read as zero
  ---
  duration_ms: 0.162625
  type: 'test'
  ...
# Subtest: SP1-FE · an observed Matter reporting stale:null instead of a real zero is rejected
ok 753 - SP1-FE · an observed Matter reporting stale:null instead of a real zero is rejected
  ---
  duration_ms: 0.0855
  type: 'test'
  ...
# Subtest: SP1-FE · a genuine zero-stale Matter is accepted and stays a real, distinct zero
ok 754 - SP1-FE · a genuine zero-stale Matter is accepted and stays a real, distinct zero
  ---
  duration_ms: 0.166416
  type: 'test'
  ...
# Subtest: SP1-FE · staleRefsTruncated true with fewer than 20 loaded refs is rejected
ok 755 - SP1-FE · staleRefsTruncated true with fewer than 20 loaded refs is rejected
  ---
  duration_ms: 0.3475
  type: 'test'
  ...
# Subtest: SP1-FE · staleRefsTruncated false while refs fall short of the stated stale count is rejected
ok 756 - SP1-FE · staleRefsTruncated false while refs fall short of the stated stale count is rejected
  ---
  duration_ms: 0.348875
  type: 'test'
  ...
# Subtest: SP1-FE · more than the 20-ref page ceiling is rejected outright
ok 757 - SP1-FE · more than the 20-ref page ceiling is rejected outright
  ---
  duration_ms: 1.204167
  type: 'test'
  ...
# Subtest: SP1-FE · two Matters in one page reporting different snapshotRefs is rejected
ok 758 - SP1-FE · two Matters in one page reporting different snapshotRefs is rejected
  ---
  duration_ms: 0.139458
  type: 'test'
  ...
# Subtest: SP1-FE · sameSnapshot refuses to confirm consistency across a null snapshot
ok 759 - SP1-FE · sameSnapshot refuses to confirm consistency across a null snapshot
  ---
  duration_ms: 0.053209
  type: 'test'
  ...
# Subtest: SP1-FE · wrong schemaVersion is rejected
ok 760 - SP1-FE · wrong schemaVersion is rejected
  ---
  duration_ms: 0.061792
  type: 'test'
  ...
# Subtest: SP1-FE · a stale ref not actually behind the Matter's source revision is rejected
ok 761 - SP1-FE · a stale ref not actually behind the Matter's source revision is rejected
  ---
  duration_ms: 0.121167
  type: 'test'
  ...
# Subtest: SP1-FE · byStatus counts that don't sum to derivations.current/stale are rejected
ok 762 - SP1-FE · byStatus counts that don't sum to derivations.current/stale are rejected
  ---
  duration_ms: 0.131375
  type: 'test'
  ...
# Subtest: SP1-FE · an observed Matter must not carry a reason
ok 763 - SP1-FE · an observed Matter must not carry a reason
  ---
  duration_ms: 0.33525
  type: 'test'
  ...
# Subtest: SP1-FE · a partial Matter must carry a reason
ok 764 - SP1-FE · a partial Matter must carry a reason
  ---
  duration_ms: 0.251459
  type: 'test'
  ...
# Subtest: SP1-FE · sourceSetChange with a non-increasing revision pair is rejected
ok 765 - SP1-FE · sourceSetChange with a non-increasing revision pair is rejected
  ---
  duration_ms: 0.072625
  type: 'test'
  ...
# Subtest: SP1-FE · a missing sourceSetChange key (vs. an explicit null) is rejected
ok 766 - SP1-FE · a missing sourceSetChange key (vs. an explicit null) is rejected
  ---
  duration_ms: 0.11
  type: 'test'
  ...
# Subtest: SP1-FE · duplicate matterId within one page is rejected
ok 767 - SP1-FE · duplicate matterId within one page is rejected
  ---
  duration_ms: 0.0765
  type: 'test'
  ...
# Subtest: SP1-FE · page bounds exceeding the reported total are rejected
ok 768 - SP1-FE · page bounds exceeding the reported total are rejected
  ---
  duration_ms: 0.060792
  type: 'test'
  ...
# Subtest: SP1-FE · coverage.matters partial without a machine-readable reason is rejected
ok 769 - SP1-FE · coverage.matters partial without a machine-readable reason is rejected
  ---
  duration_ms: 0.053541
  type: 'test'
  ...
# Subtest: SP1-FE · a non-object payload, and a missing top-level field, are both rejected
ok 770 - SP1-FE · a non-object payload, and a missing top-level field, are both rejected
  ---
  duration_ms: 0.057666
  type: 'test'
  ...
# Subtest: SP1-FE · activityRows narrows to one candidate status without reordering
ok 771 - SP1-FE · activityRows narrows to one candidate status without reordering
  ---
  duration_ms: 0.1835
  type: 'test'
  ...
# Subtest: SP1-FE · truncationNote is null once every stale ref for a Matter is loaded
ok 772 - SP1-FE · truncationNote is null once every stale ref for a Matter is loaded
  ---
  duration_ms: 0.0715
  type: 'test'
  ...
# Subtest: Spark route selects a stable bound owner and opens the existing Work preview
ok 773 - Spark route selects a stable bound owner and opens the existing Work preview
  ---
  duration_ms: 8.904292
  type: 'test'
  ...
# Subtest: Spark route cannot manufacture a Work session for an unbound Matter
ok 774 - Spark route cannot manufacture a Work session for an unbound Matter
  ---
  duration_ms: 0.382042
  type: 'test'
  ...
# Subtest: a newer navigation cancels a pending Spark owner lookup
ok 775 - a newer navigation cancels a pending Spark owner lookup
  ---
  duration_ms: 0.371833
  type: 'test'
  ...
# Subtest: a newer navigation cancels Spark Work activation after session selection
ok 776 - a newer navigation cancels Spark Work activation after session selection
  ---
  duration_ms: 0.296875
  type: 'test'
  ...
# Subtest: Spark revalidates the loaded session binding before activating Work
ok 777 - Spark revalidates the loaded session binding before activating Work
  ---
  duration_ms: 0.40725
  type: 'test'
  ...
# Subtest: Spark does not activate Work when the selected session failed to load
ok 778 - Spark does not activate Work when the selected session failed to load
  ---
  duration_ms: 0.281834
  type: 'test'
  ...
# (node:2035) ExperimentalWarning: SQLite is an experimental feature and might change at any time
# (Use `node --trace-warnings ...` to show where the warning was created)
# Subtest: WO-SD-01 · GET /web/samples/spark-derivations/<name>.json 200s for all five scenarios, each a valid, unaltered BE-41 payload
ok 779 - WO-SD-01 · GET /web/samples/spark-derivations/<name>.json 200s for all five scenarios, each a valid, unaltered BE-41 payload
  ---
  duration_ms: 134.662375
  type: 'test'
  ...
# Subtest: WO-SD-01 · the sample route is a literal allowlist: an unregistered scenario name 404s, no directory listing, no traversal
ok 780 - WO-SD-01 · the sample route is a literal allowlist: an unregistered scenario name 404s, no directory listing, no traversal
  ---
  duration_ms: 96.452167
  type: 'test'
  ...
# Subtest: WO-SD-01 · the fixture directory no longer exists under app/tests — SD-18's git mv landed for real, not just in spark-projection.test.mjs's path
ok 781 - WO-SD-01 · the fixture directory no longer exists under app/tests — SD-18's git mv landed for real, not just in spark-projection.test.mjs's path
  ---
  duration_ms: 0.467458
  type: 'test'
  ...
# Subtest: SP1-FE · createSparkView keeps the frozen constructor signature
ok 782 - SP1-FE · createSparkView keeps the frozen constructor signature
  ---
  duration_ms: 0.699
  type: 'test'
  ...
# Subtest: SP1-FE · a projection module fetches nothing, writes nothing, reads no clock
ok 783 - SP1-FE · a projection module fetches nothing, writes nothing, reads no clock
  ---
  duration_ms: 0.238875
  type: 'test'
  ...
# Subtest: SP1-FE · Spark makes no request path containing 'attention' — it resolves, creates or edits no Attention item
ok 784 - SP1-FE · Spark makes no request path containing 'attention' — it resolves, creates or edits no Attention item
  ---
  duration_ms: 0.120792
  type: 'test'
  ...
# Subtest: SP1-FE · Spark writes nothing: no POST/PUT/PATCH/DELETE method anywhere in the view
ok 785 - SP1-FE · Spark writes nothing: no POST/PUT/PATCH/DELETE method anywhere in the view
  ---
  duration_ms: 0.52675
  type: 'test'
  ...
# Subtest: SP1-FE · no Spark-private persistence: no localStorage, sessionStorage or IndexedDB
ok 786 - SP1-FE · no Spark-private persistence: no localStorage, sessionStorage or IndexedDB
  ---
  duration_ms: 0.172792
  type: 'test'
  ...
# Subtest: SP1-FE · Spark introduces no new dependency: only relative app/web imports
ok 787 - SP1-FE · Spark introduces no new dependency: only relative app/web imports
  ---
  duration_ms: 0.155375
  type: 'test'
  ...
# Subtest: SP1-FE · a 404 is read as unimplemented, never rendered as zero maintenance items
ok 788 - SP1-FE · a 404 is read as unimplemented, never rendered as zero maintenance items
  ---
  duration_ms: 0.119375
  type: 'test'
  ...
# Subtest: SP1-FE · Unavailable is stated in words, not shown as a bare number
ok 789 - SP1-FE · Unavailable is stated in words, not shown as a bare number
  ---
  duration_ms: 0.05325
  type: 'test'
  ...
# Subtest: SP1-FE · pagination carries the prior snapshotRef and can be rejected
ok 790 - SP1-FE · pagination carries the prior snapshotRef and can be rejected
  ---
  duration_ms: 0.28625
  type: 'test'
  ...
# Subtest: SP1-FE · row navigation calls the host's onOpenMatter and opens no dialog/session of its own
ok 791 - SP1-FE · row navigation calls the host's onOpenMatter and opens no dialog/session of its own
  ---
  duration_ms: 0.346375
  type: 'test'
  ...
# Subtest: SP1-FE · static allowlist: spark-view.mjs / spark-projection.mjs are registered
ok 792 - SP1-FE · static allowlist: spark-view.mjs / spark-projection.mjs are registered
  ---
  duration_ms: 0.411
  type: 'test'
  ...
# Subtest: SP1-FE · app.mjs wires the sidebar entry without touching the static allowlist array itself
ok 793 - SP1-FE · app.mjs wires the sidebar entry without touching the static allowlist array itself
  ---
  duration_ms: 0.141167
  type: 'test'
  ...
# Subtest: SD-01 · createSparkView keeps the frozen constructor signature — sample introduces no new dependency, no new parameter
ok 794 - SD-01 · createSparkView keeps the frozen constructor signature — sample introduces no new dependency, no new parameter
  ---
  duration_ms: 0.066
  type: 'test'
  ...
# Subtest: SD-01 · the sample fetch reads the static sample route, never /work-derivations
ok 795 - SD-01 · the sample fetch reads the static sample route, never /work-derivations
  ---
  duration_ms: 0.034625
  type: 'test'
  ...
# Subtest: SD-01 · 'Show sample data' appears exactly once as code (comments stripped), inside the unimplemented branch, and nowhere else
ok 796 - SD-01 · 'Show sample data' appears exactly once as code (comments stripped), inside the unimplemented branch, and nowhere else
  ---
  duration_ms: 0.103042
  type: 'test'
  ...
# Subtest: SD-01 · the sample header label 'Sample data' appears exactly once in the source (one row, no per-card label, no colour class, no icon() call)
ok 797 - SD-01 · the sample header label 'Sample data' appears exactly once in the source (one row, no per-card label, no colour class, no icon() call)
  ---
  duration_ms: 0.07575
  type: 'test'
  ...
# Subtest: SD-01 · the scenario select is a single control offering exactly the five frozen fixtures, defaulting to stale
ok 798 - SD-01 · the scenario select is a single control offering exactly the five frozen fixtures, defaulting to stale
  ---
  duration_ms: 0.057042
  type: 'test'
  ...
# Subtest: SD-01 · exit and re-probe copy match SD-17 exactly: 'Hide sample data', 'Check for a source again'
ok 799 - SD-01 · exit and re-probe copy match SD-17 exactly: 'Hide sample data', 'Check for a source again'
  ---
  duration_ms: 0.053042
  type: 'test'
  ...
# Subtest: SD-01 · sample rows are read-only: matterRow and the Activity section heading both branch on readOnly before ever calling onOpenMatter
ok 800 - SD-01 · sample rows are read-only: matterRow and the Activity section heading both branch on readOnly before ever calling onOpenMatter
  ---
  duration_ms: 0.130209
  type: 'test'
  ...
# Subtest: SD-01 · sample state is discarded on any valid live payload (including empty) and on any non-404 error, but survives a 404
ok 801 - SD-01 · sample state is discarded on any valid live payload (including empty) and on any non-404 error, but survives a 404
  ---
  duration_ms: 0.047458
  type: 'test'
  ...
# Subtest: SD-01 · sample never issues its own /work-derivations request: only load() (via request()) reaches that endpoint
ok 802 - SD-01 · sample never issues its own /work-derivations request: only load() (via request()) reaches that endpoint
  ---
  duration_ms: 0.045292
  type: 'test'
  ...
# Subtest: SD-01 · switching projects clears sample state before the live probe fires
ok 803 - SD-01 · switching projects clears sample state before the live probe fires
  ---
  duration_ms: 0.040792
  type: 'test'
  ...
# Subtest: SD-01 · sample state is checked before every other render branch and returns before the pager can run
ok 804 - SD-01 · sample state is checked before every other render branch and returns before the pager can run
  ---
  duration_ms: 0.04575
  type: 'test'
  ...
# Subtest: SD-01 · sample rendering reuses renderOverview/renderActivity — no second renderer for sample data
ok 805 - SD-01 · sample rendering reuses renderOverview/renderActivity — no second renderer for sample data
  ---
  duration_ms: 0.042
  type: 'test'
  ...
# Subtest: SD-01 · styles.css gained only additions for the sample row: one new class, --muted-strong, no new colour token
ok 806 - SD-01 · styles.css gained only additions for the sample row: one new class, --muted-strong, no new colour token
  ---
  duration_ms: 0.488125
  type: 'test'
  ...
# Subtest: SD-01 · the static allowlist registers the five sample JSON files as one loop, with the JSON content type
ok 807 - SD-01 · the static allowlist registers the five sample JSON files as one loop, with the JSON content type
  ---
  duration_ms: 0.035458
  type: 'test'
  ...
# (node:2037) ExperimentalWarning: SQLite is an experimental feature and might change at any time
# (Use `node --trace-warnings ...` to show where the warning was created)
# Subtest: SE_TEST_CRASH_POINT alone is inert, and the server says so at startup
ok 808 - SE_TEST_CRASH_POINT alone is inert, and the server says so at startup
  ---
  duration_ms: 1115.433042
  type: 'test'
  ...
# Subtest: T-SELF-2: with no python3 on PATH the server refuses to start and names the reason
ok 809 - T-SELF-2: with no python3 on PATH the server refuses to start and names the reason
  ---
  duration_ms: 629.534292
  type: 'test'
  ...
# (node:2070) ExperimentalWarning: SQLite is an experimental feature and might change at any time
# (Use `node --trace-warnings ...` to show where the warning was created)
# Subtest: 每个 app/web 模块都在静态白名单里，且每条白名单路由都指向磁盘上存在的文件
ok 810 - 每个 app/web 模块都在静态白名单里，且每条白名单路由都指向磁盘上存在的文件
  ---
  duration_ms: 23.964042
  type: 'test'
  ...
# Subtest: ui-controls 白名单、icons.svg 的 symbol id、manifest 的 lucide.files 三者一致
ok 811 - ui-controls 白名单、icons.svg 的 symbol id、manifest 的 lucide.files 三者一致
  ---
  duration_ms: 2.221708
  type: 'test'
  ...
# Subtest: manifest.lucide 与 tools/ui-vendor/lucide/sources.json 逐字相同（生成源=已记录来源）
ok 812 - manifest.lucide 与 tools/ui-vendor/lucide/sources.json 逐字相同（生成源=已记录来源）
  ---
  duration_ms: 0.72125
  type: 'test'
  ...
# Subtest: manifest.outputs 里记的每个文件哈希都等于该文件此刻在磁盘上的真实 sha256
ok 813 - manifest.outputs 里记的每个文件哈希都等于该文件此刻在磁盘上的真实 sha256
  ---
  duration_ms: 1.63625
  type: 'test'
  ...
# Subtest: 白名单决定 /web 的可取性：模块 200，未列入的仓内材料 404
ok 814 - 白名单决定 /web 的可取性：模块 200，未列入的仓内材料 404
  ---
  duration_ms: 153.913958
  type: 'test'
  ...
# Subtest: skin-policy.js is an exact synchronous static route
ok 815 - skin-policy.js is an exact synchronous static route
  ---
  duration_ms: 72.690209
  type: 'test'
  ...
# Subtest: Run projection keeps the selected Session/Run identity and recorded file locator
ok 816 - Run projection keeps the selected Session/Run identity and recorded file locator
  ---
  duration_ms: 1.645417
  type: 'test'
  ...
# Subtest: Run projection fails closed for missing or cross-Session identity
ok 817 - Run projection fails closed for missing or cross-Session identity
  ---
  duration_ms: 0.171708
  type: 'test'
  ...
# Subtest: unknown status is distinct from an explicit empty recorded-file set
ok 818 - unknown status is distinct from an explicit empty recorded-file set
  ---
  duration_ms: 0.206292
  type: 'test'
  ...
# Subtest: loading, error, unavailable, and incompatible phases do not expose stale files
ok 819 - loading, error, unavailable, and incompatible phases do not expose stale files
  ---
  duration_ms: 0.301167
  type: 'test'
  ...
# Subtest: invalid artifact entries are filtered without turning unknown data into empty
ok 820 - invalid artifact entries are filtered without turning unknown data into empty
  ---
  duration_ms: 0.177542
  type: 'test'
  ...
# Subtest: readerUnavailable keeps file provenance but revokes every open capability
ok 821 - readerUnavailable keeps file provenance but revokes every open capability
  ---
  duration_ms: 0.054167
  type: 'test'
  ...
# Subtest: Run card starts collapsed with Files and Run information disclosures
ok 822 - Run card starts collapsed with Files and Run information disclosures
  ---
  duration_ms: 2.296625
  type: 'test'
  ...
# Subtest: Run card does not turn unknown or unavailable files into a zero count
ok 823 - Run card does not turn unknown or unavailable files into a zero count
  ---
  duration_ms: 0.299667
  type: 'test'
  ...
# Subtest: Run card rejects stale Open intents after identity or generation changes
ok 824 - Run card rejects stale Open intents after identity or generation changes
  ---
  duration_ms: 0.814458
  type: 'test'
  ...
# Subtest: Run card prevents duplicate async Open actions and preserves both disclosures and focus
ok 825 - Run card prevents duplicate async Open actions and preserves both disclosures and focus
  ---
  duration_ms: 4.291666
  type: 'test'
  ...
# Subtest: a late rejected action cannot block or annotate a replacement identity
ok 826 - a late rejected action cannot block or annotate a replacement identity
  ---
  duration_ms: 1.022458
  type: 'test'
  ...
# Subtest: Run card only offers Retry for an error and exposes callback failures
ok 827 - Run card only offers Retry for an error and exposes callback failures
  ---
  duration_ms: 0.690041
  type: 'test'
  ...
# Subtest: removing a focused Retry action returns focus to Run information and preserves both disclosures
ok 828 - removing a focused Retry action returns focus to Run information and preserves both disclosures
  ---
  duration_ms: 0.50975
  type: 'test'
  ...
# Subtest: Run card hides incompatible projection schemas instead of rendering stale details
ok 829 - Run card hides incompatible projection schemas instead of rendering stale details
  ---
  duration_ms: 0.269292
  type: 'test'
  ...
# Subtest: Summary run preserves the clicked opener when disabling it clears browser focus
ok 830 - Summary run preserves the clicked opener when disabling it clears browser focus
  ---
  duration_ms: 1.167958
  type: 'test'
  ...
# Subtest: Summary file preserves the clicked opener when disabling it clears browser focus
ok 831 - Summary file preserves the clicked opener when disabling it clears browser focus
  ---
  duration_ms: 0.663292
  type: 'test'
  ...
# Subtest: Summary file focus identity follows the recorded version when files reorder
ok 832 - Summary file focus identity follows the recorded version when files reorder
  ---
  duration_ms: 0.968416
  type: 'test'
  ...
# (node:2105) ExperimentalWarning: SQLite is an experimental feature and might change at any time
# (Use `node --trace-warnings ...` to show where the warning was created)
# Subtest: T-SYNC-1: afterSeq past the server's last seq is 400 cursor_ahead and reports nextSeq
ok 833 - T-SYNC-1: afterSeq past the server's last seq is 400 cursor_ahead and reports nextSeq
  ---
  duration_ms: 144.366209
  type: 'test'
  ...
# Subtest: T-SYNC-2: repeating a request for the same seq is idempotent and the sequence has no gaps
ok 834 - T-SYNC-2: repeating a request for the same seq is idempotent and the sequence has no gaps
  ---
  duration_ms: 1100.773041
  type: 'test'
  ...
# Subtest: T-SYNC-3: snapshot lastSeq joins the event stream with no gap and no overlap, 50x under concurrent writes
ok 835 - T-SYNC-3: snapshot lastSeq joins the event stream with no gap and no overlap, 50x under concurrent writes
  ---
  duration_ms: 2021.233542
  type: 'test'
  ...
# Subtest: T-SYNC-4: polling and re-cancelling after a terminal state changes nothing
ok 836 - T-SYNC-4: polling and re-cancelling after a terminal state changes nothing
  ---
  duration_ms: 520.324292
  type: 'test'
  ...
# Subtest: host timing has independent request origins and preserves missing versus measured zero
ok 837 - host timing has independent request origins and preserves missing versus measured zero
  ---
  duration_ms: 1.719375
  type: 'test'
  ...
# Subtest: out-of-interval observations stay in detail and do not become clamped chart marks
ok 838 - out-of-interval observations stay in detail and do not become clamped chart marks
  ---
  duration_ms: 0.076041
  type: 'test'
  ...
# Subtest: request view uses one on-demand disclosure, preserves semantic gaps and restores its open state
ok 839 - request view uses one on-demand disclosure, preserves semantic gaps and restores its open state
  ---
  duration_ms: 1.760917
  type: 'test'
  ...
# Subtest: missing usage stays unknown and a reported request estimate keeps its method
ok 840 - missing usage stays unknown and a reported request estimate keeps its method
  ---
  duration_ms: 16.277708
  type: 'test'
  ...
# Subtest: all historical requests share the same outer disclosure while compact views select only the latest
ok 841 - all historical requests share the same outer disclosure while compact views select only the latest
  ---
  duration_ms: 0.802917
  type: 'test'
  ...
# Subtest: malformed v1 metadata is rejected while out-of-interval timing remains inspectable
ok 842 - malformed v1 metadata is rejected while out-of-interval timing remains inspectable
  ---
  duration_ms: 0.155333
  type: 'test'
  ...
# Subtest: request detail distinguishes runtime and provider aliases while retaining historical records
ok 843 - request detail distinguishes runtime and provider aliases while retaining historical records
  ---
  duration_ms: 2.336875
  type: 'test'
  ...
# Subtest: effort detail separates requested intent, SDK settings and unobserved provider behavior
ok 844 - effort detail separates requested intent, SDK settings and unobserved provider behavior
  ---
  duration_ms: 0.815541
  type: 'test'
  ...
# Subtest: thread projection scopes runs and resolves exact permission request
ok 845 - thread projection scopes runs and resolves exact permission request
  ---
  duration_ms: 1.070833
  type: 'test'
  ...
# Subtest: tool calls with identical IDs in different runs remain separate and require live admission
ok 846 - tool calls with identical IDs in different runs remain separate and require live admission
  ---
  duration_ms: 0.419042
  type: 'test'
  ...
# Subtest: permission display distinguishes remote actions from writes using only the recorded binding
ok 847 - permission display distinguishes remote actions from writes using only the recorded binding
  ---
  duration_ms: 0.187833
  type: 'test'
  ...
# Subtest: one tool state vocabulary serves both chat presentations
ok 848 - one tool state vocabulary serves both chat presentations
  ---
  duration_ms: 0.08
  type: 'test'
  ...
# Subtest: the long-message preview reads as words and never replaces the original
ok 849 - the long-message preview reads as words and never replaces the original
  ---
  duration_ms: 0.611791
  type: 'test'
  ...
# (node:2347) ExperimentalWarning: SQLite is an experimental feature and might change at any time
# (Use `node --trace-warnings ...` to show where the warning was created)
# Subtest: Usage keeps UTC start-day, route identity, partial/zero/unknown and global scope
ok 850 - Usage keeps UTC start-day, route identity, partial/zero/unknown and global scope
  ---
  duration_ms: 3.329916
  type: 'test'
  ...
# Subtest: model route keys include exact endpoint without leaking endpoint in overview
ok 851 - model route keys include exact endpoint without leaking endpoint in overview
  ---
  duration_ms: 0.310709
  type: 'test'
  ...
# Subtest: chart series and Other membership sum exactly and ties never split heatmap levels
ok 852 - chart series and Other membership sum exactly and ties never split heatmap levels
  ---
  duration_ms: 0.879541
  type: 'test'
  ...
# Subtest: matching runs require same snapshot and preserve model/date filter through pagination
ok 853 - matching runs require same snapshot and preserve model/date filter through pagination
  ---
  duration_ms: 0.219125
  type: 'test'
  ...
# Subtest: combined token overflow fails closed and malformed frontend DTOs are rejected
ok 854 - combined token overflow fails closed and malformed frontend DTOs are rejected
  ---
  duration_ms: 0.285417
  type: 'test'
  ...
# Subtest: HTTP Usage scope, strict input and changed-snapshot rejection use actual retained Runs
ok 855 - HTTP Usage scope, strict input and changed-snapshot rejection use actual retained Runs
  ---
  duration_ms: 528.179916
  type: 'test'
  ...
# Subtest: Usage calendar shares Home Monday-first orientation with bounded keyboard movement
ok 856 - Usage calendar shares Home Monday-first orientation with bounded keyboard movement
  ---
  duration_ms: 0.575833
  type: 'test'
  ...
# Subtest: overview rejects malformed dates, scope, counts and incoherent model totals
ok 857 - overview rejects malformed dates, scope, counts and incoherent model totals
  ---
  duration_ms: 0.653583
  type: 'test'
  ...
# Subtest: drilldown rejects malformed rows, wrong observation echo and unsafe pagination
ok 858 - drilldown rejects malformed rows, wrong observation echo and unsafe pagination
  ---
  duration_ms: 1.901667
  type: 'test'
  ...
# Subtest: drilldown accepts a persisted stopping run without turning it into stopped
ok 859 - drilldown accepts a persisted stopping run without turning it into stopped
  ---
  duration_ms: 0.489542
  type: 'test'
  ...
# Subtest: Usage local return restores its origin and rejects late drill responses
ok 860 - Usage local return restores its origin and rejects late drill responses
  ---
  duration_ms: 40.605292
  type: 'test'
  ...
# (node:2784) ExperimentalWarning: SQLite is an experimental feature and might change at any time
# (Use `node --trace-warnings ...` to show where the warning was created)
# Subtest: versioned revision action executes after acceptance, preserves history, and rejects stale or forged actions
ok 861 - versioned revision action executes after acceptance, preserves history, and rejects stale or forged actions
  ---
  duration_ms: 632.639291
  type: 'test'
  ...
# Subtest: unresolved and source-stale parents can be revised only with currently verified NDA input
ok 862 - unresolved and source-stale parents can be revised only with currently verified NDA input
  ---
  duration_ms: 480.111917
  type: 'test'
  ...
# Subtest: host active Run, producer unload, incompatible packet, and stale generation offer no usable mutation
ok 863 - host active Run, producer unload, incompatible packet, and stale generation offer no usable mutation
  ---
  duration_ms: 1001.289875
  type: 'test'
  ...
# Subtest: artifact read is paged by code point and bound to an open trusted Matter/Run
ok 864 - artifact read is paged by code point and bound to an open trusted Matter/Run
  ---
  duration_ms: 84.159791
  type: 'test'
  ...
# (node:4807) ExperimentalWarning: SQLite is an experimental feature and might change at any time
# (Use `node --trace-warnings ...` to show where the warning was created)
# Subtest: model and human projections preserve source/contract/base applicability without granting authority
ok 865 - model and human projections preserve source/contract/base applicability without granting authority
  ---
  duration_ms: 1.220417
  type: 'test'
  ...
# Subtest: HTTP accepted short/25k/100k text resumes in new Session with scoped artifact pages; URLs are content
ok 866 - HTTP accepted short/25k/100k text resumes in new Session with scoped artifact pages; URLs are content
  ---
  duration_ms: 2143.315333
  type: 'test'
  ...
# (node:4808) ExperimentalWarning: SQLite is an experimental feature and might change at any time
# (Use `node --trace-warnings ...` to show where the warning was created)
# Subtest: same Matter in new Session, project isolation, detach to chat, producer absent restart history
ok 867 - same Matter in new Session, project isolation, detach to chat, producer absent restart history
  ---
  duration_ms: 1212.892458
  type: 'test'
  ...
# Subtest: provider provenance is host-derived and preserves prior simulation records (real-route protocol uses loopback fixture)
ok 868 - provider provenance is host-derived and preserves prior simulation records (real-route protocol uses loopback fixture)
  ---
  duration_ms: 372.538125
  type: 'test'
  ...
# Subtest: concurrent Session admission is serialized before either execution starts
ok 869 - concurrent Session admission is serialized before either execution starts
  ---
  duration_ms: 953.115292
  type: 'test'
  ...
# Subtest: Core independent lifecycle: receipt/CAS/authority, revisions and immutable historical membership
ok 870 - Core independent lifecycle: receipt/CAS/authority, revisions and immutable historical membership
  ---
  duration_ms: 146.49475
  type: 'test'
  ...
# Subtest: Core worker is single writer; terminal and unknown runs cannot admit fresh model proposals
ok 871 - Core worker is single writer; terminal and unknown runs cannot admit fresh model proposals
  ---
  duration_ms: 130.248875
  type: 'test'
  ...
# Subtest: real transaction SIGKILL before commit and after commit before acknowledgement yields unique recoverable effect
ok 872 - real transaction SIGKILL before commit and after commit before acknowledgement yields unique recoverable effect
  ---
  duration_ms: 751.106959
  type: 'test'
  ...
# Subtest: v1 migration backs up original, retains current source membership; failed schema migration rolls back
ok 873 - v1 migration backs up original, retains current source membership; failed schema migration rolls back
  ---
  duration_ms: 458.385417
  type: 'test'
  ...
# Subtest: missing application metadata fails closed; terminal Run cannot change or claim another candidate
ok 874 - missing application metadata fails closed; terminal Run cannot change or claim another candidate
  ---
  duration_ms: 250.24625
  type: 'test'
  ...
# (node:5098) ExperimentalWarning: SQLite is an experimental feature and might change at any time
# (Use `node --trace-warnings ...` to show where the warning was created)
# Subtest: BE41-A HTTP snapshot binds project identity and rejects off-page changes
ok 875 - BE41-A HTTP snapshot binds project identity and rejects off-page changes
  ---
  duration_ms: 181.708209
  type: 'test'
  ...
# Subtest: BE41-A HTTP keeps a top-level snapshot token on an empty beyond-total page
ok 876 - BE41-A HTTP keeps a top-level snapshot token on an empty beyond-total page
  ---
  duration_ms: 141.773833
  type: 'test'
  ...
# Subtest: BE41-A preserves FILE/Matter version zero and reports source revision zero as partial
ok 877 - BE41-A preserves FILE/Matter version zero and reports source revision zero as partial
  ---
  duration_ms: 169.635833
  type: 'test'
  ...
# Subtest: BE41-A staleRefs thresholds 19/20/21 retain exact refs and truncation
ok 878 - BE41-A staleRefs thresholds 19/20/21 retain exact refs and truncation
  ---
  duration_ms: 111.516333
  type: 'test'
  ...
# (node:5564) ExperimentalWarning: SQLite is an experimental feature and might change at any time
# (Use `node --trace-warnings ...` to show where the warning was created)
# Subtest: BE41 empty/zero, project scope, stable pages and stale snapshot rejection without writes
ok 879 - BE41 empty/zero, project scope, stable pages and stale snapshot rejection without writes
  ---
  duration_ms: 166.512584
  type: 'test'
  ...
# Subtest: BE41 exact status counts, immutable lineage, 20-ref truncation and source membership diff
ok 880 - BE41 exact status counts, immutable lineage, 20-ref truncation and source membership diff
  ---
  duration_ms: 92.958875
  type: 'test'
  ...
# Subtest: BE41 migrated missing source history gives null counts and project-wide partial coverage
ok 881 - BE41 migrated missing source history gives null counts and project-wide partial coverage
  ---
  duration_ms: 160.939
  type: 'test'
  ...
# Subtest: BE41 authenticated HTTP validates queries; no Session or producer required
ok 882 - BE41 authenticated HTTP validates queries; no Session or producer required
  ---
  duration_ms: 170.882334
  type: 'test'
  ...
# Subtest: BE41 source rollback is real, large diffs are partial, and policy/off-page membership invalidates tokens
ok 883 - BE41 source rollback is real, large diffs are partial, and policy/off-page membership invalidates tokens
  ---
  duration_ms: 190.708875
  type: 'test'
  ...
# Subtest: BE41 oversized identity metadata refuses explicitly rather than breaking the worker frame
ok 884 - BE41 oversized identity metadata refuses explicitly rather than breaking the worker frame
  ---
  duration_ms: 92.945417
  type: 'test'
  ...
# (node:5565) ExperimentalWarning: SQLite is an experimental feature and might change at any time
# (Use `node --trace-warnings ...` to show where the warning was created)
# Subtest: Core SIGKILL before commit / after commit before ACK, followed by HTTP receipt reconciliation and continuation
ok 885 - Core SIGKILL before commit / after commit before ACK, followed by HTTP receipt reconciliation and continuation
  ---
  duration_ms: 1339.007
  type: 'test'
  ...
# {"stage":"before_commit","signal":"SIGKILL","receiptBeforeRetry":null,"artifactBeforeRetry":null,"afterRetry":{"candidate_hash":"c33533760586e0df0bec290c970b33f7a68d0dc4b59163baa922c64d1527737f","candidate_id":"candidate-53d080f2a7101e03dad5a7781be947a08b08eeded85ef626b2b16a6cad0f58e1","content":"Synthetic artifact","content_digest":"39e1e275ef10883426ac72410d1124562e9810a8938310b9db3608b7385515ca","id":"artifact-candidate-53d080f2a7101e03dad5a7781be947a08b08eeded85ef626b2b16a6cad0f58e1-1"},"durable":{"work":{"id":"matter-e2f46ac0-d361-4dee-8aa5-06c0cf3959f4","version":1,"contract_version":"se-contract-v5.0","source_version":1,"active_artifact":"artifact-candidate-53d080f2a7101e03dad5a7781be947a08b08eeded85ef626b2b16a6cad0f58e1-1","obligations_json":"[{\\"blocking\\":false,\\"evidence_refs\\":[],\\"id\\":\\"follow-up\\",\\"status\\":\\"open\\",\\"text\\":\\"Confirm the owner\\"}]"},"artifact":{"id":"artifact-candidate-53d080f2a7101e03dad5a7781be947a08b08eeded85ef626b2b16a6cad0f58e1-1","candidate_id":"candidate-53d080f2a7101e03dad5a7781be947a08b08eeded85ef626b2b16a6cad0f58e1","candidate_hash":"c33533760586e0df0bec290c970b33f7a68d0dc4b59163baa922c64d1527737f","content":"Synthetic artifact","content_digest":"39e1e275ef10883426ac72410d1124562e9810a8938310b9db3608b7385515ca"},"decisions":[{"request_id":"crash-request","matter_id":"matter-e2f46ac0-d361-4dee-8aa5-06c0cf3959f4","candidate_id":"candidate-53d080f2a7101e03dad5a7781be947a08b08eeded85ef626b2b16a6cad0f58e1","action":"accept","reason":"Synthetic review","actor_json":"{\\"id\\":\\"reviewer-1\\",\\"kind\\":\\"local_reviewer\\"}","scope_json":"{\\"base_version\\":0,\\"candidate_id\\":\\"candidate-53d080f2a7101e03dad5a7781be947a08b08eeded85ef626b2b16a6cad0f58e1\\",\\"matter_id\\":\\"matter-e2f46ac0-d361-4dee-8aa5-06c0cf3959f4\\",\\"run_id\\":\\"35d3a15e-70fb-4f8a-a672-4ac8e3357763\\"}","result_json":"{\\"action\\":\\"accept\\",\\"active_artifact\\":\\"artifact-candidate-53d080f2a7101e03dad5a7781be947a08b08eeded85ef626b2b16a6cad0f58e1-1\\",\\"candidate_id\\":\\"candidate-53d080f2a7101e03dad5a7781be947a08b08eeded85ef626b2b16a6cad0f58e1\\",\\"matter_id\\":\\"matter-e2f46ac0-d361-4dee-8aa5-06c0cf3959f4\\",\\"request_id\\":\\"crash-request\\",\\"version\\":1}"}],"audits":[{"id":1,"request_id":"crash-request","matter_id":"matter-e2f46ac0-d361-4dee-8aa5-06c0cf3959f4","candidate_id":"candidate-53d080f2a7101e03dad5a7781be947a08b08eeded85ef626b2b16a6cad0f58e1","action":"accept","actor_json":"{\\"id\\":\\"reviewer-1\\",\\"kind\\":\\"local_reviewer\\"}","scope_json":"{\\"base_version\\":0,\\"candidate_id\\":\\"candidate-53d080f2a7101e03dad5a7781be947a08b08eeded85ef626b2b16a6cad0f58e1\\",\\"matter_id\\":\\"matter-e2f46ac0-d361-4dee-8aa5-06c0cf3959f4\\",\\"run_id\\":\\"35d3a15e-70fb-4f8a-a672-4ac8e3357763\\"}","result_json":"{\\"action\\":\\"accept\\",\\"active_artifact\\":\\"artifact-candidate-53d080f2a7101e03dad5a7781be947a08b08eeded85ef626b2b16a6cad0f58e1-1\\",\\"candidate_id\\":\\"candidate-53d080f2a7101e03dad5a7781be947a08b08eeded85ef626b2b16a6cad0f58e1\\",\\"matter_id\\":\\"matter-e2f46ac0-d361-4dee-8aa5-06c0cf3959f4\\",\\"request_id\\":\\"crash-request\\",\\"version\\":1}"}],"receipts":[{"request_id":"crash-request","request_hash":"59d17de580f7c3e89ca3c60181c3f8959748b23ca7c9a5930b4881cd1fbbd5bd","result_json":"{\\"action\\":\\"accept\\",\\"active_artifact\\":\\"artifact-candidate-53d080f2a7101e03dad5a7781be947a08b08eeded85ef626b2b16a6cad0f58e1-1\\",\\"candidate_id\\":\\"candidate-53d080f2a7101e03dad5a7781be947a08b08eeded85ef626b2b16a6cad0f58e1\\",\\"matter_id\\":\\"matter-e2f46ac0-d361-4dee-8aa5-06c0cf3959f4\\",\\"request_id\\":\\"crash-request\\",\\"version\\":1}"}]},"obligations":[{"blocking":false,"evidence_refs":[],"id":"follow-up","status":"open","text":"Confirm the owner"}],"continued":{"candidate_hash":"5f0d26ef2f224577f6c0ce26010f1a184a237ab49504f66acd28ab3893ac3ebd","candidate_id":"continued","content":"Continued after recovery","content_digest":"424b1590fcf0bdf9e2bf2b4b6617e165c9f4e12885c7839198500fefaf5faeae","id":"artifact-continued-2"}}
# {"stage":"after_commit_before_ack","signal":"SIGKILL","receiptBeforeRetry":{"action":"accept","active_artifact":"artifact-candidate-27b81c0c552a589f09014ad33bd82e544f2335818c101a02ae57ded546f33f36-1","candidate_id":"candidate-27b81c0c552a589f09014ad33bd82e544f2335818c101a02ae57ded546f33f36","matter_id":"matter-3691b4ec-4d20-41bf-b1c4-056b3e871c21","request_id":"crash-request","version":1},"artifactBeforeRetry":{"candidate_hash":"edc8c776e16526a98884944aa13833bccc46a35a06a9dd64b3d933c7f44c1c60","candidate_id":"candidate-27b81c0c552a589f09014ad33bd82e544f2335818c101a02ae57ded546f33f36","content":"Synthetic artifact","content_digest":"39e1e275ef10883426ac72410d1124562e9810a8938310b9db3608b7385515ca","id":"artifact-candidate-27b81c0c552a589f09014ad33bd82e544f2335818c101a02ae57ded546f33f36-1"},"afterRetry":{"candidate_hash":"edc8c776e16526a98884944aa13833bccc46a35a06a9dd64b3d933c7f44c1c60","candidate_id":"candidate-27b81c0c552a589f09014ad33bd82e544f2335818c101a02ae57ded546f33f36","content":"Synthetic artifact","content_digest":"39e1e275ef10883426ac72410d1124562e9810a8938310b9db3608b7385515ca","id":"artifact-candidate-27b81c0c552a589f09014ad33bd82e544f2335818c101a02ae57ded546f33f36-1"},"durable":{"work":{"id":"matter-3691b4ec-4d20-41bf-b1c4-056b3e871c21","version":1,"contract_version":"se-contract-v5.0","source_version":1,"active_artifact":"artifact-candidate-27b81c0c552a589f09014ad33bd82e544f2335818c101a02ae57ded546f33f36-1","obligations_json":"[{\\"blocking\\":false,\\"evidence_refs\\":[],\\"id\\":\\"follow-up\\",\\"status\\":\\"open\\",\\"text\\":\\"Confirm the owner\\"}]"},"artifact":{"id":"artifact-candidate-27b81c0c552a589f09014ad33bd82e544f2335818c101a02ae57ded546f33f36-1","candidate_id":"candidate-27b81c0c552a589f09014ad33bd82e544f2335818c101a02ae57ded546f33f36","candidate_hash":"edc8c776e16526a98884944aa13833bccc46a35a06a9dd64b3d933c7f44c1c60","content":"Synthetic artifact","content_digest":"39e1e275ef10883426ac72410d1124562e9810a8938310b9db3608b7385515ca"},"decisions":[{"request_id":"crash-request","matter_id":"matter-3691b4ec-4d20-41bf-b1c4-056b3e871c21","candidate_id":"candidate-27b81c0c552a589f09014ad33bd82e544f2335818c101a02ae57ded546f33f36","action":"accept","reason":"Synthetic review","actor_json":"{\\"id\\":\\"reviewer-1\\",\\"kind\\":\\"local_reviewer\\"}","scope_json":"{\\"base_version\\":0,\\"candidate_id\\":\\"candidate-27b81c0c552a589f09014ad33bd82e544f2335818c101a02ae57ded546f33f36\\",\\"matter_id\\":\\"matter-3691b4ec-4d20-41bf-b1c4-056b3e871c21\\",\\"run_id\\":\\"d70f1e9d-f199-4c82-8274-383c3153a4bc\\"}","result_json":"{\\"action\\":\\"accept\\",\\"active_artifact\\":\\"artifact-candidate-27b81c0c552a589f09014ad33bd82e544f2335818c101a02ae57ded546f33f36-1\\",\\"candidate_id\\":\\"candidate-27b81c0c552a589f09014ad33bd82e544f2335818c101a02ae57ded546f33f36\\",\\"matter_id\\":\\"matter-3691b4ec-4d20-41bf-b1c4-056b3e871c21\\",\\"request_id\\":\\"crash-request\\",\\"version\\":1}"}],"audits":[{"id":1,"request_id":"crash-request","matter_id":"matter-3691b4ec-4d20-41bf-b1c4-056b3e871c21","candidate_id":"candidate-27b81c0c552a589f09014ad33bd82e544f2335818c101a02ae57ded546f33f36","action":"accept","actor_json":"{\\"id\\":\\"reviewer-1\\",\\"kind\\":\\"local_reviewer\\"}","scope_json":"{\\"base_version\\":0,\\"candidate_id\\":\\"candidate-27b81c0c552a589f09014ad33bd82e544f2335818c101a02ae57ded546f33f36\\",\\"matter_id\\":\\"matter-3691b4ec-4d20-41bf-b1c4-056b3e871c21\\",\\"run_id\\":\\"d70f1e9d-f199-4c82-8274-383c3153a4bc\\"}","result_json":"{\\"action\\":\\"accept\\",\\"active_artifact\\":\\"artifact-candidate-27b81c0c552a589f09014ad33bd82e544f2335818c101a02ae57ded546f33f36-1\\",\\"candidate_id\\":\\"candidate-27b81c0c552a589f09014ad33bd82e544f2335818c101a02ae57ded546f33f36\\",\\"matter_id\\":\\"matter-3691b4ec-4d20-41bf-b1c4-056b3e871c21\\",\\"request_id\\":\\"crash-request\\",\\"version\\":1}"}],"receipts":[{"request_id":"crash-request","request_hash":"784bd572aeebb81e8282472d3407e86057976c576cdaa1e425c64d9187ea06b4","result_json":"{\\"action\\":\\"accept\\",\\"active_artifact\\":\\"artifact-candidate-27b81c0c552a589f09014ad33bd82e544f2335818c101a02ae57ded546f33f36-1\\",\\"candidate_id\\":\\"candidate-27b81c0c552a589f09014ad33bd82e544f2335818c101a02ae57ded546f33f36\\",\\"matter_id\\":\\"matter-3691b4ec-4d20-41bf-b1c4-056b3e871c21\\",\\"request_id\\":\\"crash-request\\",\\"version\\":1}"}]},"obligations":[{"blocking":false,"evidence_refs":[],"id":"follow-up","status":"open","text":"Confirm the owner"}],"continued":{"candidate_hash":"13c95555bf22d32ca4017c367438565326202adfcf566a987081643127de3ac8","candidate_id":"continued","content":"Continued after recovery","content_digest":"424b1590fcf0bdf9e2bf2b4b6617e165c9f4e12885c7839198500fefaf5faeae","id":"artifact-continued-2"}}
# Subtest: HTTP stale source refusal, producer unload/read-only/reload and legal revised completion
ok 886 - HTTP stale source refusal, producer unload/read-only/reload and legal revised completion
  ---
  duration_ms: 210.686959
  type: 'test'
  ...
# (node:5870) ExperimentalWarning: SQLite is an experimental feature and might change at any time
# (Use `node --trace-warnings ...` to show where the warning was created)
# Subtest: UTC bins count unique retained run IDs, every status, and start time rather than end time
ok 887 - UTC bins count unique retained run IDs, every status, and start time rather than end time
  ---
  duration_ms: 1.692167
  type: 'test'
  ...
# Subtest: empty differs from reported zero and aggregate overflow fails instead of rounding
ok 888 - empty differs from reported zero and aggregate overflow fails instead of rounding
  ---
  duration_ms: 0.469333
  type: 'test'
  ...
# Subtest: summary UTC filter uses each collection timestamp before pagination
ok 889 - summary UTC filter uses each collection timestamp before pagination
  ---
  duration_ms: 0.370708
  type: 'test'
  ...
# Subtest: authenticated HTTP metrics are read-only, survive restart, and honestly shrink after deletion
ok 890 - authenticated HTTP metrics are read-only, survive restart, and honestly shrink after deletion
  ---
  duration_ms: 661.851542
  type: 'test'
  ...
# Subtest: read during an unpublished mutation sees the whole previous snapshot
ok 891 - read during an unpublished mutation sees the whole previous snapshot
  ---
  duration_ms: 426.236625
  type: 'test'
  ...
# Subtest: available summary stays visible at zero and opens the existing Work review
ok 892 - available summary stays visible at zero and opens the existing Work review
  ---
  duration_ms: 3.674833
  type: 'test'
  ...
# Subtest: candidate, stale and read-only facts remain separate without an impossible ready count
ok 893 - candidate, stale and read-only facts remain separate without an impossible ready count
  ---
  duration_ms: 0.844958
  type: 'test'
  ...
# Subtest: pending count stays a single compact fact when all or only some candidates are reviewable
ok 894 - pending count stays a single compact fact when all or only some candidates are reviewable
  ---
  duration_ms: 0.512417
  type: 'test'
  ...
# Subtest: refresh clears old facts while loading and on failure
ok 895 - refresh clears old facts while loading and on failure
  ---
  duration_ms: 0.902625
  type: 'test'
  ...
# Subtest: late and mismatched responses cannot replace the current scope
ok 896 - late and mismatched responses cannot replace the current scope
  ---
  duration_ms: 0.653458
  type: 'test'
  ...
# Subtest: a view outside the current scope does not start a request
ok 897 - a view outside the current scope does not start a request
  ---
  duration_ms: 0.244458
  type: 'test'
  ...
# Subtest: summary reread returns detached keyboard focus without stealing a later user focus
ok 898 - summary reread returns detached keyboard focus without stealing a later user focus
  ---
  duration_ms: 0.697084
  type: 'test'
  ...
# (node:6003) ExperimentalWarning: SQLite is an experimental feature and might change at any time
# (Use `node --trace-warnings ...` to show where the warning was created)
# Subtest: Core review summary follows pending, decision, new Session and lifecycle without returning bodies
ok 899 - Core review summary follows pending, decision, new Session and lifecycle without returning bodies
  ---
  duration_ms: 619.9525
  type: 'test'
  ...
# Subtest: Core review summary keeps stale pending and domain review separate from authority to accept
ok 900 - Core review summary keeps stale pending and domain review separate from authority to accept
  ---
  duration_ms: 368.760417
  type: 'test'
  ...
# Subtest: Core review summary does not turn missing Core projections or failures into zero pending
ok 901 - Core review summary does not turn missing Core projections or failures into zero pending
  ---
  duration_ms: 159.871583
  type: 'test'
  ...
# (node:6084) ExperimentalWarning: SQLite is an experimental feature and might change at any time
# (Use `node --trace-warnings ...` to show where the warning was created)
# Subtest: Pro R-01: before-write never reports completed or discards settlement error
ok 902 - Pro R-01: before-write never reports completed or discards settlement error
  ---
  duration_ms: 979.398167
  type: 'test'
  ...
# Subtest: Pro R-01: after-write-ack-loss never reports completed or discards settlement error
ok 903 - Pro R-01: after-write-ack-loss never reports completed or discards settlement error
  ---
  duration_ms: 647.106
  type: 'test'
  ...
# Subtest: Pro R-01: cancel-and-finish-failure never reports completed or discards settlement error
ok 904 - Pro R-01: cancel-and-finish-failure never reports completed or discards settlement error
  ---
  duration_ms: 502.990875
  type: 'test'
  ...
# Subtest: Pro R-02: ordinary first instruction discovers scoped source refs only from host context
ok 905 - Pro R-02: ordinary first instruction discovers scoped source refs only from host context
  ---
  duration_ms: 498.64875
  type: 'test'
  ...
# Subtest: Pro R-04: intermediate tool updates stay nonterminal until end
ok 906 - Pro R-04: intermediate tool updates stay nonterminal until end
  ---
  duration_ms: 2.116791
  type: 'test'
  ...
# Subtest: summary sees one published view across paused resolve persistence
ok 907 - summary sees one published view across paused resolve persistence
  ---
  duration_ms: 51.590792
  type: 'test'
  ...
# Subtest: summary sees one published view across paused cancel persistence
ok 908 - summary sees one published view across paused cancel persistence
  ---
  duration_ms: 46.020458
  type: 'test'
  ...
# (node:6217) ExperimentalWarning: SQLite is an experimental feature and might change at any time
# (Use `node --trace-warnings ...` to show where the warning was created)
# Subtest: work summary distinguishes empty, no-run, completed, failed and unknown
ok 909 - work summary distinguishes empty, no-run, completed, failed and unknown
  ---
  duration_ms: 1593.217542
  type: 'test'
  ...
# Subtest: live ask_user and permission entries disappear after answer or cancel, and stale posts remain 409
ok 910 - live ask_user and permission entries disappear after answer or cancel, and stale posts remain 409
  ---
  duration_ms: 1501.7135
  type: 'test'
  ...
# Subtest: summary excludes stale question states and paginates pending/inspection by project with a union of lastSeq
ok 911 - summary excludes stale question states and paginates pending/inspection by project with a union of lastSeq
  ---
  duration_ms: 95.836375
  type: 'test'
  ...
# Subtest: restart hides the old live question, exposes its unknown Run, and a new Run gets a new ID
ok 912 - restart hides the old live question, exposes its unknown Run, and a new Run gets a new ID
  ---
  duration_ms: 1518.710334
  type: 'test'
  ...
# Subtest: summary keeps project sources separate and has deterministic tie ordering, offsets and bounds
ok 913 - summary keeps project sources separate and has deterministic tie ordering, offsets and bounds
  ---
  duration_ms: 77.620375
  type: 'test'
  ...
# Subtest: summary is allowlisted and read-only; unauthorized and failed reads are errors rather than empty results
ok 914 - summary is allowlisted and read-only; unauthorized and failed reads are errors rather than empty results
  ---
  duration_ms: 229.494208
  type: 'test'
  ...
# Subtest: CC-W 第 0 项 · 工作面定性按视口分档，旧的 not-a-third-column 已不在文档里
ok 915 - CC-W 第 0 项 · 工作面定性按视口分档，旧的 not-a-third-column 已不在文档里
  ---
  duration_ms: 0.595042
  type: 'test'
  ...
# Subtest: CC-W 第 0 项 · 尺寸 token 表登记了 ≥1680 断点、--doc-min 与正文行宽上限
ok 916 - CC-W 第 0 项 · 尺寸 token 表登记了 ≥1680 断点、--doc-min 与正文行宽上限
  ---
  duration_ms: 0.1625
  type: 'test'
  ...
# Subtest: CC-W 第 0 项 · M-9 在途换词不换宽度，按钮元素本身不被替换
ok 917 - CC-W 第 0 项 · M-9 在途换词不换宽度，按钮元素本身不被替换
  ---
  duration_ms: 0.218541
  type: 'test'
  ...
# Subtest: CC-W 第 0 项 · M-10 tooltip 共享延迟：首个 400，窗口内相邻即时
ok 918 - CC-W 第 0 项 · M-10 tooltip 共享延迟：首个 400，窗口内相邻即时
  ---
  duration_ms: 0.135417
  type: 'test'
  ...
# Subtest: CC-W 1 · 文档 tab 只有一个，身份由既有字段拼出，不新增 scope 字段
ok 919 - CC-W 1 · 文档 tab 只有一个，身份由既有字段拼出，不新增 scope 字段
  ---
  duration_ms: 0.833
  type: 'test'
  ...
# Subtest: CC-W 1 · 选中区与关闭区分开；类型 tab 没有关闭区；关闭是明确动作
ok 920 - CC-W 1 · 选中区与关闭区分开；类型 tab 没有关闭区；关闭是明确动作
  ---
  duration_ms: 0.345583
  type: 'test'
  ...
# Subtest: CC-W 2 · B 态是视图切换：聊天列 hidden + inert，没有遮罩，没有浮层材质
ok 921 - CC-W 2 · B 态是视图切换：聊天列 hidden + inert，没有遮罩，没有浮层材质
  ---
  duration_ms: 0.312208
  type: 'test'
  ...
# Subtest: CC-W 3 · C 态是三条真的列轨，各自滚动，chrome 同一基线
ok 922 - CC-W 3 · C 态是三条真的列轨，各自滚动，chrome 同一基线
  ---
  duration_ms: 0.348625
  type: 'test'
  ...
# Subtest: CC-W 2 / 3 · 返回控件不在 tablist 里，也不占顶带那个槽位
ok 923 - CC-W 2 / 3 · 返回控件不在 tablist 里，也不占顶带那个槽位
  ---
  duration_ms: 0.484958
  type: 'test'
  ...
# Subtest: CC-W 4 / 5 · 面板宽 ≠ 正文行宽；滚动位置在没有布局盒时不被抹成 0
ok 924 - CC-W 4 / 5 · 面板宽 ≠ 正文行宽；滚动位置在没有布局盒时不被抹成 0
  ---
  duration_ms: 0.492834
  type: 'test'
  ...
# Subtest: CC-W 1 · agent activity 是 tab 上的一个记号，不是 banner，不只靠颜色
ok 925 - CC-W 1 · agent activity 是 tab 上的一个记号，不是 banner，不只靠颜色
  ---
  duration_ms: 0.281041
  type: 'test'
  ...
# (node:6351) ExperimentalWarning: SQLite is an experimental feature and might change at any time
# (Use `node --trace-warnings ...` to show where the warning was created)
# Subtest: T-WS-1: '..' path segments are rejected
ok 926 - T-WS-1: '..' path segments are rejected
  ---
  duration_ms: 2.684
  type: 'test'
  ...
# Subtest: T-WS-2: absolute paths are rejected
ok 927 - T-WS-2: absolute paths are rejected
  ---
  duration_ms: 0.338083
  type: 'test'
  ...
# Subtest: T-WS-3: symlink escape is rejected
ok 928 - T-WS-3: symlink escape is rejected
  ---
  duration_ms: 0.824208
  type: 'test'
  ...
# Subtest: T-WS-4: an over-limit file is rejected by ws_read (throws; pi-agent-core turns a thrown tool error into isError:true)
ok 929 - T-WS-4: an over-limit file is rejected by ws_read (throws; pi-agent-core turns a thrown tool error into isError:true)
  ---
  duration_ms: 1.272167
  type: 'test'
  ...
# Subtest: T-WS-5: ws_read then ws_write round-trips through the workspace endpoints
ok 930 - T-WS-5: ws_read then ws_write round-trips through the workspace endpoints
  ---
  duration_ms: 610.555459
  type: 'test'
  ...
# Subtest: materials endpoint rejects path separators in the name
ok 931 - materials endpoint rejects path separators in the name
  ---
  duration_ms: 77.781042
  type: 'test'
  ...
# Subtest: addMaterial rejects content over the 1 MiB limit (service-level, below the HTTP body cap)
ok 932 - addMaterial rejects content over the 1 MiB limit (service-level, below the HTTP body cap)
  ---
  duration_ms: 71.271084
  type: 'test'
  ...
# Subtest: T-WS-6: repeated writes yield two content versions and one current file
ok 933 - T-WS-6: repeated writes yield two content versions and one current file
  ---
  duration_ms: 842.4965
  type: 'test'
  ...
# Subtest: addMaterial routes through the shared path guard, which rejects a '..' name
ok 934 - addMaterial routes through the shared path guard, which rejects a '..' name
  ---
  duration_ms: 65.928375
  type: 'test'
  ...
# Subtest: T-ART-1: a completed run with no write has no artifacts and no acceptance field
ok 935 - T-ART-1: a completed run with no write has no artifacts and no acceptance field
  ---
  duration_ms: 451.940292
  type: 'test'
  ...
# Subtest: T-ART-2: two writes to one path keep both content versions and one current file
ok 936 - T-ART-2: two writes to one path keep both content versions and one current file
  ---
  duration_ms: 481.982375
  type: 'test'
  ...
# Subtest: ws_grep rejects nested quantifiers and over-long patterns before compiling them
ok 937 - ws_grep rejects nested quantifiers and over-long patterns before compiling them
  ---
  duration_ms: 45.368458
  type: 'test'
  ...
# Subtest: getWorkspaceFile truncates on a UTF-8 boundary and keeps the whole-file digest
ok 938 - getWorkspaceFile truncates on a UTF-8 boundary and keeps the whole-file digest
  ---
  duration_ms: 75.107041
  type: 'test'
  ...
# Subtest: a second run in a continued session revises the first run's file
ok 939 - a second run in a continued session revises the first run's file
  ---
  duration_ms: 886.559291
  type: 'test'
  ...
1..939
# tests 942
# suites 0
# pass 942
# fail 0
# cancelled 0
# skipped 0
# todo 0
# duration_ms 219219.03375

==> local deterministic runtime smoke

> se-agent-v5-runtime@0.1.0 smoke
> node scripts/runtime-smoke.mjs

(node:8472) ExperimentalWarning: SQLite is an experimental feature and might change at any time
(Use `node --trace-warnings ...` to show where the warning was created)
{
  "status": "passed",
  "provider": "local-fake",
  "transport": "public runtime service",
  "checks": [
    "material read",
    "tool write",
    "persisted artifact",
    "runtime close/reopen",
    "session continuation",
    "revision",
    "historical bytes"
  ],
  "realProvider": "not_run"
}

==> repository documentation links
{
  "pass": true,
  "documents": 1188,
  "checked": 6471,
  "problems": []
}
