
> se-agent-v5-runtime@0.1.0 pretest
> node scripts/check-historical-fixtures.mjs

Historical test inputs verified: 45 commit/path/hash checks.

> se-agent-v5-runtime@0.1.0 test
> node --test --test-concurrency=4 tests/*.test.mjs ../tests/*.test.mjs

✔ 颜色字面量只出现在 tier:S 块内 (130.939292ms)
✔ 两 skin × 两宗的角色对比度不低于门槛 (84.33075ms)
✔ renderer is a neutral projection surface and dispatches typed actions without actor fields (2.20725ms)
✔ catalog exposes development evidence-memo and business-free probe factories (1.833167ms)
✔ manifest is machine-marked development and advertises generic binding fields (0.092167ms)
✔ legacy transport import resolves the single shared Core owner (0.678333ms)
✔ createBinding owns Matter creation and projection exposes source, evidence, candidate, artifact and draft (129.569208ms)
✔ begin exposes only namespaced source/propose tools and Core rejects late candidate calls after close (91.192666ms)
✔ humanAction accepts only host-derived local-user and uses the same Review route for formal Artifact (95.94625ms)
✔ close gates admission before cleanup and finish maps cancellation without acceptance (98.108959ms)
✔ same data directory admits one POSIX flock owner and keeps the inode after release (167.02375ms)
✔ unexpected holder death invokes onLost and the next host can safely reacquire (101.440083ms)
✔ owner SIGKILL closes the parent pipe and does not require deleting the lock file (258.515667ms)
✔ the chat inherits General; Send carries the fresh effective selection (2.161375ms)
✔ without the Host's expectation capability Send omits runtimeSelection (0.22625ms)
✔ Check again settles an unknown outcome by read-back (2.020208ms)
✔ choosing applies one CAS write and adopts the reply as the effective reading (0.493792ms)
✔ a configuration change elsewhere keeps the draft, re-reads, and never resends (0.52525ms)
✔ an active run freezes the selection: the draft is kept, not queued (0.400459ms)
✔ a lost reply is settled by reading back, not by resending (0.389083ms)
✔ a lost reply whose write did not land stays unknown until the person acts (0.328458ms)
✔ an effective composition that is not compatible holds Send with the owner's reason (0.294334ms)
✔ a settled refusal keeps the draft and says the owner's message (0.285208ms)
✔ a read failure blocks Send until a re-read succeeds (0.149667ms)
✔ Kit declarations are read from the profile's exact source; builtin has none (3.909167ms)
✔ a late source reply for an old chat never lands in the new one (1.893417ms)
✔ the live adapter speaks the existing endpoints (0.189834ms)
✔ E1-R1: a run ending refreshes exactly once, with a synchronously re-rendering page (4.807792ms)
✔ E1-R3: a project-scope Session is an ordinary Chat; global and no Session keep their behaviour (0.141834ms)
✔ E1-R3: navigating to another Chat while its read is delayed never uses the old Chat's reading (7.826792ms)
✔ E1-R3: a failed read for the current Chat keeps the control, the hold and Retry (0.1945ms)
✔ an empty host states that nothing is configured instead of an error (1.85325ms)
✔ every row opens its own profile, including one whose runtime is down (0.44475ms)
✔ an unavailable runtime can be replaced from inside the profile it blocks (1.064584ms)
✔ an opened profile reports requested, supported and granted as three separate facts (0.610584ms)
✔ an incompatible Kit and runtime pair is explained and blocks the save (0.55425ms)
✔ an undeclared runtime with no owner record is unchecked and does not block (0.38975ms)
✔ evidence for another Kit version or runtime revision is not applicable (0.426584ms)
✔ matching owner evidence decides; contradictory records stay unchecked (0.399875ms)
✔ an unchecked Kit never erases a different blocker (0.369667ms)
✔ an unavailable runtime cannot be saved as an execution choice (0.995292ms)
✔ a saved draft returns the owner-confirmed revision and clears the draft (1.128416ms)
✔ a failed save keeps the draft exactly as composed and saves nothing (0.563125ms)
✔ a revision saved elsewhere is refused, kept beside the draft, and reloaded on request (0.828792ms)
✔ a run holding the profile freezes saving without claiming a queue (0.41075ms)
✔ a draft survives leaving for the list and reopening the same profile (1.632083ms)
✔ a late reply cannot land on another profile or on a newer draft (0.755584ms)
✔ discarding is refused while a save is in flight, and the reply stays coherent (0.450208ms)
✔ a draft that moves under an in-flight save is never reported clean (0.449375ms)
✔ a save reply for a profile you have left does not follow you to the next one (0.447041ms)
✔ a runtime detail reply cannot land after the surface that asked for it is gone (0.804083ms)
✔ a host that cannot save says so instead of offering a dead control (0.393834ms)
✔ a supported action with no reported effect is not a missing runtime (0.350416ms)
✔ the runtime read view reports unobserved facts as unobserved (0.450875ms)
✔ model ownership stays with its owner in the projection (0.303875ms)
✔ the projection is pure and invents nothing for an unknown id (0.061167ms)
✔ the preview host serves the fixture page and the product assets, and mutates nothing (35.96125ms)
✔ answer admission race: ask_user queued behind cancel returns 409 (619.930084ms)
✔ answer admission race: permission queued behind cancel returns 409 (191.615167ms)
✔ normal ask_user answer still resolves and completes the run (788.288917ms)
✔ double permission answer records one decision and rejects the other (355.213708ms)
✔ the limited scanner recognizes imports while ignoring comments and strings (1.94125ms)
✔ legal and forbidden synthetic edges exercise all approved boundaries (0.714292ms)
✔ the current Core, runtime, renderer, and composition-root graph obeys ownership (71.806833ms)
✔ AM-C unchanged core wire golden and complete no-op remain stable with Explore contribution (797.999583ms)
✔ AM-C separates request shape, old prefix, and semantic tool diffs (328.98175ms)
✔ AM-C records description, schema, and permission changes as expected diffs (1473.241083ms)
✔ history refs keep exact UTF-8 blobs reachable through Git GC; another session cannot read them (578.57925ms)
✔ history cancellation waits for the Git process to exit and the next save repairs interrupted init (1487.302833ms)
✔ existing non-blob history object is an integrity failure (192.149583ms)
✔ R1-HIST-1: v1 and v2 remain readable after current-file deletion (771.581625ms)
✔ R1-HIST-2: cross-session, wrong-record, and unrecorded lookups are 404 and reads are pure (919.4005ms)
✔ R1-HIST-3: historical text truncates on a UTF-8 boundary with full bytes/hash (772.098042ms)
✔ R1-HIST-4: a recorded legacy artifact without history returns 410 history_unavailable (281.760542ms)
✔ R1-HIST-5: object/metadata byte mismatch returns 500 artifact_integrity_failed (527.637375ms)
✔ R1-HIST-6: SIGKILL after history and before rename exposes neither file nor artifact (1462.131ms)
✔ R1-HIST-7: SIGKILL after rename and before record leaves current file unrecorded (1402.246417ms)
✔ R1-HIST-8: SIGKILL after record preserves historical bytes across restart (1465.516125ms)
✔ only native text updates project as assistant deltas (1.679125ms)
✔ stream filtering retains final assistant messages and request telemetry (583.042208ms)
✔ catalog staleness keeps durable result readable and refuses further adapter work (70.353708ms)
✔ policy rejection records dependency before adapter I/O, leaving Run unresolved (59.716125ms)
✔ late query cannot overwrite cancellation and lost cancel ACK remains unresolved (133.0655ms)
✔ stopped Run forbids dispatch and wait stays inside local budget (152.005666ms)
✔ host/Pi wrapper denial of an old async_get leaves the new Run unresolved (239.417084ms)
✔ fixture independently releases two documents without timing assertions (190.212ms)
✔ fixture makes delivery identity idempotent and exposes launch/result acknowledgement loss (158.665625ms)
✔ fixture keeps cancel-before-success and cancel-after-success distinct (139.325833ms)
✔ SIGKILLs the state-owning provider and queries persisted synthetic settlement after restart (382.506583ms)
✔ in-flight provider SIGKILL retains the accepted synthetic record without implicit resume or relaunch (272.779375ms)
✔ concurrent launches publish complete synthetic state before their barriers open (267.161ms)
✔ reused job IDs reject a changed immutable request without incrementing the launch attempt (168.927416ms)
✔ AM-B-T1 captures the final MCP payload and preserves the synchronous loop (54.255542ms)
✔ AM-B-T1 records task-shaped responses as unsupported and shows the current continuation gap (11.748958ms)
✔ AM-B-T1 does not treat partial args as a completed tool result, and exposes current wire gaps (7.575333ms)
✔ AM-B-T1 observes Pi 0.85.1 final HTTP encoding and waits for complete streamed tool arguments (41.773709ms)
✔ independent recovery: SIGKILL at async_intent keeps one original task/run and never relaunches (1244.891209ms)
✔ independent recovery: SIGKILL at async_dispatch keeps one original task/run and never relaunches (1112.239583ms)
✔ independent recovery: SIGKILL at async_result keeps one original task/run and never relaunches (1410.749416ms)
✔ independent recovery: SIGKILL at async_delivery keeps one original task/run and never relaunches (1525.309125ms)
✔ fixed old main schema4 RuntimeStore rejects a schema17 state without changing bytes (1136.114625ms)
✔ schema3 and schema4 migrate with an exact independent backup and reopen (1054.501208ms)
✔ invalid UTF-8 schema4 input is refused before migration and its bytes remain untouched (90.148ms)
✔ current: full schemaVersion:1 view is an independent literal copy with availability last (1.88325ms)
✔ availability classes follow the frozen priority with no inference (0.521084ms)
✔ options omit result and/or deliveries but never rewrite the rest (0.163125ms)
✔ nulls and prepared-but-unrecorded delivery facts are preserved, never filled in (0.077083ms)
✔ succeeded and cancelRequestedAt coexist; terminal evidence is immutable in the view (0.348792ms)
✔ an older delivery snapshot is projected as-is and never repaired into newer facts (0.100292ms)
✔ no invented fields and no auto-recovery in the projection (0.08525ms)
✔ a stale source never projects as current even when a result exists (0.0755ms)
✔ HTTP list/detail packets: real host + synthetic adapter, scoped and paged (1109.4735ms)
✔ two durable reads use actual host/Pi tools and wait only on the selected source (600.115166ms)
✔ premature final and lost launch ACK preserve query-only recovery, then a later Run consumes the original task (508.448458ms)
✔ source/implementation absence remains readable; corrupt bytes and cross-session consumption are refused (491.74625ms)
✔ schema3/4 migrate through exclusive backup and refuse existing backup paths (455.476292ms)
✔ invalid UTF-8 schema4 is refused before backup or replacement (101.239583ms)
✔ the projection accepts exactly the actions this app was built against (2.585333ms)
✔ a descriptor fails closed on a stale revision, an unknown action or a widened schema (0.416542ms)
✔ the detail offers only advertised, understood actions and never an out-of-scope control (34.21825ms)
✔ an item whose descriptors this app cannot read offers no controls at all (1.964125ms)
✔ acknowledge is the action itself: an empty payload, no dialog, no toggle (7.374084ms)
✔ resolve requires a reason and refuses to send without one (5.858959ms)
✔ snooze records a next action and only sends a due time when the trigger is one (7.528833ms)
✔ a recorded due time is required for the at trigger and is sent with its zone (11.314791ms)
✔ resume and reopen name their target state and offer no third one (8.086416ms)
✔ a resolved item offers reopen and nothing the contract withdrew (2.534792ms)
✔ nothing is optimistic: only the submit control changes while a request is open (5.236708ms)
✔ when the last row of a page leaves, the view backs up to a page that exists (4.730709ms)
✔ global Attention has replayable identity, shared configuration and a real governed Run (242.102417ms)
✔ progressive memory lists metadata, excludes drafts/tools and binds exact message text (373.458417ms)
✔ schema5 with retained records migrates exactly and global/project invariants reject corruption (167.799208ms)
✔ conversation retry preserves creation identity and exact Run command after a lost receipt (0.934375ms)
✔ closing during send keeps its receipt and restores the finished conversation on reopen (0.227792ms)
✔ a delayed history choice cannot replace the newer conversation or draft (0.216584ms)
✔ conversation rename persists metadata without changing history, scope or draft (88.765458ms)
✔ Attention CAS, full request identity, typed transitions and immutable receipt (111.527583ms)
✔ scope applies before IDs, descriptors, counts, lookups, receipts and source queries (104.267833ms)
✔ runtime registry-only grant hides detail, search predicates, event/receipt/source and signals (96.828541ms)
✔ explicit signal policy records observations without status, seen or authorization changes (86.648375ms)
✔ schema-aware exact/literal grep/relation filters are bounded and no regex executes (94.379917ms)
✔ source references bind exact retained Core bytes and scope; external locators stay unknown (88.14975ms)
✔ unknown schema/action, stale mutation, corrupt state and hidden unknown schema fail closed (292.035834ms)
✔ simultaneous actions serialize CAS, and needs_you is an explicit typed transition (87.850375ms)
✔ missing audit/receipt or rewritten receipt is refused before a new state change (410.719875ms)
✔ GitHub fixture preserves raw conditional values, pagination, snapshots on 304, and changing poll cadence (1.580458ms)
✔ GitHub fixture retains notification semantics that are unsafe to collapse (0.132042ms)
✔ GitHub fixture surfaces unsupported credentials, revoked authorization and rate limits (0.363458ms)
✔ GitHub fixture rejects contradictory scripts (0.079834ms)
✔ Gmail fixture supplies duplicate and out-of-order push/history pages without advancing a caller cursor (1.922125ms)
✔ Gmail fixture presents interruption, gap, expired watch, mismatch, and revoked authorization as explicit provider outcomes (0.511833ms)
✔ Gmail fixture rejects malformed and contradictory scripted responses (0.232ms)
✔ ATT-BE-01 HTTP round trip keeps multi-Matter/source/execution refs through typed CAS and producer loss (752.604833ms)
✔ Attention scope, actor ownership, unknown fields and schema versions fail closed over every query kind (171.248708ms)
✔ Runtime Attention adapter captures host execution context, records signals only, and closes with the Run (675.196167ms)
✔ generated Attention consumer packet records the HTTP/Pi/Core invariants (1.459458ms)
✔ Attention SIGKILL at before_commit leaves zero or one complete request effect (212.949834ms)
✔ Attention SIGKILL at after_commit_before_ack leaves zero or one complete request effect (196.276666ms)
✔ synthetic trace vectors preserve edits, stale approval, unknown effect, duplicate surfacing and non-score samples (1.672917ms)
✔ trace fixture validator rejects contradictions rather than turning missing evidence into a score (0.213125ms)
✔ trace fixture validation runner is executable within the fixture directory (70.445167ms)
✔ ATT-ACT-1 · a submitted action carries the inspected revision and is read back canonically (587.068833ms)
✔ ATT-ACT-2 · a stale revision is refused, announced and never silently replayed (1069.512083ms)
✔ ATT-ACT-3 · a lost response is recovered from the receipt, not guessed (513.35225ms)
✔ ATT-ACT-4 · a request that never left is retried under its own identity, once (489.106625ms)
✔ ATT-ACT-5 · a reused identity with different content is refused and surfaced (448.737ms)
✔ Snooze records Later, which stays a visible view and starts no timer (555.760917ms)
✔ the workspace holds no timer of its own (0.406833ms)
✔ relative time reads the recorded instant without rewriting it (13.212541ms)
✔ the state strip is six explicit views and each one is its own exact query (6.8495ms)
✔ All renders the order the server returned and adds no client sort (0.664334ms)
✔ a row states its status and when the record was updated, and nothing else (0.610583ms)
✔ J K and the arrows walk the list, clamp at both ends and stay out of text controls (1.617291ms)
✔ Enter opens the focused row and Escape returns focus to it (3.749875ms)
✔ Back to items returns to the row, never to the project selector (1.69275ms)
✔ pagination is explicit and a view change starts again at the first page (1.31825ms)
✔ a pending query keeps the workspace readable and never sorts a half page (0.674708ms)
✔ a refused read speaks the adjudicated sentence, never the wire code (1.516792ms)
✔ late A conflict cannot replace B draft or show A conflict in the same project (28.35425ms)
✔ late A success after project switch leaves B draft and receipt state alone (6.415875ms)
✔ keyboard opening, editing and receipt feedback call no WAAPI animations (9.813ms)
✔ overlapping settlements keep feedback motion held until B registry read finishes (7.639333ms)
✔ seen and status are two drawn facts; acknowledging changes only seen (25.014792ms)
✔ the receipt line waits for the receipt and the re-read, and never precedes them (5.284833ms)
✔ a mismatched receipt draws no receipt line (2.896125ms)
✔ a version conflict keeps the draft and states the version now on screen (3.853166ms)
✔ an unknown result moves focus to Retry sending and keeps the submit closed (3.018625ms)
✔ Mark as seen cannot be sent twice while its request is out (2.722125ms)
✔ an item that leaves the current view after a receipt is named, with its new status (5.842ms)
✔ the assistant entry is part of the workspace heading, not an item detail (1.703375ms)
✔ T-CANCEL-2: cancelling while waiting for the first token yields stopping then cancelled (586.447167ms)
✔ T-CANCEL-3: cancelling during ask_user closes the question and refuses a late answer (147.92975ms)
✔ T-CANCEL-4: a late allow after cancelling a permission is refused and writes nothing (778.230875ms)
✔ T-CANCEL-5: cancelling a run that is not in this process reports unknown, not cancelled (502.749958ms)
✔ T-PERM-6: concurrent allow and deny on one permission — first wins, second is 409 (994.82225ms)
✔ T-PERM-7: read_only makes ws_write absent, not present-and-refused (487.065833ms)
✔ parseUnifiedPatch splits a git patch into files with numbered rows the diff view understands (1.813125ms)
✔ A repo_write approval names the private candidate and the exact prior state (0.211958ms)
✔ Start private candidate reads the folder's HEAD from the Host and creates the candidate from that commit (7.470958ms)
✔ A folder without a commit cannot start a candidate; nothing is sent (1.034917ms)
✔ Stop edits revokes with both revisions; Review changes hands off to the dialog (1.429458ms)
✔ Shell wiring for the candidate changes dialog (0.979042ms)
✔ candidate_read sends Pi the full-file CAS hash while preserving ranged Unicode text (63.3655ms)
✔ repo_write still forwards a stale expected hash to the Host CAS boundary (0.541667ms)
✔ 06 · MCP: saved, exposed, approved and called — binding and dispatch recorded on the Run (1098.758917ms)
✔ 06 · Skill: saved, exposed and loaded — binding and loaded content recorded on the Run (501.076875ms)
✔ 06 · Local plugin: registered, loaded and bound — the Run records the binding, unload leaves history untouched (813.408541ms)
✔ production only admits explicit handlers and preserves exact captured bytes (1.917708ms)
✔ synthetic feedback is mutually exclusive and reversible; failure preserves selection (28.174792ms)
✔ feedback lock suppresses duplicate/inverse requests and detached results cannot update a new target (1.615791ms)
✔ pending assistant messages expose no Chat action chrome (0.140333ms)
✔ regeneration requires explicit confirmation and retains original scope (1.0435ms)
✔ synthetic playback can be paused, resumed and stopped without a speech service (4.230291ms)
✔ production rejects undeclared lifecycle handlers even when supplied (0.267375ms)
✔ same bytes and key from a replacement record cannot accept an async result (2.330083ms)
✔ copyAction shares the 1.6s feedback lifecycle and the latest async copy owns its label (0.639625ms)
✔ Chat copy shows Copied only on its button for 1.6s, then restores its action label (1.156625ms)
✔ a later Chat error survives an old pending copy result and a later action cancels the copy timer (1.094875ms)
✔ a later busy Chat action cancels Copied feedback without its timer clearing the busy notice (1.472625ms)
✔ Chat and Attention draw the assistant footer only through the shared final-answer gate (1.221375ms)
✔ Copy on the one footer of a multi-segment Run copies exactly the final answer (14.162083ms)
✔ new error after copy success survives expiry and detached Chat is not repainted (1.800959ms)
✔ unavailable and native channels preserve draft and do not acquire a Run (1.475125ms)
✔ draft and reading recovery are isolated by account, session and channel (0.874209ms)
✔ closing a detail cannot stop a run or change a work/permission fact (0.416709ms)
✔ revocation after search rejects exact read and drops cached contents (0.595583ms)
✔ late account, session and source reads cannot overwrite the current detail (0.370167ms)
✔ old references remain exact; stale judgment refresh cannot accept or resolve (0.5155ms)
✔ cancel and session changes cannot apply an old response to the current conversation (0.189709ms)
✔ model picker mock rejects unknown operations and stale picker scope (0.455292ms)
✔ preview server has no API or mutation route and cannot traverse mounts (23.309833ms)
✔ Chat sits in the Home / Attention / Spark group as a plain button (1.467583ms)
✔ openChatPage opens the page over the existing session and creates nothing (0.420333ms)
✔ recent chats across open projects, newest first, marking Work and the current one (15.640708ms)
✔ empty state and New chat stay primary while explanation and sibling entries are disclosed (1.087916ms)
✔ app wiring: the Chat seat opens the page, the page closes like Attention, and it is served (1.21475ms)
✔ stream append restores selection onto replacement nodes and preserves viewport anchor (1.071417ms)
✔ a different session or missing immutable row cannot inherit selection or anchor (0.692375ms)
✔ changed selected source bytes are not silently selected as if unchanged (0.08325ms)
✔ following latest does not restore an older viewport anchor (0.071208ms)
✔ band · 48 on the web, a native host only raises it (0.901083ms)
✔ band · one title line; Chat is the default mode and is not restated (0.146958ms)
✔ sidebar · 16 glyph on a 32 row, 2 between nav rows, 16 between groups, 44 on touch (0.272791ms)
✔ content column · prose and composer share one inset resolved against one width (0.356292ms)
✔ summary · no card layer or strip measurement remains beside the reading column (0.335041ms)
✔ composer · content-driven and bounded; growth never writes value (0.313458ms)
✔ Home keeps its own 820 column and composer sizes (0.102125ms)
✔ recorded references deduplicate exact identity but retain different Run versions (0.817958ms)
✔ unbound discussion reads no made-up source endpoint; file opens exact captured version (3.657708ms)
✔ scope change rejects late work projection, with no source bytes in the replacement view (0.5355ms)
✔ read failure remains explicit and refresh is available (0.410958ms)
✔ fixed candidate evidence never substitutes the current source revision (0.142666ms)
✔ quoting a full recorded file keeps exact text lines and provenance; current files are rejected (0.219958ms)
✔ missing or mismatched historical bytes stay explicit rather than falling back to latest (1.204291ms)
✔ WK-92 · Chat 与 Work 由既有的 extensionBinding 分开，不由新状态分开 (1.461875ms)
✔ WK-92 · Continue in Matter 只走既有的 extension 路由；不新增端点、不复制、不迁移 (1.072541ms)
✔ WK-92 / M-2 · scope 位在工作面标题带上，仍是陈述而不是控件 (0.48275ms)
✔ WK-92 / §4 · Memory 组：不用 Session Memory，Sources ≠ Memory，Temporary chat 零控件 (0.18125ms)
✔ WK-92 · 导航只对 Work 加一个标记，Chat 是默认的那一种 (0.176458ms)
✔ check approval rejects changed write revision before recording a start (1.965791ms)
✔ check approval rejects changed candidate identity before recording a start (0.136625ms)
✔ check approval rejects changed candidate revision before recording a start (0.093542ms)
✔ check approval rejects changed candidate status before recording a start (0.105041ms)
✔ check approval rejects changed binding identity before recording a start (0.0935ms)
✔ check approval rejects changed binding revision before recording a start (0.089583ms)
✔ check approval rejects changed execution path before recording a start (0.078667ms)
✔ check approval rejects changed missing active binding before recording a start (0.090042ms)
✔ check requires the exact approved recipe descriptor (0.236667ms)
✔ candidate drift while persisting check.started settles failed without executing (6.018541ms)
✔ runner's final synchronous Host fence prevents actual process side effects (0.805791ms)
✔ runner cancellation before preparation never spawns (0.436292ms)
✔ runner cancellation inside final fence never spawns (0.603833ms)
✔ admission closing during start persistence settles once as cancelled without spawn (0.391292ms)
✔ runCheckRecipe reports a clean exit without truncation (71.776208ms)
✔ runCheckRecipe reports a non-zero exit without throwing (61.638167ms)
✔ runCheckRecipe caps captured stdout/stderr and marks truncated (66.08ms)
✔ runCheckRecipe timeout kills the whole process group, including a nested child (305.803708ms)
✔ runCheckRecipe cancels on abort and resolves only after the group has exited (206.273875ms)
✔ runCheckRecipe throws spawn_failed only when the process cannot start, and cleans up its temp HOME (1.805208ms)
✔ check_run is denied with zero process start under read_only (2483.222083ms)
✔ an unknown recipe id returns a tool error without opening a permission or spawning anything (2432.644542ms)
✔ ask mode shows the exact recipe in the permission payload and deny records nothing (2478.648542ms)
✔ approving check_run runs the synthetic repo's own test recipe, failing before the fix and passing after (4089.577958ms)
✔ cancelling a Run whose check is still running still records check.settled as cancelled (4322.682333ms)
✔ an unresolved check.started is fenced to check.settled status unknown on restart, and never replayed (183.762042ms)
✔ same Run write then check approves and persists the current candidate revision (3754.942958ms)
✔ check.started and check.settled project onto one tool row and outrank Pi's tool events (1.046542ms)
✔ A cancelled or unknown settlement stands on its own without a Pi tool/result (0.121875ms)
✔ A check approval names the recipe, what runs, where, and the limits (0.176375ms)
✔ Activity word and glyph wiring for checks (0.372458ms)
✔ bootstrap headers stall times out and releases the real Host data lock (5881.700708ms)
✔ bootstrap body stall times out and releases the real Host data lock (6451.846834ms)
✔ a fresh root gets a synthetic source, an empty Host data directory and a manifest (279.414917ms)
✔ the durable manifest carries neither a credential nor the fix (253.784583ms)
✔ an already-prepared root is reported, never reset (238.602542ms)
✔ a non-empty destination that is not a prepared instance is refused (1.983291ms)
✔ a root inside the product repository is refused (0.806083ms)
✔ --reuse inspects an instance and says whether anything has run against it (318.122917ms)
✔ an in-repository child whose name merely begins with .. is still inside (1.304542ms)
✔ a symlink ancestor cannot smuggle the destination back into the repository (222.520834ms)
✔ the printed command survives a POSIX shell with its argv intact (4.576458ms)
✔ a real preparation prints a command whose argv round-trips (209.54875ms)
✔ --reuse refuses a manifest that has been pointed somewhere else (413.382375ms)
✔ --reuse prints this checkout's launch command, not the manifest's (233.477708ms)
✔ --reuse rejects redirected runtime data before returning a launch command (245.548417ms)
✔ a confirmed write moves the candidate reading even though the cached Session still says zero (1.25475ms)
✔ the reading belongs to one candidate: another candidate's writes and unconfirmed effects are not counted (0.09375ms)
✔ the Workspace card's Writes line reads the confirmed write, not the cached Session field (1.720792ms)
✔ the changes dialog takes its count from the diff receipt it is already reading (0.935791ms)
✔ Start private candidate leaves the keyboard on the control that now answers it (7.778834ms)
✔ Stop edits puts the keyboard back on the control that can start another candidate (1.799792ms)
✔ the folder card does not claim the Host reads nothing or sends nothing (0.375958ms)
✔ the card names the four things a coding task depends on and keeps them apart (0.277375ms)
✔ File access explains all three Host modes and the disclosure survives event renders (0.793833ms)
✔ a bound folder can be changed without first disconnecting, and the Host's own precondition is stated (3.1265ms)
✔ leaving the change-folder path keeps the binding and the typed draft (2.32425ms)
✔ rows from the previous reading are not presented as the confirmed list while a read is out (1.4695ms)
✔ a list reply that arrives after you have opened a profile does not land (15.013292ms)
✔ a runtime whose model note is null reads its facts and nothing else (0.985458ms)
✔ a runtime whose model note is absent reads its facts and nothing else (0.736334ms)
✔ a runtime whose model note is "" reads its facts and nothing else (0.76875ms)
✔ a runtime with a model note still shows it (0.615291ms)
✔ CMD-MENU · opens on / and filters by prefix; unavailable rows carry the reason and are skipped by ArrowDown (4.408541ms)
✔ CMD-MENU · Enter picks the active row, writes the composer, dispatches input, and keeps focus (0.59075ms)
✔ CMD-MENU · Escape closes; a newline or a non-slash value stays closed; no session id shows the note (0.47375ms)
✔ CMD-MENU · the catalog is fetched from /sessions/:id/commands and catalog(sessionId) returns the cached {revision, commands} (0.953375ms)
✔ CMD-01 · the status card states Host facts only, in the shared card anatomy (15.393792ms)
✔ CMD-01 · composer wiring: a leading slash goes to the Host first; refusals keep the draft; handled commands clear it; nothing keeps a second command list (1.899125ms)
✔ CMD-01 · the slash reader is fixed: escape, command, and every other leading slash stays text (1.606459ms)
✔ CMD-01 · discovery is built from Host facts: availability carries a reason and nothing is advertised without a target (0.747125ms)
✔ CMD-01 · Host dispatch: reads make no Run and no model request; unknown, stale, unavailable and bad arguments are refused with a reason (151.287791ms)
✔ CMD-01 · /effort saves the Host configuration under CAS and the next Run binds it; unsupported values never reach the provider (451.072166ms)
✔ CMD-01 · /compact through the dispatcher is the same idle-only operation, and a running Run makes it unavailable rather than queued (583.370583ms)
✔ native compaction cancel settles with no persisted partial summary (614.7795ms)
✔ native compaction deadline settles with no persisted partial summary (483.721417ms)
✔ native overflow recovery persists a summary and a restarted host uses it (543.197625ms)
✔ automatic threshold persists a summary and sends it in the next request (660.970625ms)
✔ provider-default omits SDK-generated reasoning controls on ordinary and compaction requests (498.040875ms)
✔ failed summary leaves the journal unchanged and marks run usage missing (499.994125ms)
✔ native summary retry succeeds but usage stays missing and counts only reported values (2500.17875ms)
✔ maxCompactions disables later automatic summaries while the ordinary turn completes (498.984458ms)
✔ P1 · actionable access controls live in the left composer context; only Project stays below (2.24725ms)
✔ P1 · the existing controls keep their Home and Session owners (0.458166ms)
✔ P1 · responsive composer controls stay in one row and preserve narrow hit targets (0.943583ms)
✔ CI-B · support is read from CSS.supports, never assumed (1.164ms)
✔ CI-B · fit follows scrollHeight and respects the box model (0.18025ms)
✔ CI-B · with native support nothing is installed; without it, input refits and value is never written (0.691959ms)
✔ CI-F · only an image-only paste gets a sentence; text is never swallowed (0.259291ms)
✔ CI-B / CI-F · wiring: no paste is prevented, growth is @supports-gated, the module is served (0.754084ms)
✔ CI-B · each variant keeps a plain ceiling, dvh hosts get the 28dvh override, Home anchors the resting box (0.716291ms)
✔ adapter reads inclusive input once, preserves explicit zero, and never uses output/cache/estimated totals (0.935791ms)
✔ SSE adapter preserves bytes across chunk boundaries and clears usage for each retry (9.799959ms)
✔ bounded observer recovers after oversized frames and forwards stream errors (42.082958ms)
✔ request binding exposes measured capacity only when completed, with no normalized-zero fallback (0.787125ms)
✔ ring projects completed request scope, zero, overflow and unknown without using heuristics (0.737459ms)
✔ real local SDK transport persists request-input capacity with the recorded model window (588.65175ms)
✔ cache diagnostics separate hit/miss from capacity and preserve missing versus zero (6.865ms)
✔ Context disclosure uses raw request diagnostics once; normalized request history stays in the measurement view (1.583417ms)
✔ roles exist in both schemes and stay separate from review / danger / diff (1.437667ms)
✔ the switch is the specimen: on = accent, disabled = unavailable pair, off = neutral (0.380375ms)
✔ the Pages paper link is an action, not the Review marker (0.201833ms)
✔ control: scope provenance, reset, CAS, and cross-session isolation survive restart (187.231458ms)
✔ control: active Run freezes config; retry preserves its original runtime binding (214.113917ms)
✔ policy: last match within scope, outer ceilings and literal regex characters (0.509209ms)
✔ repository path policy is case-insensitive to block Host-volume case aliases (0.144958ms)
✔ control APIs: source content remains pinned after replacement; templates are human-invoked drafts (196.729459ms)
✔ policy: path denial reaches the executor; exposed write does not imply allowed write (486.600542ms)
✔ policy: domain tools use the same execution gate, including exact arguments across approval (0.327125ms)
✔ context: skill metadata is progressive, installed content grants no plugin/tool authority (308.377625ms)
✔ composition: versioned profile restricts resources, never raises host permission, and missing requirements block admission (204.9225ms)
✔ control config: corrupt or future version fails closed without overwriting the file (115.332541ms)
✔ compatibility: valid schema 3 upgrades with exact backup and schema 6 fence (137.396708ms)
✔ MCP modern: discovery is separate from exposure and execution consent (391.656167ms)
✔ MCP legacy: discovery is separate from exposure and execution consent (848.075ms)
✔ MCP: first unknown outcome closes subsequent tool admission in the same Run (496.191708ms)
✔ MCP: a lost remote call result becomes an unknown Run, never an automatic replay (691.235667ms)
✔ admission serializes permission changes and extension binding before runtime snapshots can diverge (737.985792ms)
✔ context: additive compiled counts separate catalog text, deferred bodies and draft-only templates (118.264167ms)
✔ MA2-02 · the Thread directory projects only the published contract (1.912167ms)
✔ MA2-02 · a mailbox page must stay inside the bounds the server reported (0.458792ms)
✔ MA2-02 · an undelivered message keeps an explicit null, not an empty time (0.088709ms)
✔ MA2-02 · receipts are validated with the same gate as the directory rows (0.11775ms)
✔ MA2-02 · Session options carry the scope the server itself derives (0.1465ms)
✔ MA2-02 · option lists offer only bindings the server would accept (0.152458ms)
✔ MA2-02 · both new modules are admitted by the static allowlist (0.219209ms)
✔ MA2-02 · the consumer surface adds no second run-start path (0.3195ms)
✔ Thread identity and membership are durable, explicit and not Session identity (121.2875ms)
✔ outbox replay is idempotent; conflicting payload and invented source are refused (50.192666ms)
✔ late delivery retains origin and distinguishes stale target from missing target (51.650833ms)
✔ reply lineage requires a delivered reverse envelope, not an unrelated latest message (52.66975ms)
✔ global Attention directory spans scopes; it never yields another mailbox body or membership (52.603708ms)
✔ runtime cross-scope sending is Attention-only; a project Run is refused at that guard alone (55.902417ms)
✔ a domain-bound Session cannot message from a Run even with a host-shaped origin (57.266333ms)
✔ delete and scope change do not recreate a recipient or reroute queued messages (67.507292ms)
✔ RuntimeStore6 migration preserves global scope and exact backup; corrupt ledger fails closed (286.472833ms)
✔ child grant monotonically narrows; the reducer passes caller-supplied conflict strings through and refuses contradictory results for one execution ID (1.21625ms)
✔ child tool boundary denies widening and completion remains undelivered/unaccepted (0.606208ms)
✔ cancel, timeout, late completion and mutated caller input cannot change child settlement or origin (4.9605ms)
✔ authenticated HTTP Thread/message entry reaches a real inbox without starting a model (116.260833ms)
✔ a crash inside the enqueue write leaves no half message; the same key then sends exactly once (287.073875ms)
✔ a crash inside the delivery write keeps the message queued; recovery then delivers it exactly once (238.748667ms)
✔ clean restart after the outbox write completed recovers exactly one local delivery without a Run (1135.714959ms)
✔ model messages require a real permission decision and cannot auto-run the recipient (564.805667ms)
✔ global Attention crosses scope through the model tool, still spending exactly one exact-argument decision (349.744583ms)
✔ domain-bound Sessions receive no coordination tool at either composition site (503.12475ms)
✔ read-only tool metadata agrees with dispatch denial; project model directory excludes other scopes (272.990167ms)
✔ schema7 effort survives upgrade; fixed old host refuses schema9 and restores only the separate original backup (340.457208ms)
✔ mailbox pagination preserves ordered identities and refuses duplicate or oversized queries (70.527375ms)
✔ T-CRED-1: missing credential fails the run without touching HOME/.pi (624.446125ms)
✔ T-CRED-2: a credential written via the API flows through and never leaks (282.861792ms)
✔ T-CRED-3: inherited DEEPSEEK_API_KEY is stripped at startup and logged (59.863625ms)
✔ T-CRED-4: PUT/DELETE credential during an active run is 409 and the run finishes on its own key (660.830625ms)
✔ T-CRED-5: a sentinel HOME auth.json and env var are never used as credentials (496.246292ms)
✔ diffWords marks only the changed tokens and never leading indentation (1.382708ms)
✔ diffModel: word segments only for exactly one removed + one added line (0.943042ms)
✔ renderDiff keeps ± and line numbers as text and puts blocks only on new words (1.3165ms)
✔ renderDiff treats markup as text, renders the no-newline marker, and handles empty input (0.463542ms)
✔ Settings preview and the static allowlist use the shared renderer and fixture (3.322ms)
✔ 01 · the connected folder is the one the tools read: A, not B, not the uploaded copy, not the managed workspace (1104.787959ms)
✔ 01 · the binding survives a Host restart and a bound run continues on the same folder (993.399958ms)
✔ staging has no backend effect, preserves focus nodes on unchanged render, and exposes a visible count (3.549792ms)
✔ an unknown upload is immutable until exact replay reconciles its retained revision (1.291375ms)
✔ a confirmed upload refusal permits removing the unsaved draft attachment (0.356084ms)
✔ DRT02 DeepSeek: actual SDK stream, Deny/Approve, reasoning replay and reopened history (2113.789834ms)
✔ DRT02 DeepSeek error: explicit terminal state and no fallback (574.370208ms)
✔ DRT02 DeepSeek cancel: explicit terminal state and no fallback (113.831542ms)
✔ DRT02 DeepSeek missing-metadata: explicit terminal state and no fallback (123.452834ms)
✔ DRT02 DeepSeek: provider alias reaches public request telemetry through the actual SDK (170.523792ms)
✔ DRT03 protocol: beta wire identity is pinned and every unverified capability stays unavailable (1.627541ms)
✔ DRT03 creation: environment:none binds CW identity once and fails closed without touching the transport (0.653041ms)
✔ DRT03 events: duplicates collapse by event id and diagnostics never settle (0.71525ms)
✔ DRT03 settlement: root turn.completed settles completed; idle and subagent turns do not (0.777541ms)
✔ DRT03 settlement: root turn.failed keeps a bounded error and is not masked by text (0.25225ms)
✔ DRT03 cancel: input.cancel is intent only; only turn.cancelled confirms it (0.248959ms)
✔ DRT03 cancel: closing the stream is never a cancellation (0.190542ms)
✔ DRT03 settlement: unreconciled effects and session failure keep ambiguity unknown (0.268375ms)
✔ DRT03 settlement: an unreconciled session failure cannot be reported as a plain failure (0.183791ms)
✔ DRT03 functions: pending actions are observations and results echo turn_id and call_id (0.266167ms)
✔ DRT03 settlement: the replay helper applies the same rules as the live tracker (0.098916ms)
✔ DRT03 recovery: saved items page by after cursor and merge by item id without fabricating gaps (0.587292ms)
✔ DRT03 recovery: a root terminal or required action buffered during recovery is delivered, not swallowed (0.253083ms)
✔ DRT03 continuation: attachSession re-opens a Host-persisted native session locally and never reaches the transport (0.213875ms)
✔ create, later input, cancel intent and function result reach the wire exactly as the caller identified them (48.504166ms)
✔ a request the caller did not identify, or identified wrongly, is refused before the wire (6.978709ms)
✔ fragmented frames, done without deltas and a normal end keep every outcome distinct (94.885583ms)
✔ abort and disposal release the connection and send nothing to the service (20.351375ms)
✔ item pages keep the service cursors, and unusable answers are errors rather than empty results (20.763959ms)
✔ a mutation is attempted once: refusal, timeout and a lost reply never become a second create or a second result (318.796709ms)
✔ an allowlisted function declaration reaches the wire with exactly four keys; every other tool is refused before the wire (2.337208ms)
✔ a turn read is one GET for the turn asked for; another turn, another session or a statusless answer is an error (6.9055ms)
✔ T-DUR-1: a crash before the tool runs leaves no file, no artifact and no replay (1184.036416ms)
✔ T-DUR-2: a crash between the write and the record surfaces the file as unrecorded (1430.226083ms)
✔ T-DUR-3: a crash after the record is persisted keeps artifact and file in agreement (1444.054334ms)
✔ T-DUR-4: a crash during a store write keeps the last complete state and discards the tmp (1263.72ms)
✔ a corrupt leftover tmp never affects the state that is loaded (94.588917ms)
✔ T-IDEM-5: replaying a commandId after a restart returns the original unknown run (1767.874709ms)
✔ 00 · a project can be created under a client-fixed id; the same id replays the same record and a different name conflicts (112.129208ms)
✔ 00 · entry audit: the global Refresh and the passive Expert seat are gone; recovery moved to the origin as Check status (4.466958ms)
✔ 00 · v3: no Runtime inventory card, no not-accepted sentence on ordinary results, the surface opens for an object not for a chat (1.562208ms)
✔ 00 · one Work location entry; Connect folder stays the command inside it (1.755583ms)
✔ a burst keeps failure, pending permission and artifact individually visible while successes group (1.52275ms)
✔ a paired runtime notice leaves only its outcome (0.439917ms)
✔ completed Run disclosure groups successful tools and exact allowed history in timeline order (1.703459ms)
✔ incomplete, failed, pending, denied, malformed, and cross-call rows stay outside the summary (0.265334ms)
✔ a running Run collapses the calls it has finished while the current call stays visible (0.083458ms)
✔ a completed Run with only errors or unfinished calls gets no empty summary (0.064917ms)
✔ member IDs and disclosure state keys remain stable and surface-scoped (0.119541ms)
✔ file candidate identity, exact replay, immutable pages, closed admission and atomic acceptance (97.916958ms)
✔ coverage is monotone; frozen candidate precedes later unknown input; semantic failures stay diagnostic (87.337666ms)
✔ failed deterministic checks cannot accept, and source membership changes invalidate file basis (94.097084ms)
✔ illegal provenance, encoding, count, path and byte limits reject without candidate side effects (120.225084ms)
✔ SIGKILL file save and accept commit boundaries leave zero or one complete durable effect (1447.438125ms)
✔ metadata byte boundary, escaped wire envelope, file/path/count boundaries and empty files are exact (148.400333ms)
✔ file diff binds only frozen base, uses linear replacement, preserves newlines and refuses oversized output (111.127958ms)
✔ corrupt bytes, manifest, column bindings and a verification record copied from another identity refuse reads and acceptance (1129.80275ms)
✔ a changed trusted policy cannot accept an old PASS; empty evidence is diagnostic failed (255.368792ms)
✔ unknown file schema exposes scoped bounded metadata but cannot decode or accept (246.331875ms)
✔ verification outcome corruption is refused and acceptance rechecks required evidence (254.102125ms)
✔ file runs require a concrete Session identity at the private bridge boundary (122.860167ms)
✔ real service/Pi recorded write, permission CAS, save, human accept, deletion and producer-absent exact reads (1104.818458ms)
✔ extra workspace reads and continued history yield unknown; an unrecorded selector never imports (1003.36125ms)
✔ actual list/grep/ask/load inputs, continued history and compaction-enabled admission remain unknown (4868.110792ms)
✔ steering, failed coverage persistence, and Stop racing immutable capture cannot publish a complete candidate (1531.765042ms)
✔ missing or corrupt history rejects recorded import even though current workspace bytes still exist (1004.605375ms)
✔ a real loopback MCP tool executes only after its extra-input marker is durable (1004.712542ms)
✔ SIGKILL after history or rename leaves an orphan version that no later Run may import (4005.72ms)
✔ Inbound NDA reaches loopback with declared reasoning while Work metadata stays fixed (623.536584ms)
✔ extension restart: loaded binding continues; invalidation and unload keep their generations (1325.570292ms)
✔ extension restart: changed version requires reload; empty composition preserves dormant records (213.887084ms)
✔ T-EXT-1: se_read_source succeeds through service.createRun on AgentSession (609.445875ms)
✔ T-EXT-2: se_submit_candidate goes through once and Core rejects the late call (500.980875ms)
✔ governance: policy is separate from Matter, exact replay cannot resurrect revoked disclosure (100.058541ms)
✔ governance: scope and registry-only grant hide bodies, hashes, counts and unknown schemas (189.555ms)
✔ governance: pagination binds visible collection; source updates require rediscovery while policy remains valid (89.9635ms)
✔ governance: registry and Attention source links do not grant target Matter access (84.636333ms)
✔ governance: accepted Artifact is exact, bounded and distinct from pending candidates (85.73425ms)
✔ governance: unsupported schema, malformed envelopes and hidden queries fail closed (85.021458ms)
✔ governance: corrupt bytes and missing policy provenance are refused without repair (370.068417ms)
✔ governance: file Artifact delegates to exact immutable manifest/content reader (92.380041ms)
✔ governance: unknown Matter contract is discoverable metadata but cannot be decoded (86.593542ms)
✔ governance: non-object or corrupted policy provenance has uniform runtime absence and structured human refusal (358.813042ms)
✔ governance: oversized content cannot prevent human policy-only revocation (85.713584ms)
✔ governance authenticated HTTP rejects identity injection and cross-project refs, grants are human-only (200.002958ms)
✔ global Pi tools discover, inspect and read exact governed evidence; project catalogs cannot install them (1890.22025ms)
✔ runtime adapter rejects mismatched/closed host Runs and a change while Core read is pending (290.625625ms)
✔ governance policy SIGKILL before_commit preserves zero/one complete effect (280.157625ms)
✔ governance policy SIGKILL after_commit_before_ack preserves zero/one complete effect (273.885583ms)
✔ Core3/app4 migrates atomically with an exclusive original backup; fixed old host refuses new DB and reads separate backup (509.607292ms)
✔ migration refuses existing or symlink backup, malformed owned schema, and partial new tables without modifying old bytes (760.15975ms)
✔ governance migration SIGKILL governance_migration_before_commit keeps schema markers and tables together (345.59ms)
✔ governance migration SIGKILL governance_migration_after_commit keeps schema markers and tables together (366.880875ms)
✔ disclosure expiry is checked at query time with a deterministic future clock (199.867875ms)
✔ worker preserves regex matches, line numbers and Unicode (28.003042ms)
✔ pathological regex times out while the service event loop stays responsive (2003.745458ms)
✔ abort terminates pathological matching before its worker timeout (153.014791ms)
✔ already aborted search cannot start matching (1.383833ms)
✔ greeting · the address chain is work address → preferred name → full name → none; Home composes nothing (0.803958ms)
✔ greeting · buckets follow the profile's zone, not the machine's (13.797125ms)
✔ greeting · one sentence per bucket, fixed by the seed; the address is used verbatim; weekday and session lines are eligible only when true (1.546917ms)
✔ greeting · without an address the plain form is used, never a placeholder; the corpus is English only for now (0.349042ms)
✔ greeting · a new choice is due only on a new bucket, a new day, or a long absence (0.547791ms)
✔ greeting · the date line is set under the sentence: weekday, month and day in the profile's zone, English, no year (0.284666ms)
✔ Home Activity rejects malformed dates, totals, and requested periods (3.432167ms)
✔ Home Attention rejects invalid identity, revision, and pagination packets (0.427875ms)
✔ Home Attention detail accepts only the display contract (0.211584ms)
✔ standalone Attention ignores an older project query after a newer open (21.929708ms)
✔ standalone Attention ignores a stale detail after project selection changes (5.850917ms)
✔ Attention registry opens the global agent explicitly without a model request (0.609625ms)
✔ Back to items clears a pending detail and rejects its late response (2.555542ms)
✔ Review belongs only to needs_you across Home and Attention states (1.289083ms)
✔ text-only pending and failed Home rows render and retain their exact navigation scope (0.99825ms)
✔ Home retains native targets for unchanged projections and uses current callbacks (0.673209ms)
✔ Home immediately renders changed facts, removed targets, filters, and errors (0.695708ms)
✔ Home remounts after the shared stream was used by a chat (1.195791ms)
✔ an empty narrower Activity period keeps its control and states the fact without a grid (3.85275ms)
✔ a merged set that holds every item does not claim items are outside the page (0.764ms)
✔ Home invalidates the Attention scope when its project disappears or changes (0.383792ms)
✔ Home entry keeps the expanded set and keeps a focus target when its control is gone (0.331584ms)
✔ a Home block is a focus target of last resort without entering the tab sequence (0.188833ms)
✔ CE-R1 · creating the Chat: every location mutation is locked and says why (6.002375ms)
✔ CE-R1 · Chat created, bind not landed: every location mutation is locked and says why (1.136209ms)
✔ CE-R1 · bound and read back, not yet admitted: every location mutation is locked and says why (0.960375ms)
✔ CE-R1 · the counterexample: after the Chat exists, the old condition left the panel unlocked (0.104125ms)
✔ CE-R1 · the Run admission the Send ends in keeps the lock; an unknown admission too (1.8985ms)
✔ CE-R1 · an unknown create stays locked; Check status is not the card's to lock (0.084292ms)
✔ CE-R1 · a settled Send holds nothing: after a refused bind the folder can be corrected on the same chat (4.8415ms)
✔ P01 installed SDK modern aggregates pages (53.55575ms)
✔ P01 installed SDK modern aggregates empty (14.418166ms)
✔ P01 modern rejects incomplete failure atomically (5.902958ms)
✔ P01 modern rejects incomplete cycle atomically (8.047208ms)
✔ P01 modern rejects incomplete empty-cycle atomically (4.233625ms)
✔ P01 modern rejects incomplete duplicate atomically (4.312875ms)
✔ P01 modern rejects incomplete cross-page-duplicate atomically (4.645833ms)
✔ P01 modern rejects incomplete count atomically (3.101083ms)
✔ P01 modern rejects incomplete bytes atomically (3.691167ms)
✔ P01 modern rejects incomplete page-limit atomically (86.448292ms)
✔ P01 installed SDK legacy aggregates pages (12.131ms)
✔ P01 installed SDK legacy aggregates empty (5.656208ms)
✔ P01 legacy rejects incomplete failure atomically (3.698084ms)
✔ P01 legacy rejects incomplete cycle atomically (6.634292ms)
✔ P01 legacy rejects incomplete empty-cycle atomically (3.668708ms)
✔ P01 legacy rejects incomplete duplicate atomically (2.7815ms)
✔ P01 legacy rejects incomplete cross-page-duplicate atomically (3.294333ms)
✔ P01 legacy rejects incomplete count atomically (2.944458ms)
✔ P01 legacy rejects incomplete bytes atomically (3.369ms)
✔ P01 legacy rejects incomplete page-limit atomically (55.789125ms)
✔ P01 concurrent connects expose only the latest requested connection (5.298875ms)
✔ P01 disconnect while discovery waits cannot publish a late catalog (8.411708ms)
✔ P01 transport error invalidates callability until explicit reconnect (12.56875ms)
✔ P02 reported: effect is unknown, fenced and preserved across restart (1221.639542ms)
✔ P02 drop: effect is unknown, fenced and preserved across restart (682.196167ms)
✔ P02 receipt-failure: effect is unknown, fenced and preserved across restart (338.955166ms)
✔ P02 cancel: effect is unknown, fenced and preserved across restart (498.397833ms)
✔ P02 restart-inflight: effect is unknown, fenced and preserved across restart (954.468916ms)
✔ P02 orphan-cancel: effect is unknown, fenced and preserved across restart (511.355333ms)
✔ P02 pre-dispatch refusal has no effect and no unknown receipt (3.496791ms)
✔ P02 SIGKILL after remote effect before result leaves a durable unreconciled dispatch (1400.512208ms)
✔ P02 failed durable dispatch intent prevents the remote call (2.803958ms)
✔ P02b actual modern SDK preserves structured {"answer":42} (47.403833ms)
✔ P02b actual modern SDK preserves structured [1,"two"] (10.406459ms)
✔ P02b actual modern SDK preserves structured null (4.832875ms)
✔ P02b actual modern SDK preserves structured false (5.170042ms)
✔ P02b actual modern SDK preserves structured 0 (4.706ms)
✔ P02b actual modern SDK preserves structured "scalar" (3.998375ms)
✔ P02b actual legacy SDK preserves body plus supported structure (11.7555ms)
✔ P02b structured-only and non-rendered resource blocks stay explicit (8.01175ms)
✔ P02b invalid/oversized result fences uncertainty without raw dumping (15.836875ms)
✔ P02b success: native projection and scoped full result survive restart (888.638166ms)
✔ P02b error: native projection and scoped full result survive restart (1316.04925ms)
✔ P02b installed SDK output schema rejection is effect-unknown (11.494542ms)
✔ P02b failed result retention cannot become a successful empty result (3.924417ms)
✔ P02b repeated native call IDs receive distinct Host dispatch identities (3.314833ms)
✔ T-IDEM-1: replaying the same commandId with the same input returns the same run (591.74ms)
✔ T-IDEM-2: replaying the same commandId with a different input is 409 command_conflict (74.380625ms)
✔ T-IDEM-3: two concurrent creates with the same commandId produce exactly one run (83.984541ms)
✔ T-IDEM-4: a lost response then a resend returns the same run and executes once (355.440292ms)
✔ T-IDEM-6: the same commandId in another session is a different command (534.746958ms)
✔ C4: unloaded extension preserves old receipts but still blocks new work (467.286667ms)
✔ Inspector separates recorded/current targets and folds version/cache details without losing unknown accounting (17.212ms)
✔ Inspector tool activity reuses thread projection and never turns an unfinished tool into success (0.580958ms)
✔ file quotes work on initial and cached views, while replaced targets invalidate old buttons (2.479125ms)
✔ Pinned jsdiff adapter preserves original lines, whitespace, Unicode and missing final newline (1.408459ms)
✔ Comparison returns explicit limited state instead of partial diff or expensive word allocation (1.6955ms)
✔ HTTP comparison requires two exact versions in one session and makes no adoption or revision change (116.66425ms)
✔ Session deletion serializes after a queued upload; delete-first rejects upload (106.688833ms)
✔ shutdown waits for accepted intake writes and rejects new material uploads (65.4245ms)
✔ retained uploads stay separate, fetch versions on disclosure, and return focus to the exact row (23.944625ms)
✔ comparison requires two explicit retained revisions and renders the exact server diff (21.164791ms)
✔ limited source comparisons show the reason without partial diff, and failed comparisons can retry (23.726875ms)
✔ file upload preserves BOM and CRLF bytes through a same-command retry (26.933333ms)
✔ a rejected file read from an old session cannot write an error into the new session (6.552917ms)
✔ explicit retained refresh restores only its own focused button (5.348708ms)
✔ 503 preserves the exact draft and command for retry; editing the draft gets a new command (23.229125ms)
✔ 409 refresh requires opening the changed version before a new replacement is submitted (18.366708ms)
✔ Inspector opens retained UTF-8 at an exact revision and validates full text identity (11.4085ms)
✔ Intake retains UTF-8 r1/r2 and independent session identity; same bytes do not merge scopes (7.388292ms)
✔ Intake command payload conflicts, CAS and delayed pending delivery cannot rewrite later revisions (3.481916ms)
✔ Intake exact reads reject mismatched hashes and corrupt bytes, including duplicate upload reuse (2.329417ms)
✔ Intake restarts with pending receipt and rejects unknown schema without rewriting it (4.0165ms)
✔ Intake will not follow a sidecar database symlink (1.390709ms)
✔ HTTP uploads retain exact versions across workspace edits and restart; deleted session cannot disclose (167.711209ms)
✔ HTTP simultaneous CAS uploads admit one source revision and leave the losing text out of workspace (68.372917ms)
✔ Upload delivery failure leaves readable bytes; same command recovers and superseded pending never overwrites (80.6945ms)
✔ schema 21 records one immutable Kit summary and equal typed runtime.bound projection across reopen (106.84525ms)
✔ schema 21 refuses malformed summaries and corrupt Kit projections without rewriting durable bytes (96.441417ms)
✔ schema 20 upgrades with an exact backup, unchanged historical events, and null legacy Run bindings (94.339958ms)
✔ the pinned schema-20 Host refuses schema 21 byte-for-byte (498.360208ms)
✔ independent literal oracle covers source bytes, UTF-16 accounting, and segment joins (4.128833ms)
✔ no-Kit passthrough keeps historical bytes and does not retain or alias new inputs (1.218125ms)
✔ required and optional source readings refuse or omit at the exact boundaries (1.439875ms)
✔ permission readings remain separate from supported compatibility evidence (0.652834ms)
✔ object and collection permutation is deterministic while catalog order remains meaningful (1.298208ms)
✔ plain-JSON and bounds checks reject malformed independent inputs before planning (0.7185ms)
✔ full source envelope changes are observable through the binding hash or a refusal (0.855375ms)
✔ Kit literal oracle: actual binding → plan → exact existing context, independent hashes and accounting (12.572125ms)
✔ General/Coding/Praxis preserve shared attribution and defer bodies/templates (2.736333ms)
✔ No-Kit is exact historical passthrough and ignores new inputs without inspecting them (1.800667ms)
✔ Changing/deselecting Kits never removes already-admitted instructions from a binding (2.495916ms)
✔ Frozen input and returned data have no aliases in either direction (3.699291ms)
✔ Object/Kit/evidence permutations are deterministic; catalog order is meaningful (3.499792ms)
✔ Exact duplicate Kits, references and evidence deduplicate without extra text or core budget (3.277541ms)
✔ Exact maxCoreBytes boundary passes; one-under refuses without partial text (1.98275ms)
✔ Exact maxContextBytes boundary passes; one-under refuses without partial text (2.131167ms)
✔ Exact maxContextCharacters boundary passes; one-under refuses without partial text (2.278416ms)
✔ Required fragment/envelope failure input => { input.binding.content = input.binding.content.filter(r => r.id !== 'local:general'); } (1.187417ms)
✔ Required fragment/envelope failure input => { input.binding.resources = input.binding.resources.filter(r => r.id !== 'local:general'); } (1.046291ms)
✔ Required fragment/envelope failure input => { row(input, 'local:general').exposed = false; } (1.019959ms)
✔ Required fragment/envelope failure input => { body(input, 'local:general').content += 'changed'; } (3.351625ms)
✔ Required fragment/envelope failure input => { body(input, 'local:general').title = 'changed'; } (0.989292ms)
✔ Required fragment/envelope failure input => { body(input, 'local:general').scope.id = 'changed'; } (0.904791ms)
✔ Required fragment/envelope failure input => { row(input, 'local:general').activation = 'manual'; } (0.900083ms)
✔ Required fragment/envelope failure input => { row(input, 'local:general').kind = 'skill'; } (0.815166ms)
✔ Required fragment/envelope failure input => { row(input, 'local:general').source.hash = 'a'.repeat(64); } (0.771709ms)
✔ Required fragment/envelope failure input => { input.binding.composition.status = 'incompatible'; } (0.784083ms)
✔ Optional missing/deactivated deferred sources are reported; digest mismatch still refuses (1.675333ms)
✔ Missing/disabled runtime_load is not exposure or permission, and required wins duplicate optional (3.817166ms)
✔ Non-content requirements copy owner permission readings without grants/evaluation (3.398083ms)
✔ Unpinned content requirement cannot bypass source pins: local:general (0.891542ms)
✔ Unpinned content requirement cannot bypass source pins: local:notes (0.852916ms)
✔ Unpinned content requirement cannot bypass source pins: local:coding-skill (0.8005ms)
✔ Unpinned content requirement cannot bypass source pins: local:template (0.816542ms)
✔ Missing/not-exposed requirements distinguish required refusal from optional omission (2.066041ms)
✔ Version/source/deferred-only changes have separate plan and output identities; history remains frozen (4.735209ms)
✔ Exact runtime evidence: supported/unsupported/unchecked and conflicts remain independent of permissions (5.995459ms)
✔ Selected conflicts and contradictory pins refuse; absent targets do not (2.714042ms)
✔ Code-unit ordering is explicit for punctuation; scope order still wins (1.732375ms)
✔ Empty catalog and exact Unicode/CRLF sources keep complete instruction bytes (0.6465ms)
✔ Descriptor integrity, exact schema, dependencies/native contributions and bounds reject before compilation (11.899375ms)
✔ Duplicate binding IDs and core/deferred role contradictions refuse deterministically (2.173917ms)
✔ Lone surrogates in Kit metadata and all rendered text are rejected rather than normalized (2.747958ms)
✔ Optional missing counterpart cannot hide a known source pin mismatch (0.778084ms)
✔ New descriptor accessors are rejected without executing caller code (0.493833ms)
✔ Strict Kit-present input: compatibilityEvidence null is not an implicit unknown (0.502542ms)
✔ Strict Kit-present input: compatibilityEvidence undefined is not an implicit unknown (0.480292ms)
✔ Strict Kit-present input: compatibilityEvidence absent is not an implicit unknown (0.480167ms)
✔ Strict Kit-present input: runtime undefined is not an implicit unknown (0.513833ms)
✔ Strict Kit-present input: runtime absent is not an implicit unknown (0.496833ms)
✔ Explicit runtime null and empty evidence remain valid unchecked inputs (0.945458ms)
✔ K3 authenticated import/select → actual Pi request consumes exact retained bytes once; loader stays deferred (1025.84925ms)
ℹ {"requestCount":3,"firstRequestCount":1,"context":{"sha256":"b0b64043f010e5a89e57542659eb445f81cd6160fecd20038ccce6e06ad66158","bytes":242,"characters":240},"planSha256":"93a606790fdc06b21b89d9ca41580d32d033c6ba46343c1d5100b42d2347f719","planPayload":{"sha256":"204ae5cb455a65a54f97903310d5142932ee48cb719d5f195bf5de9eab2f2596","bytes":5157},"resultStatus":"completed","compatibility":"unchecked"}
✔ K3 old context and lost-reply replay survive changed invalid Kit configuration and restart (750.023542ms)
✔ K3 active Run blocks edits and concurrent receipt replay creates one request (869.575167ms)
✔ E1 submitted selection expectation refuses stale chooser intent but original command replay remains authoritative (476.702041ms)
✔ K3 config queue orders a racing edit after payload retention and frozen admission (305.583791ms)
✔ K3 outside profile allowlist refuses before inference with zero calls (70.570583ms)
✔ K3 required unavailable Extension tool refuses before inference with zero calls (81.327ms)
✔ K3 mismatched descriptor refuses before inference with zero calls (72.324667ms)
✔ K3 body changed refuses before inference with zero calls (74.3915ms)
✔ K3 unsupported selection scope refuses before inference with zero calls (81.324209ms)
✔ K3 runtime missing revision refuses before inference with zero calls (68.359708ms)
✔ K3 malformed descriptor refuses before inference with zero calls (69.7375ms)
✔ K3 matching unsupported evidence refuses before inference with zero calls (85.715ms)
✔ K3 conflicting owner evidence refuses before inference with zero calls (75.015333ms)
✔ K3 exact Host character ceiling admitted; one over refuses without truncation (638.409334ms)
✔ Kit projection preserves the bound available Extension tool; v1 keeps its prior catalog (75.290833ms)
✔ K3 multiple declarations preserve K1 sorted and deduplicated pins at real admission (391.487875ms)
✔ K3 persistence failure leaves no Run; retained read failure produces zero calls and no fallback (472.611709ms)
✔ K3 actual corrupted retained object refuses historical read; no re-execution (443.581166ms)
✔ K3 requirements retain denied tool readings and cannot grant the actual write (468.499583ms)
✔ K3 payload read returning mismatched bytes fails before provider dispatch with precise failure identity (425.299542ms)
✔ v1 and v2 empty Kit profiles use unchanged compiler bytes with null Kit authority (466.27375ms)
✔ K3-R1 persisted Kit declarations require summaries on load, including forged legacy upgrade (672.313917ms)
✔ K3 crash/reopen preserves frozen facts and changes unresolved Run to unknown without inference (1517.92425ms)
✔ T-CANCEL-1: cancel during tool execution leaves no partial file (116.798541ms)
✔ cancelling a run with no pending question also ends cancelled (473.269625ms)
startup: reconciled workspace of session ec937710-5331-4467-b5df-7c5a4be1c41c after an interrupted run; 0 file(s) are not covered by a recorded content version
✔ T-RESTART-1: restart during waiting_user yields unknown/expired_restart and the host session continues (1997.522083ms)
✔ T-USAGE-1: a completed run records non-zero usage with missing:false (193.981833ms)
✔ T-USAGE-2: cancelling in the second turn keeps the first turn's usage and marks missing (312.915375ms)
✔ T-USAGE-3: a provider error after a good turn fails the run without erasing usage (14493.05225ms)
✔ T-BUDGET-1: waiting_user time is excluded from the execution deadline (1828.964875ms)
✔ T-USAGE-4: a retried provider call is surfaced as a notice and counted once (2251.13775ms)
✔ T-USAGE-5: a long waiting_user then an answer completes with whole usage and no budget trip (3077.9135ms)
✔ Local registration is inert, pins reviewed bytes, and loads through existing lifecycle and binding (456.265875ms)
✔ Local intake rejects symbolic links, malformed manifests and stale previews without loading code (73.346209ms)
✔ Registered snapshot tampering fails closed before a local module import (78.944875ms)
✔ An executable that violates its reviewed ABI is disposed before load fails (72.021792ms)
✔ Local startup failure disposes synchronous instances both on Load and on restart (210.786583ms)
✔ Failed local cleanup persists invalidation and never restores a loaded package on restart (124.235791ms)
✔ A failed unload receipt cannot reactivate the disposed local package on restart (145.800083ms)
✔ Malformed persisted suspension markers fail closed before local activation (115.220875ms)
✔ Changing a reviewed local path clears the visible trust and registration controls (16.257958ms)
✔ Closing the local extension editor retains focus on its collapsed entry (0.884709ms)
✔ Host Spark actual Pi process retains exact findings, keeps provided-only coverage blocked and consumes explicitly (1473.066834ms)
✔ Host rejects malformed, duplicate/cross-attempt native receipts and generic worker-forgeable event append (960.420708ms)
▶ actual Host crashes across intent/spawn/retention/publication reopen fenced and old reconcile/retry cannot redispatch
  ✔ dispatch (1096.193417ms)
  ✔ spawn (1396.542834ms)
  ✔ result (1594.913ms)
  ✔ terminal (1630.926959ms)
✔ actual Host crashes across intent/spawn/retention/publication reopen fenced and old reconcile/retry cannot redispatch (5719.5285ms)
▶ source revocation before intent prevents provider dispatch; revocation before publication retains no readable findings
  ✔ before intent (255.5535ms)
  ✔ before publication (864.156042ms)
✔ source revocation before intent prevents provider dispatch; revocation before publication retains no readable findings (1120.1475ms)
✔ Host cancellation closes the actual owned Pi before releasing the serial lane (621.770625ms)
✔ new source revision during actual process consultation prevents stale publication (1129.471958ms)
✔ result retention failure cannot publish or rerun a completed native response (1253.868416ms)
✔ source revision changed during final retention cannot pass the atomic publication fence (985.015833ms)
✔ a CW parent tool delegates to actual local Pi only after releasing the existing serial lane (1034.165291ms)
✔ a forged Run status cannot erase its Host status evidence (945.678792ms)
✔ late explicit cancellation can settle the Host Run cancelled after known native completion without inventing uncertainty (1702.518042ms)
✔ local Pi input packet verifies exact UTF-8 source bytes and binds CW identity (1.497833ms)
✔ local Pi completion requires matching terminal and settled, not prose or agent_end (0.285625ms)
✔ local Pi refuses missing/conflicting identity, terminal mismatch and retries (0.194541ms)
✔ local Pi rejects tool requests and oversized results without accepting partial text (0.153875ms)
✔ local Pi native error remains failure even when print process can exit zero (0.104459ms)
✔ local Pi binding admits explicit loopback only; locked executable includes bundle chunks (16.788208ms)
✔ schema 19 upgrades to current exactly once and preserves schema-20 remote authority and every existing event (150.503083ms)
✔ the schema-20 fixture migration fails closed for an occupied backup, malformed schema 19, and schema 22 (183.7985ms)
✔ the pinned schema-19 Host rejects current schema 21 byte-for-byte and opens the exact backup separately (554.588666ms)
✔ generic event APIs cannot forge local Pi receipts, and unresolved local dispatches fence admission (49.839375ms)
✔ unknown local child and its parent cannot be deleted through HTTP or Store; bytes and recovery fence survive reopen (1209.171125ms)
✔ completed archived local findings retain child, parent and source/result references across rejected deletion and reopen (1465.516208ms)
✔ Spark references prevent deletion before any local process records exist; an ordinary Store deletion still works (61.440208ms)
✔ a Spark reference queued after the Service snapshot is still protected by the atomic Store deletion guard (85.237041ms)
✔ an ordinary unreferenced Chat with a completed non-child Run remains deletable (155.9995ms)
✔ runLocalPiProcess decodes JSONL split through UTF-8 code points (125.194709ms)
✔ runLocalPiProcess reports malformed_json (77.230375ms)
✔ runLocalPiProcess reports non_object_event (70.427208ms)
✔ runLocalPiProcess reports partial_frame (73.826084ms)
✔ runLocalPiProcess reports invalid_utf8 (75.915416ms)
✔ runLocalPiProcess enforces frame and total stdout byte limits (143.170333ms)
✔ runLocalPiProcess bounds stderr separately and keeps draining it (72.923583ms)
✔ runLocalPiProcess streams bounded input with pipe backpressure (229.0645ms)
✔ runLocalPiProcess waits for onSpawn before delivering input (125.273667ms)
✔ runLocalPiProcess applies async onEvent backpressure in order (184.405792ms)
✔ callback rejection is a bounded fault and terminates the owned child (67.943791ms)
✔ a hung onSpawn callback cannot defeat the total deadline or a full pipe (124.429209ms)
✔ an early process exit never leaves an unhandled stdin error (75.186792ms)
✔ a pre-aborted signal starts no process (0.156792ms)
✔ abort immediately after invocation cannot escape the pre-spawn race (0.829959ms)
✔ caller cancellation resolves only after the owned process closes (71.786875ms)
✔ timeout escalates a ready TERM-resistant process group and removes its descendant (264.012792ms)
✔ the child receives only the explicit environment (76.238708ms)
✔ invalid limits and input are rejected before spawn (0.394459ms)
✔ spawn failure is returned as a bounded transport fault (0.788917ms)
✔ actual upstream Pi print process yields attributable exact bytes with complete terminal and exit (358.569125ms)
✔ actual upstream excludes ambient instructions, executable extensions, skills, templates and project settings (339.211875ms)
✔ actual upstream no-tools rejects a model-issued bash call at native tool registry (361.502916ms)
✔ actual upstream provider failure does not become success on JSON print exit zero (326.390375ms)
✔ actual upstream model tool request is an explicit no-tool adapter refusal after owned process closes (337.030375ms)
✔ actual upstream pending request cancellation waits for process close and rejects late provider reply (338.171541ms)
✔ actual upstream crash without terminal stays unknown; oversized result is never truncated into success (679.7875ms)
✔ actual ready upstream frozen after provider dispatch requires bounded SIGKILL escalation (804.257ms)
✔ interrupted Host native-receipt callback remains unknown rather than confirmed cancellation (1014.1735ms)
✔ 09 · the trail pushes only a different place, refreshes the same one, and cuts the forward trail on a new arrival (2.084875ms)
✔ 09 · the trail is bounded, names its places, keeps restore references only, and marks what the reader refuses (0.276375ms)
✔ CMP-01 · a manual compaction on an idle chat writes one summary through the SDK, records estimate and usage apart, and the next Run reads the compacted journal (1712.067291ms)
✔ CMP-01 · refusals are explicit: active Run (not queued, not aborted), a second compaction, no history, unknown keys; and a compaction freezes configuration (1385.704458ms)
✔ CMP-01 · cancel and deadline settle without a partial summary; a restart marks an in-flight compaction unknown and the same requestId reads it back (1002.288041ms)
✔ real HTTP candidate pages preserve Markdown bytes, and wrong Matter scope is refused (621.31275ms)
✔ accepted Artifact pages remain exact after producer deletion and extension unload (467.523667ms)
✔ independent SHA-256 and code-point helpers agree with the browser source contract (3.645709ms)
✔ readCoreManifest returns verified file refs and sends a bounded candidate query (1.10725ms)
✔ readCoreManifest uses the explicit Artifact selector and preserves its identity (0.124875ms)
✔ readCoreManifest rejects wrong identities, holes, duplicate paths and unsupported pages (0.551542ms)
✔ readCoreFile assembles pages using server code-point cursors and an independent final hash (1.752458ms)
✔ readCoreFile accepts an exact empty terminal page (0.298625ms)
✔ readCoreFile rejects wrong IDs, hash swaps, path swaps and pagination holes (0.545041ms)
✔ readCoreFile rejects a continuation replay or changed duplicate page (0.150542ms)
✔ readCoreFile rejects a changed identity on any page and a wrong final digest (0.521708ms)
✔ readCoreFile aborts before and after a delayed page, without returning partial source (0.295625ms)
✔ coreFileSubjects exposes only supported, scoped Core file refs (0.154833ms)
✔ projectMarkdown preserves BOM, CRLF, combining marks, duplicate block ranges and safe semantic nodes (9.322416ms)
✔ projectMarkdown parses complete definitions, keeps unsafe links inert, and emits bounded warnings (2.221667ms)
✔ projectMarkdown refuses malformed identity, source text, and size (0.554458ms)
✔ projectMarkdown creates a revision-local key and never claims writable review state (1.679583ms)
✔ sha256Text does not silently normalize source (1.086292ms)
✔ readCoreFile propagates producer absence as an exact read, not a fallback (0.318583ms)
lint-materials: 2 处违反 WK-101 / WK-102
lint-materials: 1 处违反 WK-101 / WK-102
lint-materials: 1 处违反 WK-101 / WK-102
✔ 产品样式表通过材质 lint 两项 (81.735792ms)
✔ 未登记的类名上出现 backdrop-filter 会被拒绝 (72.143792ms)
✔ 半透明表面缺少 reduced-transparency 回退会被拒绝 (71.77875ms)
✔ 私有 blur 取值会被拒绝 (75.286667ms)
✔ model capability contract: legacy boolean is not promoted into invented effort tiers; explicit per-model lists stay isolated (124.111417ms)
✔ model capability contract: effort lists reject invalid values; config CAS detects missing and stale writers (73.841542ms)
✔ installed model descriptors are API-specific and preserve exact concrete effort ladders (78.2175ms)
✔ editing a connection invalidates selected effort, and each Run freezes a capability binding across reopen (372.762833ms)
✔ schema12→13 migration preserves config and active Run, adds unknown capability, bumps CAS epoch, and invalidates old receipt (198.503166ms)
✔ 05 · the effort saved from the composer projection is what the next Run binds and encodes (580.303167ms)
✔ 05 · Provider default omits the parameter: no reasoning field reaches the provider (499.566875ms)
✔ 05 · a save during an active Run is refused with active_run and leaves the stored value unchanged (999.149333ms)
✔ 05 · effortChoices offers exactly the Host's enum plus Provider default, and nothing for unknown/unsupported (20.352625ms)
✔ 05 · two enumerations draw two different tracks; Provider default is a segment, not the lowest value (2.351625ms)
✔ 05 · unknown and unsupported draw no ladder; an invalid saved value is named and leaves no segment checked (0.797291ms)
✔ 05 · a segment change reports the exact value (undefined for Provider default); an active Run disables the track (0.793875ms)
✔ 05 · the card names the connection, says when it has no key, and its row lands on that connection or on Add provider (0.639541ms)
✔ 05 · app wiring: the composer control opens the card, saves with the snapshot version, drops stale receipts, and lands Settings on the connection (3.987333ms)
✔ search rerender and direct click cannot re-enable/save a stale unsupported effort (18.878875ms)
✔ model dialog keeps saved and draft identity visible while connection and capability provenance stay in collapsed details (12.801709ms)
✔ same model name and ID on two providers disambiguates Saved and Draft with the group label or provider ID fallback (0.4945ms)
✔ 三条 happy path 是闭集，且每条只用后端目录里真有的 provider 身份 (1.463625ms)
✔ 路径由连接记录自己说，不由一份全局配置反推 (0.168667ms)
✔ Connections 列后端注册表报的每一条，结构不假设单数 (0.201209ms)
✔ PV-27 / PV-30 · 窗口读数如实：unknown、目录值、用户填的值各说各的 (10.740709ms)
✔ PV-34 / PV-46 · 保存失败的三类直接消费后端错误码与枚举，前端不重新归类 (0.409542ms)
✔ WK-108/PV-62 · 冒烟不再留位：BE-39 落地后六步全部可用，各自说清楚做什么 (0.353792ms)
✔ PV-73 · smoke 步的 “· Answered” 状态词只在成功后出现，字承担完成态 (0.267917ms)
✔ WK-108 · 探测控件只出现在表单里写得出 Base URL 的那条路径上 (0.097334ms)
✔ WK-108 · 请求体逐字按文档：三个字段，无 key 省略字段，不加 header (0.130292ms)
✔ WK-108 · 结果原样呈现后端 status 与 message；ok 不被改写成一句更强的话 (0.285625ms)
✔ PV-24 · 目录报来的模型 ID 进入这条连接的 Model 列表，并随连接保存 (0.281584ms)
✔ BE02 契约 · 凭据请求体的键是连接 id，不是 provider 身份 (0.217833ms)
✔ PV-M-1 · 两处写入合一：任一处保存都不清掉另一处的字段 (0.200791ms)
✔ PV-53 · 模型选择器的用户连接分组标签是它的端点主机名，取不到注册表时退回 id (0.091125ms)
✔ PV-27 · 未知与 unsupported 都用 provider default；enum 按 API 精确列值 (0.282833ms)
✔ PV-61 · reasoningSource:"unknown" 换成真话，不再替目录说它没说过的话 (0.04375ms)
✔ 项 7 · origin:"connection" 的模型在选择器路由行追加一句，目录原生行不追加 (0.03275ms)
✔ MCP intake keeps saving, discovery and exposure as separate steps (0.052167ms)
✔ WK-105 ⑤ · 侧栏宽落进 256–280 的下沿 (0.045083ms)
✔ PV-64 · 六态回执的文案映射：五类登记文案，unknown 只写原话 (3.155583ms)
✔ PV-42 · 连接行的最近回执：成功/失败/null 三态 (0.155792ms)
✔ 连接行 lastVerification 有值 / null 两态；configurationStatus 非 ready 时降级 (0.202834ms)
✔ PV-63 · 自动发现的触发条件与去抖：baseUrl/key 的 input 去抖 600ms，blur 立即跑 (0.185667ms)
✔ PV-63/38 · “Save and ask once” 与 “Save only” 的请求序：event.submitter 分流，冒烟不自动触发 (0.214042ms)
✔ PV-64 · is-arrived 一帧后移除：同一帧加、下一帧 rAF 移除，交给既有过渡播放 (0.144709ms)
✔ PV-64 · “Ask again” 显式重放同一个 {connectionId, model} (0.072958ms)
✔ PV-59/63 · 键入一个模型 ID 的三步序：PUT connection → PUT config →（主动作）POST verify，中途失败停步不回滚 (0.116875ms)
✔ PV-61 · custom model reasoning declaration records exact optional effort values (0.076708ms)
✔ 回执块六态的文案落点：成功两行不着色，失败一行借 --danger，`is-asking`/`is-failed` 互斥 (0.207541ms)
✔ 05 · Settings › Models can land on one connection row, else on Add provider (0.231958ms)
✔ 09 · one stack: the Shell trail is in memory, the hash stays the Settings deep link, nothing is pushed to the browser (2.059291ms)
✔ 09 · leave before every departure, arrive only through the reader; traversal resolves through selectSession and restores the anchor after render (1.219792ms)
✔ 09 · every row entry point goes through the one dispatcher; the native menu is taken only when a menu is offered (0.538375ms)
✔ 09 · dogfooding fix: leaving the example keeps a project-less chat in place (0.147084ms)
✔ bounded NDA playbook and fixture manifest are versioned and serializable (1.557042ms)
✔ buildReview produces the four frozen gold outcomes with source-aware anchors (2.48625ms)
✔ verifyReview rejects self-reported conclusions, missing coverage and duplicate rules (0.971625ms)
✔ verifyReview rejects bad source anchors and reconciliation tampering (0.8635ms)
✔ candidate adapters are serializable and preserve proposal-only obligations (0.364291ms)
✔ a missing source clause remains unresolved and a forged pass is rejected (0.277416ms)
✔ source conflict and unsupported clause stay visible with bounded evidence (0.574958ms)
✔ development and holdout fixtures are distinct but obey the same deterministic contract (0.668ms)
✔ NDA producer receives the full submission schema and static reason contract on actual Pi wire (589.649417ms)
✔ a reference producer can submit from advertised vocabulary and approved sources without buildReview (498.5535ms)
✔ the delivered NDA renderer is served at its declared path and carries no data channel of its own (186.293667ms)
✔ the packet reading takes the rules, the status words and the lineage the packet actually carries (0.390416ms)
✔ only the advertised decisions are readable as controls, and none in read-only history (0.388917ms)
✔ a domain payload this build cannot decode is not read as findings (0.137958ms)
✔ NDA through Pi: verified proposal, trusted decision, revised candidate, source history and new Session context (2716.433208ms)
✔ NDA unresolved facts remain reviewable; forged pass and attempted acceptance fail (842.582459ms)
✔ 09 · the two real Chat commands: rename through PATCH and delete through DELETE, each with its refusals (117.102875ms)
✔ 09 · `when` draws only commands with a real path; `enablement` keeps a real command in the menu with its reason (2.059792ms)
✔ 09 · the dispatcher resolves the target again when a command runs: gone, disabled and unknown all stop before the handler (0.270667ms)
✔ 09 · the menu primitive: groups with separators only between them, disabled rows reachable with their reason, roving keys, Escape home (3.292084ms)
✔ cumulative assistant deltas and their final stay one non-pending row (1.20325ms)
✔ subsequent complete assistant messages get separate rows even with identical text (0.804833ms)
✔ a later assistant message's deltas do not overwrite the first message (0.131041ms)
✔ tool boundaries preserve assistant/tool/assistant order and tool result identity (0.151417ms)
✔ assistant and tool rows stay scoped when runs reuse segment and call identities (0.156417ms)
✔ terminal run keeps an incomplete delta pending but a terminal final is settled (0.078333ms)
✔ assistant time uses only its matching recorded Run start, never a redraw clock (0.128709ms)
✔ message time has readable provenance content without naming the native time role (26.611458ms)
✔ narration → tool → answer keeps every row and marks only the answer final (0.20375ms)
✔ the persisted real dogfood Run yields its five texts and exactly one final answer (4.66775ms)
✔ no row is final while the Run is still working, waiting or stopping (0.136167ms)
✔ failed, cancelled and unknown Runs keep their text readable with no final answer (0.139875ms)
✔ whatever follows the answer takes the final mark away or passes it on (0.15675ms)
✔ each Run has its own final answer (0.065916ms)
✔ the shared footer draws time and actions only under the final answer (0.481083ms)
▶ P03-C Host consumer · governed read on the production service path
  ✔ admission → create intent → binding → root turn → claim → governed repo_read → retained bytes → one submission → root terminal → later input on the same binding (1987.584667ms)
  ✔ unadvertised, wrong-turn, malformed and out-of-scope calls read nothing; each refusal is retained and delivered once as an error (1549.058209ms)
  ✔ policy deny and a user's deny never read; a scope revoked while approval is pending cancels the run unread, and a later run has no reader (1999.934667ms)
  ✔ a native call observed twice is claimed once, executed once and submitted once; racing claims share one receipt (1246.894666ms)
  ✔ without attributable root identity nothing is read and nothing settles the run; a required action is not root evidence (819.138791ms)
  ✔ a lost creation reply stays unknown: no binding, no guessed id, no replacement session, and the chat is fenced (1636.951792ms)
  ✔ a lost submission reply keeps the retained result and its identity: unknown delivery, no re-read, no re-send, chat fenced (695.392125ms)
  ✔ restart fences: an interrupted execution and an unanswered submission become unknown; nothing is re-read, re-run or re-sent (1147.14675ms)
  ✔ an earlier stream replayed to a later run cannot re-execute, re-associate or settle it (715.896333ms)
  ✔ a chat stays with its runtime: Pi refuses a remote-bound chat, the remote runtime refuses a Pi chat, and a changed configuration cannot reuse the binding (711.718041ms)
✔ P03-C Host consumer · governed read on the production service path (12511.1295ms)
▶ P03-D · cancellation
  ✔ cancel is an intent; the root turn ending cancelled confirms it, the retained result is not delivered, and the chat continues (1504.503541ms)
  ✔ an accepted cancel that is never confirmed gets one last turn read, then stays unknown and fences the chat until the turn is seen to end (1588.264083ms)
  ✔ a cancel whose reply is lost, or that is refused, is sent once and leaves the run unknown (1104.213292ms)
✔ P03-D · cancellation (4198.2065ms)
▶ P03-D · observation recovery
  ✔ a stream lost mid-turn is re-subscribed; undelivered events arrive, the call is not repeated, the run completes (814.526125ms)
  ✔ events missed for good: the session's current required action is executed once from the snapshot, and a terminal nobody streamed is read from the turn (818.264958ms)
  ✔ a required action seen on the stream and again in the recovery snapshot is one claim (672.905ms)
  ✔ contradictory root terminals, a root turn that cannot be read and an unusable item cursor each end unknown (2074.269708ms)
  ✔ recovery is bounded: a stream that never holds is re-subscribed twice, then the run is unknown (447.253041ms)
✔ P03-D · observation recovery (4827.606125ms)
▶ P03-D · lost replies and explicit reconciliation
  ✔ an unanswered input is re-sent once under the same request key — the one operation the SDK documents the key for (746.869167ms)
  ✔ a lost submission reply is never re-sent; reconciliation appends what the service's own history and turn show, and the chat continues (945.79025ms)
  ✔ a delivery the saved history shows is resolved by that item even while the turn is still running (565.014042ms)
  ✔ after a Host restart mid-submission the fenced chat is reconciled by reads alone and then continues on the same native session (660.454541ms)
  ✔ CDE-R1: a repo_write whose execution was interrupted without a retained result stays fenced after its root turn ends; nothing is written or checked again (2492.200458ms)
  ✔ a lost creation has no native locator: reconciliation can observe nothing and says so; Pi declares no recover capability (337.05425ms)
✔ P03-D · lost replies and explicit reconciliation (5747.700666ms)
▶ P03-D · process evidence
  ✔ SIGKILL while the claimed read waits for approval: the next Host process fences it unknown, sends nothing, reads nothing again, and reconciles by reads (1135.018875ms)
  ✔ SIGKILL while the result submission is in flight: the next Host process fences it unknown, sends nothing, reads nothing again, and reconciles by reads (1447.793209ms)
✔ P03-D · process evidence (2582.919291ms)
▶ P03-E · write → approval → fixed check parity
  ✔ check fails before the fix; an approved exact write then the fixed check pass; result, diff and a reopened Host match on both runtimes (10025.022541ms)
  ✔ deny, a stale approval, a revoked candidate and a cancelled running check leave the same Host record on both runtimes (8732.847166ms)
  ✔ the remote consumer adds its own receipts to the same effects, exposes nothing it was not admitted with, and keeps its argument ceiling (2893.990917ms)
✔ P03-E · write → approval → fixed check parity (21652.68475ms)
✔ permission CAS mismatches leave pending question, waiter, events and persisted bytes untouched (1094.384208ms)
✔ each expectation is independently optional and malformed expectations are 400 (1498.338709ms)
✔ CAS comparison happens inside the mutation queue after a stale service read (197.362583ms)
✔ two matching concurrent answers still resolve at most once (802.356625ms)
✔ ask_user does not accept permission expectations (555.028833ms)
✔ T-PERM-1: ask mode + allow lets ws_write succeed (1120.628209ms)
✔ T-PERM-2: ask mode + deny returns isError and writes nothing (501.08225ms)
✔ T-PERM-3: cancel while waiting on a permission leaves no file and Run cancelled (516.429333ms)
✔ read_only permission mode never injects ws_write (429.625959ms)
✔ T-PERM-4: the allowed write matches the approved contentSha256 (1002.120833ms)
✔ T-PERM-5: changed parameters open a new permission and the old questionId is dead (1094.866333ms)
✔ the production Host runs Pi through the port and continues one native session (599.650417ms)
✔ a journal written before the port existed is opened in place and continued (497.491625ms)
✔ retrying a command never opens a second native session (185.262625ms)
✔ observations that arrive after cancellation are not recorded (323.218167ms)
✔ an operation the runtime does not support is refused, not rerouted (175.952875ms)
✔ the port refuses to exist without its journal root or Pi's model runtime (0.115875ms)
✔ preparing makes a chat, a binding and a candidate, and asks for no run (2.117917ms)
✔ a reply lost at any step is replayed against the same identities, never repeated (0.75275ms)
✔ preparing again over a finished preparation is a no-op, and a half-done one finishes (0.315375ms)
✔ preparing refuses without a folder, without a commit, and without a matching receipt (0.329667ms)
✔ the Home card offers preparation only with a folder and an owner, and says what it makes (2.627958ms)
✔ Home wiring: the prepared chat is the card's session, keeps its own events, and starts no run (2.317208ms)
✔ a real Host prepares a chat, a binding and a candidate with no run and no events (2543.044417ms)
✔ a write approval reports the candidate and the revision it was bound to (0.270375ms)
✔ a check approval reports the write revision it will run against, and no revision it was never given (0.076625ms)
✔ an approval with no recorded candidate has no candidate reading, and zero is not absent (0.09725ms)
✔ the reading is the recorded payload's, never the candidate as it is now (0.1975ms)
✔ the recorded identity is drawn on the open request and on the record the transcript keeps (0.941166ms)
✔ PA-R1 · after a lost candidate reply the visible command finishes the same preparation (10.351167ms)
✔ PA-R1 · the counterexample: the ordinary create would have been refused (0.463791ms)
✔ PA-R1 · a reply lost at any step is finished by the same visible command (5.265459ms)
✔ PA-R1 · preparation continues against the folder the Host really bound (1.795834ms)
✔ PA-R2 · nothing mutating is actionable while preparation is in flight (1.77075ms)
✔ PA-R2 · a locked card is locked for the same reasons whichever surface it shows (0.68ms)
✔ PA-R2 · an unconfirmed create locks every folder mutation, and Check status stays reachable (3.0405ms)
✔ PA-R2 · a create that never landed keeps its identity for the retry (0.4585ms)
✔ only a documented pre-effect mutation refusal is settled (0.189208ms)
✔ a coded bind read-back failure stays unknown after the bind committed (0.663292ms)
✔ PA-R1 · a refused folder can be corrected, and the correction is a new binding intent (3.560917ms)
✔ a definitive folder refusal survives the production Home marker reload (1.254292ms)
✔ PA-R1 · retrying the same folder keeps its identity; correcting is refused while anything is unknown (3.098667ms)
✔ PA-R3 · a first send from anywhere retires the preparation, keeping the unsent Home text (2.264375ms)
✔ PA-R3 · a send that was never admitted leaves the preparation recoverable (2.410583ms)
✔ PA-R3 · retiring is scoped to the prepared chat and to real work (0.081917ms)
✔ PA-R3 · a marker restored from storage reconciles against the Host once (0.181334ms)
✔ the production seam: what the controller owns, and what app.mjs wires (2.587083ms)
✔ work location · project and folder are chosen in one panel, and a project choice stages no folder (2.774792ms)
✔ work location · while a create's outcome is unknown the project is locked too, and Check status still settles it (2.4895ms)
✔ work location · a refused folder is corrected on the same chat, whose project stays fixed (3.498291ms)
✔ toStatTiles reads the three sets' totals in the window the backend can express (1.674584ms)
✔ a set the answer did not carry reads as words, never as a zero (0.097791ms)
✔ the caption states the scope it was actually given (0.082ms)
✔ toWorkCards passes recorded fields through and names the missing ones (0.163083ms)
✔ pending rows keep the server's own request word and invent no run state (0.150417ms)
✔ inspection rows keep unknown apart from failed and report a missing code as null (0.123958ms)
✔ adapters do not read the clock (0.106083ms)
✔ 08 · a recorded presentation is a row of its own at its event position (1.041125ms)
✔ 08 · the Chat row and the surface pane draw the same instance and version; an undrawable version reads as text and says so (1.866084ms)
✔ 08 / 06d · Preview knows the presentation kind: a pane, and a tab per recorded instance and revision (3.272125ms)
✔ 08 · the validator accepts exactly facts v1 and refuses unknown kinds, versions, fields and sizes by name (2.27975ms)
✔ 08 · cw_present records an instance with identity and hashes on the Run; invalid specs leave no instance; the instance is readable by its session only and survives reopen (676.48275ms)
✔ the recorded story is a work-only sample: no host facts, every entry a 2xx work read (0.960083ms)
✔ entry: only a workspace with no projects and nothing remembered enters on its own (0.354542ms)
✔ inactive, the layer answers nothing; active, it answers work reads from the story and leaves host reads alone (0.715792ms)
✔ reads of an example object that were not recorded fail as not found; reads of real objects pass through (0.231625ms)
✔ writes: drafts on example chats are a no-op, every other write against an example object is refused with a sentence, real writes pass (0.964167ms)
✔ mutation bodies cannot target an example object through an ID-free route (0.166042ms)
✔ aggregate preview reads are bypassed only after real project context exists (0.077666ms)
✔ exit: an admitted real run establishes the workspace for good; leaving by hand only remembers 'off' and can be reopened (0.208292ms)
✔ a broken storage is survivable: memory reads null, writes are dropped (0.180959ms)
✔ a tab is keyed by the owner's own identity: same object same key, another version or Work another key (1.091875ms)
✔ opening appends and selects; opening the same object again reselects its tab and keeps it once (0.979583ms)
✔ a tab can only be opened in its own Work (0.085958ms)
✔ closing the active tab selects its right neighbour, else its left; closing another leaves the selection (0.69125ms)
✔ each Work keeps its own tabs, selection and reading position; Work A's objects never appear in B (0.207083ms)
✔ the strip draws each object as a tab with a separate close target and the full name kept (1.308ms)
✔ keyboard: arrows, Home and End select along the strip; Delete closes the focused tab; focus stays on the strip (1.445375ms)
✔ a repaint keeps the keyboard on the same tab's select or close target (0.306875ms)
✔ a Work tab's mark is the run's own status word, said in words as well as shape (0.2045ms)
✔ each kind says its object's own name, and which reading or version it is (12.977209ms)
✔ a read answered after its tab was switched away never paints over the selected object (4.352917ms)
✔ a read answered after its tab was closed paints nothing (0.967917ms)
✔ FE-04 · 在途词只有一个，且只在在途时出现 (1.204042ms)
✔ FE-04 / M-9 · 五个送出一次决定的控件都经过同一个在途词，且保持静止态宽度 (0.67025ms)
✔ FE-04 · cancel requested 不把 Run 说成 stopped (0.136458ms)
✔ FE-04 · 在途的是哪一个决定也是事实，回执到达时一并撤掉 (0.122333ms)
✔ FE-04 · 重试之前撤掉上一次的失败，两卡一致 (0.143834ms)
✔ FE-04 · 问题卡的提交失败会被读出来 (0.147834ms)
✔ FE-04 · Failed 与 Interrupted 由两个不同的事实给出 (0.392708ms)
✔ FE-04 · 授权卡上不存在 always-allow 这一档 (0.2905ms)
✔ FE-04 · inbox 键盘没有批量键与数字键 (1.155084ms)
✔ every registry glyph is in the sprite and in the ui-controls allowlist (0.871542ms)
✔ offline icon geometry reproduces every pinned sprite shape without changes (2.229375ms)
✔ recreated controls contain local shapes and retain their action after disconnection (1.917792ms)
✔ disclosure rows use a native SVG chevron without changing the summary or its name (0.267125ms)
✔ sprite symbols are exactly the pinned Lucide files plus the CourtWork domain files, with recorded hashes (6.591375ms)
✔ domain glyphs follow the admitted geometry contract (1.534625ms)
✔ Spark, Attention and Chat seats and the Settings groups carry their registered glyphs (1.794667ms)
✔ Plugins and Models use distinct established object silhouettes (0.1265ms)
✔ registry owners and generated browser projection agree (24.038958ms)
✔ single-purpose collisions fail while contextual shared geometry is admitted (1.616084ms)
✔ unknown geometry and unapproved identity state variants fail (0.602459ms)
✔ contextual names are complete, no-icon and Pages representations are legal (0.34675ms)
✔ semantic action preserves existing control anatomy and handler (0.831583ms)
✔ migrated workspace close/add controls cannot return to raw glyph calls (0.870917ms)
✔ Pages text projection cannot leak its App glyph, malformed owner and representations fail (0.507042ms)
✔ actual workspace consumers preserve callbacks and contextual names (4.585ms)
✔ domain navigation preserves its handler with a visible label and glyph (0.282708ms)
✔ renderProfile and renderAccount exist and are wired into render() (1.198625ms)
✔ renderProfile mounts into #settings-profile-rows and renderAccount into #settings-account-rows (0.332208ms)
✔ the work-address suggestion is a button a person presses, never an auto-fill (0.238541ms)
✔ a photo over 256 KiB is refused client-side before any save is attempted (0.201792ms)
✔ a stale profile save keeps the typed value and reports the conflict, not the raw server message (0.098167ms)
✔ the Account panel states its fixture sentence and marks every disabled action (0.338208ms)
✔ renderAccount never invents a usage, quota or percentage figure beyond its one fixture disclosure (0.193833ms)
✔ Profile and Account CSS additions use existing tokens only (0.62475ms)
✔ suggestWorkAddress · Chinese reads surname + role, everything else reads role + full name (0.104417ms)
✔ profile · the Host holds one profile with a revision; saves are CAS, fields are bounded, the address chain is the client's to read (223.092375ms)
✔ account · the fixture states an entitlement and stable rows, names its unavailable actions, and invents no usage number (79.300125ms)
✔ unassigned chats run with ordinary tools, isolated files/configuration, and restore by Session ID (688.559792ms)
✔ unassigned coordination scope does not merge all null-project conversations (52.448334ms)
✔ schema13 upgrades byte-backed identities and configuration without resetting declared capabilities or CAS (152.60025ms)
✔ summary labels use explicit Session scope, never null project as Attention authority (0.253875ms)
✔ PV-54: both consumers use one pure provider projection, preserving existing exports (9.71925ms)
✔ PV-54: the real host serves exactly the shared projection module (111.047667ms)
✔ PV-32 · 旧 credentials.json 的 provider 键一次性迁到连接 id (189.968417ms)
✔ PV-25 · 兼容连接：发现 → 保存 → 选中 → 真跑一次 run，run 记录读得出连接与凭据来源 (409.960833ms)
✔ PV-26 · 两条连接各持自己的 key，互不覆盖 (500.005041ms)
✔ PV-31 · 用户连接注册在独立 provider id 上，删除即注销 (84.427792ms)
✔ PV-30 · 未知 contextWindow 不猜值：关压缩并显式记录，用户填值后来源标为 user (835.295083ms)
✔ PV-24 · 零成本的 Model 记录不会在 usage 面变成事实上的 $0 (1001.538834ms)
✔ 重启后连接与凭据仍可用；列表落空的连接不阻止启动 (215.443166ms)
✔ PV-34 · 保存失败区分认证失败 / 目录不可达 / 模型不在该目录 (68.047792ms)
✔ 连接的增删改查受同一条配置队列与 active_run 冻结约束 (713.286667ms)
✔ T-CRED · 用户连接路径同样不读 HOME/.pi 与环境变量 (360.365416ms)
✔ PV-59 · 目录连接 PUT 只接受 models；api/baseUrl/apiKey 出现即 400 (109.286792ms)
✔ PV-59 · 追加的模型 id 不得与已装目录冲突 (68.160958ms)
✔ PV-59 · 目录连接加一个不在已装目录的模型：可保存、可选为生效、run 发起门放行；删掉后 run 发起门 503；原生模型仍可解析 (442.578708ms)
✔ reasoning capability · legacy 与显式声明保留，但不越过 fixture 无 reasoning 协议 (90.784166ms)
✔ PV-62/PV-84 · verify 四类 fixture 结果：成功 ok、401→authentication_failed、未知模型→http_error、不可达→unreachable，且不冒充精度 (124.060292ms)
✔ PV-62 · verify 的三道门：模型不可准入 400、连接无凭据 400、活动 run 期间 409 (1251.845959ms)
✔ PV-42 · 回执绑定失配返回 null；重启后额外模型与回执可用 (199.822916ms)
✔ T-CRED-VERIFY · fixture 除外：fake 连接的 verify 不要求预先配置凭据；兼容连接仍要求，且不读 HOME/.pi 与环境变量 (65.876084ms)
✔ provider preview HTTP contract, bounds, authentication and unchanged runtime (10375.349708ms)
✔ openai-completions: real SDK tool loop, stable consecutive prefix, cache usage and restart (1141.861042ms)
✔ openai-responses: real SDK tool loop, stable consecutive prefix, cache usage and restart (601.354042ms)
✔ Provider requirements stay separate from model declarations and endpoint names (1.639792ms)
✔ Models uses only provider protocols advertised by the Host (0.1085ms)
✔ Provider declaration read is harmless and DeepSeek route validation preserves saved configuration (116.477042ms)
✔ Models presents the reported harness and links tool configuration without inventing an adapter switch (2.632583ms)
✔ fixture no-reasoning protocol cannot gain a native effort field from extra model declarations (0.386083ms)
✔ schema13 upgrade preserves every schema11 pending operation, including missing-record recovery (155.38025ms)
✔ verify resolves active identity API/endpoint overrides without leaking them to another connection (125.767166ms)
✔ HYP-01: abort before openQuestion waiter is installed does not hang (164.769208ms)
✔ release capability lifecycle: advertise, effect, suspend, restore, and restart stay bound (2599.78025ms)
✔ release input binding: initial context and runtime_load keep source identity without granting tools (599.267042ms)
✔ release input binding: compaction cannot expand a replacement binding or rewrite an old one (1001.507625ms)
✔ release input binding: aggregate compiled context is rejected before Run identity exists (80.059459ms)
✔ DF06 MCP permission denial records no dispatch intent and reaches no remote effect (592.207ms)
✔ DF06 cancelling a pending MCP approval ends cancelled without dispatch or effect (514.911ms)
✔ DF06 failed MCP result-receipt persistence fences one remote effect and never replays after reopen (1044.126ms)
✔ NDA renderer is an exact declared path: missing is 404, present bytes are served, siblings stay private (743.419417ms)
✔ RuntimeStore schema15 gains empty external bindings with an exact backup and old-host fence (535.475583ms)
✔ repository tools use bounded relative paths, record source hashes, and recheck the root before disclosure (834.255333ms)
✔ binding revisions, idempotency, Run snapshots, and revocation are serialized by RuntimeStore (87.808375ms)
✔ HTTP binding API exposes only bound tools, records read provenance, and revoke cancels active Runs (1100.100083ms)
✔ repository path deny rules block case aliases on case-insensitive Host volumes (259.480916ms)
✔ repo_grep excludes a repo_read-denied file, counts it, and keeps only allowed sources in provenance (721.721375ms)
✔ repo_grep excludes an ask-gated file without opening a permission question (498.266583ms)
✔ choose-directory uses the SE_TEST_MODE picker script, reports a cancel, and requires the work token (1166.995542ms)
✔ choose-directory rejects a second concurrent picker with 409 while the first is still open (2676.05ms)
✔ recent repositories are derived from bind receipts, deduped by exact path, ordered, and report live availability (535.334417ms)
✔ repositories/inspect reports live availability and Git branch/HEAD without persisting or granting access (199.317ms)
✔ candidate reads and writes serialize so provenance keeps the observed write revision (3.921166ms)
✔ parallel ask-mode writes cannot spend approval after the candidate revision advances (2.621333ms)
✔ private Git candidate uses the explicit commit, contains source execution config, and leaves the dirty source untouched (2676.540417ms)
✔ private candidate dissociates source object alternates (2434.359208ms)
✔ candidate diff stops collecting untracked patches at the aggregate Host limit (3192.742666ms)
✔ Linux mountinfo parser detects escaped mountpoint descendants (44.243666ms)
✔ candidate creation rejects a replaced bound source root (143.042791ms)
✔ candidate FD write inspects expected hashes and replaces existing files with a new inode (2508.052875ms)
✔ candidate FD write creates only absent targets and serializes the no-replace primitive (2343.622291ms)
✔ candidate FD write rejects traversal, Git control paths, symlinks, and a replaced root (2307.7495ms)
✔ candidate FD post-operation check catches root replacement after its descriptor is opened (2126.728875ms)
✔ candidate API rejects UUID versions the private-worktree builder cannot create before recording a receipt (106.471959ms)
✔ candidate command history rejects overflow without poisoning restart and source revoke remains available (214.950208ms)
✔ candidate receipt budget preserves NO_ACTIVE_CANDIDATE and refuses a create that would strand revoke (197.196209ms)
✔ repository write effect cap rejects before mutation and leaves an openable store (212.714292ms)
✔ repository retained-payload cap rejects a write from a later candidate (202.19125ms)
✔ schema17 candidate API keeps source reads separate, asks before writes, records receipts, and revokes Run access (6784.622208ms)
✔ human candidate diff route requires an active candidate and the work token (63.439125ms)
✔ candidate_grep and repo_diff exclude a candidate_read-denied file, counting it without naming it (3585.378ms)
✔ source binding replacement requires an active private candidate to be revoked first (2370.465375ms)
✔ confirmed candidate write replay returns its stored receipt without reapplying stale expected state (2899.133875ms)
✔ schema16 migrates into schema17 without losing source binding snapshots (133.970959ms)
✔ prepared repository writes become unknown after restart and are never replayed (130.300584ms)
✔ host stream observation separates first output/text and preserves terminal identity without claiming TPS (2.213875ms)
✔ provider-default payload omits generated reasoning controls after the existing callback (0.387709ms)
✔ explicit effort uses the declared adapter mapping and provider identity, not endpoint hostname (0.125375ms)
✔ production compatible registration pins generic reasoning on heuristic-looking loopback paths (93.321667ms)
✔ capability projection admits only values the selected adapter can encode (0.210375ms)
✔ request telemetry keeps SDK setting provenance and a safe capability snapshot (0.308459ms)
✔ interrupted stream and dispatch error do not report successful usage (0.301542ms)
✔ result-only SDK calls still emit a terminal request measurement exactly once (0.141334ms)
✔ provider response identifiers stay separate from runtime identity without forwarding extra metadata (0.339542ms)
✔ effort is capability checked and recorded by real local SDK requests (204.100333ms)
✔ malformed measurement records are omitted before rendering (0.144ms)
✔ schema6 migration preserves both global and project sessions (113.645959ms)
✔ no ready frame rejects within readyTimeoutMs and reaps the failed worker (89.161083ms)
✔ a request with no response times out, clears pending, and reaps the transport (1505.227875ms)
✔ close ignores a missing close acknowledgement, is bounded, and reaps the worker (31.3015ms)
✔ a partial response frame is bounded by the request deadline and the transport is reaped (136.108625ms)
✔ invalid JSON invalidates and reaps the transport (34.811833ms)
✔ an oversized unterminated frame is rejected before unbounded buffering (48.977916ms)
✔ stderr is capped while a failed request is cleaned up (133.550833ms)
✔ concurrent starts share one worker and one readiness result (35.912125ms)
✔ close during startup rejects start and reaps the child (3.350083ms)
✔ maxPending rejects excess calls and failed transport cleanup leaves no pending entries (138.935625ms)
✔ a failed transport can restart after its child has been reaped (68.026458ms)
✔ late events from an old generation cannot satisfy or damage the replacement (185.345833ms)
✔ close rejects in-flight admissions, then permits a reaped replacement generation (64.121375ms)
✔ Runtime11 migrates a real schema10 byte sequence, preserves provider fields, and fences the old host (329.721541ms)
✔ a fixed schema10 host can read an exact schema10 backup in an independent directory (267.74925ms)
✔ Runtime11 pending configuration markers survive reopen and finish durably (147.135125ms)
✔ Runtime11 refuses a malformed pending marker without changing the original bytes (107.4325ms)
✔ Q02 · HTTP/store field boundaries preserve valid Unicode and reject controls without changing files (439.389541ms)
✔ Q02 · a 240-character model and 2048-character endpoint survive reopen and keep the execution descriptor (1262.665667ms)
✔ Q02 · registration failure leaves a recoverable record without a ghost provider (114.708209ms)
✔ Q02 · a provider store failure can be retried with PUT and does not publish a ghost registration (80.63175ms)
✔ Q02 · replacing a connection fences the route when the new store write fails, then recovers after restart (153.827417ms)
▶ Q02 · credential file, runtime key, and generation failures remain inspectable and retryable
  ✔ runtime-key (96.470667ms)
  ✔ credential-path (76.1335ms)
  ✔ generation (80.323083ms)
✔ Q02 · credential file, runtime key, and generation failures remain inspectable and retryable (253.367042ms)
✔ Q02 · credential_delete explicitly abandons a pending credential_set and clears its key (98.353458ms)
✔ Q02 · a final pending-marker persist failure fences an already-applied credential until the same retry (77.102458ms)
✔ Q02 · startup skips pending registration/key load, preserves receipt replay, and only same-operation retry clears it (311.444542ms)
✔ Q02 · a pending delete with a missing record can be retried to clean credentials (132.237416ms)
✔ activity stops on wait, disconnect and terminal state without inventing cancellation acceptance (0.928167ms)
✔ word clock survives polling, announces facts once, and stale callbacks cannot revive old work (1.368875ms)
✔ Attention can subtract measurement actions without removing the status fact (0.968542ms)
✔ process phrases follow exact tool/notice lifecycles and never turn prose into a progress claim (0.19875ms)
✔ Context reads the selected Run only, preserves missing and zero, and never computes capacity usage (12.088416ms)
✔ BG02-T1: a cancelled, a failed and a restart-unknown Run can each be continued, and the continued Run is unchanged (15303.167125ms)
✔ BG02-T1/T7: a Run left in flight by SIGKILL becomes unknown, keeps its lineage and can itself be continued (15529.259333ms)
✔ BG02-T2: lineage is a chain — a Run that already has a continuation refuses a second one (43493.58125ms)
✔ BG02-T3: completed, still-running, foreign/absent and effect-unreconciled targets are each refused (29119.49925ms)
✔ BG02-T4: command identity includes the lineage claim (29011.008333ms)
✔ BG02-T5: a continuation carries its own input; the earlier prompt is not copied or replayed (14850.866ms)
✔ BG02-T6: schema 8 upgrades once with an exact backup, and an occupied backup path stops the upgrade (215.719125ms)
✔ BG02-T6: a schema 11 state with an impossible lineage fails closed, and the schema10 host refuses schema 11 entirely (385.345ms)
✔ integration: main schema 9 lineage survives schema 11 provider-connection migration (130.055291ms)
✔ a successful ws_read row renders the shared anatomy: title, meta, glyph, closed by default (1.665792ms)
✔ an error row is open by default and carries the is-failed class (0.2065ms)
✔ a settled check_run row shows the facts list (Recipe/Outcome) and stdout, not the request/result JSON dump (1.120917ms)
✔ toggling the details element calls onToggle with the new open state (0.163042ms)
✔ toolGlyph, appendToolDetails and appendCheckDetails cover the moved cases (0.157584ms)
✔ parity: Chat and Attention share renderToolRow, and the old duplicate tool-row anatomy is gone (2.2615ms)
✔ Runtime detail retains each object reading position and focus through a snapshot refresh (21.220833ms)
✔ Late recorded-source completion preserves the currently read object position (11.907666ms)
✔ Changing Session does not carry an old object reading position into the new context (11.502416ms)
✔ Permission explanation remains before an already opened long recorded source (16.243625ms)
✔ Distinct legal resource IDs keep independent DOM relationships and reading positions (11.138167ms)
✔ A pending source read and permission explanation settle independently (13.602625ms)
✔ A failed source response from a prior Session cannot replace the new read (14.754834ms)
✔ current host context reaches the model without changing user input; capabilities use the installed catalog (579.247125ms)
✔ a Run waits for its final event to persist before publishing completion (669.633ms)
✔ event persistence failure is reported as runtime failure instead of completion (328.77025ms)
✔ CLI SIGTERM settles a waiting Run and the same data directory reopens (1435.850416ms)
✔ normal Save completes the intake only after the Host snapshot accepts the resource (351.264917ms)
✔ a successful banner retry keeps a new scoped draft and focus after a late Host receipt (450.365834ms)
✔ if a draft changes after conflict, the explicit retry saves the old reviewed value without clearing the newer edit (447.070292ms)
✔ a second CAS conflict retains the receipt callback for the next explicit retry (477.9445ms)
✔ a late retry receipt from a prior Session cannot replace or finalize the new Session intake (604.997084ms)
✔ active-run guidance is visible in the real Tools and Skills Settings groups (215.919167ms)
✔ Tools and Skills keep the HTTP read cause and last confirmed revision visible (134.893209ms)
✔ the real Tools Settings group exposes its filtered CAS retry and applies it explicitly (244.561375ms)
✔ MCP intake validates without connecting and saves an unexposed resource in the selected scope (9.023334ms)
✔ Changed source cannot use stale validation and failed save retains its draft (18.923084ms)
✔ Late validation cannot populate a new Session draft; active runs disable saves (2.260791ms)
✔ New Skill exposure is atomic, survives restart, and can be enabled independently (192.893042ms)
✔ Skill file reads invalidate previews even when a later directory selection is invalid (12.455917ms)
✔ instruction shares the reviewed, unexposed intake path without Skill-only fields (7.071083ms)
✔ reference shares the reviewed, unexposed intake path without Skill-only fields (6.405792ms)
✔ prompt_template shares the reviewed, unexposed intake path without Skill-only fields (5.440125ms)
✔ Switching resource types keeps independent drafts and cannot reuse another type preview (7.112625ms)
✔ Text resource intake resolves and persists all three kinds without model admission (85.851ms)
✔ each runtime is one row with its state, its configuration owner and one next action (7.880417ms)
✔ empty, loading, failed and refreshing lists are four different readings (4.014917ms)
✔ opening a runtime moves the keyboard to its way back, and Back returns to the same row (16.84775ms)
✔ only a runtime detail scopes the compact settings-block rhythm (2.612792ms)
✔ protocol and process facts are disclosed on demand and a re-render does not close them (2.340792ms)
✔ native-owned sign-in describes the step in the runtime itself and offers no credential field (1.944709ms)
✔ CourtWork-managed sign-in chooses a synthetic Models reference and never takes a key (7.463208ms)
✔ connect shows what it writes before the command, then reads back the exact revision and connection (4.250375ms)
✔ a refused connect keeps the typed name and puts the keyboard back on Connect (3.370208ms)
✔ disabling says what changes on the next admission and leaves the bound run on its recorded revision (3.1025ms)
✔ disconnect is unavailable while a run is bound, with its reason beside it (1.313334ms)
✔ Escape closes the disconnect confirmation and returns the keyboard to Disconnect (4.055708ms)
✔ disconnect removes only this connection; identity, history and unsaved input survive (8.676958ms)
✔ an unavailable engine is not a permission decision and offers no connect (2.206042ms)
✔ a host that cannot change runtimes gives each action its reason and sends nothing (2.4305ms)
✔ a committed command whose reply is lost stays unknown, blocks every mutation, and Check status settles it without resending (4.270416ms)
✔ an unknown outcome the owner never received settles as not applied and keeps the draft (4.226041ms)
✔ an error without a listed code is never read as a refusal (0.110083ms)
✔ a double press sends one command, and the owner treats a repeated operation id as the same one (2.600708ms)
✔ a revision changed elsewhere is refused, the draft is kept, and Reload shows the owner's values beside it (4.588791ms)
✔ a draft survives leaving for the list and coming back (2.750833ms)
✔ a late list reply after opening a runtime does not navigate or land (0.651084ms)
✔ a late detail reply for one runtime does not overwrite another runtime's page (1.853042ms)
✔ a command reply that arrives after leaving lands on its own runtime only, and was never cancelled (6.766208ms)
✔ a command confirmed while the list is on screen refreshes the list and keeps its rows (5.042ms)
✔ every receipt, pending line and entry point carries the preview identity (3.290708ms)
✔ the preview host serves the fixture page and product assets, and accepts no mutation (26.827ms)
✔ RM-R1 · a submitted draft whose reply is lost is never called 'not applied', and newer input is told apart from it (7.508208ms)
✔ RM-R1 · while the command is still out, the submitted draft is 'waiting', not 'not applied' (4.543375ms)
✔ RM-R2 · a read older than the receipt is not a read-back: changes stay locked until a current reading arrives (6.833792ms)
✔ RM-R2 · at the receipt's revision the connection must match it; a newer revision may differ and is shown as newer (3.85525ms)
✔ RM-R2 · a reading for another runtime id is never taken as this command's read-back (3.479666ms)
✔ RM-C1 · an inconclusive status lookup keeps the original operation unresolved and locked (5.364ms)
✔ RM-C1 · the fixture answers 'not applied' only by fencing the id, so that operation can never apply later (0.248791ms)
✔ RM-R2 · the preview's stale-read-back scenario reaches the same lock through the fixture itself (3.44725ms)
✔ runtime projection: parent/profile gates are explanations, not removable overrides (0.85825ms)
✔ runtime projection: historical counts stay partial; new catalogs count admitted text only (0.090875ms)
✔ 06 · apply is refused with active_run while a Run is in flight, and the ledger stays proposed (1103.004667ms)
✔ 06 · crash after the pending marker but before the put: startup returns the proposal to proposed and the configuration is untouched (576.289083ms)
✔ 06 · crash after the put but before the receipt: startup settles the proposal as applied with a recovered receipt and does not put again (411.094417ms)
✔ proposalRows: proposed/applying sort first (newest first), then decided (also newest first); each row names its object, run and state word (2.044834ms)
✔ proposalRows: an empty or missing list is an empty list, not a hidden one; an unrecognised status still surfaces its own word (0.124042ms)
✔ proposalRows: runShort is the first 8 characters of the authoring run id (0.063458ms)
✔ drift: the Instructions block reads the session-scoped proposal ledger (0.101834ms)
✔ drift: opening a row reads its review once and the Change section renders through parseUnifiedPatch/renderDiff (0.231208ms)
✔ drift: Apply sends the read approvalSha256 and is refused once a run is active or the review carries a blocker (0.214875ms)
✔ drift: a 409 from apply/reject re-reads the review rather than trusting the local guess (0.081292ms)
✔ 06 · propose → review → apply: the ledger is not a registry, Apply is one CAS put, the next Run binds and loads the skill, the earlier Run's binding is unchanged (1177.699958ms)
✔ 06 · invalid or oversized text is refused at propose time; edit makes a new revision and voids the old review; reject leaves the configuration untouched (135.032833ms)
✔ 06 · CAS conflict: a configuration change after review makes the approval stale; the same requestId with a different body is an idempotency conflict (290.516583ms)
✔ BE-5: POST /runtime-sources/resolve returns exact UTF-8 identity for all six inline kinds; provenance stays unverified and nothing is imported (115.053208ms)
✔ BE-5: token, origin, content-type and body-size guards plus malformed/extra-field input follow the existing host boundaries (477.450375ms)
✔ BE-5: every locator kind stays explicitly unsupported over real HTTP with an exact echo, and no content identity is invented (69.364625ms)
✔ BE-5: an isolated child probe proves locator and inline MCP resolution performs no file read, socket connect, HTTP request, fetch or child process (845.603708ms)
✔ BE-5: pure resolution stays available during an active Run while config, disk, revision and the Run binding remain unchanged and nothing imports (514.251709ms)
✔ BE-5: the service seam mirrors the pure resolver and adapts its 400s to the host error shape (66.633125ms)
✔ first visit: a destination asked for during the first read opens when it lands (14.833167ms)
✔ already loaded: the destination opens at once (4.397583ms)
✔ leaving before a slow read settles forgets the destination (1.971417ms)
✔ a Session change before the read settles never opens it in the other chat (1.786541ms)
✔ attention: a healthy snapshot produces an empty list, not a hidden one (1.520875ms)
✔ attention: health, diagnostics, ask permissions, trust and missing ids each raise one entry (0.30725ms)
✔ contrast: the ratio is WCAG 2.x and the extremes are exact (0.1305ms)
✔ contrast: the browser warning checks exactly the build report pairs (0.603583ms)
✔ RuntimeStore persists schemaVersion 13 session/run fields and the canonical user event (110.584834ms)
✔ RuntimeStore createRun is idempotent by commandId and rejects a conflicting replay (53.370583ms)
✔ RuntimeStore rejects an older schemaVersion file with no migration and does not rewrite it (98.74925ms)
✔ T-CRED-6: credentialGeneration is persisted and keeps increasing across a reopen (96.110083ms)
✔ schema 17 upgrades once: operations added empty, exact backup kept, nothing else rewritten (189.749916ms)
✔ schema 18 upgrades to current once: remote fields added null/empty, Pi locator kept, exact backup, nothing else rewritten (158.62975ms)
✔ an interrupted or blocked 18 → current upgrade changes nothing: occupied backup path, malformed legacy input, unsupported newer schema (192.733833ms)
✔ a malformed current remote ledger fails closed (299.836667ms)
✔ the actual schema-18 Host refuses the current file without writing, and opens the exact backup independently (565.406709ms)
✔ copy guard rejects default record nouns and allows verbs, user values and disclosed diagnostics (21.401833ms)
✔ raw consumer guard rejects new, duplicated and stale literal consumers (1.042375ms)
✔ actual raw consumers and Pages cross-map remain registered (26.905042ms)
✔ CC-S · settings-active 时侧栏不渲染，而不是只被藏起来 (1.050208ms)
✔ CC-S · Back to app 是唯一的离开动作，落在页标题行左端 (0.220458ms)
✔ CC-S · 设置的两列有自己的几何 token，不借 --nav 的列轨 (0.413167ms)
✔ WK-115 ① · 第六个状态词是 Unknown，Interrupted 只在明确的终态上出现 (0.385416ms)
✔ WK-115 ② · Home / End 是纯导航键，且只在焦点已在列表里时接管 (0.360375ms)
✔ WK-115 ② · 两条列表各自 role=list，不合并 (0.258166ms)
✔ WK-116 · 改约已落在文档里，不是一次 CSS 修复 (0.067834ms)
✔ Host-owned profile exposure is text while configurable resources retain a switch (9.055209ms)
✔ Plugins shows owner states without inventing a host lifecycle switch or duplicate tool row (1.510541ms)
✔ Plugins preserves active-run restrictions and reports empty and failed reads (6.992125ms)
✔ 一组完整的 Tier S token 通过，并被规范成可以直接落进样式表的声明 (1.679708ms)
✔ 旧 gray-steel 全量块仍可读取，但新外观格式不接受其固定语义键 (0.66775ms)
✔ 产品内的 gray-steel 与 skins/gray-steel.css 逐字相同：两处不许漂移 (1.068042ms)
✔ 不是既有 token 名的声明被逐行拒绝，整组不落地 (0.1215ms)
✔ 颜色 token 只接受 hex：命名色、函数与变量都不行 (0.246292ms)
✔ url( · expression · @import · 转义 · 标记这些形状先于逐行解析被拒绝 (0.085875ms)
✔ 半套色阶被拒绝，并把缺的名字说出来 (0.069583ms)
✔ 行号指回原文，一次报完所有问题 (0.075833ms)
✔ legacy 数值可读，但新外观许可域拒绝材质参数 (0.232208ms)
✔ 一次只收一个块：粘贴整份 skin 文件被拒绝而不是只应用第一段 (0.123875ms)
✔ 空输入与超长输入各有自己的话，不是同一句错误 (0.072834ms)
✔ 代码字体只收字体族名，收不下分号与括号 (0.106458ms)
✔ 读偏好只认闭集里的值：坏掉的存储读成默认，不是读成垃圾 (0.253292ms)
✔ Home 版面偏好是闭集：默认 Modules，坏值读回 Modules 而不是读成第三种版面 (0.244541ms)
✔ Home 模块只安装有既定读取接缝的 Activity 与 Attention (0.09725ms)
✔ 页面的十二个组是闭集，未知的节名落回 General (0.070333ms)
✔ CC-I · provenance 的词表今日是闭集的两个词，判定是与 owner 默认值的字面比较 (0.086334ms)
✔ CC-I · 默认态：provenance 是 Default，复位不呈现 (0.582334ms)
✔ CC-I · 改一项之后翻为 Changed on this device，复位可用且可达名字带属性名 (0.144667ms)
✔ CC-I · 复位：值回默认、provenance 回 Default、焦点落在本行控件上、有一条可播报的回执 (0.2545ms)
✔ CC-I · 复位之后的下一次改值作废那条回执，回执不是一条会留在页面上的旧话 (0.100417ms)
✔ CC-I · 没有 owner 默认值的行一个字都不多：同一个函数，不长出这三样 (0.086417ms)
✔ CC-I · provenance 挂在控件上，读屏听得到它而不是一段孤立的文字 (0.085459ms)
✔ CC-I · Code font：未提交的编辑不是 modified，提交后才是，校验失败不改 provenance (0.480208ms)
✔ CC-I · Palette 选了 Custom tokens 但没 Apply 不算 changed：provenance 读生效值不读草稿 (0.410208ms)
✔ CC-I · appearance keeps no value controls; only the provider context window is numeric (1.441042ms)
✔ failed browser storage keeps the active projection but exposes session-only persistence (0.263333ms)
lint-shapes: 1 处违反 WK-128
lint-shapes: 1 处违反 WK-128
lint-shapes: 1 处违反 WK-128
✔ 产品样式表通过形状 lint (89.457708ms)
✔ 满弧写成 50% 会被拒绝，并指回 --radius-pill (75.413ms)
✔ 组件私有的游离圆角会被拒绝 (76.111292ms)
✔ 不建立在形状角色上的表达式会被拒绝，派生式与多角声明通过 (152.447875ms)
✔ 登记表内的形状按登记放行 (75.2785ms)
✔ native chrome accepts bounded geometry and rejects arbitrary or invalid injection (1.429667ms)
✔ host geometry updates and fullscreen/native nonoverlay remove reservations without adding a strip (0.263042ms)
✔ legacy values remain readable while projection ignores semantic and material keys (3.53375ms)
✔ unknown, semantic, and material declarations cannot enter the modern skin (2.209583ms)
✔ first paint retains raw storage but writes only canonical projected CSS (1.982208ms)
✔ a legal input over 4000 bytes and under 8000 bytes projects identically at first paint (1.843041ms)
✔ the policy is a synchronous classic script before the first-frame bootstrap (0.22125ms)
✔ Dystopia uses one closed preference registry and unknown choices fall back (1.679208ms)
✔ Dystopia is exactly the permitted opaque appearance scale in both modes (0.76925ms)
✔ MR-A1a: meta contract — version, units and byte limit are explicit (1.642166ms)
✔ MR-A1a: plain ASCII — counts, hash and identity conversions (0.515667ms)
✔ MR-A1a: empty content is allowed and every offset except 0 is rejected (0.261125ms)
✔ MR-A1a: BOM is preserved, counted as one code point, never stripped (0.160167ms)
✔ MR-A1a: CRLF and trailing newline are literal code points, not normalized (0.0835ms)
✔ MR-A1a: combining characters are preserved; no Unicode normalization happens (0.148333ms)
✔ MR-A1a: emoji/astral — surrogate-pair interiors are rejected, never snapped (0.308334ms)
✔ MR-A1a: strict UTF-8 — malformed and truncated input is rejected with invalid_utf8 (0.4305ms)
✔ MR-A1a: size boundaries — 65536 bytes accepted, 65537 rejected as source_too_large (5.08375ms)
✔ MR-A1a: offset validation — unsafe integers, wrong ranges and bad units (0.402625ms)
✔ MR-A1a: input is copied — later mutation never reaches the built coordinates (0.120125ms)
✔ MR-A1a: Buffer and offset views are accepted and measured by their own bytes (0.225542ms)
✔ MR-A1a: wrong input types are a caller contract violation (TypeError) (0.185417ms)
✔ MR-A1a: returned object is frozen; output metadata edits cannot pollute conversions (0.181667ms)
✔ MR-A1a: repeated builds are deterministic and independent of each other (0.076125ms)
✔ MR-A1a: fixture corpus parity — module equals the independent oracle and the static expectations (6.63175ms)
✔ MR-A1a: NUL and control characters are ordinary code points, never trimmed (0.184833ms)
✔ MR-A1a integration: spoofed non-byte views are rejected by internal type (0.072333ms)
✔ MR-A1a integration: invalid unit errors never coerce caller objects (0.121917ms)
✔ R2: six inline kinds resolve without changing config, then explicit imports preserve exact bytes (28.777875ms)
✔ R2: hashes bind bytes and interpretation; origin is only a caller assertion and outputs own their data (0.264333ms)
✔ R2: skill/profile declarations remain unverified requirements without new capabilities (0.333041ms)
✔ R2: MCP and locators never fetch, connect or read their declared target (0.132ms)
✔ R2: malformed, executable and ambiguous sources cannot be silently reinterpreted (0.346709ms)
✔ R2: invalid YAML and cyclic projected metadata fail before config persistence (16.591667ms)
lint-spacing: 1 处违反 G3 token 治理（间距 1 · 字号 0）
lint-spacing: 1 处违反 G3 token 治理（间距 0 · 字号 1）
lint-spacing: 1 处违反 G3 token 治理（间距 1 · 字号 0）
lint-spacing: 1 处违反 G3 token 治理（间距 1 · 字号 0）
lint-spacing: 1 处违反 G3 token 治理（间距 1 · 字号 0）
lint-spacing: 1 处违反 G3 token 治理（间距 1 · 字号 0）
lint-spacing: 1 处违反 G3 token 治理（间距 1 · 字号 0）
✔ 产品样式表通过间距 / 字号 lint (100.542792ms)
✔ 游离的间距 px（不在刻度上、未登记）会被拒绝 (80.154458ms)
✔ token 引用、发丝级偏移与 0/auto 都不算违规 (81.133708ms)
✔ 游离的 font-size px 会被拒绝，登记表命中的 selector + 值放行 (168.838625ms)
✔ 登记表内的间距按 selector + 值放行，换一个值仍拒绝 (172.760042ms)
✔ 块内最后一条声明没有分号时同样被检查 (88.012791ms)
✔ 引用未定义的 token 名会被拒绝；兜底值按同一套刻度受检 (364.364542ms)
✔ 登记表按属性生效：为 padding 登记的值不替同一选择器的 margin 背书 (180.520125ms)
✔ BE41-B accepts source FILE zero and replacement rollback without accepting identical or negative versions (1.924708ms)
✔ BE41-B binds live empty pages to the top token and rejects contradictory or malformed top tokens (0.550541ms)
✔ BE41-B paginator sends exact snapshot; changed snapshot refresh starts at page zero without old token (6.299708ms)
✔ BE41-B late pagination cannot replace a closed and reopened read (1.999333ms)
✔ BE41-B actual authenticated empty endpoint projects with its live top token (229.672667ms)
✔ BE41-B a live snapshot rejection discards explicit sample and exposes Refresh (2.578208ms)
✔ SP1-FE · stale.json validates: one Matter behind, one fully current, sharing a snapshot (2.309417ms)
✔ SP1-FE · quiet.json validates: every Matter current, no prompt-worthy bucket (0.167084ms)
✔ SP1-FE · empty.json validates: no Matters, page.total 0 (0.110917ms)
✔ SP1-FE · partial.json validates: unavailable Matter keeps null counts, not zero (0.138459ms)
✔ SP1-FE · truncated.json validates: 20 refs loaded, true count stated separately (0.404875ms)
✔ SP1-FE · a 0 where a non-observed Matter must publish null is rejected, not read as zero (0.142417ms)
✔ SP1-FE · an observed Matter reporting stale:null instead of a real zero is rejected (0.100417ms)
✔ SP1-FE · a genuine zero-stale Matter is accepted and stays a real, distinct zero (0.261125ms)
✔ SP1-FE · staleRefsTruncated true with fewer than 20 loaded refs is rejected (0.476458ms)
✔ SP1-FE · staleRefsTruncated false while refs fall short of the stated stale count is rejected (0.453584ms)
✔ SP1-FE · more than the 20-ref page ceiling is rejected outright (0.30175ms)
✔ SP1-FE · two Matters in one page reporting different snapshotRefs is rejected (0.147834ms)
✔ SP1-FE · sameSnapshot refuses to confirm consistency across a null snapshot (0.067458ms)
✔ SP1-FE · wrong schemaVersion is rejected (0.077209ms)
✔ SP1-FE · a stale ref not actually behind the Matter's source revision is rejected (0.090417ms)
✔ SP1-FE · byStatus counts that don't sum to derivations.current/stale are rejected (0.067959ms)
✔ SP1-FE · an observed Matter must not carry a reason (0.058542ms)
✔ SP1-FE · a partial Matter must carry a reason (0.071292ms)
✔ SP1-FE · sourceSetChange with a non-increasing revision pair is rejected (0.07325ms)
✔ SP1-FE · a missing sourceSetChange key (vs. an explicit null) is rejected (0.07075ms)
✔ SP1-FE · duplicate matterId within one page is rejected (0.067583ms)
✔ SP1-FE · page bounds exceeding the reported total are rejected (0.063ms)
✔ SP1-FE · coverage.matters partial without a machine-readable reason is rejected (0.050417ms)
✔ SP1-FE · a non-object payload, and a missing top-level field, are both rejected (0.057625ms)
✔ SP1-FE · activityRows narrows to one candidate status without reordering (0.115ms)
✔ SP1-FE · truncationNote is null once every stale ref for a Matter is loaded (0.068333ms)
✔ Spark route selects a stable bound owner and opens the existing Work preview (9.647875ms)
✔ Spark route cannot manufacture a Work session for an unbound Matter (0.485625ms)
✔ a newer navigation cancels a pending Spark owner lookup (0.406209ms)
✔ a newer navigation cancels Spark Work activation after session selection (0.394375ms)
✔ Spark revalidates the loaded session binding before activating Work (0.401666ms)
✔ Spark does not activate Work when the selected session failed to load (0.364209ms)
✔ WO-SD-01 · GET /web/samples/spark-derivations/<name>.json 200s for all five scenarios, each a valid, unaltered BE-41 payload (116.630458ms)
✔ WO-SD-01 · the sample route is a literal allowlist: an unregistered scenario name 404s, no directory listing, no traversal (77.065834ms)
✔ WO-SD-01 · the fixture directory no longer exists under app/tests — SD-18's git mv landed for real, not just in spark-projection.test.mjs's path (0.426041ms)
✔ SP1-FE · createSparkView keeps the frozen constructor signature (0.957125ms)
✔ SP1-FE · a projection module fetches nothing, writes nothing, reads no clock (0.762833ms)
✔ SP1-FE · Spark makes no request path containing 'attention' — it resolves, creates or edits no Attention item (0.205083ms)
✔ SP1-FE · Spark writes nothing: no POST/PUT/PATCH/DELETE method anywhere in the view (0.13275ms)
✔ SP1-FE · no Spark-private persistence: no localStorage, sessionStorage or IndexedDB (0.113ms)
✔ SP1-FE · Spark introduces no new dependency: only relative app/web imports (0.204125ms)
✔ SP1-FE · a 404 is read as unimplemented, never rendered as zero maintenance items (0.059875ms)
✔ SP1-FE · Unavailable is stated in words, not shown as a bare number (0.047541ms)
✔ SP1-FE · pagination carries the prior snapshotRef and can be rejected (0.070208ms)
✔ SP1-FE · row navigation calls the host's onOpenMatter and opens no dialog/session of its own (0.195625ms)
✔ SP1-FE · static allowlist: spark-view.mjs / spark-projection.mjs are registered (0.893709ms)
✔ SP1-FE · app.mjs wires the sidebar entry without touching the static allowlist array itself (0.181916ms)
✔ SD-01 · createSparkView keeps the frozen constructor signature — sample introduces no new dependency, no new parameter (0.085916ms)
✔ SD-01 · the sample fetch reads the static sample route, never /work-derivations (0.038375ms)
✔ SD-01 · 'Show sample data' appears exactly once as code (comments stripped), inside the unimplemented branch, and nowhere else (0.110083ms)
✔ SD-01 · the sample header label 'Sample data' appears exactly once in the source (one row, no per-card label, no colour class, no icon() call) (0.10375ms)
✔ SD-01 · the scenario select is a single control offering exactly the five frozen fixtures, defaulting to stale (0.066459ms)
✔ SD-01 · exit and re-probe copy match SD-17 exactly: 'Hide sample data', 'Check for a source again' (0.057209ms)
✔ SD-01 · sample rows are read-only: matterRow and the Activity section heading both branch on readOnly before ever calling onOpenMatter (0.15125ms)
✔ SD-01 · sample state is discarded on any valid live payload (including empty) and on any non-404 error, but survives a 404 (0.052ms)
✔ SD-01 · sample never issues its own /work-derivations request: only load() (via request()) reaches that endpoint (0.058125ms)
✔ SD-01 · switching projects clears sample state before the live probe fires (0.041916ms)
✔ SD-01 · sample state is checked before every other render branch and returns before the pager can run (0.101625ms)
✔ SD-01 · sample rendering reuses renderOverview/renderActivity — no second renderer for sample data (0.061458ms)
✔ SD-01 · styles.css gained only additions for the sample row: one new class, --muted-strong, no new colour token (0.644416ms)
✔ SD-01 · the static allowlist registers the five sample JSON files as one loop, with the JSON content type (0.05425ms)
✔ SE_TEST_CRASH_POINT alone is inert, and the server says so at startup (1411.9655ms)
✔ T-SELF-2: with no python3 on PATH the server refuses to start and names the reason (741.237125ms)
✔ 每个 app/web 模块都在静态白名单里，且每条白名单路由都指向磁盘上存在的文件 (7.895209ms)
✔ ui-controls 白名单、icons.svg 的 symbol id、manifest 的 lucide.files 三者一致 (1.631625ms)
✔ manifest.lucide 与 tools/ui-vendor/lucide/sources.json 逐字相同（生成源=已记录来源） (0.62925ms)
✔ manifest.outputs 里记的每个文件哈希都等于该文件此刻在磁盘上的真实 sha256 (1.809583ms)
✔ 白名单决定 /web 的可取性：模块 200，未列入的仓内材料 404 (159.923666ms)
✔ skin-policy.js is an exact synchronous static route (75.047166ms)
✔ actual schema14 Host backup restores independently and rejects the current schema without writing (386.172416ms)
✔ Spark executes in a fresh restricted Session, keeps stable identity and exact result receipt (645.063417ms)
✔ Spark refuses forged source, actor and recursive delegation; stale actions do not mutate (493.208584ms)
✔ two exact Intake versions → local note → project mount → main progressive reads and machine consumption (1493.3225ms)
✔ omitted source remains explicit partial coverage; forged adoption cannot replace actual source reads (531.503583ms)
✔ runtime delegation yields the single lane and does not replay or silently resume the parent (969.500291ms)
✔ source discovery paginates exact versions, respects source and target policy, and rejects malformed queries (87.757667ms)
✔ cancel before dispatch is idempotent, disabled Agent preserves results and rejects new work (61.094916ms)
✔ failed publication is blocked, explicit retry keeps fresh context and late settlement cannot overwrite result (846.804375ms)
✔ a changed provider route blocks old queue item without stranding later valid work (521.2105ms)
✔ schema rejects corrupt derived relationships and forged read receipts (445.033958ms)
✔ active cancellation closes late source/note admission and never publishes a result (75.405459ms)
✔ SIGKILL during a child Run restarts blocked without replay and requires explicit unknown reconciliation (916.523958ms)
✔ revoking source policy after a tool read blocks the next provider request (551.141709ms)
✔ Preview and its header entry share one page predicate (1.346166ms)
✔ T-SYNC-1: afterSeq past the server's last seq is 400 cursor_ahead and reports nextSeq (384.657792ms)
✔ T-SYNC-2: repeating a request for the same seq is idempotent and the sequence has no gaps (707.688417ms)
✔ T-SYNC-3: snapshot lastSeq joins the event stream with no gap and no overlap, 50x under concurrent writes (2000.031875ms)
✔ T-SYNC-4: polling and re-cancelling after a terminal state changes nothing (300.35925ms)
✔ synthetic repository fixture has Git history, a failing test and a known one-line fix (530.143292ms)
✔ host timing has independent request origins and preserves missing versus measured zero (1.47675ms)
✔ out-of-interval observations stay in detail and do not become clamped chart marks (0.065542ms)
✔ request view uses one on-demand disclosure, preserves semantic gaps and restores its open state (1.474583ms)
✔ missing usage stays unknown and a reported request estimate keeps its method (15.060542ms)
✔ all historical requests share the same outer disclosure while compact views select only the latest (0.609084ms)
✔ malformed v1 metadata is rejected while out-of-interval timing remains inspectable (0.145ms)
✔ request detail distinguishes runtime and provider aliases while retaining historical records (1.020375ms)
✔ effort detail separates requested intent, SDK settings and unobserved provider behavior (0.615792ms)
✔ thread projection scopes runs and resolves exact permission request (1.70875ms)
✔ tool calls with identical IDs in different runs remain separate and require live admission (0.156ms)
✔ permission display distinguishes remote actions from writes using only the recorded binding (0.289916ms)
✔ one tool state vocabulary serves both chat presentations (0.087875ms)
✔ the long-message preview reads as words and never replaces the original (0.628583ms)
✔ Usage keeps UTC start-day, route identity, partial/zero/unknown and global scope (2.528041ms)
✔ model route keys include exact endpoint without leaking endpoint in overview (0.208875ms)
✔ chart series and Other membership sum exactly and ties never split heatmap levels (1.311333ms)
✔ matching runs require same snapshot and preserve model/date filter through pagination (0.210667ms)
✔ combined token overflow fails closed and malformed frontend DTOs are rejected (0.251375ms)
✔ HTTP Usage scope, strict input and changed-snapshot rejection use actual retained Runs (285.941292ms)
✔ Usage calendar shares Home Monday-first orientation with bounded keyboard movement (0.342916ms)
✔ overview rejects malformed dates, scope, counts and incoherent model totals (0.613542ms)
✔ drilldown rejects malformed rows, wrong observation echo and unsafe pagination (0.583125ms)
✔ drilldown accepts a persisted stopping run without turning it into stopped (0.225083ms)
✔ Usage local return restores its origin and rejects late drill responses (32.2645ms)
✔ versioned revision action executes after acceptance, preserves history, and rejects stale or forged actions (612.546083ms)
✔ unresolved and source-stale parents can be revised only with currently verified NDA input (479.72075ms)
✔ host active Run, producer unload, incompatible packet, and stale generation offer no usable mutation (1003.080375ms)
✔ artifact read is paged by code point and bound to an open trusted Matter/Run (91.484792ms)
✔ model and human projections preserve source/contract/base applicability without granting authority (1.955416ms)
✔ HTTP accepted short/25k/100k text resumes in new Session with scoped artifact pages; URLs are content (3129.752333ms)
✔ same Matter in new Session, project isolation, detach to chat, producer absent restart history (725.722917ms)
✔ provider provenance is host-derived and preserves prior simulation records (real-route protocol uses loopback fixture) (572.384ms)
✔ concurrent Session admission is serialized before either execution starts (996.631542ms)
✔ Core independent lifecycle: receipt/CAS/authority, revisions and immutable historical membership (146.084916ms)
✔ Core worker is single writer; terminal and unknown runs cannot admit fresh model proposals (135.158042ms)
✔ real transaction SIGKILL before commit and after commit before acknowledgement yields unique recoverable effect (736.311ms)
✔ v1 migration backs up original, retains current source membership; failed schema migration rolls back (460.61925ms)
✔ missing application metadata fails closed; terminal Run cannot change or claim another candidate (266.337167ms)
✔ BE41-A HTTP snapshot binds project identity and rejects off-page changes (176.1725ms)
✔ BE41-A HTTP keeps a top-level snapshot token on an empty beyond-total page (142.894ms)
✔ BE41-A preserves FILE/Matter version zero and reports source revision zero as partial (175.866875ms)
✔ BE41-A staleRefs thresholds 19/20/21 retain exact refs and truncation (118.991875ms)
✔ BE41 empty/zero, project scope, stable pages and stale snapshot rejection without writes (165.985875ms)
✔ BE41 exact status counts, immutable lineage, 20-ref truncation and source membership diff (104.742125ms)
✔ BE41 migrated missing source history gives null counts and project-wide partial coverage (188.497416ms)
✔ BE41 authenticated HTTP validates queries; no Session or producer required (221.037625ms)
✔ BE41 source rollback is real, large diffs are partial, and policy/off-page membership invalidates tokens (192.552875ms)
✔ BE41 oversized identity metadata refuses explicitly rather than breaking the worker frame (88.979792ms)
✔ Core SIGKILL before commit / after commit before ACK, followed by HTTP receipt reconciliation and continuation (1862.490542ms)
ℹ {"stage":"before_commit","signal":"SIGKILL","receiptBeforeRetry":null,"artifactBeforeRetry":null,"afterRetry":{"candidate_hash":"c32d2284e4eb2fd228de24242b86f2446736bfc032c5cd07663efeba2ba3e2bb","candidate_id":"candidate-f09446bd0329e90cecff508fb169d6f7c69af1ef52746b48d85803161ec85089","content":"Synthetic artifact","content_digest":"39e1e275ef10883426ac72410d1124562e9810a8938310b9db3608b7385515ca","id":"artifact-candidate-f09446bd0329e90cecff508fb169d6f7c69af1ef52746b48d85803161ec85089-1"},"durable":{"work":{"id":"matter-16564e3a-0aea-4994-9f6e-31620a1a9c81","version":1,"contract_version":"se-contract-v5.0","source_version":1,"active_artifact":"artifact-candidate-f09446bd0329e90cecff508fb169d6f7c69af1ef52746b48d85803161ec85089-1","obligations_json":"[{\"blocking\":false,\"evidence_refs\":[],\"id\":\"follow-up\",\"status\":\"open\",\"text\":\"Confirm the owner\"}]"},"artifact":{"id":"artifact-candidate-f09446bd0329e90cecff508fb169d6f7c69af1ef52746b48d85803161ec85089-1","candidate_id":"candidate-f09446bd0329e90cecff508fb169d6f7c69af1ef52746b48d85803161ec85089","candidate_hash":"c32d2284e4eb2fd228de24242b86f2446736bfc032c5cd07663efeba2ba3e2bb","content":"Synthetic artifact","content_digest":"39e1e275ef10883426ac72410d1124562e9810a8938310b9db3608b7385515ca"},"decisions":[{"request_id":"crash-request","matter_id":"matter-16564e3a-0aea-4994-9f6e-31620a1a9c81","candidate_id":"candidate-f09446bd0329e90cecff508fb169d6f7c69af1ef52746b48d85803161ec85089","action":"accept","reason":"Synthetic review","actor_json":"{\"id\":\"reviewer-1\",\"kind\":\"local_reviewer\"}","scope_json":"{\"base_version\":0,\"candidate_id\":\"candidate-f09446bd0329e90cecff508fb169d6f7c69af1ef52746b48d85803161ec85089\",\"matter_id\":\"matter-16564e3a-0aea-4994-9f6e-31620a1a9c81\",\"run_id\":\"a9b25f41-7e05-4ef4-9c9b-85f7fab3f548\"}","result_json":"{\"action\":\"accept\",\"active_artifact\":\"artifact-candidate-f09446bd0329e90cecff508fb169d6f7c69af1ef52746b48d85803161ec85089-1\",\"candidate_id\":\"candidate-f09446bd0329e90cecff508fb169d6f7c69af1ef52746b48d85803161ec85089\",\"matter_id\":\"matter-16564e3a-0aea-4994-9f6e-31620a1a9c81\",\"request_id\":\"crash-request\",\"version\":1}"}],"audits":[{"id":1,"request_id":"crash-request","matter_id":"matter-16564e3a-0aea-4994-9f6e-31620a1a9c81","candidate_id":"candidate-f09446bd0329e90cecff508fb169d6f7c69af1ef52746b48d85803161ec85089","action":"accept","actor_json":"{\"id\":\"reviewer-1\",\"kind\":\"local_reviewer\"}","scope_json":"{\"base_version\":0,\"candidate_id\":\"candidate-f09446bd0329e90cecff508fb169d6f7c69af1ef52746b48d85803161ec85089\",\"matter_id\":\"matter-16564e3a-0aea-4994-9f6e-31620a1a9c81\",\"run_id\":\"a9b25f41-7e05-4ef4-9c9b-85f7fab3f548\"}","result_json":"{\"action\":\"accept\",\"active_artifact\":\"artifact-candidate-f09446bd0329e90cecff508fb169d6f7c69af1ef52746b48d85803161ec85089-1\",\"candidate_id\":\"candidate-f09446bd0329e90cecff508fb169d6f7c69af1ef52746b48d85803161ec85089\",\"matter_id\":\"matter-16564e3a-0aea-4994-9f6e-31620a1a9c81\",\"request_id\":\"crash-request\",\"version\":1}"}],"receipts":[{"request_id":"crash-request","request_hash":"0b3c897cf45f4e45d9f4cc82396f80f1b8203da5711bc6175a6913206beb33e8","result_json":"{\"action\":\"accept\",\"active_artifact\":\"artifact-candidate-f09446bd0329e90cecff508fb169d6f7c69af1ef52746b48d85803161ec85089-1\",\"candidate_id\":\"candidate-f09446bd0329e90cecff508fb169d6f7c69af1ef52746b48d85803161ec85089\",\"matter_id\":\"matter-16564e3a-0aea-4994-9f6e-31620a1a9c81\",\"request_id\":\"crash-request\",\"version\":1}"}]},"obligations":[{"blocking":false,"evidence_refs":[],"id":"follow-up","status":"open","text":"Confirm the owner"}],"continued":{"candidate_hash":"b576472a9b3460cc0e2310e3dd191f95f732611235500fea77368b03190c8960","candidate_id":"continued","content":"Continued after recovery","content_digest":"424b1590fcf0bdf9e2bf2b4b6617e165c9f4e12885c7839198500fefaf5faeae","id":"artifact-continued-2"}}
ℹ {"stage":"after_commit_before_ack","signal":"SIGKILL","receiptBeforeRetry":{"action":"accept","active_artifact":"artifact-candidate-ad9a0cc323b4f32b4657978efcc81a46e327131536028d98ad09ef01d9a2541f-1","candidate_id":"candidate-ad9a0cc323b4f32b4657978efcc81a46e327131536028d98ad09ef01d9a2541f","matter_id":"matter-626c2946-070a-47e2-80e7-63ec31f2dc1e","request_id":"crash-request","version":1},"artifactBeforeRetry":{"candidate_hash":"c0f2c43c4f08108a96c47b4f4942de7c3b6b03c62c4fc8897f09101b852996e4","candidate_id":"candidate-ad9a0cc323b4f32b4657978efcc81a46e327131536028d98ad09ef01d9a2541f","content":"Synthetic artifact","content_digest":"39e1e275ef10883426ac72410d1124562e9810a8938310b9db3608b7385515ca","id":"artifact-candidate-ad9a0cc323b4f32b4657978efcc81a46e327131536028d98ad09ef01d9a2541f-1"},"afterRetry":{"candidate_hash":"c0f2c43c4f08108a96c47b4f4942de7c3b6b03c62c4fc8897f09101b852996e4","candidate_id":"candidate-ad9a0cc323b4f32b4657978efcc81a46e327131536028d98ad09ef01d9a2541f","content":"Synthetic artifact","content_digest":"39e1e275ef10883426ac72410d1124562e9810a8938310b9db3608b7385515ca","id":"artifact-candidate-ad9a0cc323b4f32b4657978efcc81a46e327131536028d98ad09ef01d9a2541f-1"},"durable":{"work":{"id":"matter-626c2946-070a-47e2-80e7-63ec31f2dc1e","version":1,"contract_version":"se-contract-v5.0","source_version":1,"active_artifact":"artifact-candidate-ad9a0cc323b4f32b4657978efcc81a46e327131536028d98ad09ef01d9a2541f-1","obligations_json":"[{\"blocking\":false,\"evidence_refs\":[],\"id\":\"follow-up\",\"status\":\"open\",\"text\":\"Confirm the owner\"}]"},"artifact":{"id":"artifact-candidate-ad9a0cc323b4f32b4657978efcc81a46e327131536028d98ad09ef01d9a2541f-1","candidate_id":"candidate-ad9a0cc323b4f32b4657978efcc81a46e327131536028d98ad09ef01d9a2541f","candidate_hash":"c0f2c43c4f08108a96c47b4f4942de7c3b6b03c62c4fc8897f09101b852996e4","content":"Synthetic artifact","content_digest":"39e1e275ef10883426ac72410d1124562e9810a8938310b9db3608b7385515ca"},"decisions":[{"request_id":"crash-request","matter_id":"matter-626c2946-070a-47e2-80e7-63ec31f2dc1e","candidate_id":"candidate-ad9a0cc323b4f32b4657978efcc81a46e327131536028d98ad09ef01d9a2541f","action":"accept","reason":"Synthetic review","actor_json":"{\"id\":\"reviewer-1\",\"kind\":\"local_reviewer\"}","scope_json":"{\"base_version\":0,\"candidate_id\":\"candidate-ad9a0cc323b4f32b4657978efcc81a46e327131536028d98ad09ef01d9a2541f\",\"matter_id\":\"matter-626c2946-070a-47e2-80e7-63ec31f2dc1e\",\"run_id\":\"69abcffc-3908-44fa-b17e-3e2f3c80f3d3\"}","result_json":"{\"action\":\"accept\",\"active_artifact\":\"artifact-candidate-ad9a0cc323b4f32b4657978efcc81a46e327131536028d98ad09ef01d9a2541f-1\",\"candidate_id\":\"candidate-ad9a0cc323b4f32b4657978efcc81a46e327131536028d98ad09ef01d9a2541f\",\"matter_id\":\"matter-626c2946-070a-47e2-80e7-63ec31f2dc1e\",\"request_id\":\"crash-request\",\"version\":1}"}],"audits":[{"id":1,"request_id":"crash-request","matter_id":"matter-626c2946-070a-47e2-80e7-63ec31f2dc1e","candidate_id":"candidate-ad9a0cc323b4f32b4657978efcc81a46e327131536028d98ad09ef01d9a2541f","action":"accept","actor_json":"{\"id\":\"reviewer-1\",\"kind\":\"local_reviewer\"}","scope_json":"{\"base_version\":0,\"candidate_id\":\"candidate-ad9a0cc323b4f32b4657978efcc81a46e327131536028d98ad09ef01d9a2541f\",\"matter_id\":\"matter-626c2946-070a-47e2-80e7-63ec31f2dc1e\",\"run_id\":\"69abcffc-3908-44fa-b17e-3e2f3c80f3d3\"}","result_json":"{\"action\":\"accept\",\"active_artifact\":\"artifact-candidate-ad9a0cc323b4f32b4657978efcc81a46e327131536028d98ad09ef01d9a2541f-1\",\"candidate_id\":\"candidate-ad9a0cc323b4f32b4657978efcc81a46e327131536028d98ad09ef01d9a2541f\",\"matter_id\":\"matter-626c2946-070a-47e2-80e7-63ec31f2dc1e\",\"request_id\":\"crash-request\",\"version\":1}"}],"receipts":[{"request_id":"crash-request","request_hash":"2fcd8314c7a09f58ac18d23dd92159a6251d92b665b00cc88877d5595aeee750","result_json":"{\"action\":\"accept\",\"active_artifact\":\"artifact-candidate-ad9a0cc323b4f32b4657978efcc81a46e327131536028d98ad09ef01d9a2541f-1\",\"candidate_id\":\"candidate-ad9a0cc323b4f32b4657978efcc81a46e327131536028d98ad09ef01d9a2541f\",\"matter_id\":\"matter-626c2946-070a-47e2-80e7-63ec31f2dc1e\",\"request_id\":\"crash-request\",\"version\":1}"}]},"obligations":[{"blocking":false,"evidence_refs":[],"id":"follow-up","status":"open","text":"Confirm the owner"}],"continued":{"candidate_hash":"04ad081a46a0ac602f307e9517a63f4f2f3163eb25052af7ce73eaec59f64639","candidate_id":"continued","content":"Continued after recovery","content_digest":"424b1590fcf0bdf9e2bf2b4b6617e165c9f4e12885c7839198500fefaf5faeae","id":"artifact-continued-2"}}
✔ HTTP stale source refusal, producer unload/read-only/reload and legal revised completion (245.205416ms)
✔ UTC bins count unique retained run IDs, every status, and start time rather than end time (1.773458ms)
✔ empty differs from reported zero and aggregate overflow fails instead of rounding (0.415583ms)
✔ summary UTC filter uses each collection timestamp before pagination (0.418333ms)
✔ authenticated HTTP metrics are read-only, survive restart, and honestly shrink after deletion (664.103792ms)
✔ read during an unpublished mutation sees the whole previous snapshot (241.519292ms)
✔ available summary stays visible at zero and opens the existing Work review (3.331125ms)
✔ candidate, stale and read-only facts remain separate without an impossible ready count (0.551875ms)
✔ pending count stays a single compact fact when all or only some candidates are reviewable (0.506917ms)
✔ refresh clears old facts while loading and on failure (0.963791ms)
✔ late and mismatched responses cannot replace the current scope (0.547542ms)
✔ a view outside the current scope does not start a request (0.253875ms)
✔ summary reread returns detached keyboard focus without stealing a later user focus (0.445542ms)
✔ Core review summary follows pending, decision, new Session and lifecycle without returning bodies (613.399792ms)
✔ Core review summary keeps stale pending and domain review separate from authority to accept (481.612959ms)
✔ Core review summary does not turn missing Core projections or failures into zero pending (152.793292ms)
✔ Pro R-01: before-write never reports completed or discards settlement error (585.709292ms)
✔ Pro R-01: after-write-ack-loss never reports completed or discards settlement error (704.523292ms)
✔ Pro R-01: cancel-and-finish-failure never reports completed or discards settlement error (793.16125ms)
✔ Pro R-02: ordinary first instruction discovers scoped source refs only from host context (207.478833ms)
✔ Pro R-04: intermediate tool updates stay nonterminal until end (2.555625ms)
✔ summary sees one published view across paused resolve persistence (52.622667ms)
✔ summary sees one published view across paused cancel persistence (49.107625ms)
✔ work summary distinguishes empty, no-run, completed, failed and unknown (1086.763042ms)
✔ live ask_user and permission entries disappear after answer or cancel, and stale posts remain 409 (1006.528375ms)
✔ summary excludes stale question states and paginates pending/inspection by project with a union of lastSeq (98.69675ms)
✔ restart hides the old live question, exposes its unknown Run, and a new Run gets a new ID (1701.875375ms)
✔ summary keeps project sources separate and has deterministic tie ordering, offsets and bounds (81.415375ms)
✔ summary is allowlisted and read-only; unauthorized and failed reads are errors rather than empty results (166.753084ms)
✔ CC-W 第 0 项 · 工作面定性按视口分档，旧的 not-a-third-column 已不在文档里 (0.867667ms)
✔ CC-W 第 0 项 · 尺寸 token 表登记了 ≥1680 断点、--doc-min 与正文行宽上限 (0.106125ms)
✔ CC-W 第 0 项 · M-9 在途换词不换宽度，按钮元素本身不被替换 (0.235375ms)
✔ CC-W 第 0 项 · M-10 tooltip 共享延迟：首个 400，窗口内相邻即时 (0.151ms)
✔ CC-W 1 / 06d · 对象 tab 的身份由既有字段拼出，不新增字段，也不写进存储 (0.210583ms)
✔ CC-W 1 / 06d · 选中区与关闭区分开；关闭是明确动作；截断只在看的那一层 (0.233375ms)
✔ CC-W 2 · B 态是视图切换：聊天列 hidden + inert，没有遮罩，没有浮层材质 (0.281833ms)
✔ CC-W 3 · C 态是三条真的列轨，各自滚动，chrome 同一基线 (0.380417ms)
✔ CC-W 2 / 3 · 返回控件不在 tablist 里，也不占顶带那个槽位 (0.5615ms)
✔ CC-W 4 / 5 · 面板宽 ≠ 正文行宽；滚动位置在没有布局盒时不被抹成 0 (0.298917ms)
✔ CC-W 1 · agent activity 是 tab 上的一个记号，不是 banner，不只靠颜色 (0.279417ms)
✔ PV-R1 · a closed Workspace tab accepts none of its outstanding reads (0.257958ms)
✔ repositoryName shows the folder word; activeRepositoryBinding ignores revoked bindings (0.850417ms)
✔ An unbound chat offers Open folder first, lists folders connected before, and keeps the path behind a disclosure (4.998667ms)
✔ Choosing a folder connected before sends one bind command and reads the Session back (5.253709ms)
✔ Open folder asks the Host for a native dialog, binds the chosen path, and does nothing when cancelled (2.894667ms)
✔ A Host without a folder dialog falls back to the typed path as the primary form (0.900792ms)
✔ A rejected typed path keeps the text, shows the Host message and reuses the requestId on retry (1.331208ms)
✔ A bound chat shows the folder and scope; Disconnect sends revoke with the current revision (1.052917ms)
✔ On Home the card edits a draft: choosing writes the intent, nothing is bound, Remove clears it (1.285625ms)
✔ While a run is active the card explains the wait and disables the commands (1.242042ms)
✔ Band placement and shell wiring for the Work location entry (2.567958ms)
✔ the Work location entry names only the facts it opens, and says which are absent (0.2025ms)
✔ A Home send in flight locks the project and folder, and says why (0.791459ms)
✔ CE-F2 · a bound panel starts on Close, never on Disconnect, even when Disconnect is in view (0.778959ms)
✔ CE-F2 · an unbound chat starts on Connect folder when it is in view, and on Close when it is not (0.945917ms)
✔ CE-F2 · a fresh Home starts on the chosen project; a staged folder starts on Close (0.587041ms)
✔ CE-F2 · a locked panel starts on Close and its reason stays beside the locked control (1.258417ms)
✔ CE-F2 · an unfinished preparation starts on Close; its way out stays enabled with its reason (0.53925ms)
✔ CE-F2 · a read-back re-render keeps the keyboard on Close instead of dropping it (0.306542ms)
✔ CE-F2 · a command that loses its control still falls back inside the card, not to Close (0.685834ms)
✔ CE-F2 · the panel's opener decides the start after it is sized, from its top, without scrolling (0.817541ms)
✔ T-WS-1: '..' path segments are rejected (2.799417ms)
✔ T-WS-2: absolute paths are rejected (0.344333ms)
✔ T-WS-3: symlink escape is rejected (0.769ms)
✔ T-WS-4: an over-limit file is rejected by ws_read (throws; pi-agent-core turns a thrown tool error into isError:true) (1.330417ms)
✔ T-WS-5: ws_read then ws_write round-trips through the workspace endpoints (490.801625ms)
✔ materials endpoint rejects path separators in the name (66.767625ms)
✔ addMaterial rejects content over the 1 MiB limit (service-level, below the HTTP body cap) (64.162833ms)
✔ T-WS-6: repeated writes yield two content versions and one current file (327.340625ms)
✔ addMaterial routes through the shared path guard, which rejects a '..' name (60.31675ms)
✔ T-ART-1: a completed run with no write has no artifacts and no acceptance field (109.5155ms)
✔ T-ART-2: two writes to one path keep both content versions and one current file (362.025625ms)
✔ ws_grep rejects nested quantifiers and over-long patterns before compiling them (38.07025ms)
✔ getWorkspaceFile truncates on a UTF-8 boundary and keeps the whole-file digest (69.61075ms)
✔ a second run in a continued session revises the first run's file (890.917083ms)
ℹ tests 1592
ℹ suites 6
ℹ pass 1592
ℹ fail 0
ℹ cancelled 0
ℹ skipped 0
ℹ todo 0
ℹ duration_ms 275020.088166
exit 0
